{"0": {"0": 0.5000000012104451, "1": 0.05000000895655888, "2": 0.5000000016520677, "3": 0.05000001150965349, "4": 0.9499999276651905, "5": 0.05000000980412745, "6": 0.050000007989355374, "7": 0.050000006007211474, "8": 0.9499999114695373, "9": 0.9499999118333391, "10": 0.5000000019003136, "11": 0.05000000895655888, "12": 0.5000000013959847, "13": 0.5000000022004691, "14": 0.5000000024298255, "15": 0.9499999118333391, "16": 0.050000011832929535, "17": 0.9499999339932022, "18": 0.5000000022004691, "19": 0.05000000537399185, "20": 0.949999924560567, "21": 0.5000000006334198, "22": 0.5000000031134453, "23": 0.050000010348402915, "24": 0.050000011625263324, "25": 0.050000011832929535, "26": 0.500000001982591, "27": 0.0500000063073361, "28": 0.9499999360594449, "29": 0.05000001215603386, "30": 0.5000000020120425, "31": 0.5000000018190117, "32": 0.5000000014946405, "33": 0.050000006007211474, "34": 0.9499999398820119, "35": 0.5000000019045081, "36": 0.5000000021552392, "37": 0.5000000020706212, "38": 0.5000000024465638, "39": 0.5000000021444733, "40": 0.5000000019045081, "41": 0.5000000014597854, "42": 0.500000002591372, "43": 0.949999924560567, "44": 0.5000000024193341, "45": 0.5000000008044819, "46": 0.5000000012104451, "47": 0.9499999331184588, "48": 0.5000000011002346, "49": 0.9499999331820592, "50": 0.5000000024905441, "51": 0.9499999549234419, "52": 0.9499999363034266, "53": 0.9499999215144714, "54": 0.5000000019350507, "55": 0.9499999454162801, "56": 0.05000000782876175, "57": 0.5000000014375543, "58": 0.05000001086327312, "59": 0.05000001284348167, "60": 0.5000000017754068, "61": 0.9499999557347687, "62": 0.9499999184844264, "63": 0.050000011832929535, "64": 0.500000001322547, "65": 0.05000000623618789, "66": 0.5000000012611931, "67": 0.5000000014597854, "68": 0.050000011832929535, "69": 0.5000000023819855, "70": 0.9499999184844264, "71": 0.949999969941006, "72": 0.5000000023296557, "73": 0.5000000012611931, "74": 0.05000001089947379, "75": 0.5000000024766947, "76": 0.5000000016154753, "77": 0.5000000012383474, "78": 0.05000001211996777, "79": 0.05000001019558029, "80": 0.5000000021916633, "81": 0.05000001150965349, "82": 0.05000000623618789, "83": 0.05000001159594229, "84": 0.5000000012567698, "85": 0.5000000016847455, "86": 0.500000001295686, "87": 0.9499999454162801, "88": 0.05000001019558029, "89": 0.5000000021444733, "90": 0.5000000021552392, "91": 0.5000000024298255, "92": 0.9499999088859651, "93": 0.5000000014946405, "94": 0.5000000016847455, "95": 0.05000000391438088, "96": 0.949999966996601, "97": 0.05000000579797115, "98": 0.9499999363034266, "99": 0.5000000018190117}, "1": {"0": 0.4999999984121183, "1": 0.05000004168422186, "2": 0.050000037698414546, "3": 0.49999999609926205, "4": 0.949999992599102, "5": 0.49999999604999923, "6": 0.0500000172564688, "7": 0.49999999619387314, "8": 0.9499999921500892, "9": 0.05000003750622188, "10": 0.4999999978472298, "11": 0.9499999963551525, "12": 0.4999999970780453, "13": 0.050000029179024394, "14": 0.9499999922656693, "15": 0.4999999961814218, "16": 0.49999999760649433, "17": 0.05000003064053158, "18": 0.4999999989068701, "19": 0.9499999930323445, "20": 0.9499999931719711, "21": 0.4999999958401357, "22": 0.499999997347824, "23": 0.9499999965476142, "24": 0.4999999966090387, "25": 0.49999999488333763, "26": 0.05000003680623013, "27": 0.9499999968379219, "28": 0.05000003788762113, "29": 0.49999999809071094, "30": 0.49999999410476925, "31": 0.05000001990410765, "32": 0.4999999948795804, "33": 0.49999999737939127, "34": 0.05000002557140564, "35": 0.9499999969442201, "36": 0.9499999927181073, "37": 0.050000018119000234, "38": 0.05000003783073895, "39": 0.4999999951102161, "40": 0.4999999963933215, "41": 0.949999995531109, "42": 0.49999999801541717, "43": 0.05000002570458749, "44": 0.49999999488333763, "45": 0.9499999919864193, "46": 0.4999999967945934, "47": 0.050000038897359746, "48": 0.49999999581687526, "49": 0.05000003781341425, "50": 0.4999999969539367, "51": 0.9499999935692627, "52": 0.9499999922656693, "53": 0.05000001790930661, "54": 0.49999999446823923, "55": 0.050000018906707126, "56": 0.9499999942487132, "57": 0.0500000392235799, "58": 0.49999999829391545, "59": 0.4999999963933215, "60": 0.49999999581687526, "61": 0.05000001558436559, "62": 0.05000002549836142, "63": 0.05000003735804021, "64": 0.05000003245282332, "65": 0.050000027021597865, "66": 0.4999999971069277, "67": 0.4999999948421091, "68": 0.949999995152106, "69": 0.9499999935692627, "70": 0.499999997742845, "71": 0.05000003618441078, "72": 0.05000001809220539, "73": 0.05000002651029271, "74": 0.49999999683446417, "75": 0.4999999948421091, "76": 0.4999999964707771, "77": 0.9499999977655544, "78": 0.05000001705773183, "79": 0.49999999797420447, "80": 0.05000003794450331, "81": 0.05000003680623013, "82": 0.4999999948795804, "83": 0.05000003245282332, "84": 0.49999999729451094, "85": 0.050000031018257576, "86": 0.499999997347824, "87": 0.4999999986472555, "88": 0.05000003064053158, "89": 0.4999999969539367, "90": 0.49999999830451936, "91": 0.05000003552622244, "92": 0.9499999955433176, "93": 0.49999999823538854, "94": 0.050000031018257576, "95": 0.9499999955433176, "96": 0.050000027021597865, "97": 0.9499999931719711, "98": 0.05000003788762113, "99": 0.4999999971069277}, "2": {"0": 0.9499999775187127, "1": 0.9499999841738926, "2": 0.4999999973931635, "3": 0.05000001435988953, "4": 0.050000013465875265, "5": 0.4999999977390315, "6": 0.9499999768885719, "7": 0.9499999709898135, "8": 0.050000010445699704, "9": 0.49999999822973484, "10": 0.4999999990955385, "11": 0.050000019326237245, "12": 0.9499999742763328, "13": 0.05000001792096205, "14": 0.9499999809788042, "15": 0.49999999766354886, "16": 0.49999999781571547, "17": 0.050000017090805066, "18": 0.49999999846516074, "19": 0.9499999789049125, "20": 0.05000001425315754, "21": 0.49999999756800395, "22": 0.49999999829922637, "23": 0.9499999708521036, "24": 0.49999999710408527, "25": 0.949999987536735, "26": 0.9499999842721729, "27": 0.4999999979856955, "28": 0.050000015116635765, "29": 0.4999999973228691, "30": 0.05000001657309314, "31": 0.05000001767818289, "32": 0.49999999844024934, "33": 0.949999980061231, "34": 0.49999999782824556, "35": 0.4999999979684875, "36": 0.499999997677262, "37": 0.9499999868775375, "38": 0.4999999987937699, "39": 0.9499999885574851, "40": 0.050000007558317884, "41": 0.9499999784555867, "42": 0.49999999755279767, "43": 0.05000001762564447, "44": 0.4999999987788699, "45": 0.9499999808462916, "46": 0.49999999895582165, "47": 0.4999999978569865, "48": 0.499999998782212, "49": 0.49999999771595527, "50": 0.49999999765389225, "51": 0.9499999801000598, "52": 0.9499999749163672, "53": 0.05000000806033, "54": 0.4999999977612257, "55": 0.4999999978257119, "56": 0.4999999986483056, "57": 0.050000007126578774, "58": 0.9499999900834523, "59": 0.0500000085496844, "60": 0.49999999766119696, "61": 0.05000001583705349, "62": 0.9499999756563908, "63": 0.9499999749163672, "64": 0.4999999993201819, "65": 0.9499999737785287, "66": 0.49999999771419534, "67": 0.49999999931561206, "68": 0.050000017581645365, "69": 0.4999999991496132, "70": 0.050000016180556855, "71": 0.4999999979856955, "72": 0.49999999766119696, "73": 0.9499999887593563, "74": 0.050000017581645365, "75": 0.4999999980856611, "76": 0.4999999987937699, "77": 0.05000000809027843, "78": 0.49999999822973484, "79": 0.499999999391106, "80": 0.9499999841738926, "81": 0.9499999842721729, "82": 0.949999980061231, "83": 0.4999999980856611, "84": 0.9499999777846163, "85": 0.4999999975932983, "86": 0.9499999794676202, "87": 0.49999999883177443, "88": 0.0500000132498912, "89": 0.49999999765389225, "90": 0.0500000066249456, "91": 0.4999999973931635, "92": 0.9499999897338101, "93": 0.9499999777846163, "94": 0.9499999789049125, "95": 0.050000013465875265, "96": 0.9499999904894021, "97": 0.4999999979684875, "98": 0.49999999771419534, "99": 0.499999997677262}, "3": {"0": 0.5000000020817155, "1": 0.5000000039624171, "2": 0.5000000034434252,