{"0": {"0": 0.9465036414506853, "1": 0.49969057267996164, "2": 0.4998372771591496, "3": 0.051009073469603664, "4": 0.9458679160807836, "5": 0.9461299201628541, "6": 0.051602448493374226, "7": 0.05089173071806957, "8": 0.9446404040936847, "9": 0.051197349684116523, "10": 0.05167774062515588, "11": 0.9481074154582024, "12": 0.4996231083610114, "13": 0.9455622531318166, "14": 0.051831320142192175, "15": 0.4998342012067595, "16": 0.9484536522954137, "17": 0.4996750705917367, "18": 0.051316200461852174, "19": 0.9480880829656624, "20": 0.05164440325925675, "21": 0.051271647826383444, "22": 0.050917474978251054, "23": 0.49968658322020976, "24": 0.9487802595856292, "25": 0.05089173071806957, "26": 0.9465036414506853, "27": 0.05178829133102205, "28": 0.9478392715649893, "29": 0.9446378099964559, "30": 0.05091660808094467, "31": 0.49969369787877216, "32": 0.051197349684116523, "33": 0.05102084902029386, "34": 0.27674427703738297, "35": 0.49974334485350064, "36": 0.4997018245573084, "37": 0.948427278258845, "38": 0.946386137740064, "39": 0.49970664112749924, "40": 0.4999039596905443, "41": 0.27674427703738297, "42": 0.4998468489393861, "43": 0.9463880665750175, "44": 0.4998460445977664, "45": 0.9481267479507425, "46": 0.4996231083610114, "47": 0.05139674735740081, "48": 0.9461237488529664, "49": 0.9478327446038146, "50": 0.49967545013575576, "51": 0.4997720386540382, "52": 0.050684040602476915, "53": 0.49983573918295454, "54": 0.9481074154582024, "55": 0.4996835796034197, "56": 0.05145748637632133, "57": 0.49969488517539945, "58": 0.4997027444441836, "59": 0.05097717510132884, "60": 0.49967752815896904, "61": 0.49977402930986625, "62": 0.4996764891473624, "63": 0.9484536522954137, "64": 0.49972492299226434, "65": 0.05076547992782114, "66": 0.4998591354883122, "67": 0.0507083028278632, "68": 0.05059683559823642, "69": 0.49987206261854045, "70": 0.051602448493374226, "71": 0.49972159698444435, "72": 0.499690922589931, "73": 0.49976567711086045, "74": 0.050980562883965096, "75": 0.051316200461852174, "76": 0.050684040602476915, "77": 0.49964929061667673, "78": 0.4996581869851058, "79": 0.05141028241888709, "80": 0.4997018245573084, "81": 0.9475902092232451, "82": 0.9455622531318166, "83": 0.49964929061667673, "84": 0.49969488517539945, "85": 0.4996764891473624, "86": 0.05097717510132884, "87": 0.4998432916101049, "88": 0.05091660808094467, "89": 0.9475902092232451, "90": 0.49974334485350064, "91": 0.050838870312577944, "92": 0.946386137740064, "93": 0.05141028241888709, "94": 0.05164440325925675, "95": 0.9446404040936847, "96": 0.05059683559823642, "97": 0.05102084902029386, "98": 0.9461237488529664, "99": 0.49976567711086045}, "1": {"0": 0.050647927782347696, "1": 0.050612120391475085, "2": 0.050844683155079666, "3": 0.9460202005570734, "4": 0.49869695756112337, "5": 0.49852038738600807, "6": 0.050804187394049266, "7": 0.4980504081938467, "8": 0.050809899223866445, "9": 0.9430824185331523, "10": 0.051070333633635626, "11": 0.051070333633635626, "12": 0.4988276151963753, "13": 0.9480644651516973, "14": 0.9488076574523938, "15": 0.49804933404014223, "16": 0.9494875297433306, "17": 0.9493146339172087, "18": 0.4984067372190336, "19": 0.49886317288405846, "20": 0.05030587443210793, "21": 0.9484616244373067, "22": 0.9480644651516973, "23": 0.4993227731791047, "24": 0.9186294789410133, "25": 0.49918165036862927, "26": 0.49898152498156284, "27": 0.49917337355692093, "28": 0.9475494751541453, "29": 0.050350422072499915, "30": 0.9493146339172087, "31": 0.05071119718348697, "32": 0.49869083796050495, "33": 0.050647927782347696, "34": 0.498792774984767, "35": 0.05091014074373378, "36": 0.05072360798799698, "37": 0.9487248595750192, "38": 0.0504229046572604, "39": 0.9476950517641138, "40": 0.49917344463410124, "41": 0.9487248595750192, "42": 0.9487248595750192, "43": 0.05078998696493758, "44": 0.050407238423497064, "45": 0.05123257659984411, "46": 0.9381611093441642, "47": 0.05055902037498865, "48": 0.498792774984767, "49": 0.49842699592880857, "50": 0.4984067372190336, "51": 0.49804933404014223, "52": 0.4992100478407152, "53": 0.050809899223866445, "54": 0.050748690919199216, "55": 0.49899787494285713, "56": 0.7059862550971143, "57": 0.49848357730389725, "58": 0.05123257659984411, "59": 0.05080223190596586, "60": 0.9487248595750192, "61": 0.05045507037186689, "62": 0.050932266361976515, "63": 0.05056193273713373, "64": 0.4990194951791958, "65": 0.9467497853980276, "66": 0.7059862550971143, "67": 0.49852635234235637, "68": 0.9460202005570734, "69": 0.9430653494226235, "70": 0.49837441994305093, "71": 0.05036180399399849, "72": 0.4988603146581313, "73": 0.9381611093441642, "74": 0.4988640222056707, "75": 0.05077989866060835, "76": 0.9186294789410133, "77": 0.05077900788627113, "78": 0.9488459496907206, "79": 0.9484616244373067, "80": 0.498955628185918, "81": 0.05077152861401914, "82": 0.49869695756112337, "83": 0.4988623235624462, "84": 0.9488459496907206, "85": 0.05080223190596586, "86": 0.9430824185331523, "87": 0.49842699592880857, "88": 0.4986856119995252, "89": 0.4986856119995252, "90": 0.05055902037498865, "91": 0.9475494751541453, "92": 0.9467497853980276, "93": 0.49886317288405846, "94": 0.05046613318098826, "95": 0.49848357730389725, "96": 0.4995867933942309, "97": 0.05077900788627113, "98": 0.498955628185918, "99": 0.49917337355692093}, "2": {"0": 0.9498592731081936, "1": 0.7428383645449652, "2": 0.051829225263016324, "3": 0.9497557661652898, "4": 0.05184188404764856, "5": 0.05205418798882806, "6": 0.5007604164853634, "7": 0.9498521696390146, "8": 0.5008419519517693, "9": 0.9497528970701418, "10": 0.5009108655477414, "11": 0.500812651727354, "12": 0.05207063038501394, "13": 0.05136236118019979, "14": 0.5007309902953925, "15": 0.5008297624373432, "16": 0.05205418798882806, "17": 0.5003422174347292, "18": 0.05113316491131771, "19": 0.500802367420485, "20": 0.9497542644694155, "21": 0.7428383645449652, "22": 0.052010128392633526, "23": 0.5005808769148745, "24": 0.5008848601852801, "25": 0.9498592731081936, "26": 0.050792845771936504, "27": 0.5008593922352376, "28": 0.5007955032923341, "29": 0.05050044935632652, "30": 0.051416611902050734, "31": 0.5005673838048643, "32": 0.5004063258636771, "33": 0.5007740904838988, "34": 0.05162988571530121, "35": 0.051607788629587106, "36": 0.9497472612668271, "37": 0.5005659470789756, "38": 0.05147219963995317, "39": 0.9498310115891071, "40": 0.050930625531230456, "41": 0.5007972413334467, "42": 0.5011472396751169, "43": 0.5009261695044727, "44": 0.5005596310230457, "45": 0.05218444127679947, "46": 0.5006663994609726, "47": 0.9497416230505333, "48": 0.5009207764871835, "49": 0.05050044935632652, "50": 0.5011957635201938, "51": 0.5009490516325454, "52": 0.5008736600158679, "53": 0.051607788629587106, "54": 0.5005868178715115, "55": 0.5008848601852801, "56": 0.052185030947076966, "57": 0.5002934089357558, "58": 0.9498753170679732, "59": 0.5007415668532849, "60": 0.05082866477588661, "61": 0.5009261695044727, "62": 0.05139081927346405, "63": 0.9497602446258663, "64": 0.5007521434111772, "65": 0.5010987158300401, "66": 0.9499260848195072, "67": 0.050930625531230456, "68": 0.5003707834266424, "69": 0.5006058465320093, "70": 0.05107589244089791, "71": 0.5005378150483852, "72": 0.5009207764871835, "73": 0.500944309381034, "74": 0.052001755107854514, "75": 0.2575249866449031, "76": 0.5005596310230457, "77": 0.05136236118019979, "78": 0.500802367420485, "79": 0.9497602446258663, "80": 0.500944309381034, "81": 0.05160871033844605, "82": 0.05200968510309628, "83": 0.5005808769148745, "84": 0.5006035220395625, "85": 0.051416611902050734, "86": 0.5007955032923341, "87": 0.05107589244089791, "88": 0.05200968510309628, "89": 0.7428383645449652, "90": 0.9497366777177707, "91": 0.5005659470789756, "92": 0.9498310115891071, "93": 0.05184188404764856, "94": 0.5005378150483852, "95": 0.9497542644694155, "96": 0.052185030947076966, "97": 0.2575249866449031, "98": 0.5007972413334467, "99": 0.5011472396751169}, "3": {"0": 0.49948634613066967,