{"0": {"0": 0.5000000000001921, "1": 0.05000000000013705, "2": 0.9499999999998134, "3": 0.9499999999998732, "4": 0.9499999999997787, "5": 0.050000000000105835, "6": 0.5000000000002781, "7": 0.05000000000018534, "8": 0.05000000000024551, "9": 0.5000000000004301, "10": 0.9499999999999524, "11": 0.050000000000188255, "12": 0.050000000000283394, "13": 0.05000000000013365, "14": 0.9499999999998919, "15": 0.9499999999997947, "16": 0.05000000000031842, "17": 0.050000000000239506, "18": 0.5000000000002693, "19": 0.9499999999998967, "20": 0.9499999999998097, "21": 0.5000000000001921, "22": 0.5000000000002773, "23": 0.050000000000111455, "24": 0.5000000000002415, "25": 0.9499999999999071, "26": 0.5000000000001684, "27": 0.9499999999997758, "28": 0.05000000000028546, "29": 0.9499999999999377, "30": 0.05000000000020838, "31": 0.500000000000315, "32": 0.0500000000002723, "33": 0.9499999999997766, "34": 0.05000000000026035, "35": 0.05000000000025334, "36": 0.5000000000003101, "37": 0.9499999999998345, "38": 0.5000000000002176, "39": 0.5000000000002485, "40": 0.5000000000002843, "41": 0.05000000000020136, "42": 0.050000000000239506, "43": 0.5000000000001421, "44": 0.500000000000155, "45": 0.9499999999998134, "46": 0.05000000000010419, "47": 0.9499999999998658, "48": 0.050000000000261974, "49": 0.500000000000267, "50": 0.0500000000002072, "51": 0.05000000000023529, "52": 0.9499999999999375, "53": 0.5000000000001463, "54": 0.050000000000117645, "55": 0.5000000000001334, "56": 0.500000000000333, "57": 0.5000000000003009, "58": 0.9499999999998796, "59": 0.9499999999998345, "60": 0.050000000000188956, "61": 0.9499999999998658, "62": 0.9499999999997857, "63": 0.05000000000020136, "64": 0.5000000000001739, "65": 0.5000000000002323, "66": 0.5000000000002216, "67": 0.050000000000142736, "68": 0.9499999999997766, "69": 0.5000000000001108, "70": 0.9499999999998974, "71": 0.05000000000005573, "72": 0.5000000000001126, "73": 0.5000000000002927, "74": 0.9499999999999302, "75": 0.5000000000002154, "76": 0.050000000000219764, "77": 0.05000000000018534, "78": 0.5000000000002112, "79": 0.05000000000009413, "80": 0.9499999999999366, "81": 0.5000000000002199, "82": 0.05000000000030462, "83": 0.5000000000002731, "84": 0.5000000000002199, "85": 0.050000000000188956, "86": 0.9499999999998764, "87": 0.5000000000002927, "88": 0.5000000000002616, "89": 0.9499999999998764, "90": 0.5000000000001366, "91": 0.5000000000001077, "92": 0.5000000000001088, "93": 0.949999999999946, "94": 0.500000000000139, "95": 0.500000000000315, "96": 0.5000000000001308, "97": 0.5000000000001056, "98": 0.05000000000013099, "99": 0.9499999999999048}, "1": {"0": 0.949999999999936, "1": 0.49999999999986167, "2": 0.05000000000007024, "3": 0.05000000000005987, "4": 0.4999999999998925, "5": 0.49999999999994693, "6": 0.4999999999998951, "7": 0.4999999999998799, "8": 0.49999999999981537, "9": 0.499999999999891, "10": 0.05000000000006287, "11": 0.4999999999998138, "12": 0.05000000000014396, "13": 0.9499999999998374, "14": 0.49999999999989075, "15": 0.949999999999811, "16": 0.05000000000008411, "17": 0.9499999999998393, "18": 0.9499999999997448, "19": 0.4999999999998589, "20": 0.49999999999989997, "21": 0.4999999999999014, "22": 0.05000000000009447, "23": 0.05000000000018294, "24": 0.49999999999981515, "25": 0.49999999999989847, "26": 0.9499999999998132, "27": 0.9499999999997452, "28": 0.9499999999997756, "29": 0.49999999999992095, "30": 0.050000000000103934, "31": 0.05000000000012835, "32": 0.05000000000010635, "33": 0.4999999999998249, "34": 0.4999999999998536, "35": 0.49999999999992323, "36": 0.05000000000012163, "37": 0.9499999999997415, "38": 0.4999999999998296, "39": 0.4999999999999475, "40": 0.4999999999998666, "41": 0.9499999999997377, "42": 0.4999999999999507, "43": 0.05000000000009086, "44": 0.050000000000117895, "45": 0.9499999999998823, "46": 0.49999999999995715, "47": 0.05000000000014434, "48": 0.4999999999998371, "49": 0.49999999999991374, "50": 0.49999999999990163, "51": 0.49999999999985434, "52": 0.9499999999998688, "53": 0.05000000000004543, "54": 0.4999999999998004, "55": 0.49999999999991274, "56": 0.49999999999994627, "57": 0.4999999999998536, "58": 0.49999999999990163, "59": 0.4999999999998903, "60": 0.49999999999985756, "61": 0.4999999999999076, "62": 0.05000000000014434, "63": 0.49999999999986167, "64": 0.9499999999998219, "65": 0.9499999999999055, "66": 0.49999999999993483, "67": 0.050000000000117895, "68": 0.49999999999993966, "69": 0.9499999999998052, "70": 0.49999999999994926, "71": 0.4999999999999091, "72": 0.05000000000009528, "73": 0.9499999999999187, "74": 0.05000000000005567, "75": 0.9499999999998977, "76": 0.49999999999992484, "77": 0.9499999999999049, "78": 0.9499999999999066, "79": 0.49999999999985434, "80": 0.05000000000005567, "81": 0.4999999999999091, "82": 0.4999999999999659, "83": 0.4999999999998903, "84": 0.49999999999995637, "85": 0.05000000000012163, "86": 0.05000000000007198, "87": 0.050000000000102754, "88": 0.49999999999995737, "89": 0.9499999999999524, "90": 0.9499999999998724, "91": 0.05000000000005138, "92": 0.49999999999995, "93": 0.4999999999999288, "94": 0.05000000000004805, "95": 0.9499999999997756, "96": 0.050000000000039194, "97": 0.050000000000047645, "98": 0.4999999999999454, "99": 0.05000000000004205}, "2": {"0": 0.05000000000009548, "1": 0.9499999999996808, "2": 0.4999999999997885, "3": 0.9499999999996696, "4": 0.49999999999971106, "5": 0.4999999999998238, "6": 0.4999999999996759, "7": 0.9499999999997166, "8": 0.05000000000006399, "9": 0.4999999999995884, "10": 0.05000000000019842, "11": 0.4999999999995665, "12": 0.49999999999977196, "13": 0.050000000000113426, "14": 0.9499999999997143, "15": 0.94999999999986, "16": 0.4999999999997494, "17": 0.9499999999997533, "18": 0.9499999999996864, "19": 0.0500000000002168, "20": 0.4999999999996094, "21": 0.9499999999996365, "22": 0.499999999999692, "23": 0.9499999999996989, "24": 0.9499999999996358, "25": 0.4999999999996704, "26": 0.050000000000099534, "27": 0.9499999999997468, "28": 0.49999999999966915, "29": 0.05000000000017014, "30": 0.4999999999998018, "31": 0.4999999999996293, "32": 0.050000000000173635, "33": 0.9499999999998734, "34": 0.4999999999998297, "35": 0.050000000000113426, "36": 0.05000000000020098, "37": 0.4999999999995981, "38": 0.499999999999846, "39": 0.9499999999997301, "40": 0.4999999999998308, "41": 0.4999999999996103, "42": 0.4999999999996478, "43": 0.9499999999997031, "44": 0.05000000000014333, "45": 0.4999999999998289, "46": 0.949999999999867, "47": 0.05000000000021527, "48": 0.49999999999966777, "49": 0.9499999999997031, "50": 0.4999999999997715, "51": 0.4999999999997749, "52": 0.49999999999976774, "53": 0.4999999999998632, "54": 0.9499999999998252, "55": 0.949999999999704, "56": 0.9499999999997037, "57": 0.9499999999999011, "58": 0.05000000000016847, "59": 0.949999999999746, "60": 0.4999999999997, "61": 0.9499999999997174, "62": 0.9499999999996763, "63": 0.9499999999996631, "64": 0.49999999999985556, "65": 0.05000000000020235, "66": 0.05000000000019842, "67": 0.050000000000160486, "68": 0.05000000000019207, "69": 0.49999999999956113, "70": 0.4999999999998352, "71": 0.4999999999998037, "72": 0.4999999999997375, "73": 0.4999999999997494, "74": 0.4999999999996103, "75": 0.949999999999873, "76": 0.050000000000147475, "77": 0.05000000000011903, "78": 0.9499999999998394, "79": 0.4999999999997, "80": 0.4999999999997715, "81": 0.050000000000147475, "82": 0.4999999999999154, "83": 0.9499999999998451, "84": 0.9499999999996763, "85": 0.9499999999996358, "86": 0.05000000000010764, "87": 0.9499999999998394, "88": 0.05000000000011903, "89": 0.49999999999956113, "90": 0.9499999999997037, "91": 0.49999999999967126, "92": 0.05000000000008424, "93": 0.49999999999986877, "94": 0.4999999999995981, "95": 0.4999999999998239, "96": 0.9499999999998432, "97": 0.94999999999986, "98": 0.05000000000017014, "99": 0.49999999999976774}, "3": {"0": 0.05000000000004713, "1": 0.9499999999995369, "2": 0.5000000000000113,