{"0": {"0": 0.4502866852044769, "1": 0.4502866852044769, "2": 0.4502866852044769, "3": 0.4502866852044769, "4": 0.4502866852044769, "5": 0.4502866852044769, "6": 0.4502866852044769, "7": 0.4502866852044769, "8": 0.4502866852044769, "9": 0.4502866852044769, "10": 0.4502866852044769, "11": 0.4502866852044769, "12": 0.4502866852044769, "13": 0.4502866852044769, "14": 0.4502866852044769, "15": 0.4502866852044769, "16": 0.4502866852044769, "17": 0.4502866852044769, "18": 0.4502866852044769, "19": 0.4502866852044769, "20": 0.4502866852044769, "21": 0.4502866852044769, "22": 0.4502866852044769, "23": 0.4502866852044769, "24": 0.4502866852044769, "25": 0.4502866852044769, "26": 0.4502866852044769, "27": 0.4502866852044769, "28": 0.4502866852044769, "29": 0.4502866852044769, "30": 0.4502866852044769, "31": 0.4502866852044769, "32": 0.4502866852044769, "33": 0.4502866852044769, "34": 0.4502866852044769, "35": 0.4502866852044769, "36": 0.4502866852044769, "37": 0.4502866852044769, "38": 0.4502866852044769, "39": 0.4502866852044769, "40": 0.4502866852044769, "41": 0.4502866852044769, "42": 0.4502866852044769, "43": 0.4502866852044769, "44": 0.4502866852044769, "45": 0.4502866852044769, "46": 0.4502866852044769, "47": 0.4502866852044769, "48": 0.4502866852044769, "49": 0.4502866852044769, "50": 0.4502866852044769, "51": 0.4502866852044769, "52": 0.4502866852044769, "53": 0.4502866852044769, "54": 0.4502866852044769, "55": 0.4502866852044769, "56": 0.4502866852044769, "57": 0.4502866852044769, "58": 0.4502866852044769, "59": 0.4502866852044769, "60": 0.4502866852044769, "61": 0.4502866852044769, "62": 0.4502866852044769, "63": 0.4502866852044769, "64": 0.4502866852044769, "65": 0.4502866852044769, "66": 0.4502866852044769, "67": 0.4502866852044769, "68": 0.4502866852044769, "69": 0.4502866852044769, "70": 0.4502866852044769, "71": 0.4502866852044769, "72": 0.4502866852044769, "73": 0.4502866852044769, "74": 0.4502866852044769, "75": 0.4502866852044769, "76": 0.4502866852044769, "77": 0.4502866852044769, "78": 0.4502866852044769, "79": 0.4502866852044769, "80": 0.4502866852044769, "81": 0.4502866852044769, "82": 0.4502866852044769, "83": 0.4502866852044769, "84": 0.4502866852044769, "85": 0.4502866852044769, "86": 0.4502866852044769, "87": 0.4502866852044769, "88": 0.4502866852044769, "89": 0.4502866852044769, "90": 0.4502866852044769, "91": 0.4502866852044769, "92": 0.4502866852044769, "93": 0.4502866852044769, "94": 0.4502866852044769, "95": 0.4502866852044769, "96": 0.4502866852044769, "97": 0.4502866852044769, "98": 0.4502866852044769, "99": 0.4502866852044769}, "1": {"0": 0.46206703294183216, "1": 0.46206703294183216, "2": 0.46206703294183216, "3": 0.46206703294183216, "4": 0.46206703294183216, "5": 0.46206703294183216, "6": 0.46206703294183216, "7": 0.46206703294183216, "8": 0.46206703294183216, "9": 0.46206703294183216, "10": 0.46206703294183216, "11": 0.46206703294183216, "12": 0.46206703294183216, "13": 0.46206703294183216, "14": 0.46206703294183216, "15": 0.46206703294183216, "16": 0.46206703294183216, "17": 0.46206703294183216, "18": 0.46206703294183216, "19": 0.46206703294183216, "20": 0.46206703294183216, "21": 0.46206703294183216, "22": 0.46206703294183216, "23": 0.46206703294183216, "24": 0.46206703294183216, "25": 0.46206703294183216, "26": 0.46206703294183216, "27": 0.46206703294183216, "28": 0.46206703294183216, "29": 0.46206703294183216, "30": 0.46206703294183216, "31": 0.46206703294183216, "32": 0.46206703294183216, "33": 0.46206703294183216, "34": 0.46206703294183216, "35": 0.46206703294183216, "36": 0.46206703294183216, "37": 0.46206703294183216, "38": 0.46206703294183216, "39": 0.46206703294183216, "40": 0.46206703294183216, "41": 0.46206703294183216, "42": 0.46206703294183216, "43": 0.46206703294183216, "44": 0.46206703294183216, "45": 0.46206703294183216, "46": 0.46206703294183216, "47": 0.46206703294183216, "48": 0.46206703294183216, "49": 0.46206703294183216, "50": 0.46206703294183216, "51": 0.46206703294183216, "52": 0.46206703294183216, "53": 0.46206703294183216, "54": 0.46206703294183216, "55": 0.46206703294183216, "56": 0.46206703294183216, "57": 0.46206703294183216, "58": 0.46206703294183216, "59": 0.46206703294183216, "60": 0.46206703294183216, "61": 0.46206703294183216, "62": 0.46206703294183216, "63": 0.46206703294183216, "64": 0.46206703294183216, "65": 0.46206703294183216, "66": 0.46206703294183216, "67": 0.46206703294183216, "68": 0.46206703294183216, "69": 0.46206703294183216, "70": 0.46206703294183216, "71": 0.46206703294183216, "72": 0.46206703294183216, "73": 0.46206703294183216, "74": 0.46206703294183216, "75": 0.46206703294183216, "76": 0.46206703294183216, "77": 0.46206703294183216, "78": 0.46206703294183216, "79": 0.46206703294183216, "80": 0.46206703294183216, "81": 0.46206703294183216, "82": 0.46206703294183216, "83": 0.46206703294183216, "84": 0.46206703294183216, "85": 0.46206703294183216, "86": 0.46206703294183216, "87": 0.46206703294183216, "88": 0.46206703294183216, "89": 0.46206703294183216, "90": 0.46206703294183216, "91": 0.46206703294183216, "92": 0.46206703294183216, "93": 0.46206703294183216, "94": 0.46206703294183216, "95": 0.46206703294183216, "96": 0.46206703294183216, "97": 0.46206703294183216, "98": 0.46206703294183216, "99": 0.46206703294183216}, "2": {"0": 0.5073745026201195, "1": 0.5073745026201195, "2": 0.5073745026201195, "3": 0.5073745026201195, "4": 0.5073745026201195, "5": 0.5073745026201195, "6": 0.5073745026201195, "7": 0.5073745026201195, "8": 0.5073745026201195, "9": 0.5073745026201195, "10": 0.5073745026201195, "11": 0.5073745026201195, "12": 0.5073745026201195, "13": 0.5073745026201195, "14": 0.5073745026201195, "15": 0.5073745026201195, "16": 0.5073745026201195, "17": 0.5073745026201195, "18": 0.5073745026201195, "19": 0.5073745026201195, "20": 0.5073745026201195, "21": 0.5073745026201195, "22": 0.5073745026201195, "23": 0.5073745026201195, "24": 0.5073745026201195, "25": 0.5073745026201195, "26": 0.5073745026201195, "27": 0.5073745026201195, "28": 0.5073745026201195, "29": 0.5073745026201195, "30": 0.5073745026201195, "31": 0.5073745026201195, "32": 0.5073745026201195, "33": 0.5073745026201195, "34": 0.5073745026201195, "35": 0.5073745026201195, "36": 0.5073745026201195, "37": 0.5073745026201195, "38": 0.5073745026201195, "39": 0.5073745026201195, "40": 0.5073745026201195, "41": 0.5073745026201195, "42": 0.5073745026201195, "43": 0.5073745026201195, "44": 0.5073745026201195, "45": 0.5073745026201195, "46": 0.5073745026201195, "47": 0.5073745026201195, "48": 0.5073745026201195, "49": 0.5073745026201195, "50": 0.5073745026201195, "51": 0.5073745026201195, "52": 0.5073745026201195, "53": 0.5073745026201195, "54": 0.5073745026201195, "55": 0.5073745026201195, "56": 0.5073745026201195, "57": 0.5073745026201195, "58": 0.5073745026201195, "59": 0.5073745026201195, "60": 0.5073745026201195, "61": 0.5073745026201195, "62": 0.5073745026201195, "63": 0.5073745026201195, "64": 0.5073745026201195, "65": 0.5073745026201195, "66": 0.5073745026201195, "67": 0.5073745026201195, "68": 0.5073745026201195, "69": 0.5073745026201195, "70": 0.5073745026201195, "71": 0.5073745026201195, "72": 0.5073745026201195, "73": 0.5073745026201195, "74": 0.5073745026201195, "75": 0.5073745026201195, "76": 0.5073745026201195, "77": 0.5073745026201195, "78": 0.5073745026201195, "79": 0.5073745026201195, "80": 0.5073745026201195, "81": 0.5073745026201195, "82": 0.5073745026201195, "83": 0.5073745026201195, "84": 0.5073745026201195, "85": 0.5073745026201195, "86": 0.5073745026201195, "87": 0.5073745026201195, "88": 0.5073745026201195, "89": 0.5073745026201195, "90": 0.5073745026201195, "91": 0.5073745026201195, "92": 0.5073745026201195, "93": 0.5073745026201195, "94": 0.5073745026201195, "95": 0.5073745026201195, "96": 0.5073745026201195, "97": 0.5073745026201195, "98": 0.5073745026201195, "99": 0.5073745026201195}, "3": {"0": 0.528734973067887, "1": 0.528734973067887, "2": 0.528734973067887, "3": 0.528734973067887,