{"0": {"0": 0.050000009116581576, "1": 0.949999952375481, "2": 0.47175259659467217, "3": 0.0500000103759043, "4": 0.5490523112466832, "5": 0.4753805594277557, "6": 0.9499999407300432, "7": 0.0500000094397658, "8": 0.05000001002602179, "9": 0.05000000738301372, "10": 0.05000000792160415, "11": 0.0500000071509488, "12": 0.9499999373146011, "13": 0.9499999620781924, "14": 0.050000008937831394, "15": 0.05000001076446807, "16": 0.050000010266307474, "17": 0.9499999595961369, "18": 0.05000000867798825, "19": 0.622097446781126, "20": 0.5701197205369732, "21": 0.050000005382234036, "22": 0.050000006872208055, "23": 0.949999940752607, "24": 0.5701197205369732, "25": 0.9499999583376744, "26": 0.4753805594277557, "27": 0.05000001058946814, "28": 0.05000000822497731, "29": 0.05000000414832987, "30": 0.9499999387508755, "31": 0.05000000792160415, "32": 0.9499999582852946, "33": 0.0500000067312664, "34": 0.9499999572799472, "35": 0.9499999542407942, "36": 0.4964165633856509, "37": 0.9499999496255087, "38": 0.5806175309171525, "39": 0.5012891047042487, "40": 0.5740131550719451, "41": 0.9499999713790778, "42": 0.622097446781126, "43": 0.4115964545983561, "44": 0.5439417549084238, "45": 0.9499999380365551, "46": 0.4115964545983561, "47": 0.05000000901312178, "48": 0.9499999679273119, "49": 0.9499999474793679, "50": 0.4388348505674912, "51": 0.0500000077110945, "52": 0.9499999758854754, "53": 0.9499999471198752, "54": 0.0500000077110945, "55": 0.9499999872273837, "56": 0.9499999513450448, "57": 0.05000000471996465, "58": 0.9499999493954356, "59": 0.9499999472972742, "60": 0.5012891047042487, "61": 0.05000000888749788, "62": 0.9499999511005212, "63": 0.050000008852022194, "64": 0.9499999474793679, "65": 0.5439417549084238, "66": 0.9499999500241249, "67": 0.05000000755921308, "68": 0.05000000644043791, "69": 0.0500000094397658, "70": 0.050000003369720436, "71": 0.9499999398351195, "72": 0.949999945523424, "73": 0.9499999748127543, "74": 0.4964165633856509, "75": 0.5806175309171525, "76": 0.050000009116581576, "77": 0.5740131550719451, "78": 0.05000000755921308, "79": 0.9499999471198752, "80": 0.9499999470379569, "81": 0.9499999519465048, "82": 0.9499999582852946, "83": 0.4964165633856509, "84": 0.5490523112466832, "85": 0.9499999730722148, "86": 0.4388348505674912, "87": 0.9499999583376744, "88": 0.05000000411248866, "89": 0.05000000766037793, "90": 0.05000000383018897, "91": 0.050000003575474405, "92": 0.050000010266307474, "93": 0.9499999703650216, "94": 0.9499999493954356, "95": 0.9499999736486371, "96": 0.9499999500241249, "97": 0.9499999759732524, "98": 0.949999952375481, "99": 0.47175259659467217}, "1": {"0": 0.050002545205685395, "1": 0.510114702504839, "2": 0.05000215318127407, "3": 0.050003238714585105, "4": 0.9499999401916642, "5": 0.9499999478393646, "6": 0.9499999247613378, "7": 0.5610561695484155, "8": 0.35721747884319555, "9": 0.050002873143009115, "10": 0.05000335105448685, "11": 0.050003286993725415, "12": 0.050003071982245045, "13": 0.4245548233970811, "14": 0.5610561695484155, "15": 0.9499999494873507, "16": 0.9499999367589657, "17": 0.949999919504279, "18": 0.050002645040394145, "19": 0.510114702504839, "20": 0.9499999229590352, "21": 0.9499999498319067, "22": 0.4245548233970811, "23": 0.9499999360272529, "24": 0.05000138393868199, "25": 0.9499999317995875, "26": 0.05000271867482232, "27": 0.050002411468217725, "28": 0.9499999423266801, "29": 0.9499999134764509, "30": 0.9499999315611165, "31": 0.9499999305097029, "32": 0.9499999228049476, "33": 0.9499999471233395, "34": 0.9499999614795176, "35": 0.9499999249964297, "36": 0.9499999306906955, "37": 0.949999964831263, "38": 0.9499999253470645, "39": 0.6062016240754096, "40": 0.05000167976682874, "41": 0.9499999373657191, "42": 0.050003071982245045, "43": 0.949999919504279, "44": 0.4233131862602634, "45": 0.9499999365237579, "46": 0.9499999658997937, "47": 0.4377512659320747, "48": 0.9499999647316075, "49": 0.949999969548275, "50": 0.9499999228049476, "51": 0.9499999494873507, "52": 0.48975754169798646, "53": 0.9499999455748096, "54": 0.9499999410933113, "55": 0.94999997116334, "56": 0.050002027485467254, "57": 0.050002865449709916, "58": 0.9499999277075747, "59": 0.4377512659320747, "60": 0.9499999416615178, "61": 0.9499999416366682, "62": 0.9499999498319067, "63": 0.9499999315611165, "64": 0.9499999735616698, "65": 0.9499999266572501, "66": 0.9499999455748096, "67": 0.05000271136892163, "68": 0.550342713330924, "69": 0.0500010653584067, "70": 0.05000143272485496, "71": 0.48975754169798646, "72": 0.05000287167965034, "73": 0.9499999231267293, "74": 0.9499999762438385, "75": 0.050003314809344244, "76": 0.6062016240754096, "77": 0.3741634659547269, "78": 0.9499999705466556, "79": 0.9499999373657191, "80": 0.3741634659547269, "81": 0.05000271867482232, "82": 0.05000164349686271, "83": 0.9499999253470645, "84": 0.050001619357292554, "85": 0.9499999624982148, "86": 0.9499999463902659, "87": 0.050002873143009115, "88": 0.4233131862602634, "89": 0.9499999371943975, "90": 0.35721747884319555, "91": 0.0500012726028427, "92": 0.550342713330924, "93": 0.6062016240754096, "94": 0.05000290618111397, "95": 0.05000246052931902, "96": 0.05000123026465951, "97": 0.9499999685971987, "98": 0.050002027485467254, "99": 0.5610561695484155}, "2": {"0": 0.3778696138774795, "1": 0.4293550048682221, "2": 0.05000001200619807, "3": 0.5031489069462768, "4": 0.6397500192479106, "5": 0.9499999673427346, "6": 0.050000009581825204, "7": 0.050000002895201866, "8": 0.9499999688157243, "9": 0.5052019598434294, "10": 0.9499999774443689, "11": 0.9499999673060939, "12": 0.05000000822796339, "13": 0.0500000115628567, "14": 0.3638985963148448, "15": 0.9499999855050468, "16": 0.9499999657354927, "17": 0.35776938723799856, "18": 0.9499999749992961, "19": 0.050000009124787546, "20": 0.9499999824241083, "21": 0.5031489069462768, "22": 0.40719212038137076, "23": 0.3830913674387879, "24": 0.5394997900002669, "25": 0.9499999698088112, "26": 0.42266282483700945, "27": 0.05000001274111113, "28": 0.050000009392985184, "29": 0.9499999824533158, "30": 0.9499999780044951, "31": 0.6008253345183467, "32": 0.050000008896737266, "33": 0.05000001240525612, "34": 0.9499999636705767, "35": 0.05000001225913421, "36": 0.42266282483700945, "37": 0.05000001060508549, "38": 0.9499999673798326, "39": 0.05000001353947255, "40": 0.9499999672909938, "41": 0.5394997900002669, "42": 0.595543694467926, "43": 0.9499999842447852, "44": 0.05000000777212449, "45": 0.9499999698586526, "46": 0.9499999720534222, "47": 0.05000001274111113, "48": 0.595543694467926, "49": 0.9499999718362993, "50": 0.050000014605387014, "51": 0.05000000634431446, "52": 0.3638985963148448, "53": 0.6397500192479106, "54": 0.3778696138774795, "55": 0.6397500192479106, "56": 0.9499999720534222, "57": 0.05000001059400675, "58": 0.6008253345183467, "59": 0.9499999853511076, "60": 0.35776938723799856, "61": 0.5052019598434294, "62": 0.6382828681354642, "63": 0.050000005885685025, "64": 0.05000001193842834, "65": 0.949999964817792, "66": 0.6382828681354642, "67": 0.40719212038137076, "68": 0.9499999749992961, "69": 0.05000001193842834, "70": 0.42266282483700945, "71": 0.9499999816732778, "72": 0.9499999679985469, "73": 0.05000000456239377, "74": 0.3830913674387879, "75": 0.40719212038137076, "76": 0.9499999748359124, "77": 0.05000001240525612, "78": 0.5052019598434294, "79": 0.4293550048682221, "80": 0.949999974640334, "81": 0.949999987320167, "82": 0.6397500192479106, "83": 0.635082262027279, "84": 0.9499999666227688, "85": 0.9499999716351492, "86": 0.05000001200619807, "87": 0.9499999843037643, "88": 0.949999982408896, "89": 0.050000012476785455, "90": 0.6382828681354642, "91": 0.050000008896737266, "92": 0.9499999780044951, "93": 0.050000012476785455, "94": 0.9499999748359124, "95": 0.9499999698088112, "96": 0.9499999858175745, "97": 0.050000009392985184, "98": 0.635082262027279, "99": 0.9499999672909938}, "3": {"0": 0.9499998814018471, "1": 0.9499998726467874, "2": 0.05000002335381282,