{"0": {"0": 0.4994064713940765, "1": 0.49942210697240125, "2": 0.4994340514229537, "3": 0.49944557854065363, "4": 0.49943300961723247, "5": 0.4994793936502666, "6": 0.49946203611125783, "7": 0.49962225598324844, "8": 0.4994637948079018, "9": 0.4996242726807966, "10": 0.499408386829159, "11": 0.499469380787086, "12": 0.4994828500205042, "13": 0.4994313052810597, "14": 0.49940344124197, "15": 0.4995093733560574, "16": 0.49949138333877413, "17": 0.49943266601745995, "18": 0.499497678503358, "19": 0.49940715906131206, "20": 0.4994876822313154, "21": 0.49944840221256714, "22": 0.4994566007778377, "23": 0.49954744242245197, "24": 0.4994563566747897, "25": 0.4994148286954174, "26": 0.4994187448471078, "27": 0.499414222732147, "28": 0.4994929217875509, "29": 0.4994758082294876, "30": 0.49946875421937187, "31": 0.49951758063444474, "32": 0.49943936642273534, "33": 0.4995744908498893, "34": 0.4994848373010372, "35": 0.4994558927324705, "36": 0.4995093733560574, "37": 0.49944557854065363, "38": 0.49951274422634484, "39": 0.4994731797882175, "40": 0.49947093895837247, "41": 0.4995178895720337, "42": 0.4997232659132073, "43": 0.4997368316724949, "44": 0.49943041239702635, "45": 0.49942225158666886, "46": 0.4994135527591888, "47": 0.4994661873786134, "48": 0.49945682061710894, "49": 0.4994720247537023, "50": 0.4994985494994734, "51": 0.4994324257828694, "52": 0.4994340514229537, "53": 0.4994485519577319, "54": 0.49946061244959616, "55": 0.4994135527591888, "56": 0.49949154617612135, "57": 0.4994731797882175, "58": 0.499427348169536, "59": 0.49947653233909856, "60": 0.49948012319899737, "61": 0.4994828500205042, "62": 0.499471634257622, "63": 0.49949951922200453, "64": 0.4995440254895478, "65": 0.4994406513232787, "66": 0.4996242726807966, "67": 0.49946061244959616, "68": 0.4994148286954174, "69": 0.4995170691242263, "70": 0.4994429299499695, "71": 0.499436944411341, "72": 0.4994405031376261, "73": 0.499492439684321, "74": 0.499480833255629, "75": 0.4994903788383535, "76": 0.4997456916693871, "77": 0.4994738940909299, "78": 0.49949154617612135, "79": 0.49962225598324844, "80": 0.49951194948417194, "81": 0.49946366162484723, "82": 0.49948012319899737, "83": 0.4994563566747897, "84": 0.4994466117674237, "85": 0.49947653233909856, "86": 0.4994929217875509, "87": 0.49951758063444474, "88": 0.4994406513232787, "89": 0.4994187448471078, "90": 0.4997362903167243, "91": 0.49947093895837247, "92": 0.49949017623881675, "93": 0.4994485519577319, "94": 0.49946875421937187, "95": 0.49954744242245197, "96": 0.49942225158666886, "97": 0.49943936642273534, "98": 0.4995744908498893, "99": 0.49949017623881675}, "1": {"0": 0.49969705949303556, "1": 0.4996620377874584, "2": 0.49962796056150327, "3": 0.49966053626217943, "4": 0.4996514180142766, "5": 0.4996042056029931, "6": 0.49961398635805243, "7": 0.49972671361328536, "8": 0.4998370414221105, "9": 0.4997269099121613, "10": 0.4996113242316379, "11": 0.4996081770998167, "12": 0.4996055600714605, "13": 0.49960607834216536, "14": 0.4996220559179029, "15": 0.4996678014340443, "16": 0.4997005042779029, "17": 0.4996014985114748, "18": 0.4996490594773677, "19": 0.49962112780781126, "20": 0.4996631970493687, "21": 0.4996623406191829, "22": 0.49964380963789223, "23": 0.49963383517241156, "24": 0.49961170055889015, "25": 0.4996533381888844, "26": 0.499712989748605, "27": 0.4996445503650435, "28": 0.49972671361328536, "29": 0.4996322644325869, "30": 0.49962796056150327, "31": 0.4996200429679625, "32": 0.49966386376772953, "33": 0.4996404068847792, "34": 0.4996176957854874, "35": 0.4996708473386383, "36": 0.4996113596834141, "37": 0.4997269099121613, "38": 0.49960499860531205, "39": 0.4996631970493687, "40": 0.49961398635805243, "41": 0.4996520283586693, "42": 0.49966148345775013, "43": 0.49976243737774395, "44": 0.49962022076620183, "45": 0.4996238449193045, "46": 0.49961579334883643, "47": 0.499687557452443, "48": 0.49971543715157796, "49": 0.4996673214895961, "50": 0.49963415657635846, "51": 0.4996717751192685, "52": 0.4996466939949685, "53": 0.4997515852062049, "54": 0.49966639779009925, "55": 0.49967239688113335, "56": 0.49962112780781126, "57": 0.4996743964210845, "58": 0.4996535037244004, "59": 0.49963597514373465, "60": 0.4996743964210845, "61": 0.4998267518622002, "62": 0.49964137269661724, "63": 0.4996640792257656, "64": 0.49964137269661724, "65": 0.4998088478927437, "66": 0.49965859767579907, "67": 0.4996325325589584, "68": 0.49965869569170474, "69": 0.4996323380089822, "70": 0.4996409050660289, "71": 0.4996717751192685, "72": 0.49966176716409527, "73": 0.49964380963789223, "74": 0.49960499860531205, "75": 0.49967239688113335, "76": 0.4996405873921588, "77": 0.4996466939949685, "78": 0.49967688240215036, "79": 0.4996349093333061, "80": 0.4996349093333061, "81": 0.4996506421824777, "82": 0.4996418918640853, "83": 0.49966148345775013, "84": 0.49963415657635846, "85": 0.49966779259764343, "86": 0.4996078116063598, "87": 0.4996392829202322, "88": 0.4996055600714605, "89": 0.4996156715304561, "90": 0.4996404068847792, "91": 0.49982045253301444, "92": 0.4998562130342541, "93": 0.49962926860876844, "94": 0.4996220559179029, "95": 0.49966547409060247, "96": 0.4996405873921588, "97": 0.49966386376772953, "98": 0.4996708473386383, "99": 0.49966639779009925}, "2": {"0": 0.500219992053182, "1": 0.5001649563827282, "2": 0.5002086912680934, "3": 0.5001677350340618, "4": 0.5002578247842141, "5": 0.500248665083166, "6": 0.5002308901847956, "7": 0.5002321036266937, "8": 0.5002357573833718, "9": 0.5002171364221846, "10": 0.5002193378238914, "11": 0.5001218302190155, "12": 0.5002409145071318, "13": 0.5002333118366663, "14": 0.5001712048898866, "15": 0.5002378367719681, "16": 0.500241798710543, "17": 0.5001933532134362, "18": 0.5002420747759726, "19": 0.5002159930341614, "20": 0.5002439491749091, "21": 0.500237023385098, "22": 0.500222568952972, "23": 0.5002361503318377, "24": 0.5002113758400307, "25": 0.5002431316939532, "26": 0.5001847697771759, "27": 0.5002141523380428, "28": 0.5002244661544698, "29": 0.5002282821079231, "30": 0.5002361503318377, "31": 0.5001231996822268, "32": 0.5002421063095455, "33": 0.5002547251135593, "34": 0.5002174488870967, "35": 0.5002434562409783, "36": 0.5002119607574566, "37": 0.5002339425721147, "38": 0.500192732791854, "39": 0.5002403633832044, "40": 0.5001430848597235, "41": 0.5002257899822451, "42": 0.5002501219803295, "43": 0.500162075491354, "44": 0.5002401720170738, "45": 0.5002434562409783, "46": 0.5002415138525951, "47": 0.5002020062119908, "48": 0.5002401720170738, "49": 0.5002418143934362, "50": 0.5002139598361534, "51": 0.5002203323800132, "52": 0.5002498474516563, "53": 0.5002386661190368, "54": 0.5002216673150872, "55": 0.5002203323800132, "56": 0.500109996026591, "57": 0.5002354063897808, "58": 0.5002381769666685, "59": 0.5002413019419825, "60": 0.500222568952972, "61": 0.5002386661190368, "62": 0.5001728823417119, "63": 0.5002187594666299, "64": 0.5002373022189954, "65": 0.500209593221699, "66": 0.5002418143934362, "67": 0.5002135368117919, "68": 0.5001430848597235, "69": 0.500237023385098, "70": 0.5002073249430925, "71": 0.5002540461706957, "72": 0.5002415941174055, "73": 0.5002434449962982, "74": 0.5002461162171234, "75": 0.5002461162171234, "76": 0.5002193378238914, "77": 0.5000983144775752, "78": 0.5001677350340618, "79": 0.5001847697771759, "80": 0.5001250609901647, "81": 0.5002159930341614, "82": 0.5002110273720772, "83": 0.5002282821079231, "84": 0.5002381769666685, "85": 0.5002415138525951, "86": 0.5002357573833718, "87": 0.5001206509709912, "88": 0.5002187594666299, "89": 0.5002125549845066, "90": 0.5002339425721147, "91": 0.5002141523380428, "92": 0.5002248249627896, "93": 0.5001728823417119, "94": 0.500192732791854, "95": 0.5001649563827282, "96": 0.5002073249430925, "97": 0.5002333118366663, "98": 0.5002110273720772, "99": 0.5002174488870967}, "3": {"0": 0.5002797964673903, "1": 0.5002488268916307, "2": 0.5002633209861823, "3": 0.5002533781363223, "4": 0.5002892481166106,