{"0": {"0": 0.05000000004103618, "1": 0.9499999998824042, "2": 0.41357755347159514, "3": 0.5425718418792917, "4": 0.555892669007386, "5": 0.4324865962188053, "6": 0.9499999998400016, "7": 0.6787127214020368, "8": 0.3025510769366095, "9": 0.05000000004103618, "10": 0.05000000003698756, "11": 0.05000000002613523, "12": 0.6467687381838767, "13": 0.050000000025589963, "14": 0.05000000004071769, "15": 0.35085937182424826, "16": 0.6467687381838767, "17": 0.3341436341599607, "18": 0.9499999998860762, "19": 0.05000000001410226, "20": 0.05000000003198088, "21": 0.05000000003257321, "22": 0.05000000002613523, "23": 0.5626059941585673, "24": 0.41357755347159514, "25": 0.3816142883876666, "26": 0.3025510769366095, "27": 0.9499999998168507, "28": 0.7014795238171148, "29": 0.9499999998731605, "30": 0.5827790389785017, "31": 0.36847660763358125, "32": 0.9499999998588458, "33": 0.9499999998838076, "34": 0.6969741021493385, "35": 0.3174575708626522, "36": 0.05000000004368239, "37": 0.9499999998125285, "38": 0.7069087668749032, "39": 0.9499999998400016, "40": 0.05000000002551586, "41": 0.05000000003530336, "42": 0.3341436341599607, "43": 0.46331755783709566, "44": 0.9499999999327104, "45": 0.46331755783709566, "46": 0.05000000003111989, "47": 0.555892669007386, "48": 0.050000000033239116, "49": 0.6467687381838767, "50": 0.05000000003239531, "51": 0.05000000001619766, "52": 0.5827790389785017, "53": 0.05000000004071769, "54": 0.6969741021493385, "55": 0.3174575708626522, "56": 0.5425718418792917, "57": 0.5425718418792917, "58": 0.9499999999294229, "59": 0.9499999998958712, "60": 0.9499999999075784, "61": 0.35085937182424826, "62": 0.555892669007386, "63": 0.9499999998505695, "64": 0.9499999998729163, "65": 0.05000000002959683, "66": 0.5827790389785017, "67": 0.6498319172688432, "68": 0.48870018170811524, "69": 0.48870018170811524, "70": 0.6498319172688432, "71": 0.3816142883876666, "72": 0.9499999998898394, "73": 0.9499999998731605, "74": 0.36847660763358125, "75": 0.05000000002959683, "76": 0.9499999998898394, "77": 0.9499999999226754, "78": 0.45055490257614617, "79": 0.5384716461437944, "80": 0.050000000019041965, "81": 0.05000000002487996, "82": 0.5827790389785017, "83": 0.7014795238171148, "84": 0.6787127214020368, "85": 0.9499999999613377, "86": 0.4711758596255045, "87": 0.0500000000276036, "88": 0.6969741021493385, "89": 0.45055490257614617, "90": 0.5626059941585673, "91": 0.05000000001594622, "92": 0.4711758596255045, "93": 0.4324865962188053, "94": 0.9499999999412021, "95": 0.05000000001243998, "96": 0.5626059941585673, "97": 0.5384716461437944, "98": 0.05000000003111989, "99": 0.7069087668749032}, "1": {"0": 0.2849999455971652, "1": 0.6425163545426121, "2": 0.9499999998130453, "3": 0.62029896259626, "4": 0.7130902974815896, "5": 0.050000000061404495, "6": 0.9499999998459915, "7": 0.6451549039102873, "8": 0.050000000057180576, "9": 0.4727388629598078, "10": 0.9499999999271217, "11": 0.6558602085732493, "12": 0.6795075783640123, "13": 0.5135861715572925, "14": 0.4727388629598078, "15": 0.62029896259626, "16": 0.05000000008024603, "17": 0.6298990770449662, "18": 0.05000000006711118, "19": 0.94999999986877, "20": 0.5135861715572925, "21": 0.2955580135451088, "22": 0.9499999998130366, "23": 0.6795075783640123, "24": 0.3855172319273893, "25": 0.6425163545426121, "26": 0.9499999998459915, "27": 0.9499999998361971, "28": 0.050000000064916714, "29": 0.050000000049709836, "30": 0.9499999998137041, "31": 0.050000000056363195, "32": 0.3813049581929144, "33": 0.050000000078245, "34": 0.05000000006784937, "35": 0.9499999999229958, "36": 0.6015526248524857, "37": 0.9499999998845874, "38": 0.6298990770449662, "39": 0.3223454626707978, "40": 0.4015540998870626, "41": 0.9499999999271217, "42": 0.7470877188520639, "43": 0.3223454626707978, "44": 0.5775887441803167, "45": 0.5247448028779564, "46": 0.6451549039102873, "47": 0.649029329692134, "48": 0.05000000003976812, "49": 0.7470877188520639, "50": 0.9499999998659013, "51": 0.421143014426982, "52": 0.7470877188520639, "53": 0.05000000007429424, "54": 0.5775887441803167, "55": 0.3855172319273893, "56": 0.2849999455971652, "57": 0.6222786280312586, "58": 0.6015526248524857, "59": 0.2955580135451088, "60": 0.5775887441803167, "61": 0.05000000003355559, "62": 0.671506676600188, "63": 0.050000000056722664, "64": 0.5247448028779564, "65": 0.050000000056722664, "66": 0.9499999998956672, "67": 0.671506676600188, "68": 0.4015540998870626, "69": 0.9499999998730515, "70": 0.9499999998924373, "71": 0.9499999998817493, "72": 0.3813049581929144, "73": 0.9499999999249111, "74": 0.94999999986877, "75": 0.05000000006784937, "76": 0.7130902974815896, "77": 0.29996830799559115, "78": 0.6222786280312586, "79": 0.29996830799559115, "80": 0.6298990770449662, "81": 0.05000000005468673, "82": 0.9499999998845874, "83": 0.9499999999249111, "84": 0.050000000057180576, "85": 0.649029329692134, "86": 0.2955580135451088, "87": 0.421143014426982, "88": 0.9499999999478336, "89": 0.05000000002485492, "90": 0.6558602085732493, "91": 0.7130902974815896, "92": 0.9499999999462186, "93": 0.050000000076243965, "94": 0.62029896259626, "95": 0.050000000078245, "96": 0.7470877188520639, "97": 0.3223454626707978, "98": 0.3223454626707978, "99": 0.9499999998817493}, "2": {"0": 0.5992010696904451, "1": 0.31169554716466963, "2": 0.050000000047274056, "3": 0.050000000034108844, "4": 0.050000000044864226, "5": 0.05000000006303254, "6": 0.05000000008044592, "7": 0.669850142146398, "8": 0.7450762115337322, "9": 0.9499999999752147, "10": 0.9499999999624733, "11": 0.40653584628113537, "12": 0.6683521562080128, "13": 0.9499999999547701, "14": 0.5871686487634088, "15": 0.949999999966556, "16": 0.651068682524295, "17": 0.7460145006826925, "18": 0.6683521562080128, "19": 0.05000000004474549, "20": 0.9499999999783761, "21": 0.05000000008618473, "22": 0.05000000006606385, "23": 0.5309602482325786, "24": 0.05000000005440065, "25": 0.9499999999576045, "26": 0.43421777730782213, "27": 0.9499999999830888, "28": 0.9499999999763867, "29": 0.9499999999636759, "30": 0.5202944308400425, "31": 0.4652437695696715, "32": 0.684740245107375, "33": 0.7460145006830428, "34": 0.5871686487634088, "35": 0.5992010696904451, "36": 0.5149625522796799, "37": 0.3778603930591945, "38": 0.651068682524295, "39": 0.5202944308400425, "40": 0.40653584628113537, "41": 0.05000000007700863, "42": 0.7450762115337322, "43": 0.3877027966879973, "44": 0.669850142146398, "45": 0.25901103257491787, "46": 0.4652437695696715, "47": 0.05000000003294296, "48": 0.05000000003678118, "49": 0.05000000005954098, "50": 0.050000000047751084, "51": 0.9499999999463871, "52": 0.5693232497326489, "53": 0.050000000023520966, "54": 0.41286504593213946, "55": 0.05000000001839059, "56": 0.4652437695696715, "57": 0.9499999999635482, "58": 0.7450762115337322, "59": 0.3877027966879973, "60": 0.050000000044864226, "61": 0.9499999999812366, "62": 0.25901103257491787, "63": 0.5149625522796799, "64": 0.9499999999754815, "65": 0.5309602482324912, "66": 0.3778603930591945, "67": 0.05000000005440747, "68": 0.3778603930591945, "69": 0.9499999999619333, "70": 0.050000000034108844, "71": 0.684740245107375, "72": 0.9499999999650521, "73": 0.5309602482325786, "74": 0.6070529835513785, "75": 0.05000000005440747, "76": 0.05000000003303193, "77": 0.050000000029770494, "78": 0.6070529835513785, "79": 0.9499999999650521, "80": 0.7460145006830428, "81": 0.5693232497326489, "82": 0.3368995344990977, "83": 0.25901103257491787, "84": 0.9499999999576045, "85": 0.9499999999877407, "86": 0.41286504593213946, "87": 0.05000000004474549, "88": 0.4652437695696715, "89": 0.41286504593213946, "90": 0.43421777730782213, "91": 0.3926119521294979, "92": 0.9499999999771851, "93": 0.9499999999619333, "94": 0.9499999999818379, "95": 0.7450762115337322, "96": 0.3926119521294979, "97": 0.3368995344990977, "98": 0.31169554716466963, "99": 0.9499999999547701}, "3": {"0": 0.34933659668739603, "1": 0.9499999998631623, "2": 0.9499999998661102, "3": 0.6204266141819401,