{"0": {"0": 0.4999260753603667, "1": 0.4998783936372518, "2": 0.4998578174028101, "3": 0.4998492162403887, "4": 0.950013553343674, "5": 0.49983443803971717, "6": 0.49987612597131015, "7": 0.4998610323112733, "8": 0.4998765019190392, "9": 0.49984526961433695, "10": 0.4998435331335218, "11": 0.49987897577221135, "12": 0.49984939139141726, "13": 0.4998277686899706, "14": 0.4998435331335218, "15": 0.4998364367753996, "16": 0.49984797169542927, "17": 0.49985014839298725, "18": 0.4998343997945087, "19": 0.49987875745552063, "20": 0.4998663914452417, "21": 0.4998742887773798, "22": 0.950013553343674, "23": 0.49986150977877764, "24": 0.4998564804089765, "25": 0.4998392874681448, "26": 0.49988199486143714, "27": 0.49987927215045524, "28": 0.49988039006860296, "29": 0.4998563797127523, "30": 0.4998682340960071, "31": 0.49985293562046196, "32": 0.4998277686899706, "33": 0.49988017548804986, "34": 0.4998407178166897, "35": 0.4998386105214666, "36": 0.49984363645510177, "37": 0.4998387759312354, "38": 0.4998627991152409, "39": 0.9500021795630277, "40": 0.4998772132815187, "41": 0.49993502599329714, "42": 0.49987731372047395, "43": 0.49986638165143493, "44": 0.4999393787277603, "45": 0.4998811209875758, "46": 0.4998556797941002, "47": 0.4998457568019122, "48": 0.4998846037041963, "49": 0.4998752087467525, "50": 0.4998669376489677, "51": 0.9500078470324997, "52": 0.499843675283157, "53": 0.49987717901692835, "54": 0.05000442550350509, "55": 0.4998811209875758, "56": 0.4998314399830006, "57": 0.49985992238286275, "58": 0.4998783936372518, "59": 0.49985332436487656, "60": 0.4999174206723008, "61": 0.4998659893367857, "62": 0.4998721780737244, "63": 0.49987596899528774, "64": 0.4998815481016037, "65": 0.49993860664075934, "66": 0.49984526961433695, "67": 0.4998787303030679, "68": 0.49984939139141726, "69": 0.49987717901692835, "70": 0.4998810659922611, "71": 0.49987892235367926, "72": 0.49990275069788154, "73": 0.4998452589389055, "74": 0.49991746924059394, "75": 0.49985014839298725, "76": 0.4998663914452417, "77": 0.49990533742688437, "78": 0.49994099743071857, "79": 0.4998479599595264, "80": 0.49985332436487656, "81": 0.49990275069788154, "82": 0.4998787303030679, "83": 0.49986210504890405, "84": 0.9500002724453784, "85": 0.49987927215045524, "86": 0.49987731372047395, "87": 0.4998392874681448, "88": 0.4998386105214666, "89": 0.4998815481016037, "90": 0.49986867635605625, "91": 0.4998659893367857, "92": 0.4998546942363278, "93": 0.49985293562046196, "94": 0.4998627991152409, "95": 0.4998563797127523, "96": 0.4998543432014991, "97": 0.4999273471181639, "98": 0.49985992238286275, "99": 0.49986150977877764}, "1": {"0": 0.5000594352344265, "1": 0.5000552346528008, "2": 0.500051190595008, "3": 0.5000586149501264, "4": 0.5000520890415537, "5": 0.5000508657390239, "6": 0.5000501299497818, "7": 0.5000609352240131, "8": 0.9499898630745343, "9": 0.5000486985216949, "10": 0.500050807135624, "11": 0.5000262034378175, "12": 0.5000495843143798, "13": 0.5000676474505276, "14": 0.5000604039988585, "15": 0.500051499179482, "16": 0.500065285796777, "17": 0.5000461303402308, "18": 0.5000545846381976, "19": 0.5000522625381947, "20": 0.05001154324012971, "21": 0.5000348252935896, "22": 0.9499089446961854, "23": 0.500067992699362, "24": 0.50002529627298, "25": 0.5000331312494032, "26": 0.5000567123312696, "27": 0.50005042367624, "28": 0.05001154324012971, "29": 0.5000403962950659, "30": 0.5000611204474202, "31": 0.5000656629124696, "32": 0.5000525034061023, "33": 0.5000397924925977, "34": 0.5000305652499517, "35": 0.5000596829852576, "36": 0.5000546491265154, "37": 0.5000558055682055, "38": 0.5000619870250838, "39": 0.5000501566521014, "40": 0.5000596774978137, "41": 0.5000397924925977, "42": 0.5000574981585523, "43": 0.9499089446961854, "44": 0.5000581283647382, "45": 0.5000435334832114, "46": 0.5000616242523339, "47": 0.5000552164422327, "48": 0.5000604560200363, "49": 0.5000623122292402, "50": 0.5000302019994293, "51": 0.500029064182369, "52": 0.5000520890415537, "53": 0.5000555150374135, "54": 0.500023917477005, "55": 0.5000522092625198, "56": 0.5000621922920341, "57": 0.5000648176923929, "58": 0.5000504395122946, "59": 0.05005386747597899, "60": 0.5000546491265154, "61": 0.05001744246644513, "62": 0.5000550129662471, "63": 0.5000339963496809, "64": 0.9499797261490686, "65": 0.5000531734815963, "66": 0.5000369218493327, "67": 0.5000664575998454, "68": 0.5000335783539978, "69": 0.5000464978847436, "70": 0.5000552346528008, "71": 0.5000597788027722, "72": 0.5000283561656348, "73": 0.5000435334832114, "74": 0.5000501566521014, "75": 0.5000403962950659, "76": 0.5000664142054656, "77": 0.5000532639051753, "78": 0.5000574981585523, "79": 0.500052971868644, "80": 0.5000656629124696, "81": 0.500031096146017, "82": 0.5000511517264745, "83": 0.5000469103595713, "84": 0.5000585120091826, "85": 0.5000531734815963, "86": 0.5000594000212999, "87": 0.5000563879894042, "88": 0.5000613401010154, "89": 0.5000532639051753, "90": 0.5000623122292402, "91": 0.500026485934322, "92": 0.5000596829852576, "93": 0.5000545272312105, "94": 0.5000281939947021, "95": 0.500065285796777, "96": 0.5000552164422327, "97": 0.5000332071027328, "98": 0.5000613401010154, "99": 0.5000272636156052}, "2": {"0": 0.05039661352619282, "1": 0.5001054730599881, "2": 0.5000548790715463, "3": 0.5000800481389907, "4": 0.5000996406009799, "5": 0.5000804988352343, "6": 0.5001069726334615, "7": 0.5000763376173902, "8": 0.5001011758095544, "9": 0.5000948163031728, "10": 0.5001118520343729, "11": 0.5000763376173902, "12": 0.5001040055248877, "13": 0.5001018341603471, "14": 0.5000735189317955, "15": 0.050081567121026176, "16": 0.5000967121990074, "17": 0.5000564065682106, "18": 0.5000295303145179, "19": 0.5001093947534598, "20": 0.5000481683453947, "21": 0.05003267749579071, "22": 0.0500495766907741, "23": 0.5001025906253529, "24": 0.5001074486992843, "25": 0.5001010168501394, "26": 0.500094339649925, "27": 0.5000850634818933, "28": 0.5001102093590981, "29": 0.500099282994737, "30": 0.5001181322047323, "31": 0.9499831115650025, "32": 0.5000859790092139, "33": 0.5001068232934316, "34": 0.5001093454621774, "35": 0.5001011638422732, "36": 0.5001106056354252, "37": 0.5000850789437568, "38": 0.5001110296851408, "39": 0.500115023349416, "40": 0.05012218530579077, "41": 0.5000995234272243, "42": 0.5000589140464218, "43": 0.5001186539100355, "44": 0.500112733834057, "45": 0.500117590955611, "46": 0.5000822967721094, "47": 0.5001193755416313, "48": 0.5000757929879835, "49": 0.5000848542683776, "50": 0.5000996695811026, "51": 0.05012218530579077, "52": 0.5000822967721094, "53": 0.5000777526425588, "54": 0.5000888572695357, "55": 0.5001102093590981, "56": 0.5001089904392341, "57": 0.500114314165049, "58": 0.5000882621425202, "59": 0.5001043793168137, "60": 0.5000905452758264, "61": 0.500098123434042, "62": 0.5001025497551405, "63": 0.5000899630252429, "64": 0.500111911610867, "65": 0.5000769897291675, "66": 0.5000995234272243, "67": 0.5000950214535839, "68": 0.5000948163031728, "69": 0.5001025497551405, "70": 0.5001064979820609, "71": 0.5001092672700493, "72": 0.5001047939590361, "73": 0.5001185426620696, "74": 0.5001008839814345, "75": 0.5001093947534598, "76": 0.5001064979820609, "77": 0.5000769897291675, "78": 0.5000792566241382, "79": 0.5001015548447161, "80": 0.5000967121990074, "81": 0.5001149253581891, "82": 0.5001015548447161, "83": 0.5001068232934316, "84": 0.5000468736062706, "85": 0.5001119498405417, "86": 0.5001010168501394, "87": 0.5001148475469119, "88": 0.5001047939590361, "89": 0.5000657526539075, "90": 0.500096020761787, "91": 0.5000757929879835, "92": 0.500114314165049, "93": 0.5000657526539075, "94": 0.5000792566241382, "95": 0.5001054730599881, "96": 0.5000475107267919, "97": 0.5000400240694953, "98": 0.5001008839814345, "99": 0.500099282994737}, "3": {"0": 0.05027552616760851, "1": 0.719333914428167, "2": 0.7244888760625985, "3": 0.05021269480586339, "4": 0.6895589487243459, "5": 0.7562744414000755, "6": 0.6515310600204952,