{"0": {"0": 0.4994772868092613, "1": 0.4993485597768253, "2": 0.4993743028798948, "3": 0.4995317286853223, "4": 0.4995195446693728, "5": 0.4994641483474175, "6": 0.49938418555202446, "7": 0.49964973480748526, "8": 0.49948737239728525, "9": 0.06719129072725194, "10": 0.4994655553650995, "11": 0.4993879947484746, "12": 0.4994587613553954, "13": 0.49951026530068987, "14": 0.49945766698545185, "15": 0.4995202713906523, "16": 0.49946542004293615, "17": 0.49944254173255187, "18": 0.49946587720250113, "19": 0.4993647992523076, "20": 0.499395962194576, "21": 0.4994429404979514, "22": 0.49946327066371765, "23": 0.4993528993656642, "24": 0.499526390493104, "25": 0.49956265211401746, "26": 0.4994752020351224, "27": 0.4994641483474175, "28": 0.49954328847409024, "29": 0.49940397896386335, "30": 0.4994780988148664, "31": 0.4994436686377086, "32": 0.49948831782969316, "33": 0.49947484697189864, "34": 0.4995711333090752, "35": 0.4995317286853223, "36": 0.49938418555202446, "37": 0.4994436686377086, "38": 0.499396072864511, "39": 0.49950008561770864, "40": 0.4993796403409081, "41": 0.49939782890139717, "42": 0.49938129610675436, "43": 0.4995979044010165, "44": 0.4994413728925343, "45": 0.4995030744272542, "46": 0.4994796320892353, "47": 0.4996239345602249, "48": 0.4995059570527509, "49": 0.4996268874787876, "50": 0.49959387264199706, "51": 0.9087604069898825, "52": 0.49939177045923266, "53": 0.4996298403973502, "54": 0.49961722804831493, "55": 0.4996593485081686, "56": 0.49953763304601284, "57": 0.49970008207599614, "58": 0.49949426882611603, "59": 0.49958953935991723, "60": 0.9075686834941221, "61": 0.49954028273980783, "62": 0.4998207228369108, "63": 0.4997947696799586, "64": 0.4996268874787876, "65": 0.49947484697189864, "66": 0.49959387264199706, "67": 0.4994413728925343, "68": 0.49948737239728525, "69": 0.4994503466864994, "70": 0.49951026530068987, "71": 0.4994503466864994, "72": 0.49962799993080265, "73": 0.4993984898806299, "74": 0.9077148925127044, "75": 0.9100453917062831, "76": 0.49939177045923266, "77": 0.49954328847409024, "78": 0.49944254173255187, "79": 0.4995711333090752, "80": 0.4994898105205605, "81": 0.9087604069898825, "82": 0.4994397514382413, "83": 0.4994898105205605, "84": 0.4996593485081686, "85": 0.49946327066371765, "86": 0.499659133012889, "87": 0.49962799993080265, "88": 0.49954028273980783, "89": 0.49940397896386335, "90": 0.9050919752819611, "91": 0.4995030744272542, "92": 0.49979895220050824, "93": 0.4994668844094142, "94": 0.49957814577875637, "95": 0.4993647992523076, "96": 0.49948831782969316, "97": 0.9075686834941221, "98": 0.49949426882611603, "99": 0.4994668844094142}, "1": {"0": 0.49976094790591724, "1": 0.49975306660791907, "2": 0.4996626729520114, "3": 0.49967076376045294, "4": 0.4996869589020949, "5": 0.49971014317136886, "6": 0.49971351698937494, "7": 0.4996782933134499, "8": 0.49967037574575784, "9": 0.49969163290129925, "10": 0.4997022855594958, "11": 0.4997022855594958, "12": 0.49968723800010073, "13": 0.4997432688036568, "14": 0.49966908804819443, "15": 0.49970104232285895, "16": 0.49967756274078706, "17": 0.49975306660791907, "18": 0.49969777211383315, "19": 0.49967872677197633, "20": 0.49964435311352684, "21": 0.49976976192133094, "22": 0.49974178770318, "23": 0.4998607395861416, "24": 0.49967756274078706, "25": 0.4996856354213901, "26": 0.499696251472971, "27": 0.49967514511296385, "28": 0.4997099957356203, "29": 0.499696251472971, "30": 0.4997819931122552, "31": 0.49968023722785454, "32": 0.499664274110625, "33": 0.49970677268776803, "34": 0.49968675922137495, "35": 0.4996599333896575, "36": 0.499663219134836, "37": 0.49971213390949826, "38": 0.49971078672261193, "39": 0.49966202471953935, "40": 0.4997399358716639, "41": 0.4996760879846339, "42": 0.49974505233125643, "43": 0.4996933477440469, "44": 0.49968568130584223, "45": 0.49966514775846294, "46": 0.49967840229758526, "47": 0.49973727512573973, "48": 0.4996796998493769, "49": 0.49966402449821895, "50": 0.4996814782910165, "51": 0.49970094693512257, "52": 0.4996760879846339, "53": 0.4997024964075162, "54": 0.49968168670721813, "55": 0.49969064749898046, "56": 0.4997040541899639, "57": 0.49967257738666976, "58": 0.4997331546625939, "59": 0.49965249337250495, "60": 0.49968168670721813, "61": 0.4998458164506496, "62": 0.49976538994695563, "63": 0.49983870458882795, "64": 0.49971702700491366, "65": 0.4996782933134499, "66": 0.4996949191313806, "67": 0.49965249337250495, "68": 0.4996933477440469, "69": 0.4996599333896575, "70": 0.4997848301474773, "71": 0.49979722691604184, "72": 0.4997025332448193, "73": 0.49971702700491366, "74": 0.4996670988606273, "75": 0.49971774709099365, "76": 0.4997170507988582, "77": 0.49970032201465553, "78": 0.49967037574575784, "79": 0.4996670988606273, "80": 0.49966908804819443, "81": 0.4996889183646671, "82": 0.4996856354213901, "83": 0.4997848301474773, "84": 0.4997432688036568, "85": 0.49970032201465553, "86": 0.4997026112794378, "87": 0.4996889183646671, "88": 0.4998428406529211, "89": 0.49970677268776803, "90": 0.49969064749898046, "91": 0.4997819931122552, "92": 0.49976538994695563, "93": 0.4996869589020949, "94": 0.49979722691604184, "95": 0.49970452264636567, "96": 0.4997025332448193, "97": 0.49967514511296385, "98": 0.49968675922137495, "99": 0.49985539336130597}, "2": {"0": 0.5000015769681887, "1": 0.5000015633765829, "2": 0.5000012054806601, "3": 0.500001492537719, "4": 0.5000015561426928, "5": 0.5000015101519897, "6": 0.5000012667826239, "7": 0.5000014964362374, "8": 0.5000007647360596, "9": 0.5000013802453419, "10": 0.5000015745638503, "11": 0.5000014296751504, "12": 0.50000163875524, "13": 0.5000015973225906, "14": 0.5000013193813171, "15": 0.5000014833956294, "16": 0.5000016615532012, "17": 0.04028359945681466, "18": 0.5000011271750523, "19": 0.5000012206463, "20": 0.5000013910150671, "21": 0.5000016115515455, "22": 0.5000011486527987, "23": 0.5000016337116429, "24": 0.5000015736575227, "25": 0.5000016067196973, "26": 0.5000015903570092, "27": 0.5000015209424056, "28": 0.5000007690271422, "29": 0.5000015918586906, "30": 0.5000015473181991, "31": 0.5000015938325303, "32": 0.5000011358717937, "33": 0.5000015925676768, "34": 0.5000015922457082, "35": 0.5000016913933705, "36": 0.5000015554563549, "37": 0.5000013700480963, "38": 0.5000012007652461, "39": 0.5000015938325303, "40": 0.5000011546850873, "41": 0.5000010099984727, "42": 0.5000015024702692, "43": 0.5000016115515455, "44": 0.5000015402531595, "45": 0.5000015440175235, "46": 0.8670822895806033, "47": 0.5000015613582337, "48": 0.5000013456845795, "49": 0.5000015600445005, "50": 0.5000012701526133, "51": 0.5000015335664401, "52": 0.5000015684557471, "53": 0.5000015175429755, "54": 0.5000011890475373, "55": 0.5000014624221044, "56": 0.5000015874656777, "57": 0.5000014260337833, "58": 0.5000011900232846, "59": 0.5000009940778137, "60": 0.5000015175429755, "61": 0.5000015561426928, "62": 0.5000014188564774, "63": 0.5000015922457082, "64": 0.5000015389159278, "65": 0.5000010529263211, "66": 0.5000015937027151, "67": 0.500001199918882, "68": 0.500001353144468, "69": 0.5000009940778137, "70": 0.5000015390133385, "71": 0.5000015386473726, "72": 0.5000007694579639, "73": 0.5000014567953064, "74": 0.5000012130380692, "75": 0.05064525255749833, "76": 0.5000007389703237, "77": 0.5000015205588209, "78": 0.5000014819970248, "79": 0.5000015777720659, "80": 0.5000011546850873, "81": 0.5000016337116429, "82": 0.5000014833956294, "83": 0.5000015394627613, "84": 0.5000006065190346, "85": 0.500001353144468, "86": 0.5000015769681887, "87": 0.5000012054806601, "88": 0.5000015390133385, "89": 0.5000011890475373, "90": 0.5000015973225906, "91": 0.5000015746841545, "92": 0.500001492537719, "93": 0.5000006350763067, "94": 0.5000015903570092, "95": 0.5000015937027151, "96": 0.5000014260337833, "97": 0.5000013802453419, "98": 0.5000016067196973, "99": 0.5000015205588209}, "3": {"0": 0.49896787484886207, "1": 0.8801242288638184, "2": 0.49896494480331716, "3": 0.4989811675487891,