{"0": {"0": 0.752761292751212, "1": 0.9299996217602764, "2": 1.3861393273649932e-08, "3": 2.3054180052311948e-08, "4": 0.49172484724876386, "5": 0.9497575420210533, "6": 2.0852967484335293e-08, "7": 1.9615377685586007e-08, "8": 0.9048844883611933, "9": 0.679661723988293, "10": 2.0218608210464392e-08, "11": 0.8453585547471831, "12": 0.549669272247527, "13": 0.8619299579598692, "14": 2.3054180052311948e-08, "15": 0.96634177381433, "16": 0.6933396760414865, "17": 1.2663750149264149e-08, "18": 0.8556833715051366, "19": 2.04080306282011e-08, "20": 0.665842772649021, "21": 2.1535982438306505e-08, "22": 0.9614139264640371, "23": 1.0906687722648739e-08, "24": 2.0011953462123166e-08, "25": 8.874127652231484e-09, "26": 0.7213708962323244, "27": 1.2367694735088213e-08, "28": 0.5861119789827862, "29": 0.752761292751212, "30": 9.724298521060851e-09, "31": 1.8507299672973964e-08, "32": 0.8056227015918491, "33": 1.6021317768059126e-08, "34": 0.5281012661623005, "35": 0.8445157411105917, "36": 0.5699126833611337, "37": 8.931271021055932e-09, "38": 0.9299996217602764, "39": 1.0767991219153253e-08, "40": 0.7448113267541927, "41": 0.5861119789827862, "42": 1.7997584614775146e-08, "43": 0.8453585547471831, "44": 0.8619299579598692, "45": 0.5391682741879744, "46": 1.3123471786821396e-08, "47": 0.3441051090387143, "48": 0.7746672487912726, "49": 0.5391682741879744, "50": 0.5968825089708797, "51": 0.96634177381433, "52": 9.712608715487713e-09, "53": 0.679661723988293, "54": 8.010658884029563e-09, "55": 1.1022815324987533e-08, "56": 9.712608715487713e-09, "57": 1.3123471786821396e-08, "58": 1.6844959951686902e-08, "59": 1.2663750149264149e-08, "60": 0.549669272247527, "61": 0.7746672487912726, "62": 0.7448113267541927, "63": 1.9833646071174816e-08, "64": 0.5281012661623005, "65": 0.5968825089708797, "66": 0.9497575420210533, "67": 1.7893541438414338e-08, "68": 0.7448113267541927, "69": 0.7213708962323244, "70": 2.0170249591590096e-08, "71": 2.0286279926031257e-08, "72": 0.7794021122309259, "73": 0.665842772649021, "74": 0.8556833715051366, "75": 0.5699126833611337, "76": 0.7448113267541927, "77": 0.6933396760414865, "78": 1.0906687722648739e-08, "79": 0.3921684718669599, "80": 0.6933396760414865, "81": 1.2367694735088213e-08, "82": 1.9615377685586007e-08, "83": 0.3921684718669599, "84": 0.8056227015918491, "85": 0.8445157411105917, "86": 0.9048844883611933, "87": 2.0170249591590096e-08, "88": 0.9614139264640371, "89": 0.7794021122309259, "90": 0.49172484724876386, "91": 0.3441051090387143, "92": 2.0852967484335293e-08, "93": 0.46596292977620557, "94": 0.5391682741879744, "95": 8.998792307387573e-09, "96": 8.931271021055932e-09, "97": 0.665842772649021, "98": 0.8056227015918491, "99": 0.46596292977620557}, "1": {"0": 0.9858993921064874, "1": 0.9771696342866623, "2": 0.6134678511701012, "3": 0.9340032790190218, "4": 2.6823258788556656e-08, "5": 0.896498482767449, "6": 2.313644057080476e-08, "7": 0.33074773437780025, "8": 0.5862225076456739, "9": 0.596374755096819, "10": 0.46882306194785905, "11": 0.8528956803835799, "12": 0.9017607898812059, "13": 3.389974133989645e-08, "14": 0.7221502538369436, "15": 2.4403214379729376e-08, "16": 0.46882306194785905, "17": 0.7605478360249194, "18": 0.8277984119831943, "19": 1.1853810201341545e-08, "20": 2.7059374346060834e-08, "21": 0.8710228731711456, "22": 0.6150663501622291, "23": 2.7288171790890066e-08, "24": 0.8339635499696811, "25": 3.004813869809434e-08, "26": 3.144607294834526e-08, "27": 0.596374755096819, "28": 0.7796511051649523, "29": 0.40313337934193405, "30": 2.9640448293580236e-08, "31": 2.7345451239827197e-08, "32": 0.7268565418053798, "33": 2.274224675208572e-08, "34": 0.8710224550839014, "35": 1.572303647417263e-08, "36": 0.8541126014822129, "37": 0.5116799821403224, "38": 2.2565260738926427e-08, "39": 0.5535507207724755, "40": 0.9858993921064874, "41": 0.31963421839149486, "42": 0.5862225076456739, "43": 0.8278006228403811, "44": 0.8698810769071352, "45": 0.5116799821403224, "46": 0.8541126014822129, "47": 0.8528956803835799, "48": 2.898662226840255e-08, "49": 2.609860610703523e-08, "50": 0.9771696342866623, "51": 0.921318623283351, "52": 0.8660911398523978, "53": 0.6087326748937494, "54": 2.7288171790890066e-08, "55": 1.63327156684352e-08, "56": 1.2173717244658217e-08, "57": 0.7268565418053798, "58": 1.3411629394278328e-08, "59": 0.6645970955909992, "60": 3.277627660346322e-08, "61": 0.8339635499696811, "62": 0.7524472994692275, "63": 0.9340032790190218, "64": 0.6150663501622291, "65": 0.31963421839149486, "66": 0.7221502538369436, "67": 3.653864983507475e-08, "68": 0.6087326748937494, "69": 0.7796511051649523, "70": 0.896498482767449, "71": 2.7059374346060834e-08, "72": 3.656593093852388e-08, "73": 0.40313337934193405, "74": 2.609860610703523e-08, "75": 0.8528956803835799, "76": 0.9017607898812059, "77": 0.8277954411438493, "78": 0.49726110399981294, "79": 0.7524472994692275, "80": 0.6645970955909992, "81": 0.33074773437780025, "82": 0.8710228731711456, "83": 0.6134678511701012, "84": 0.8277971683760266, "85": 2.364872027485748e-08, "86": 0.46882306194785905, "87": 0.5535507207724755, "88": 2.364872027485748e-08, "89": 0.596374755096819, "90": 0.8277954411438493, "91": 0.8660911398523978, "92": 0.921318623283351, "93": 0.33074773437780025, "94": 0.7605478360249194, "95": 0.8698810769071352, "96": 0.49726110399981294, "97": 1.4820224146790118e-08, "98": 0.8339635499696811, "99": 2.4403214379729376e-08}, "2": {"0": 0.8273160899343146, "1": 0.975583605400453, "2": 3.7694127707230104e-08, "3": 0.766012100722729, "4": 0.8273160899343146, "5": 3.7313545921733944e-08, "6": 2.964246978189602e-08, "7": 0.7864031911597635, "8": 0.5836027777535959, "9": 3.655426716640624e-08, "10": 0.6770111450818522, "11": 0.766012100722729, "12": 2.44524000237782e-08, "13": 2.8707816019294675e-08, "14": 0.7504142584212011, "15": 0.616214568644035, "16": 3.344463437492349e-08, "17": 0.6770111450818522, "18": 0.8063745214185458, "19": 0.7864031911597635, "20": 3.745136729726721e-08, "21": 0.9246652731292937, "22": 2.523568955345314e-08, "23": 1.7707203312791188e-08, "24": 0.9357201722956046, "25": 2.6750325256069957e-08, "26": 0.5829073693582263, "27": 1.827713358320312e-08, "28": 2.7266765718376017e-08, "29": 0.6584476713423472, "30": 0.3629562990713533, "31": 3.181010116267051e-08, "32": 0.5829073693582263, "33": 0.8063745214185458, "34": 0.7504142584212011, "35": 0.36710200105436774, "36": 0.975583605400453, "37": 0.6584476713423472, "38": 2.9689178474084816e-08, "39": 0.3748484984813468, "40": 3.81285087920195e-08, "41": 0.9480088951793153, "42": 2.8707982284570336e-08, "43": 2.435959464320158e-08, "44": 1.8600045137881087e-08, "45": 0.5879638909435942, "46": 0.3064807857197551, "47": 0.7514506912780341, "48": 0.616214568644035, "49": 2.7018628269838054e-08, "50": 2.7013464069771905e-08, "51": 0.9480088951793153, "52": 3.150060309995967e-08, "53": 0.5879638909435942, "54": 0.4522961575467938, "55": 2.44524000237782e-08, "56": 0.9357201722956046, "57": 2.7013464069771905e-08, "58": 0.3064807857197551, "59": 1.3509314134919027e-08, "60": 0.3748484984813468, "61": 0.9246652731292937, "62": 0.8539769691106756, "63": 0.9822753283053332, "64": 2.8026534762586655e-08, "65": 0.8273160899343146, "66": 0.5879638909435942, "67": 0.5836027777535959, "68": 0.4522961575467938, "69": 0.9822753283053332, "70": 0.8539769691106756, "71": 0.3064807857197551, "72": 0.6296543033468058, "73": 2.0341266129831564e-08, "74": 3.344463437492349e-08, "75": 0.5141683533224872, "76": 0.47934124243297405, "77": 2.8026534762586655e-08, "78": 0.7672035432339003, "79": 2.4459648638861083e-08, "80": 0.5141683533224872, "81": 0.5826292060000785, "82": 0.678382531737765, "83": 1.577017583446034e-08, "84": 0.47934124243297405, "85": 0.7514506912780341, "86": 0.5141683533224872, "87": 0.9822753283053332, "88": 1.3375162628034979e-08, "89": 0.3629562990713533, "90": 0.766012100722729, "91": 0.7864031911597635, "92": 1.482123489094801e-08, "93": 0.36710200105436774,