{"0": {"0": 0.4972360103250374, "1": 0.499801484377041, "2": 0.14518609437904234, "3": 0.49943814826167204, "4": 0.5003068388711359, "5": 0.49936297945622937, "6": 0.4939024823718242, "7": 0.06388121816936185, "8": 0.4998394881859807, "9": 0.4973610828346482, "10": 0.49816884021188773, "11": 0.18026509227875623, "12": 0.9966545567451939, "13": 0.8990316644058659, "14": 0.4972360103250374, "15": 0.4998337661873132, "16": 0.5002013180154572, "17": 0.010064841509089522, "18": 0.4939024823718242, "19": 0.4998337661873132, "20": 0.9966545567451939, "21": 0.4999518071237479, "22": 0.49976942680209757, "23": 0.4990926361431227, "24": 0.49954140533956093, "25": 0.4973610828346482, "26": 0.9039140470559697, "27": 0.07021681327195753, "28": 0.010064841509089522, "29": 0.8990316644058659, "30": 0.14092584105235129, "31": 0.49808214973602577, "32": 0.500016827092756, "33": 0.4997742201401784, "34": 0.500151603169336, "35": 0.9097463394421805, "36": 0.49935832961436055, "37": 0.8492499685632336, "38": 0.4961481936275844, "39": 0.9288396118279398, "40": 0.8492499685632336, "41": 0.49778942307456775, "42": 0.8434962310484208, "43": 0.9288396118279398, "44": 0.8434962310484208, "45": 0.4942013431417574, "46": 0.4999457263614404, "47": 0.4944000622001732, "48": 0.9351553504855508, "49": 0.14092584105235129, "50": 0.5000753573072716, "51": 0.12231265131396318, "52": 0.49802444236710064, "53": 0.07021681327195753, "54": 0.49968148972811466, "55": 0.49778942307456775, "56": 0.010064841509089522, "57": 0.500151603169336, "58": 0.49960544640327564, "59": 0.4917134803290243, "60": 0.9039140470559697, "61": 0.4917134803290243, "62": 0.12231265131396318, "63": 0.5001563317544024, "64": 0.18026509227875623, "65": 0.4999507702469024, "66": 0.9288396118279398, "67": 0.49900275253130083, "68": 0.49805329605156323, "69": 0.06388121816936185, "70": 0.09509732672293007, "71": 0.4961481936275844, "72": 0.499801484377041, "73": 0.5002013180154572, "74": 0.1005131010893366, "75": 0.8868645452466296, "76": 0.49805329605156323, "77": 0.09509732672293007, "78": 0.8434962310484208, "79": 0.9097463394421805, "80": 0.49935832961436055, "81": 0.8434962310484208, "82": 0.49954140533956093, "83": 0.4990926361431227, "84": 0.06388121816936185, "85": 0.4944000622001732, "86": 0.4999753851234512, "87": 0.5003068388711359, "88": 0.9351553504855508, "89": 0.8868645452466296, "90": 0.5001563317544024, "91": 0.4999457263614404, "92": 0.4990844201059439, "93": 0.14518609437904234, "94": 0.49900275253130083, "95": 0.49960544640327564, "96": 0.4942013431417574, "97": 0.4992459460586423, "98": 0.4992459460586423, "99": 0.1005131010893366}, "1": {"0": 0.499788946711086, "1": 0.977095293062131, "2": 0.4996146140082973, "3": 0.5002313765510951, "4": 0.4990790896700857, "5": 0.49966062463456495, "6": 0.4994307143151838, "7": 0.4995243282697016, "8": 0.4982190520119443, "9": 0.4996146140082973, "10": 0.4998740495737184, "11": 0.8067191967702971, "12": 0.5000092863148446, "13": 0.4995911310961517, "14": 0.16630914004291755, "15": 0.8067191967702971, "16": 0.5001403584872421, "17": 0.49821301109860844, "18": 0.4999388173122158, "19": 0.49999527066451505, "20": 0.4985417251753229, "21": 0.49983595356455923, "22": 0.11892170053166418, "23": 0.9499661606011176, "24": 0.5000035364123179, "25": 0.49955169372325836, "26": 0.8695676823812952, "27": 0.4998286320328804, "28": 0.8392270321017292, "29": 0.4998823639599165, "30": 0.4995175691712348, "31": 0.4985417251753229, "32": 0.11892170053166418, "33": 0.49928284556511576, "34": 0.49928284556511576, "35": 0.49983133466643354, "36": 0.9499661606011176, "37": 0.4982265598167922, "38": 0.9499661606011176, "39": 0.8791590342773018, "40": 0.5001403584872421, "41": 0.49951285540806994, "42": 0.4995243282697016, "43": 0.8392270321017292, "44": 0.0679713705002851, "45": 0.918773662399216, "46": 0.1317143571876509, "47": 0.918773662399216, "48": 0.4997275224127056, "49": 0.09048551857706509, "50": 0.9056839423154056, "51": 0.4999286573998353, "52": 0.49979086380233895, "53": 0.49955169372325836, "54": 0.11892170053166418, "55": 0.4999293421630908, "56": 0.4972562771244302, "57": 0.4999554362134971, "58": 0.49973607898637334, "59": 0.8201327588054661, "60": 0.49995670785835705, "61": 0.0679713705002851, "62": 0.49987156889290985, "63": 0.07730525129450198, "64": 0.09048551857706509, "65": 0.977095293062131, "66": 0.8067191967702971, "67": 0.8791590342773018, "68": 0.5000035364123179, "69": 0.1317143571876509, "70": 0.49966062463456495, "71": 0.977095293062131, "72": 0.49904563287753134, "73": 0.4999554362134971, "74": 0.4999694086561079, "75": 0.49951285540806994, "76": 0.4972562771244302, "77": 0.9056839423154056, "78": 0.07730525129450198, "79": 0.918773662399216, "80": 0.8695676823812952, "81": 0.16630914004291755, "82": 0.4982265598167922, "83": 0.499788946711086, "84": 0.4987292418715592, "85": 0.4990790896700857, "86": 0.4995911310961517, "87": 0.4999293421630908, "88": 0.918773662399216, "89": 0.1432697546122625, "90": 0.0804368734707809, "91": 0.49987156889290985, "92": 0.49995670785835705, "93": 0.4987292418715592, "94": 0.0804368734707809, "95": 0.8201327588054661, "96": 0.4996523819444511, "97": 0.4996523819444511, "98": 0.1432697546122625, "99": 0.49973607898637334}, "2": {"0": 0.8842723951947331, "1": 0.8119645276541976, "2": 0.4999939323800112, "3": 0.49999063211000117, "4": 0.00811878156797785, "5": 0.15186719519572295, "6": 0.8119645276541976, "7": 0.4999716247820824, "8": 0.15186719519572295, "9": 0.10374752254817335, "10": 0.5021070327393263, "11": 0.04991312167622643, "12": 0.5000049959037307, "13": 0.9227227531584417, "14": 0.4999958644782566, "15": 0.4999364597123938, "16": 0.49999063211000117, "17": 0.5010535163696632, "18": 0.49992092944246763, "19": 0.4998639987389521, "20": 0.9471341548353964, "21": 0.49993687475889725, "22": 0.5000269560277111, "23": 0.8419171786043327, "24": 0.9471341705395406, "25": 0.49986845151520065, "26": 0.9227227531584417, "27": 0.8842723951947331, "28": 0.49999855530019915, "29": 0.8365018021356122, "30": 0.02031752089714814, "31": 0.4999939895874621, "32": 0.4999291759607546, "33": 0.8119645276541976, "34": 0.8419171786043327, "35": 0.5000269560277111, "36": 0.5000879671318307, "37": 0.08216175915534826, "38": 0.4999421429228893, "39": 0.4999939895874621, "40": 0.4998910479685874, "41": 0.4999758104743285, "42": 0.4999533904612605, "43": 0.00811878156797785, "44": 0.4999568838524858, "45": 0.49997237698866925, "46": 0.49994984315974716, "47": 0.5000288669115345, "48": 0.9471341391312522, "49": 0.15186719519572295, "50": 0.8365018021356122, "51": 0.9777223009515221, "52": 0.4998193613104983, "53": 0.49988946914980054, "54": 0.499997595151752, "55": 0.02031752089714814, "56": 0.49997237698866925, "57": 0.8190029295524053, "58": 0.49992358289394756, "59": 0.8842723951947331, "60": 0.15186719519572295, "61": 0.8253404029126681, "62": 0.5000003627765457, "63": 0.09745399139165337, "64": 0.499997595151752, "65": 0.4999939323800112, "66": 0.49981506294164063, "67": 0.029865307478733158, "68": 0.032134045254371885, "69": 0.49992358289394756, "70": 0.5000053477646438, "71": 0.07075189756981101, "72": 0.08216175915534826, "73": 0.04991312167622643, "74": 0.9471341548353964, "75": 0.8190029295524053, "76": 0.032134045254371885, "77": 0.5004383642086366, "78": 0.500438367661806, "79": 0.09745399139165337, "80": 0.8119645276541976, "81": 0.00811878156797785, "82": 0.5000250151985965, "83": 0.5000288669115345, "84": 0.5000443313694642, "85": 0.5000879671318307, "86": 0.4999953777884476, "87": 0.4999533904612605, "88": 0.9777223009515221, "89": 0.15186719519572295, "90": 0.500438367661806, "91": 0.10374752254817335, "92": 0.07075189756981101, "93": 0.4998639987389521, "94": 0.19275034723790416, "95": 0.029865307478733158, "96": 0.4998193613104983, "97": 0.5000003627765457, "98": 0.19275034723790416, "99": 0.8253404029126681}, "3": {"0": 0.8025393633546867, "1": 0.05745003865122553, "2": 0.07219901446570293, "3": 0.9394451732227356,