{"0": {"0": 0.949999975705383, "1": 0.9499999532435922, "2": 0.9499999687624213, "3": 0.9499999473934334, "4": 0.9499999731150893, "5": 0.050000026787444155, "6": 0.05000002231530898, "7": 0.9499999748714231, "8": 0.9499999695541574, "9": 0.050000028180549355, "10": 0.949999981276765, "11": 0.9499999567443382, "12": 0.9499999393302261, "13": 0.9499999491434108, "14": 0.050000027570433904, "15": 0.05000002042952352, "16": 0.9499999538462229, "17": 0.46625186152219955, "18": 0.05000002823064792, "19": 0.9499999562086445, "20": 0.9499999640401637, "21": 0.9499999447216795, "22": 0.050000026304511586, "23": 0.050000011123176355, "24": 0.050000011123176355, "25": 0.949999975705383, "26": 0.9499999549795497, "27": 0.050000026787444155, "28": 0.050000020481341424, "29": 0.9499999522226068, "30": 0.9499999612708487, "31": 0.9499999781043222, "32": 0.05000001597032009, "33": 0.9499999614622673, "34": 0.9499999675106398, "35": 0.05000002536056432, "36": 0.05000001600267251, "37": 0.050000021515336765, "38": 0.9499999525650669, "39": 0.949999955482119, "40": 0.5337863588230656, "41": 0.05000001732068533, "42": 0.9499999591388536, "43": 0.9499999691894165, "44": 0.05000002189431502, "45": 0.9499999555088249, "46": 0.05000001960619102, "47": 0.9499999471462077, "48": 0.4997419676370749, "49": 0.46625186152219955, "50": 0.5337863588230656, "51": 0.9499999609880614, "52": 0.050000015158781025, "53": 0.9499999557711047, "54": 0.5337863588230656, "55": 0.05000001529058004, "56": 0.05000002165936097, "57": 0.050000028568761776, "58": 0.05000002836341863, "59": 0.050000019628989145, "60": 0.4825037295484431, "61": 0.9499999675106398, "62": 0.05000001329674618, "63": 0.050000021834211414, "64": 0.05000002486277558, "65": 0.05000002424638984, "66": 0.05000001976053656, "67": 0.05000002565819388, "68": 0.05000002486277558, "69": 0.9499999695541574, "70": 0.9499999577367002, "71": 0.050000021515336765, "72": 0.05000002517084832, "73": 0.05000002131751819, "74": 0.05000001352380501, "75": 0.9499999502713609, "76": 0.05000001890101338, "77": 0.050000021575864806, "78": 0.9499999795694267, "79": 0.050000021575864806, "80": 0.05000001600267251, "81": 0.05000002565819388, "82": 0.05000001597032009, "83": 0.4825037295484431, "84": 0.050000025561413156, "85": 0.9499999538462229, "86": 0.0500000203471371, "87": 0.9499999525650669, "88": 0.05000002823064792, "89": 0.9499999522226068, "90": 0.050000026304511586, "91": 0.9499999557711047, "92": 0.9499999609880614, "93": 0.05000002424638984, "94": 0.05000001017356855, "95": 0.05000000945050669, "96": 0.050000028568761776, "97": 0.050000019628989145, "98": 0.050000015158781025, "99": 0.4997419676370749}, "1": {"0": 0.9499999753993961, "1": 0.050000052292635086, "2": 0.05000004203165758, "3": 0.9499999553491715, "4": 0.05000005670128838, "5": 0.9499999579448117, "6": 0.9499999505899911, "7": 0.9499999469751276, "8": 0.05000004268253365, "9": 0.9499999485184751, "10": 0.9499999719688546, "11": 0.9499999528181994, "12": 0.9499999409906077, "13": 0.9499999485184751, "14": 0.9499999743503249, "15": 0.05000003828301668, "16": 0.050000052080643564, "17": 0.46902336426664015, "18": 0.9499999623611801, "19": 0.050000025262688104, "20": 0.48543816505504295, "21": 0.9499999553491715, "22": 0.05000004178010735, "23": 0.9499999647825758, "24": 0.4589923388915168, "25": 0.5329481144694681, "26": 0.05000002214079877, "27": 0.9499999616283136, "28": 0.05000004870789406, "29": 0.46902336426664015, "30": 0.05000004458445213, "31": 0.050000055121786416, "32": 0.9499999615826773, "33": 0.4589923388915168, "34": 0.9499999550581041, "35": 0.5329481144694681, "36": 0.05000002792999245, "37": 0.050000054916912555, "38": 0.050000043176944495, "39": 0.9499999557991733, "40": 0.9499999554233839, "41": 0.9499999612902812, "42": 0.9499999698795251, "43": 0.05000004340044342, "44": 0.9499999566519604, "45": 0.05000003957747311, "46": 0.9499999656736213, "47": 0.05000004340044342, "48": 0.949999965554012, "49": 0.48543816505504295, "50": 0.050000038288384265, "51": 0.9499999437059116, "52": 0.0500000251848444, "53": 0.05000004565355929, "54": 0.9499999586236827, "55": 0.05000002986593552, "56": 0.9499999693025851, "57": 0.9499999868836067, "58": 0.9499999656736213, "59": 0.4589923388915168, "60": 0.05000004412328639, "61": 0.9499999750215092, "62": 0.949999961537041, "63": 0.05000004986273211, "64": 0.050000024267532375, "65": 0.9499999615826773, "66": 0.05000004390284334, "67": 0.05000004458445213, "68": 0.9499999509389628, "69": 0.0500000251848444, "70": 0.9499999526279989, "71": 0.9499999547027975, "72": 0.9499999469751276, "73": 0.9499999579448117, "74": 0.050000048237337544, "75": 0.9499999644463475, "76": 0.05000004019565586, "77": 0.9499999846512925, "78": 0.050000022061643196, "79": 0.9499999763139995, "80": 0.9499999612902812, "81": 0.9499999821030335, "82": 0.9499999876996981, "83": 0.05000002246360808, "84": 0.9499999822231737, "85": 0.9499999743503249, "86": 0.5210335986913789, "87": 0.05000003741164043, "88": 0.05000002195142167, "89": 0.050000048237337544, "90": 0.9499999586236827, "91": 0.05000003828301668, "92": 0.5210335986913789, "93": 0.9499999523643935, "94": 0.9499999647825758, "95": 0.05000002493136606, "96": 0.05000003741164043, "97": 0.9499999523643935, "98": 0.05000002158847225, "99": 0.05000004178010735}, "2": {"0": 0.05000001993422689, "1": 0.9499998765703437, "2": 0.05000001819831804, "3": 0.9499998273634767, "4": 0.9499998092714714, "5": 0.9499998854867262, "6": 0.9499998436084209, "7": 0.05000001565702608, "8": 0.9499998571747452, "9": 0.05000001897631635, "10": 0.05000002068726249, "11": 0.9499998492313432, "12": 0.05000002131652581, "13": 0.5494565616863105, "14": 0.9499998331951931, "15": 0.9499998928429747, "16": 0.5321881727760018, "17": 0.05000000982807132, "18": 0.050000016629791505, "19": 0.05000001854104247, "20": 0.05000001777899639, "21": 0.05000000904183802, "22": 0.9499998995456872, "23": 0.05000001369397899, "24": 0.050000015162992434, "25": 0.9499998410465429, "26": 0.05000001542790668, "27": 0.949999846440203, "28": 0.5321881727760018, "29": 0.05000002034420352, "30": 0.05000000792900434, "31": 0.9499998093895055, "32": 0.05000000981621831, "33": 0.05000001741716251, "34": 0.9499999043497548, "35": 0.9499998246779253, "36": 0.050000016520464194, "37": 0.9499998352905228, "38": 0.9499999123389626, "39": 0.9499998718592495, "40": 0.9499998410465429, "41": 0.050000008889498196, "42": 0.05000001007067263, "43": 0.0500000163774011, "44": 0.4613064921772323, "45": 0.05000001621711176, "46": 0.9499998347768726, "47": 0.9499999325738591, "48": 0.05000001220600733, "49": 0.0500000198323454, "50": 0.9499997819278505, "51": 0.050000016220688115, "52": 0.05000001220600733, "53": 0.9499998513529532, "54": 0.4613064921772323, "55": 0.05000001625529083, "56": 0.9499998854867262, "57": 0.9499999136181995, "58": 0.5048771713316609, "59": 0.050000015685085636, "60": 0.9499998424008265, "61": 0.5321881727760018, "62": 0.47371803180227673, "63": 0.9499999285873726, "64": 0.05000002086196274, "65": 0.0500000141088731, "66": 0.949999851853676, "67": 0.5494565616863105, "68": 0.47371803180227673, "69": 0.05000001854104247, "70": 0.05000000758149622, "71": 0.9499998718592495, "72": 0.050000008188700554, "73": 0.05000000819718034, "74": 0.9499998198093635, "75": 0.05000000882938056, "76": 0.9499999165975965, "77": 0.05000000782851304, "78": 0.9499999246156716, "79": 0.9499998423173461, "80": 0.9499998229422603, "81": 0.9499999115629084, "82": 0.9499997891197645, "83": 0.9499998034800872, "84": 0.9499998198093635, "85": 0.05000002017622493, "86": 0.05000001369397899, "87": 0.9499998355590642, "88": 0.9499998567647561, "89": 0.05000002086196274, "90": 0.9499999114711302, "91": 0.050000016629791505, "92": 0.9499998352905228, "93": 0.5048771713316609, "94": 0.05000001819831804, "95": 0.4613064921772323, "96": 0.9499998347768726, "97": 0.9499998355590642, "98": 0.05000002034420352, "99": 0.9499999212004132}, "3": {"0": 0.9499999557363585,