{"0": {"0": 0.17950999548203334, "1": 0.8349548796690027, "2": 0.5000000029178878, "3": 0.5000000018215898, "4": 0.5000000031986105, "5": 0.5000000035723964, "6": 0.17950999548203334, "7": 0.8349548796690027, "8": 0.5000000013220105, "9": 0.17950999548203334, "10": 0.17950999548203334, "11": 0.17950999548203334, "12": 0.5000000026976472, "13": 0.17950999548203334, "14": 0.5000000034398997, "15": 0.5000000036976193, "16": 0.17950999548203334, "17": 0.8349548796690027, "18": 0.5000000017900901, "19": 0.5000000028808869, "20": 0.8349548796690027, "21": 0.8349548796690027, "22": 0.5000000021669301, "23": 0.17950999548203334, "24": 0.17950999548203334, "25": 0.5000000019519053, "26": 0.17950999548203334, "27": 0.8349548796690027, "28": 0.8349548796690027, "29": 0.17950999548203334, "30": 0.8349548796690027, "31": 0.17950999548203334, "32": 0.5000000014589439, "33": 0.8349548796690027, "34": 0.17950999548203334, "35": 0.8349548796690027, "36": 0.5000000012505432, "37": 0.500000002074867, "38": 0.5000000033321524, "39": 0.17950999548203334, "40": 0.5000000038223291, "41": 0.17950999548203334, "42": 0.8349548796690027, "43": 0.5000000025122704, "44": 0.8349548796690027, "45": 0.17950999548203334, "46": 0.5000000027873013, "47": 0.5000000015157375, "48": 0.5000000028808869, "49": 0.5000000024851625, "50": 0.8349548796690027, "51": 0.8349548796690027, "52": 0.5000000032197116, "53": 0.5000000034406723, "54": 0.17950999548203334, "55": 0.8349548796690027, "56": 0.8349548796690027, "57": 0.8349548796690027, "58": 0.5000000026976472, "59": 0.500000002454632, "60": 0.17950999548203334, "61": 0.8349548796690027, "62": 0.8349548796690027, "63": 0.8349548796690027, "64": 0.8349548796690027, "65": 0.5000000016425998, "66": 0.8349548796690027, "67": 0.8349548796690027, "68": 0.5000000015993052, "69": 0.5000000021669301, "70": 0.8349548796690027, "71": 0.5000000034398997, "72": 0.8349548796690027, "73": 0.8349548796690027, "74": 0.17950999548203334, "75": 0.17950999548203334, "76": 0.500000002454632, "77": 0.8349548796690027, "78": 0.5000000037785561, "79": 0.5000000026282417, "80": 0.8349548796690027, "81": 0.5000000026282417, "82": 0.17950999548203334, "83": 0.8349548796690027, "84": 0.17950999548203334, "85": 0.5000000018488097, "86": 0.5000000033321524, "87": 0.17950999548203334, "88": 0.17950999548203334, "89": 0.5000000035723964, "90": 0.17950999548203334, "91": 0.8349548796690027, "92": 0.17950999548203334, "93": 0.17950999548203334, "94": 0.17950999548203334, "95": 0.17950999548203334, "96": 0.17950999548203334, "97": 0.8349548796690027, "98": 0.8349548796690027, "99": 0.8349548796690027}, "1": {"0": 0.49999999400534, "1": 0.49999999180587995, "2": 0.4999999924065518, "3": 0.4999999929831107, "4": 0.8527697930147429, "5": 0.49999999334716005, "6": 0.8527697930147429, "7": 0.4999999921180631, "8": 0.4999999956005985, "9": 0.49999999256522565, "10": 0.8527697930147429, "11": 0.49999999373514625, "12": 0.13757267563979808, "13": 0.8527697930147429, "14": 0.4999999933511442, "15": 0.13757267563979808, "16": 0.13757267563979808, "17": 0.49999999323075783, "18": 0.49999999259990746, "19": 0.49999999242483195, "20": 0.49999999303562503, "21": 0.49999999220843505, "22": 0.8527697930147429, "23": 0.13757267563979808, "24": 0.49999999267026274, "25": 0.13757267563979808, "26": 0.8527697930147429, "27": 0.8527697930147429, "28": 0.4999999935065008, "29": 0.49999999618913316, "30": 0.4999999933511442, "31": 0.13757267563979808, "32": 0.49999999605903156, "33": 0.8527697930147429, "34": 0.4999999927374513, "35": 0.13757267563979808, "36": 0.13757267563979808, "37": 0.4999999943584655, "38": 0.4999999962826128, "39": 0.13757267563979808, "40": 0.13757267563979808, "41": 0.499999994179713, "42": 0.13757267563979808, "43": 0.4999999929446041, "44": 0.8527697930147429, "45": 0.13757267563979808, "46": 0.49999999633866465, "47": 0.4999999946997162, "48": 0.13757267563979808, "49": 0.8527697930147429, "50": 0.8527697930147429, "51": 0.499999992868402, "52": 0.49999999405023077, "53": 0.4999999965438405, "54": 0.8527697930147429, "55": 0.13757267563979808, "56": 0.8527697930147429, "57": 0.49999999342407425, "58": 0.13757267563979808, "59": 0.13757267563979808, "60": 0.49999999245529714, "61": 0.8527697930147429, "62": 0.49999999345865515, "63": 0.8527697930147429, "64": 0.13757267563979808, "65": 0.4999999955657535, "66": 0.4999999937691308, "67": 0.49999999613889534, "68": 0.8527697930147429, "69": 0.13757267563979808, "70": 0.13757267563979808, "71": 0.4999999907433579, "72": 0.8527697930147429, "73": 0.4999999927374513, "74": 0.49999999590294, "75": 0.4999999921838897, "76": 0.13757267563979808, "77": 0.4999999926890245, "78": 0.13757267563979808, "79": 0.4999999940857083, "80": 0.13757267563979808, "81": 0.4999999949951655, "82": 0.13757267563979808, "83": 0.49999999633513137, "84": 0.4999999943584655, "85": 0.8527697930147429, "86": 0.13757267563979808, "87": 0.8527697930147429, "88": 0.4999999937691308, "89": 0.4999999949951655, "90": 0.4999999926890245, "91": 0.8527697930147429, "92": 0.499999994179713, "93": 0.13757267563979808, "94": 0.49999999220843505, "95": 0.49999999303562503, "96": 0.4999999946997162, "97": 0.49999999259990746, "98": 0.4999999921838897, "99": 0.8527697930147429}, "2": {"0": 0.499999997670476, "1": 0.8328235676545797, "2": 0.4999999960274198, "3": 0.1797867742039213, "4": 0.49999999756889124, "5": 0.49999999689424357, "6": 0.8328235676545797, "7": 0.1797867742039213, "8": 0.4999999962774443, "9": 0.8328235676545797, "10": 0.49999999679413387, "11": 0.4999999972578501, "12": 0.1797867742039213, "13": 0.8328235676545797, "14": 0.49999999558151853, "15": 0.8328235676545797, "16": 0.1797867742039213, "17": 0.8328235676545797, "18": 0.1797867742039213, "19": 0.8328235676545797, "20": 0.4999999947362569, "21": 0.1797867742039213, "22": 0.4999999971523533, "23": 0.4999999965634578, "24": 0.1797867742039213, "25": 0.8328235676545797, "26": 0.49999999579157917, "27": 0.49999999715629306, "28": 0.8328235676545797, "29": 0.1797867742039213, "30": 0.4999999947413772, "31": 0.8328235676545797, "32": 0.49999999699503955, "33": 0.8328235676545797, "34": 0.8328235676545797, "35": 0.4999999967193456, "36": 0.1797867742039213, "37": 0.8328235676545797, "38": 0.4999999972578501, "39": 0.499999995369395, "40": 0.1797867742039213, "41": 0.8328235676545797, "42": 0.49999999697455777, "43": 0.4999999958135295, "44": 0.1797867742039213, "45": 0.1797867742039213, "46": 0.49999999626620517, "47": 0.4999999960274198, "48": 0.1797867742039213, "49": 0.49999999651816995, "50": 0.8328235676545797, "51": 0.1797867742039213, "52": 0.8328235676545797, "53": 0.1797867742039213, "54": 0.4999999967193456, "55": 0.1797867742039213, "56": 0.49999999722281047, "57": 0.1797867742039213, "58": 0.8328235676545797, "59": 0.1797867742039213, "60": 0.8328235676545797, "61": 0.8328235676545797, "62": 0.1797867742039213, "63": 0.8328235676545797, "64": 0.8328235676545797, "65": 0.1797867742039213, "66": 0.4999999973353364, "67": 0.1797867742039213, "68": 0.8328235676545797, "69": 0.8328235676545797, "70": 0.4999999947362569, "71": 0.4999999965810138, "72": 0.1797867742039213, "73": 0.1797867742039213, "74": 0.499999997094996, "75": 0.8328235676545797, "76": 0.1797867742039213, "77": 0.8328235676545797, "78": 0.49999999660701366, "79": 0.49999999715629306, "80": 0.49999999581970433, "81": 0.1797867742039213, "82": 0.1797867742039213, "83": 0.1797867742039213, "84": 0.4999999965634578, "85": 0.1797867742039213, "86": 0.8328235676545797, "87": 0.49999999857617666, "88": 0.8328235676545797, "89": 0.49999999651816995, "90": 0.8328235676545797, "91": 0.1797867742039213, "92": 0.8328235676545797, "93": 0.4999999965810138, "94": 0.49999999689424357, "95": 0.8328235676545797, "96": 0.8328235676545797, "97": 0.8328235676545797, "98": 0.1797867742039213, "99": 0.49999999699503955}, "3": {"0": 0.144481401397705, "1": 0.5000000029439624, "2": 0.500000001859302, "3": 0.5000000032480711,