{"0": {"0": 0.11355246447140867, "1": 0.49999999995426797, "2": 0.16418073003440725, "3": 0.12147817539293748, "4": 0.49999999995041633, "5": 0.10932944768220162, "6": 0.4999999999685356, "7": 0.11956934897868218, "8": 0.4999999999720573, "9": 0.4999999999643744, "10": 0.11539085643554473, "11": 0.11754223596098262, "12": 0.12150446926810968, "13": 0.8034411523884226, "14": 0.1101294564331102, "15": 0.49999999997117517, "16": 0.4999999999825264, "17": 0.10898042458329557, "18": 0.49999999995382827, "19": 0.4999999999733704, "20": 0.11956934897868218, "21": 0.49999999996859146, "22": 0.49999999995477606, "23": 0.975455559005413, "24": 0.4999999999527704, "25": 0.49999999997567024, "26": 0.11596635948875161, "27": 0.900984145273978, "28": 0.49999999996334654, "29": 0.8034411523884226, "30": 0.49999999995668337, "31": 0.1105017154963378, "32": 0.12030878093338906, "33": 0.8034411523884226, "34": 0.1101294564331102, "35": 0.10898042458329557, "36": 0.16418073003440725, "37": 0.4999999999729969, "38": 0.11355246447140867, "39": 0.49999999995804123, "40": 0.9059067486996366, "41": 0.915696602683983, "42": 0.11747462323171465, "43": 0.4999999999672592, "44": 0.49999999995477606, "45": 0.12030878093338906, "46": 0.4999999999662429, "47": 0.11531069746310049, "48": 0.49999999997882244, "49": 0.4999999999879293, "50": 0.4999999999576569, "51": 0.4999999999610929, "52": 0.9059067486996366, "53": 0.11758714678977182, "54": 0.10932944768220162, "55": 0.8795752582054374, "56": 0.11596635948875161, "57": 0.4999999999640561, "58": 0.975455559005413, "59": 0.4999999999725546, "60": 0.49999999996979955, "61": 0.4999999999702035, "62": 0.4999999999709329, "63": 0.8795752582054374, "64": 0.4999999999572956, "65": 0.49999999995984057, "66": 0.49999999996859146, "67": 0.4999999999610929, "68": 0.4999999999709329, "69": 0.49999999997185895, "70": 0.4999999999819972, "71": 0.4999999999717477, "72": 0.4999999999662429, "73": 0.4999999999707644, "74": 0.49999999997520816, "75": 0.4999999999631721, "76": 0.4999999999684308, "77": 0.4999999999717258, "78": 0.4999999999821872, "79": 0.900984145273978, "80": 0.4999999999725546, "81": 0.4999999999637109, "82": 0.4999999999702035, "83": 0.900984145273978, "84": 0.4999999999573817, "85": 0.11754198947489847, "86": 0.11754198947489847, "87": 0.4999999999751348, "88": 0.4999999999576569, "89": 0.11531069746310049, "90": 0.4999999999573817, "91": 0.12147817539293748, "92": 0.49999999998489975, "93": 0.49999999998185546, "94": 0.4999999999859295, "95": 0.49999999998587386, "96": 0.4999999999631721, "97": 0.49999999997713396, "98": 0.11747462323171465, "99": 0.915696602683983}, "1": {"0": 0.4999999999391652, "1": 0.4999999999559685, "2": 0.9300189165232748, "3": 0.4999999999538951, "4": 0.49999999994851463, "5": 0.49999999996639066, "6": 0.9441622208424292, "7": 0.49999999997568284, "8": 0.499999999957183, "9": 0.49999999995707356, "10": 0.05494336385214357, "11": 0.49999999997435407, "12": 0.4999999999357885, "13": 0.49999999997001243, "14": 0.8989682301346772, "15": 0.49999999997919914, "16": 0.11952294085153631, "17": 0.4999999999515977, "18": 0.49999999994941036, "19": 0.8010098567289052, "20": 0.1753000002417026, "21": 0.49999999995735733, "22": 0.09527649377396973, "23": 0.49999999997743294, "24": 0.49999999993808447, "25": 0.9300189165232748, "26": 0.07705750832070526, "27": 0.11952294085153631, "28": 0.4999999999653812, "29": 0.9512487286439103, "30": 0.49999999995475675, "31": 0.9441622208424292, "32": 0.49999999993140626, "33": 0.9441622208424292, "34": 0.49999999994165434, "35": 0.49999999998319533, "36": 0.08702083978051198, "37": 0.49999999996789424, "38": 0.4999999999534893, "39": 0.14007700472109486, "40": 0.4999999999580042, "41": 0.8697814886433559, "42": 0.4999999999728386, "43": 0.4999999999566027, "44": 0.49999999995114397, "45": 0.14007700472109486, "46": 0.4999999999685897, "47": 0.49999999994851463, "48": 0.4999999999554225, "49": 0.49999999994642064, "50": 0.49999999997602573, "51": 0.4999999999637892, "52": 0.4999999999854071, "53": 0.1753000002417026, "54": 0.49999999997368205, "55": 0.49999999998139844, "56": 0.4999999999469923, "57": 0.49999999995707356, "58": 0.49999999997830136, "59": 0.49999999995371336, "60": 0.49999999995911454, "61": 0.0870208397773868, "62": 0.11273381666183835, "63": 0.05494336385214357, "64": 0.4999999999681561, "65": 0.49999999995371336, "66": 0.10925860179564496, "67": 0.4999999999391652, "68": 0.49999999994065797, "69": 0.09527649377396973, "70": 0.8010098567289052, "71": 0.4999999999592529, "72": 0.10925860179564496, "73": 0.4999999999812976, "74": 0.49999999996498307, "75": 0.11273381666183835, "76": 0.49999999995793687, "77": 0.4999999999653812, "78": 0.1519798123459098, "79": 0.15032644476258433, "80": 0.49999999997694755, "81": 0.1519798123459098, "82": 0.49999999995735733, "83": 0.4999999999515977, "84": 0.499999999955113, "85": 0.9512487286439103, "86": 0.4999999999779843, "87": 0.49999999997955724, "88": 0.499999999957183, "89": 0.9300189165232748, "90": 0.1496655773876303, "91": 0.9441622208424292, "92": 0.49999999997674466, "93": 0.8989682301346772, "94": 0.1496655773876303, "95": 0.8697814886433559, "96": 0.08702083978051198, "97": 0.49999999997896843, "98": 0.4999999999580042, "99": 0.4999999999637892}, "2": {"0": 0.8869568763990271, "1": 0.9919700418579164, "2": 0.5000000000086346, "3": 0.04364903327097243, "4": 0.5000000000048029, "5": 0.5000000000079514, "6": 0.1334001385524633, "7": 0.5000000000044527, "8": 0.8739148227720634, "9": 0.50000000000416, "10": 0.8869568757148663, "11": 0.5000000000052411, "12": 0.5000000000085881, "13": 0.5000000000093938, "14": 0.09991105188682642, "15": 0.5000000000056739, "16": 0.5000000000082718, "17": 0.5000000000054687, "18": 0.5000000000074553, "19": 0.5000000000099369, "20": 0.500000000010473, "21": 0.8869568757148663, "22": 0.5000000000067267, "23": 0.08063088963703394, "24": 0.5000000000099369, "25": 0.5000000000086343, "26": 0.08063088963703394, "27": 0.5000000000088916, "28": 0.09991105188682642, "29": 0.5000000000093343, "30": 0.11569151854425716, "31": 0.5000000000084625, "32": 0.5000000000041974, "33": 0.5000000000041156, "34": 0.5000000000099039, "35": 0.5000000000083971, "36": 0.9577154705049823, "37": 0.8383698687366073, "38": 0.5000000000058373, "39": 0.5000000000089424, "40": 0.5000000000071145, "41": 0.5000000000071367, "42": 0.5000000000076756, "43": 0.5000000000086424, "44": 0.04364903327097243, "45": 0.5000000000087648, "46": 0.5000000000027344, "47": 0.5000000000048569, "48": 0.5000000000050338, "49": 0.5000000000079514, "50": 0.1334001385524633, "51": 0.10684067147451104, "52": 0.11569151854425716, "53": 0.5000000000071849, "54": 0.5000000000080126, "55": 0.5000000000044665, "56": 0.133052082332962, "57": 0.5000000000089517, "58": 0.8739148227720634, "59": 0.500000000004099, "60": 0.500000000009872, "61": 0.5000000000078089, "62": 0.500000000007992, "63": 0.5000000000061725, "64": 0.5000000000029671, "65": 0.9407563846808529, "66": 0.09991105188682642, "67": 0.9407563846808529, "68": 0.8383698687366073, "69": 0.5000000000031056, "70": 0.5000000000070768, "71": 0.8476608194530817, "72": 0.5000000000030862, "73": 0.5000000000046967, "74": 0.5000000000075235, "75": 0.10684067147451104, "76": 0.9919700418579164, "77": 0.09991105188682642, "78": 0.5000000000074553, "79": 0.9919700418579164, "80": 0.5000000000041985, "81": 0.8476608194530817, "82": 0.5000000000061977, "83": 0.5000000000039851, "84": 0.5000000000042177, "85": 0.5000000000076756, "86": 0.5000000000075235, "87": 0.5000000000041156, "88": 0.5000000000071367, "89": 0.5000000000043173, "90": 0.5000000000058373, "91": 0.5000000000086929, "92": 0.5000000000046672, "93": 0.9577154705049823, "94": 0.5000000000084625, "95": 0.5000000000044458, "96": 0.5000000000044712, "97": 0.5000000000071849, "98": 0.133052082332962, "99": 0.5000000000030989}, "3": {"0": 0.5000000000742071, "1": 0.5000000000873821, "2": 0.500000000104, "3": 0.5000000001140241,