{"0": {"0": 4.048033916662937e-08, "1": 8.208987861159528e-08, "2": 0.6998004014963946, "3": 8.759622519086226e-08, "4": 0.6998004014963946, "5": 6.761267091245176e-08, "6": 6.176343237531854e-08, "7": 4.818092908041327e-08, "8": 8.268386107176427e-08, "9": 3.264434456014013e-08, "10": 7.27216340295813e-08, "11": 0.6998004014963946, "12": 0.6998004014963946, "13": 8.008386741099604e-08, "14": 7.882053918284729e-08, "15": 0.6998004014963946, "16": 0.6998004014963946, "17": 6.765070874742174e-08, "18": 8.886546700818988e-08, "19": 3.0259009707062896e-08, "20": 0.6998004014963946, "21": 0.6998004014963946, "22": 0.6998004014963946, "23": 0.6998004014963946, "24": 0.6998004014963946, "25": 4.712919323064057e-08, "26": 0.6998004014963946, "27": 9.050028758011021e-08, "28": 0.6998004014963946, "29": 3.433377706002866e-08, "30": 0.6998004014963946, "31": 8.132675882223433e-08, "32": 0.6998004014963946, "33": 0.6998004014963946, "34": 3.373637871271057e-08, "35": 6.202985606961913e-08, "36": 6.53083841236656e-08, "37": 6.969791418063425e-08, "38": 0.6998004014963946, "39": 0.6998004014963946, "40": 0.6998004014963946, "41": 8.663308526281584e-08, "42": 9.126657933889648e-08, "43": 6.927884887053114e-08, "44": 3.4848957090317124e-08, "45": 7.136144914944873e-08, "46": 7.589229937651114e-08, "47": 4.11146099356727e-08, "48": 0.6998004014963946, "49": 0.6998004014963946, "50": 4.397955030847126e-08, "51": 6.458896326612022e-08, "52": 0.6998004014963946, "53": 0.6998004014963946, "54": 8.327484419824724e-08, "55": 4.299639455233318e-08, "56": 7.698033066823893e-08, "57": 3.8186011633938816e-08, "58": 0.6998004014963946, "59": 0.6998004014963946, "60": 0.6998004014963946, "61": 0.6998004014963946, "62": 7.029055834216668e-08, "63": 0.6998004014963946, "64": 6.765070874742174e-08, "65": 0.6998004014963946, "66": 0.6998004014963946, "67": 6.406477739243076e-08, "68": 6.458896326612022e-08, "69": 3.380633545622588e-08, "70": 4.818092908041327e-08, "71": 0.6998004014963946, "72": 0.6998004014963946, "73": 0.6998004014963946, "74": 8.759622519086226e-08, "75": 3.7433717281709164e-08, "76": 1.777943266193524e-08, "77": 0.6998004014963946, "78": 3.101492803480957e-08, "79": 7.652186600830144e-08, "80": 2.9210874278437758e-08, "81": 6.185521883857788e-08, "82": 0.6998004014963946, "83": 4.299639455233318e-08, "84": 0.6998004014963946, "85": 0.6998004014963946, "86": 4.397955030847126e-08, "87": 0.6998004014963946, "88": 0.6998004014963946, "89": 7.882053918284729e-08, "90": 0.6998004014963946, "91": 4.1341930535882135e-08, "92": 6.53083841236656e-08, "93": 4.048033916662937e-08, "94": 6.406477739243076e-08, "95": 0.6998004014963946, "96": 4.104493930579764e-08, "97": 0.6998004014963946, "98": 0.6998004014963946, "99": 3.636081701479065e-08}, "1": {"0": 0.6586673057381962, "1": 2.6846144161673318e-08, "2": 0.6586673057381962, "3": 0.6586673057381962, "4": 0.6586673057381962, "5": 0.6586673057381962, "6": 0.6586673057381962, "7": 0.6586673057381962, "8": 0.6586673057381962, "9": 0.6586673057381962, "10": 0.6586673057381962, "11": 2.0370331627006745e-08, "12": 5.430727659678547e-08, "13": 3.207635643505983e-08, "14": 0.6586673057381962, "15": 0.6586673057381962, "16": 4.5021704653442226e-08, "17": 0.6586673057381962, "18": 3.281346017062264e-08, "19": 3.85049301346709e-08, "20": 5.142149482193106e-08, "21": 0.6586673057381962, "22": 0.6586673057381962, "23": 5.312786559914792e-08, "24": 0.6586673057381962, "25": 4.109357198232399e-08, "26": 0.6586673057381962, "27": 3.088694851146422e-08, "28": 0.6586673057381962, "29": 0.6586673057381962, "30": 0.6586673057381962, "31": 4.543229959374792e-08, "32": 0.6586673057381962, "33": 3.3740837216645883e-08, "34": 0.6586673057381962, "35": 0.6586673057381962, "36": 0.6586673057381962, "37": 5.893618497591627e-08, "38": 0.6586673057381962, "39": 0.6586673057381962, "40": 4.5021704653442226e-08, "41": 0.6586673057381962, "42": 0.6586673057381962, "43": 0.6586673057381962, "44": 0.6586673057381962, "45": 5.259573492353987e-08, "46": 4.666819908877668e-08, "47": 4.168825227338479e-08, "48": 3.460520336884246e-08, "49": 0.6586673057381962, "50": 0.6586673057381962, "51": 0.6586673057381962, "52": 0.6586673057381962, "53": 0.6586673057381962, "54": 0.6586673057381962, "55": 3.3380771928384125e-08, "56": 0.6586673057381962, "57": 5.526151464786511e-08, "58": 3.784516471688171e-08, "59": 0.6586673057381962, "60": 0.6586673057381962, "61": 0.6586673057381962, "62": 0.6586673057381962, "63": 4.842689720783949e-08, "64": 4.0049406456754543e-08, "65": 0.6586673057381962, "66": 0.6586673057381962, "67": 3.3740837216645883e-08, "68": 0.6586673057381962, "69": 0.6586673057381962, "70": 0.6586673057381962, "71": 3.8110186790688105e-08, "72": 0.6586673057381962, "73": 3.460520336884246e-08, "74": 0.6586673057381962, "75": 0.6586673057381962, "76": 0.6586673057381962, "77": 0.6586673057381962, "78": 0.6586673057381962, "79": 4.842689720783949e-08, "80": 0.6586673057381962, "81": 0.6586673057381962, "82": 0.6586673057381962, "83": 0.6586673057381962, "84": 0.6586673057381962, "85": 2.392873230604673e-08, "86": 3.207635643505983e-08, "87": 0.6586673057381962, "88": 0.6586673057381962, "89": 0.6586673057381962, "90": 0.6586673057381962, "91": 0.6586673057381962, "92": 3.85049301346709e-08, "93": 0.6586673057381962, "94": 3.088694851146422e-08, "95": 5.312786559914792e-08, "96": 0.6586673057381962, "97": 0.6586673057381962, "98": 0.6586673057381962, "99": 0.6586673057381962}, "2": {"0": 1.8159320602042817e-07, "1": 8.795511418952573e-08, "2": 0.5816980462769119, "3": 0.5816980462769119, "4": 0.5816980462769119, "5": 0.5816980462769119, "6": 0.5816980462769119, "7": 1.6078394522816178e-07, "8": 1.217172992709166e-07, "9": 1.297084390573658e-07, "10": 0.5816980462769119, "11": 0.5816980462769119, "12": 1.4875621583006555e-07, "13": 0.5816980462769119, "14": 0.5816980462769119, "15": 0.5816980462769119, "16": 0.5816980462769119, "17": 0.5816980462769119, "18": 0.5816980462769119, "19": 0.5816980462769119, "20": 0.5816980462769119, "21": 1.7769121933966633e-07, "22": 0.5816980462769119, "23": 1.517017521142447e-07, "24": 0.5816980462769119, "25": 0.5816980462769119, "26": 1.4066658849522214e-07, "27": 0.5816980462769119, "28": 1.2884418537933314e-07, "29": 6.594726360319402e-08, "30": 1.7557774979839581e-07, "31": 0.5816980462769119, "32": 1.081498029978532e-07, "33": 1.1703368258432007e-07, "34": 0.5816980462769119, "35": 1.560574982721254e-07, "36": 1.529417262007718e-07, "37": 3.8434262226091036e-08, "38": 6.08586496354583e-08, "39": 0.5816980462769119, "40": 0.5816980462769119, "41": 0.5816980462769119, "42": 0.5816980462769119, "43": 1.3985565139087189e-07, "44": 0.5816980462769119, "45": 1.3261064119596665e-07, "46": 1.2546012724384329e-07, "47": 1.093091950509416e-07, "48": 0.5816980462769119, "49": 0.5816980462769119, "50": 1.4304575496783457e-07, "51": 0.5816980462769119, "52": 5.527446095626219e-08, "53": 0.5816980462769119, "54": 0.5816980462769119, "55": 0.5816980462769119, "56": 1.3909210950148923e-07, "57": 7.841241079549849e-08, "58": 1.5276576928768343e-07, "59": 1.8123094366636137e-07, "60": 1.4454953320638186e-07, "61": 1.4997882204712032e-07, "62": 1.4303383364886396e-07, "63": 0.5816980462769119, "64": 1.717935690560762e-07, "65": 0.5816980462769119, "66": 1.815085389147136e-07, "67": 0.5816980462769119, "68": 1.7399280423545916e-07, "69": 0.5816980462769119, "70": 0.5816980462769119, "71": 0.5816980462769119, "72": 1.815085389147136e-07, "73": 1.5259946279398606e-07, "74": 1.5637324739436492e-07, "75": 1.4875621583006555e-07, "76": 0.5816980462769119, "77": 1.4303383364886396e-07, "78": 1.5637324739436492e-07, "79": 0.5816980462769119, "80": 0.5816980462769119, "81": 1.3521940784513065e-07, "82": 1.093091950509416e-07, "83": 0.5816980462769119, "84": 0.5816980462769119, "85": 5.40749014989266e-08, "86": 1.3261064119596665e-07, "87": 6.594726360319402e-08, "88": 0.5816980462769119, "89": 8.778887489919791e-08,