{"0": {"0": 0.6697087052724305, "1": 0.6697087052724329, "2": 0.6697087052724318, "3": 0.6697087052724301, "4": 0.6697087052724289, "5": 0.6697087052724279, "6": 0.6697087052724298, "7": 0.17946398836286528, "8": 0.6697087052724281, "9": 0.17946398722571721, "10": 0.6697087052724275, "11": 0.17946398695235405, "12": 0.6697087052724281, "13": 0.6697087052724313, "14": 0.6697087052724262, "15": 0.179463987623186, "16": 0.6697087052724318, "17": 0.17946398722425938, "18": 0.669708705272428, "19": 0.6697087052724308, "20": 0.17946398686139295, "21": 0.6697087052724302, "22": 0.17946398765510066, "23": 0.17946398730616367, "24": 0.6697087052724301, "25": 0.66970870527243, "26": 0.17946398768214414, "27": 0.6697087052724275, "28": 0.6697087052724281, "29": 0.6697087052724318, "30": 0.6697087052724298, "31": 0.66970870527243, "32": 0.6697087052724254, "33": 0.6697087052724314, "34": 0.6697087052724247, "35": 0.17946398723641005, "36": 0.6697087052724287, "37": 0.17946398739813932, "38": 0.6697087052724231, "39": 0.6697087052724284, "40": 0.17946398722090143, "41": 0.17946398702015184, "42": 0.6697087052724294, "43": 0.17946398739704117, "44": 0.6697087052724275, "45": 0.17946398709523995, "46": 0.6697087052724298, "47": 0.6697087052724287, "48": 0.6697087052724249, "49": 0.6697087052724275, "50": 0.66970870527243, "51": 0.17946398709523995, "52": 0.17946398709438205, "53": 0.17946398690761656, "54": 0.6697087052724273, "55": 0.6697087052724313, "56": 0.6697087052724321, "57": 0.17946398702015184, "58": 0.17946398690508278, "59": 0.17946398765510066, "60": 0.66970870527243, "61": 0.17946398690508278, "62": 0.6697087052724314, "63": 0.6697087052724279, "64": 0.6697087052724287, "65": 0.6697087052724309, "66": 0.17946398664216437, "67": 0.6697087052724295, "68": 0.6697087052724264, "69": 0.17946398684794873, "70": 0.17946398693155494, "71": 0.17946398722915755, "72": 0.6697087052724293, "73": 0.6697087052724258, "74": 0.17946398687537127, "75": 0.6697087052724331, "76": 0.1794639869846093, "77": 0.6697087052724275, "78": 0.17946398739704117, "79": 0.6697087052724298, "80": 0.17946398722915755, "81": 0.17946398722090143, "82": 0.6697087052724308, "83": 0.17946398722425938, "84": 0.66970870527243, "85": 0.17946398655587173, "86": 0.6697087052724249, "87": 0.6697087052724295, "88": 0.6697087052724275, "89": 0.17946398690761656, "90": 0.17946398693155494, "91": 0.6697087052724291, "92": 0.6697087052724293, "93": 0.6697087052724318, "94": 0.6697087052724287, "95": 0.1794639869846093, "96": 0.179463987623186, "97": 0.66970870527243, "98": 0.17946398768214414, "99": 0.6697087052724285}, "1": {"0": 0.7807067964117252, "1": 0.292690313359532, "2": 0.7807067964102501, "3": 0.7807067964135977, "4": 0.7807067964122849, "5": 0.7807067964135977, "6": 0.7807067964130734, "7": 0.7807067964130578, "8": 0.29269031335958706, "9": 0.2926903133594484, "10": 0.7807067964130283, "11": 0.29269031335952467, "12": 0.2926903133595904, "13": 0.2926903133595732, "14": 0.2926903133595461, "15": 0.7807067964128295, "16": 0.29269031335941637, "17": 0.29269031335946105, "18": 0.2926903133595377, "19": 0.29269031335956197, "20": 0.7807067964125431, "21": 0.7807067964143073, "22": 0.29269031335949536, "23": 0.2926903133595389, "24": 0.7807067964118549, "25": 0.2926903133595672, "26": 0.7807067964130638, "27": 0.2926903133594682, "28": 0.7807067964128778, "29": 0.7807067964117252, "30": 0.2926903133594393, "31": 0.2926903133593367, "32": 0.7807067964135184, "33": 0.7807067964092402, "34": 0.29269031335959306, "35": 0.2926903133595234, "36": 0.7807067964132286, "37": 0.29269031335961554, "38": 0.29269031335948614, "39": 0.7807067964136629, "40": 0.2926903133595481, "41": 0.2926903133595774, "42": 0.29269031335955126, "43": 0.2926903133594461, "44": 0.780706796416846, "45": 0.2926903133594281, "46": 0.2926903133594484, "47": 0.29269031335946505, "48": 0.7807067964132296, "49": 0.2926903133594606, "50": 0.292690313359532, "51": 0.7807067964152219, "52": 0.7807067964129577, "53": 0.7807067964119734, "54": 0.7807067964123977, "55": 0.2926903133595761, "56": 0.2926903133595037, "57": 0.29269031335949536, "58": 0.780706796412131, "59": 0.2926903133594677, "60": 0.2926903133595904, "61": 0.780706796412708, "62": 0.2926903133594796, "63": 0.7807067964129604, "64": 0.7807067964143073, "65": 0.29269031335933837, "66": 0.2926903133595461, "67": 0.7807067964129182, "68": 0.7807067964117045, "69": 0.7807067964112931, "70": 0.2926903133594461, "71": 0.7807067964127644, "72": 0.7807067964119734, "73": 0.7807067964136539, "74": 0.7807067964154809, "75": 0.29269031335947887, "76": 0.7807067964134389, "77": 0.29269031335951584, "78": 0.2926903133594898, "79": 0.2926903133594682, "80": 0.2926903133595389, "81": 0.7807067964117684, "82": 0.7807067964130283, "83": 0.292690313359499, "84": 0.2926903133592872, "85": 0.7807067964119178, "86": 0.7807067964130578, "87": 0.2926903133594974, "88": 0.2926903133594822, "89": 0.7807067964123977, "90": 0.7807067964136539, "91": 0.7807067964122849, "92": 0.7807067964130734, "93": 0.29269031335954776, "94": 0.7807067964129604, "95": 0.29269031335948614, "96": 0.29269031335958345, "97": 0.29269031335961554, "98": 0.7807067964125253, "99": 0.2926903133595037}, "2": {"0": 0.7910972207464649, "1": 0.18553719711812922, "2": 0.5148086318346143, "3": 0.18553719713042632, "4": 0.18553719712908498, "5": 0.7910972207464648, "6": 0.791097220746465, "7": 0.7910972207464675, "8": 0.18553719713580974, "9": 0.7910972207464614, "10": 0.7910972207464642, "11": 0.7910972207464648, "12": 0.7910972207464751, "13": 0.1855371971266079, "14": 0.7910972207464664, "15": 0.791097220746473, "16": 0.7910972207464633, "17": 0.18553719713580974, "18": 0.18553719713150918, "19": 0.1855371971266079, "20": 0.791097220746473, "21": 0.1855371971338699, "22": 0.1855371971215753, "23": 0.1855371971687767, "24": 0.791097220746473, "25": 0.7910972207464797, "26": 0.7910972207464687, "27": 0.7910972207464693, "28": 0.18553719715647227, "29": 0.791097220746473, "30": 0.18553719714019387, "31": 0.7910972207464643, "32": 0.7910972207464725, "33": 0.7910972207464714, "34": 0.7910972207464834, "35": 0.18553719713303407, "36": 0.18553719713233846, "37": 0.791097220746471, "38": 0.7910972207464702, "39": 0.7910972207464629, "40": 0.1855371971393312, "41": 0.1855371971360801, "42": 0.7910972207464639, "43": 0.7910972207464619, "44": 0.7910972207464722, "45": 0.1855371971296128, "46": 0.7910972207464726, "47": 0.7910972207464707, "48": 0.7910972207464675, "49": 0.1855371971429923, "50": 0.7910972207464702, "51": 0.7910972207464763, "52": 0.7910972207464647, "53": 0.18553719713867814, "54": 0.18553719714659594, "55": 0.18553719714277206, "56": 0.1855371971360801, "57": 0.7910972207464604, "58": 0.7910972207464648, "59": 0.7910972207464726, "60": 0.18553719714632871, "61": 0.7910972207464564, "62": 0.1855371971408716, "63": 0.18553719714632871, "64": 0.7910972207464633, "65": 0.18553719712324684, "66": 0.18553719714651784, "67": 0.18553719714019387, "68": 0.5148086318346143, "69": 0.7910972207464979, "70": 0.7910972207464746, "71": 0.18553719714159927, "72": 0.18553719712733102, "73": 0.7910972207464639, "74": 0.18553719714885591, "75": 0.7910972207464337, "76": 0.5419708908677656, "77": 0.7910972207464748, "78": 0.791097220746472, "79": 0.791097220746471, "80": 0.1855371971296128, "81": 0.5342102454297224, "82": 0.79109722074647, "83": 0.18553719714659594, "84": 0.7910972207464725, "85": 0.791097220746472, "86": 0.7910972207464751, "87": 0.7910972207464704, "88": 0.7910972207464687, "89": 0.18553719714925646, "90": 0.18553719717354783, "91": 0.7910972207464757, "92": 0.7910972207464642, "93": 0.7910972207464726, "94": 0.18553719713233846, "95": 0.18553719713042632, "96": 0.7910972207464702, "97": 0.18553719712528358, "98": 0.18553719714277206, "99": 0.7910972207464643}, "3": {"0": 0.5441087354862459, "1": 0.5441087354862459, "2": 0.5441087354862459, "3": 0.5441087354862459, "4": 0.9228343027854603, "5": 0.5441087354862459,