{"0": {"0": 0.3923734573125889, "1": 0.8001486546462279, "2": 0.8001486546457116, "3": 0.8001486546461605, "4": 0.8001486546454333, "5": 0.3923734572304214, "6": 0.3923734572694293, "7": 0.8001486546456781, "8": 0.8001486546459922, "9": 0.8001486546458091, "10": 0.3923734572236746, "11": 0.39237345734773094, "12": 1.5703390206335668e-06, "13": 0.8001486546461627, "14": 0.8001486546457294, "15": 0.3923734572236746, "16": 0.3923734573919735, "17": 0.8001486546456398, "18": 0.39237345723504813, "19": 0.39237345737767626, "20": 0.800148654645884, "21": 0.39237345733942275, "22": 7.851695103167834e-07, "23": 0.3923734573004825, "24": 0.39237345724089956, "25": 0.8001486546456902, "26": 0.8001486546461793, "27": 1.5386289971593284e-05, "28": 0.39237345726590245, "29": 0.392373457391759, "30": 0.8001486546457994, "31": 0.392373457425549, "32": 0.3923734572991408, "33": 0.3923734573044366, "34": 0.8001486546461489, "35": 0.8001486546460551, "36": 0.3923734572518211, "37": 0.3923734573285153, "38": 0.39237345729823137, "39": 0.8001486546458091, "40": 0.8001486546458031, "41": 1.1581876985361e-05, "42": 0.8001486546460551, "43": 0.8001486546460393, "44": 0.3923734572694293, "45": 0.8001486546461793, "46": 5.5571380655157355e-06, "47": 0.39237345704752935, "48": 0.800148654645897, "49": 0.8001486546451732, "50": 0.3923734573201906, "51": 0.800148654645853, "52": 0.3923734573919735, "53": 0.800148654645884, "54": 0.39237345730005024, "55": 0.8001486546464033, "56": 0.3923734572304214, "57": 1.1581876985361e-05, "58": 0.8001486546464033, "59": 0.39237345736406054, "60": 0.3923734573084168, "61": 1.746658540397392e-05, "62": 1.5386289971593284e-05, "63": 1.936967157383406e-05, "64": 0.8001486546459948, "65": 0.3923734573285153, "66": 0.8001486546458667, "67": 9.68483578691703e-06, "68": 0.8001486546458667, "69": 2.6248834551987947e-06, "70": 0.8001486546458031, "71": 0.39237345734773094, "72": 0.3923734573671427, "73": 0.8001486546460252, "74": 5.04814909405644e-06, "75": 0.3923734573084168, "76": 0.8001486546458014, "77": 0.3923734574543364, "78": 0.8001486546458203, "79": 0.800148654645853, "80": 0.3923734572996489, "81": 0.8001486546456398, "82": 0.3923734573125889, "83": 0.3923734574543364, "84": 0.800148654645995, "85": 0.8001486546458203, "86": 0.8001486546455572, "87": 0.3923734572991408, "88": 0.8001486546457294, "89": 0.8001486546459782, "90": 0.8001486546460692, "91": 0.800148654645888, "92": 0.39237345704642734, "93": 0.8001486546459986, "94": 0.392373457391759, "95": 0.8001486546458447, "96": 0.8001486546462279, "97": 0.39237345736406054, "98": 0.8001486546459948, "99": 0.800148654645897}, "1": {"0": 0.8459602716774179, "1": 0.42467130952775234, "2": 0.8459602716605363, "3": 0.8459602716711739, "4": 0.8459602716670864, "5": 0.4246713094972714, "6": 0.4246713094996525, "7": 0.4246713094972714, "8": 2.0889285039614868e-06, "9": 0.8459602716747906, "10": 0.8459602716633949, "11": 3.4014104397446584e-06, "12": 4.281293352073316e-06, "13": 0.8459602716876107, "14": 0.42467130949763904, "15": 0.42467130947672455, "16": 0.8459602716718825, "17": 4.281293352073316e-06, "18": 0.845960271680369, "19": 0.8459602716635137, "20": 0.42467130951346704, "21": 3.195082623353428e-06, "22": 0.8459602716774179, "23": 0.42467130951118215, "24": 3.2822314909071064e-06, "25": 3.0566106284634864e-06, "26": 0.4246713095117744, "27": 0.8459602716748307, "28": 0.8459602716817365, "29": 0.8459602716618881, "30": 3.163052542069555e-06, "31": 0.8459602716047938, "32": 0.42467130951634535, "33": 0.4246713095436584, "34": 0.8459602716850533, "35": 0.8459602716649017, "36": 0.42467130949769394, "37": 0.8459602716703601, "38": 0.4246713094993033, "39": 0.42467130948723814, "40": 0.4246713095002574, "41": 7.276879242654782e-07, "42": 0.845960271655283, "43": 0.424671309518027, "44": 0.42467130948657694, "45": 0.424671309470913, "46": 0.8459602716510045, "47": 3.2822314909071064e-06, "48": 0.845960271680369, "49": 0.8459602717027566, "50": 0.8459602716955521, "51": 0.42467130950407667, "52": 0.8459602716735289, "53": 2.6374532911891067e-06, "54": 3.0566106284634864e-06, "55": 0.4246713093783905, "56": 0.4246713095002574, "57": 0.8459602716806623, "58": 0.42467130945640974, "59": 0.4246713094902842, "60": 0.4246713094902842, "61": 0.8459602716659815, "62": 0.42467130951368404, "63": 5.951397252760202e-06, "64": 0.4246713095105626, "65": 1.3892640632619155e-06, "66": 0.8459602716729322, "67": 0.8459602716748307, "68": 0.4246713094960846, "69": 0.4246713094950325, "70": 0.42467130948723814, "71": 0.8459602716698749, "72": 0.8459602716659815, "73": 0.42467130951058873, "74": 0.4246713095313418, "75": 0.4246713095313418, "76": 2.6374532911891067e-06, "77": 0.42467130948657694, "78": 5.951397252760202e-06, "79": 6.395801826547361e-07, "80": 0.8459602716718825, "81": 0.4246713094950325, "82": 0.8459602716730463, "83": 0.4246713095117744, "84": 0.8459602716698749, "85": 3.195082623353428e-06, "86": 2.81175250723363e-06, "87": 0.4246713095105626, "88": 0.42467130949895415, "89": 0.8459602716729322, "90": 0.8459602716817365, "91": 0.8459602716735289, "92": 0.42467130951368404, "93": 0.8459602716955521, "94": 0.42467130950407667, "95": 0.8459602716774179, "96": 0.42467130951346704, "97": 0.8459602716656346, "98": 0.8459602716802845, "99": 0.8459602716774179}, "2": {"0": 0.41879531216982957, "1": 0.4187953121677481, "2": 0.4187953121622071, "3": 0.4187953121671393, "4": 0.8441712804333298, "5": 0.8441712894648816, "6": 0.8441712830671941, "7": 0.41879531217769417, "8": 0.844171305183663, "9": 4.767776645392329e-06, "10": 0.8441713233074196, "11": 0.8441712881602329, "12": 0.4187953121702775, "13": 5.640251584502276e-06, "14": 4.207648884596576e-06, "15": 0.41879531216980886, "16": 0.4187953121743618, "17": 6.526919792724925e-06, "18": 0.4187953121728723, "19": 0.4187953121697277, "20": 0.41879531216679466, "21": 0.4187953121663303, "22": 0.8441712683248281, "23": 0.4187953121671393, "24": 6.853843944414514e-06, "25": 0.4187953121721477, "26": 0.8441712970943316, "27": 0.8441712744797436, "28": 0.4187953121640623, "29": 0.41879531216844024, "30": 0.41879531217769417, "31": 9.961637583823336e-07, "32": 8.891703013129698e-06, "33": 0.4187953121691522, "34": 0.41879531216844024, "35": 0.41879531216586513, "36": 0.8441712883838421, "37": 6.526919792724925e-06, "38": 0.8441713218312653, "39": 0.418795312171084, "40": 0.4187953121655968, "41": 3.2846084455481852e-06, "42": 0.8441712741741556, "43": 3.0944107823602955e-06, "44": 0.8441713233074196, "45": 0.8441712774297695, "46": 0.4187953121721477, "47": 0.8441713007994001, "48": 5.135615799630229e-06, "49": 0.4187953121697277, "50": 0.418795312168008, "51": 0.844171292777883, "52": 0.4187953121714224, "53": 3.2846084455481852e-06, "54": 7.250208061591361e-06, "55": 0.4187953121700091, "56": 0.41879531216754506, "57": 0.41879531216590193, "58": 0.4187953121694127, "59": 5.684649320224907e-06, "60": 3.958967388031217e-06, "61": 0.4187953121657964, "62": 5.606235903779203e-06, "63": 0.8441712804333298, "64": 0.8441712970943316, "65": 0.41879531216719224, "66": 2.22576976742609e-06, "67": 0.4187953121676138, "68": 0.418795312168748, "69": 4.767776645392329e-06, "70": 0.844171292777883, "71": 5.196328173437639e-06, "72": 0.41879531216754506, "73": 5.135615799630229e-06, "74": 6.75755037884808e-06, "75": 0.41879531216719224, "76": 0.41879531217483945, "77": 0.8441712929345232, "78": 0.844171277009029, "79": 1.1512341253145787e-05, "80": 0.8441712883838421, "81": 0.8441712698361843, "82": 4.207648884596576e-06, "83": 0.8441712881602329, "84": 0.8441712830671941, "85": 0.8441713218312653, "86": 0.418795312168008, "87": 0.4187953121700091, "88": 0.41879531217025584, "89": 0.41879531217483945, "90": 5.196328173437639e-06, "91": 0.4187953121694127, "92": 0.8441712774297695, "93": 3.0944107823602955e-06, "94": 0.8441712929345232, "95": 0.41879531218195176, "96": 0.41879531216590193, "97": 0.4187953121676138, "98": 0.8441712703118119, "99": 0.4187953121640623},