{"0": {"0": 0.05000000038471422, "1": 0.050000000575862166, "2": 0.9499999994587984, "3": 0.9499999992367021, "4": 0.050000000583036254, "5": 0.9499999994671562, "6": 0.050000000583036254, "7": 0.9499999997068446, "8": 0.0500000002373181, "9": 0.05000000023112228, "10": 0.050000000426298166, "11": 0.05000000035756064, "12": 0.9499999993156074, "13": 0.949999999237905, "14": 0.05000000047725246, "15": 0.9499999992367021, "16": 0.050000000497414106, "17": 0.9499999993042645, "18": 0.9499999996061336, "19": 0.9499999995484232, "20": 0.9499999990292423, "21": 0.050000000210956436, "22": 0.9499999992310326, "23": 0.0500000005237249, "24": 0.9499999993438815, "25": 0.050000000382130025, "26": 0.9499999994818733, "27": 0.0500000001799865, "28": 0.050000000455741954, "29": 0.05000000031067755, "30": 0.05000000045275042, "31": 0.05000000051365086, "32": 0.949999999698157, "33": 0.9499999996061336, "34": 0.9499999994007551, "35": 0.9499999992519117, "36": 0.9499999997616193, "37": 0.9499999994423802, "38": 0.05000000034132918, "39": 0.9499999997742116, "40": 0.05000000051365086, "41": 0.05000000039510838, "42": 0.949999999327908, "43": 0.9499999994222043, "44": 0.05000000026075513, "45": 0.94999999926629, "46": 0.05000000039510838, "47": 0.9499999992837596, "48": 0.05000000019235711, "49": 0.050000000347245194, "50": 0.9499999995690478, "51": 0.050000000482936124, "52": 0.050000000391053165, "53": 0.05000000029983975, "54": 0.05000000034843815, "55": 0.05000000040346281, "56": 0.05000000016554983, "57": 0.05000000017421907, "58": 0.0500000001736226, "59": 0.9499999997424101, "60": 0.9499999994717121, "61": 0.9499999997666932, "62": 0.05000000034013852, "63": 0.05000000017878032, "64": 0.9499999992367021, "65": 0.05000000035573335, "66": 0.050000000384198044, "67": 0.050000000398821444, "68": 0.9499999997409366, "69": 0.05000000046382342, "70": 0.05000000031067755, "71": 0.05000000029983975, "72": 0.05000000033980026, "73": 0.05000000034013852, "74": 0.9499999997666932, "75": 0.050000000455741954, "76": 0.949999999735856, "77": 0.050000000201731405, "78": 0.05000000041475708, "79": 0.9499999993042645, "80": 0.9499999997293992, "81": 0.05000000035573335, "82": 0.9499999997588753, "83": 0.05000000047725246, "84": 0.050000000170664596, "85": 0.949999999633145, "86": 0.05000000046611433, "87": 0.9499999998534223, "88": 0.9499999996179725, "89": 0.9499999993391627, "90": 0.05000000023073861, "91": 0.9499999994007551, "92": 0.05000000023305717, "93": 0.05000000011536931, "94": 0.05000000041475708, "95": 0.9499999993438815, "96": 0.9499999995040295, "97": 0.050000000195526584, "98": 0.9499999997845239, "99": 0.9499999994671562}, "1": {"0": 0.9499999994488715, "1": 0.05000000062737816, "2": 0.05000000114381813, "3": 0.05000000117981324, "4": 0.9499999986916453, "5": 0.050000000983627765, "6": 0.05000000052930682, "7": 0.9499999993153865, "8": 0.9499999987676323, "9": 0.0500000012811819, "10": 0.05000000038012059, "11": 0.05000000057684761, "12": 0.9499999989219544, "13": 0.05000000084797063, "14": 0.05000000093558332, "15": 0.9499999988832206, "16": 0.050000000900374215, "17": 0.9499999995703386, "18": 0.05000000059653006, "19": 0.9499999987996972, "20": 0.9499999991201102, "21": 0.05000000049763878, "22": 0.05000000119928723, "23": 0.9499999986316772, "24": 0.9499999988202757, "25": 0.05000000066803697, "26": 0.05000000060908392, "27": 0.050000001039913075, "28": 0.05000000072006307, "29": 0.9499999992428074, "30": 0.05000000046278524, "31": 0.050000000304541964, "32": 0.05000000092816542, "33": 0.05000000033401848, "34": 0.9499999989413626, "35": 0.9499999991509245, "36": 0.9499999995754622, "37": 0.9499999995514309, "38": 0.9499999992601302, "39": 0.05000000058160824, "40": 0.9499999987426646, "41": 0.05000000108661991, "42": 0.9499999989301317, "43": 0.9499999996453137, "44": 0.9499999985992049, "45": 0.05000000059060532, "46": 0.9499999987876913, "47": 0.050000000517472845, "48": 0.05000000098431247, "49": 0.9499999992131358, "50": 0.9499999993282946, "51": 0.05000000104361821, "52": 0.9499999985992049, "53": 0.949999998724851, "54": 0.9499999990194306, "55": 0.05000000095409919, "56": 0.9499999989622963, "57": 0.9499999994046686, "58": 0.05000000059060532, "59": 0.9499999992509434, "60": 0.05000000109960073, "61": 0.9499999994046686, "62": 0.9499999988500515, "63": 0.9499999987420478, "64": 0.05000000046779166, "65": 0.9499999988740782, "66": 0.05000000055629078, "67": 0.9499999990851296, "68": 0.9499999985799927, "69": 0.9499999988299694, "70": 0.9499999996747418, "71": 0.9499999993998486, "72": 0.9499999994609771, "73": 0.9499999990312276, "74": 0.05000000096937434, "75": 0.949999999437039, "76": 0.9499999990851296, "77": 0.05000000084983457, "78": 0.050000000847143025, "79": 0.9499999994250257, "80": 0.9499999994149847, "81": 0.050000001061055364, "82": 0.05000000100649628, "83": 0.9499999990312276, "84": 0.9499999995272346, "85": 0.9499999990194306, "86": 0.05000000072006307, "87": 0.05000000054980037, "88": 0.9499999986916453, "89": 0.050000000492156235, "90": 0.9499999988832206, "91": 0.9499999996641473, "92": 0.05000000029080412, "93": 0.05000000092816542, "94": 0.9499999996254717, "95": 0.9499999992601302, "96": 0.9499999995272346, "97": 0.050000000589906626, "98": 0.05000000095409919, "99": 0.9499999987676323}, "2": {"0": 0.0500000005187367, "1": 0.9499999992916771, "2": 0.050000001037591314, "3": 0.05000000068759741, "4": 0.05000000047457057, "5": 0.9499999994229393, "6": 0.05000000053655443, "7": 0.050000000167395725, "8": 0.949999999285249, "9": 0.050000000522330515, "10": 0.9499999993417608, "11": 0.05000000056645687, "12": 0.05000000049485094, "13": 0.9499999997285912, "14": 0.050000000621387986, "15": 0.05000000056262162, "16": 0.9499999995208523, "17": 0.9499999995519003, "18": 0.9499999995740187, "19": 0.9499999994917621, "20": 0.05000000076147455, "21": 0.05000000040865321, "22": 0.9499999995429937, "23": 0.9499999996016995, "24": 0.05000000085055348, "25": 0.050000000806474, "26": 0.0500000004319316, "27": 0.9499999994752041, "28": 0.05000000069190955, "29": 0.05000000035137862, "30": 0.05000000068939918, "31": 0.0500000007234049, "32": 0.9499999996856625, "33": 0.050000000702905986, "34": 0.9499999994083632, "35": 0.9499999995611007, "36": 0.9499999994774266, "37": 0.9499999995604411, "38": 0.9499999994301404, "39": 0.050000000893645216, "40": 0.9499999994229393, "41": 0.949999999834888, "42": 0.05000000047457057, "43": 0.9499999994224904, "44": 0.05000000078410295, "45": 0.9499999996087181, "46": 0.0500000004881003, "47": 0.9499999997152102, "48": 0.9499999996856625, "49": 0.050000000710123955, "50": 0.05000000078410295, "51": 0.9499999996248691, "52": 0.050000000490607856, "53": 0.050000000650659286, "54": 0.05000000069184281, "55": 0.9499999994580027, "56": 0.9499999996864648, "57": 0.9499999997541593, "58": 0.050000000607311676, "59": 0.9499999997435788, "60": 0.9499999995575517, "61": 0.050000000345921405, "62": 0.949999999745881, "63": 0.9499999997419823, "64": 0.05000000052051751, "65": 0.9499999995604411, "66": 0.05000000041180482, "67": 0.05000000049775954, "68": 0.9499999998251814, "69": 0.050000000310115394, "70": 0.050000000806474, "71": 0.0500000007234049, "72": 0.05000000044682261, "73": 0.05000000068344008, "74": 0.9499999995551622, "75": 0.050000000220688276, "76": 0.05000000052051751, "77": 0.9499999998200286, "78": 0.05000000025942436, "79": 0.05000000049984093, "80": 0.05000000023885447, "81": 0.9499999997896038, "82": 0.050000000327604606, "83": 0.05000000053389398, "84": 0.05000000042527674, "85": 0.9499999995611007, "86": 0.05000000028322844, "87": 0.9499999995575517, "88": 0.05000000053655443, "89": 0.05000000038633454, "90": 0.050000000369454345, "91": 0.05000000016380231, "92": 0.9499999996864648, "93": 0.9499999994580027, "94": 0.05000000068939918, "95": 0.9499999995976097, "96": 0.05000000056262162, "97": 0.05000000032532964, "98": 0.9499999996016995, "99": 0.9499999995519003}, "3": {"0": 0.050000000378204755,