{"0": {"0": 0.5000000000045826, "1": 0.1306434258394962, "2": 0.5000000000023548, "3": 0.934082214847695, "4": 0.880851311167349, "5": 0.5000000000069149, "6": 0.05955815828039404, "7": 0.5000000000059904, "8": 0.5000000000041462, "9": 0.5000000000025595, "10": 0.5000000000055927, "11": 0.880851311167349, "12": 0.500000000002991, "13": 0.8332550722929113, "14": 0.5000000000040322, "15": 0.5000000000035068, "16": 0.5000000000052931, "17": 0.8332550722929113, "18": 0.9405137493128508, "19": 0.5000000000060996, "20": 0.5000000000043612, "21": 0.5000000000054492, "22": 0.5000000000044529, "23": 0.5000000000044642, "24": 0.5000000000023395, "25": 0.5000000000029241, "26": 0.5000000000022562, "27": 0.04146334888366196, "28": 0.500000000002463, "29": 0.05955815828039404, "30": 0.500000000003235, "31": 0.5000000000037369, "32": 0.17348248973928693, "33": 0.5000000000039438, "34": 0.9080525972688185, "35": 0.5000000000056903, "36": 0.5000000000055296, "37": 0.5000000000036198, "38": 0.9587724668770629, "39": 0.880851311167349, "40": 0.5000000000046869, "41": 0.5000000000026141, "42": 0.5000000000061796, "43": 0.5000000000019716, "44": 0.934082214847695, "45": 0.11624149507166445, "46": 0.5000000000030498, "47": 0.500000000004823, "48": 0.500000000001972, "49": 0.5000000000028875, "50": 0.13021089408958456, "51": 0.5000000000047862, "52": 0.5000000000048761, "53": 0.5000000000024037, "54": 0.5000000000050024, "55": 0.5000000000027585, "56": 0.5000000000023931, "57": 0.5000000000055034, "58": 0.5000000000054492, "59": 0.5000000000037945, "60": 0.5000000000040152, "61": 0.5000000000040072, "62": 0.5000000000020469, "63": 0.5000000000038209, "64": 0.5000000000039164, "65": 0.5000000000024115, "66": 0.5000000000037945, "67": 0.5000000000020288, "68": 0.1306434258394962, "69": 0.5000000000047642, "70": 0.5000000000016928, "71": 0.5000000000046756, "72": 0.5000000000056055, "73": 0.5000000000029969, "74": 0.9587724668770629, "75": 0.13021089408958456, "76": 0.9405137493128508, "77": 0.5000000000027964, "78": 0.5000000000020036, "79": 0.04146334888366196, "80": 0.5000000000036533, "81": 0.5000000000038209, "82": 0.5000000000061796, "83": 0.5000000000040086, "84": 0.9080525972688185, "85": 0.5000000000039164, "86": 0.5000000000035095, "87": 0.11624149507166445, "88": 0.8332550722929113, "89": 0.500000000003235, "90": 0.17348248973928693, "91": 0.5000000000017548, "92": 0.5000000000020043, "93": 0.5000000000037369, "94": 0.5000000000023435, "95": 0.5000000000059904, "96": 0.5000000000026465, "97": 0.5000000000056903, "98": 0.5000000000047642, "99": 0.5000000000018266}, "1": {"0": 0.9823528299211561, "1": 0.9906543805712048, "2": 0.49999999999935607, "3": 0.4999999999990644, "4": 0.9823528299211561, "5": 0.49999999999895006, "6": 0.49999999999864797, "7": 0.49999999999899514, "8": 0.499999999998895, "9": 0.49999999999876765, "10": 0.4999999999994367, "11": 0.10015432269912619, "12": 0.4999999999990469, "13": 0.095951874253314, "14": 0.03112953517177073, "15": 0.4999999999995371, "16": 0.095951874253314, "17": 0.49999999999895384, "18": 0.4999999999987052, "19": 0.499999999999166, "20": 0.49999999999939987, "21": 0.8913383016183203, "22": 0.49999999999845773, "23": 0.4999999999992389, "24": 0.4999999999989031, "25": 0.4999999999989166, "26": 0.49999999999870326, "27": 0.8491830662084114, "28": 0.4999999999996713, "29": 0.49999999999890354, "30": 0.49999999999918715, "31": 0.49999999999907385, "32": 0.4999999999987368, "33": 0.961887005262267, "34": 0.07753418225402336, "35": 0.4999999999987078, "36": 0.4999999999993069, "37": 0.961887005262267, "38": 0.499999999999324, "39": 0.49999999999911693, "40": 0.18788418757033204, "41": 0.4999999999996999, "42": 0.4999999999996777, "43": 0.07753418225402336, "44": 0.03112953517177073, "45": 0.4999999999990524, "46": 0.8913383016183203, "47": 0.49999999999925426, "48": 0.17107934019709226, "49": 0.8673372839545921, "50": 0.4999999999990914, "51": 0.07753418225402336, "52": 0.17107934019709226, "53": 0.18788418757033204, "54": 0.49999999999877554, "55": 0.03112953517177073, "56": 0.49999999999918715, "57": 0.8491830662084114, "58": 0.9303967234352676, "59": 0.4999999999989264, "60": 0.4999999999989166, "61": 0.17273380126884846, "62": 0.17273380126884846, "63": 0.4999999999990009, "64": 0.12850527338087625, "65": 0.9160289244450535, "66": 0.4999999999995457, "67": 0.8244226078124111, "68": 0.10015432269912619, "69": 0.499999999999277, "70": 0.499999999999277, "71": 0.49999999999894906, "72": 0.4999999999989069, "73": 0.8673372839545921, "74": 0.12850527338087625, "75": 0.49999999999949757, "76": 0.49999999999932804, "77": 0.12850527338087625, "78": 0.4999999999986541, "79": 0.8244226078124111, "80": 0.4999999999995322, "81": 0.9160289244450535, "82": 0.4999999999989069, "83": 0.4999999999990482, "84": 0.49999999999962713, "85": 0.9906543805712048, "86": 0.4999999999993069, "87": 0.8244226078124111, "88": 0.4999999999992389, "89": 0.12850527338087625, "90": 0.49999999999934475, "91": 0.9160289244450535, "92": 0.095951874253314, "93": 0.49999999999877554, "94": 0.4999999999995113, "95": 0.9303967234352676, "96": 0.4999999999994769, "97": 0.17107934019709226, "98": 0.4999999999995241, "99": 0.49999999999952344}, "2": {"0": 0.4999999999894574, "1": 0.4999999999799429, "2": 0.49999999999045797, "3": 0.4999999999841481, "4": 0.11842222706090035, "5": 0.4999999999857909, "6": 0.49999999998878475, "7": 0.9143830150066667, "8": 0.4999999999843677, "9": 0.4999999999908769, "10": 0.4999999999899929, "11": 0.49999999998274647, "12": 0.49999999998093825, "13": 0.1768399220907494, "14": 0.08938396197273546, "15": 0.49999999998075306, "16": 0.4999999999823528, "17": 0.4999999999848297, "18": 0.8793316751796885, "19": 0.49999999998056976, "20": 0.4999999999867931, "21": 0.49999999999308725, "22": 0.9461923555821932, "23": 0.4999999999883834, "24": 0.1768399220907494, "25": 0.49999999999277067, "26": 0.4999999999907735, "27": 0.49999999999137323, "28": 0.499999999980951, "29": 0.4999999999841481, "30": 0.07809447015387577, "31": 0.4999999999794861, "32": 0.49999999998682054, "33": 0.4999999999941917, "34": 0.08938396197273546, "35": 0.499999999978766, "36": 0.4999999999902912, "37": 0.4999999999807365, "38": 0.07809447015387577, "39": 0.4999999999794686, "40": 0.49999999998206435, "41": 0.4999999999767386, "42": 0.8793316751796885, "43": 0.4999999999878405, "44": 0.036235653630058096, "45": 0.09413869000465472, "46": 0.4999999999848257, "47": 0.499999999984604, "48": 0.09413869000465472, "49": 0.4999999999820839, "50": 0.4999999999869113, "51": 0.49999999998436234, "52": 0.49999999999032596, "53": 0.49999999998984307, "54": 0.012365048034848433, "55": 0.8342951598981894, "56": 0.8342951598981894, "57": 0.4999999999858631, "58": 0.4999999999800192, "59": 0.4999999999891548, "60": 0.4999999999888235, "61": 0.015270746724144857, "62": 0.4999999999834974, "63": 0.10380901221154046, "64": 0.8260895133560847, "65": 0.10380901221154046, "66": 0.9004294129153905, "67": 0.4999999999894444, "68": 0.4999999999834974, "69": 0.49999999999431965, "70": 0.036235653630058096, "71": 0.9143830150066667, "72": 0.49999999997668043, "73": 0.49999999998355465, "74": 0.012365048034848433, "75": 0.026929142276555046, "76": 0.4999999999888235, "77": 0.499999999992302, "78": 0.4999999999907735, "79": 0.11842222706090035, "80": 0.4999999999945774, "81": 0.9461923555821932, "82": 0.49999999999293154, "83": 0.49999999999290357, "84": 0.8260895133560847, "85": 0.49999999999241485, "86": 0.49999999999341027, "87": 0.499999999995163, "88": 0.4999999999843677, "89": 0.9004294129153905, "90": 0.49999999999045797, "91": 0.08938396197273546, "92": 0.4999999999911764, "93": 0.015270746724144857, "94": 0.49999999999177736, "95": 0.49999999999218114, "96": 0.49999999998206435, "97": 0.026929142276555046, "98": 0.49999999999472866, "99": 0.49999999998075306}, "3": {"0": 0.9501128505288734, "1": 0.9391587158950814, "2": 0.499999999923994, "3": 0.4999999998840651,