{"0": {"0": 0.05001343632054116, "1": 0.9499932880962276, "2": 0.9499931401434039, "3": 0.9499953462266855, "4": 0.9499930019345126, "5": 0.9499929104970924, "6": 0.9499936339480899, "7": 0.9499925429223555, "8": 0.05001223071824109, "9": 0.05001351704358345, "10": 0.9499943371998405, "11": 0.05001164162052962, "12": 0.9499963735433857, "13": 0.05001285648372976, "14": 0.050012531797733364, "15": 0.9499932004376732, "16": 0.05001169931841404, "17": 0.050012792753750805, "18": 0.050011389622382905, "19": 0.9499922455789378, "20": 0.050012466478585434, "21": 0.9499943371998405, "22": 0.05001030188754946, "23": 0.0500136347166717, "24": 0.9499926388205058, "25": 0.9499930291585985, "26": 0.05001326320990841, "27": 0.05001340730916474, "28": 0.4853022318489165, "29": 0.9499969570722893, "30": 0.9499931597801313, "31": 0.05001027302811456, "32": 0.05001088323278302, "33": 0.05001233759715976, "34": 0.05001215637039792, "35": 0.05001273211833182, "36": 0.9499947591763727, "37": 0.9499947591763727, "38": 0.9499923015907785, "39": 0.05001235112074502, "40": 0.949995146545473, "41": 0.9499927230083055, "42": 0.9499923743725933, "43": 0.9499932031674133, "44": 0.9499956938676228, "45": 0.5355549375173518, "46": 0.4853022318489165, "47": 0.050013027981829605, "48": 0.5355549375173518, "49": 0.05001232310287315, "50": 0.050010886743486055, "51": 0.05001378845083347, "52": 0.949994579501227, "53": 0.9499923197859723, "54": 0.9499924107640205, "55": 0.050012557231027606, "56": 0.05001151980159047, "57": 0.9499943709665047, "58": 0.9499927922931464, "59": 0.050011432632186596, "60": 0.05000649710366249, "61": 0.9499939278902979, "62": 0.050011928061602526, "63": 0.4953994940052471, "64": 0.9499943709665047, "65": 0.050008450812194224, "66": 0.9499930291585985, "67": 0.9499927922931464, "68": 0.05001223071824109, "69": 0.5355549375173518, "70": 0.9499932031674133, "71": 0.4638027561916702, "72": 0.9499936846604224, "73": 0.05000994229185828, "74": 0.4638027561916702, "75": 0.9499925429223555, "76": 0.9499933805043297, "77": 0.9499923743725933, "78": 0.9499936339480899, "79": 0.050011346642941275, "80": 0.4953994940052471, "81": 0.05000653851461895, "82": 0.9499930763482369, "83": 0.9499966902521648, "84": 0.05000567332147064, "85": 0.050008450812194224, "86": 0.05000617556037251, "87": 0.9499926388205058, "88": 0.050006168798579886, "89": 0.05001241796097036, "90": 0.9499953462266855, "91": 0.050006723149778914, "92": 0.050006265898866684, "93": 0.05001340730916474, "94": 0.050011928061602526, "95": 0.05001241796097036, "96": 0.949995146545473, "97": 0.9499961598929861, "98": 0.050012466478585434, "99": 0.05000582081026481}, "1": {"0": 0.9499903304000759, "1": 0.05002553602128019, "2": 0.05002991287066022, "3": 0.05002052962202286, "4": 0.9499913178779689, "5": 0.05002301788867706, "6": 0.94999413911659, "7": 0.050028380964657615, "8": 0.9499904548614571, "9": 0.5324867014280779, "10": 0.05002410462004202, "11": 0.05002561163503823, "12": 0.9499921793261601, "13": 0.526862270677743, "14": 0.9499904843138006, "15": 0.050026344085720625, "16": 0.9499920629433345, "17": 0.9499924059729827, "18": 0.5258029603654362, "19": 0.05002590304241397, "20": 0.05002067631054899, "21": 0.9499929039171197, "22": 0.9499938481725878, "23": 0.9499913141484673, "24": 0.9499914567329497, "25": 0.4629264204801219, "26": 0.949991608756065, "27": 0.050015831751446575, "28": 0.050025650163444624, "29": 0.05000759866258737, "30": 0.94999413911659, "31": 0.949995334594048, "32": 0.05001371900945299, "33": 0.050028380964657615, "34": 0.050018335346442365, "35": 0.9499920595487467, "36": 0.05002621557894796, "37": 0.05001208751907159, "38": 0.0500257932216759, "39": 0.05001939541767134, "40": 0.9499909406186979, "41": 0.05002553602128019, "42": 0.9499924554998649, "43": 0.9499913969235954, "44": 0.05001125828991219, "45": 0.050028575520295826, "46": 0.9499916734720562, "47": 0.050023421189645784, "48": 0.9499906161548228, "49": 0.05002621557894796, "50": 0.47129645401565845, "51": 0.4629264191434054, "52": 0.9499936643407695, "53": 0.4629264191434054, "54": 0.050026344085720625, "55": 0.05001171059482289, "56": 0.9499909406186979, "57": 0.9499924581982355, "58": 0.5324867014280779, "59": 0.9499909516809815, "60": 0.05001805314059353, "61": 0.4792927154238933, "62": 0.9499921793261601, "63": 0.05002396509199415, "64": 0.9499916635976284, "65": 0.9499914567329497, "66": 0.9499933943292524, "67": 0.05003172165453032, "68": 0.9499923046709391, "69": 0.05002710930040531, "70": 0.5324867014280779, "71": 0.9499922751122962, "72": 0.05001205231002101, "73": 0.9499924581982355, "74": 0.05002561163503823, "75": 0.47129645401565845, "76": 0.05002052962202286, "77": 0.9499938481725878, "78": 0.9499920595487467, "79": 0.526862270677743, "80": 0.9499922751122962, "81": 0.0500212066531742, "82": 0.05001725659670884, "83": 0.050022027141574325, "84": 0.05002396509199415, "85": 0.05001725659670884, "86": 0.9499924059729827, "87": 0.050029069863527426, "88": 0.9499930459976568, "89": 0.9499920629433345, "90": 0.05001289661083795, "91": 0.4792927154238933, "92": 0.9499960226167807, "93": 0.9499930459976568, "94": 0.5258029603654362, "95": 0.9499923046709391, "96": 0.05001805314059353, "97": 0.9499929039171197, "98": 0.050010603326587105, "99": 0.05000916767322118}, "2": {"0": 0.9499976121452431, "1": 0.9499950745262897, "2": 0.0500122827398872, "3": 0.050009131910262905, "4": 0.4528872468607111, "5": 0.050005547911379775, "6": 0.05001257931376826, "7": 0.4528872468607111, "8": 0.9499946958921092, "9": 0.9499953171573328, "10": 0.05001176603377404, "11": 0.0500133002717236, "12": 0.9499960760993076, "13": 0.05001406705403225, "14": 0.050010958407805214, "15": 0.9499958113164308, "16": 0.05001233244594992, "17": 0.05001152490806216, "18": 0.9499944623238149, "19": 0.050006754330697734, "20": 0.9499945902094138, "21": 0.9499945902094138, "22": 0.4593319493643186, "23": 0.050012757012346115, "24": 0.9499977716202908, "25": 0.9499944216828301, "26": 0.9499950649193777, "27": 0.9499951986479099, "28": 0.05001515372864859, "29": 0.05000962460457031, "30": 0.9499973359566696, "31": 0.05000950543659783, "32": 0.949994934903515, "33": 0.9499950044044643, "34": 0.050006988119689136, "35": 0.050010663948283005, "36": 0.4593319493643186, "37": 0.9499946986136649, "38": 0.05001233244594992, "39": 0.05000887283979365, "40": 0.9499952817287067, "41": 0.05001430522686623, "42": 0.9499947704580374, "43": 0.05001528375595084, "44": 0.49906082217705483, "45": 0.5365500893300585, "46": 0.9499944974820922, "47": 0.9499981008164513, "48": 0.9499963216849685, "49": 0.949995911980025, "50": 0.05001353812694423, "51": 0.05001602761256285, "52": 0.05001354114584007, "53": 0.05001276806790756, "54": 0.05001276652458034, "55": 0.9499947704580374, "56": 0.9499963604961521, "57": 0.05000887283979365, "58": 0.0500122827398872, "59": 0.9499960760993076, "60": 0.9499946958921092, "61": 0.949997960683083, "62": 0.9499949587756498, "63": 0.949994758058293, "64": 0.050012757012346115, "65": 0.05001265235060919, "66": 0.49906082217705483, "67": 0.050007352413999534, "68": 0.9499947073943527, "69": 0.05001406705403225, "70": 0.9499949587756498, "71": 0.9499962671699578, "72": 0.050009837158339704, "73": 0.05001127697615988, "74": 0.05001259037246161, "75": 0.05001265235060919, "76": 0.9499981608424842, "77": 0.05000920841859635, "78": 0.05001325643634455, "79": 0.9499949628615592, "80": 0.9499950745262897, "81": 0.05000727019636893, "82": 0.48545485717808196, "83": 0.05000654594102587, "84": 0.050010958407805214, "85": 0.0500133002717236, "86": 0.05001127697615988, "87": 0.5365500893300585, "88": 0.05000491857916985, "89": 0.05001353812694423, "90": 0.48545485717808196, "91": 0.9499968645745687, "92": 0.9499951103820903, "93": 0.9499950649193777, "94": 0.949998180248076, "95": 0.05000588301688702, "96": 0.05001354114584007, "97": 0.9499951103820903, "98": 0.9499981335849789, "99": 0.9499958113164308}, "3": {"0": 0.9499930735954096,