{"0": {"0": 2.8621644533067654e-08, "1": 2.033389621078471e-08, "2": 0.7874884170502257, "3": 4.0239975802054773e-08, "4": 0.7874884170502257, "5": 0.8259036766907693, "6": 0.6598968941058385, "7": 4.934162681070627e-08, "8": 0.7251325585813317, "9": 0.726251630387867, "10": 3.225779750086598e-08, "11": 2.0265146482511468e-08, "12": 0.8047319751454423, "13": 4.381534527436806e-08, "14": 0.7785073653817103, "15": 0.7379684819924587, "16": 0.8024896487967663, "17": 0.7430249245402463, "18": 2.832577626778032e-08, "19": 0.7281219463864599, "20": 4.955069156934486e-08, "21": 0.8259036766907693, "22": 0.836199337423848, "23": 0.7251325585813317, "24": 4.207541077564852e-08, "25": 0.7970918747608748, "26": 0.7098507720834428, "27": 0.6908627613491762, "28": 5.914025669113329e-08, "29": 0.8259036766907693, "30": 0.7890981273214042, "31": 3.8465953741557715e-08, "32": 0.8259036766907693, "33": 4.977862591653379e-08, "34": 0.8376418332646007, "35": 5.835909113722815e-08, "36": 2.1618631874133685e-08, "37": 3.517602525041495e-08, "38": 0.7784027712792536, "39": 4.381534527436806e-08, "40": 2.9570128345566646e-08, "41": 4.68467706894181e-08, "42": 0.7281219463864599, "43": 0.7379685052161888, "44": 3.947806869962678e-08, "45": 0.8024896487967663, "46": 2.56889910066135e-08, "47": 3.8120418932800493e-08, "48": 1.7524101756615913e-08, "49": 0.7098507720834428, "50": 4.95725632033012e-08, "51": 2.5473662103352477e-08, "52": 1.416288813389016e-08, "53": 0.5278980463523679, "54": 0.7264768738800962, "55": 4.95725632033012e-08, "56": 0.6908627613491762, "57": 0.836199337423848, "58": 0.8047319751454423, "59": 0.7785813643642553, "60": 2.8407121238893026e-08, "61": 1.8136589311017637e-08, "62": 0.7854629883625248, "63": 0.7265098310393758, "64": 5.148546694480244e-08, "65": 0.7264768738800962, "66": 4.40135236025019e-08, "67": 0.7784027712792536, "68": 4.042897527675946e-08, "69": 0.6057155162706874, "70": 0.8376418332646007, "71": 5.4790960597496046e-08, "72": 0.7265098310393758, "73": 0.7970918747608748, "74": 5.549708643509023e-08, "75": 0.7617458883882988, "76": 0.7379684819924587, "77": 2.021448763837973e-08, "78": 0.7890981273214042, "79": 0.7617458883882988, "80": 0.7098507720834428, "81": 4.0239975802054773e-08, "82": 3.711450117339487e-08, "83": 2.2942566264281376e-08, "84": 0.7430249245402463, "85": 2.5857036022658597e-08, "86": 4.920885968527359e-08, "87": 0.5278980463523679, "88": 0.6598968941058385, "89": 0.7785073653817103, "90": 0.7098507720834428, "91": 0.7854629883625248, "92": 4.077673973763765e-08, "93": 4.077673973763765e-08, "94": 4.920885968527359e-08, "95": 4.977862591653379e-08, "96": 3.711450117339487e-08, "97": 0.6057155162706874, "98": 1.4203560619446513e-08, "99": 0.6908627613491762}, "1": {"0": 3.6554959733797026e-08, "1": 0.9095828498262534, "2": 0.9388167050052638, "3": 0.7416999694655944, "4": 0.5425791010755308, "5": 0.4043941488721625, "6": 0.7488473650399521, "7": 3.233107804982047e-08, "8": 0.5693924157193029, "9": 2.5000723339163375e-08, "10": 3.725249902774392e-08, "11": 0.5607094283257845, "12": 3.733748684450271e-08, "13": 0.7416999694655944, "14": 1.6864050827140012e-08, "15": 4.7001839753145815e-08, "16": 3.047845556558146e-08, "17": 1.5555669166660652e-08, "18": 2.4635643716642345e-08, "19": 2.442701486054922e-08, "20": 2.1938807201963945e-08, "21": 2.3884912007031767e-08, "22": 0.7594741288005706, "23": 0.534552813808673, "24": 2.9762436532246535e-08, "25": 0.5483461954560935, "26": 0.9192171992690135, "27": 1.5749189171958202e-08, "28": 0.8053342175923874, "29": 3.5191247617341405e-08, "30": 3.51405191046819e-08, "31": 2.633129072786551e-08, "32": 2.483122682827153e-08, "33": 0.5944455525680081, "34": 0.6505384166598968, "35": 0.5386924159675164, "36": 1.862624951387196e-08, "37": 0.9192171992690261, "38": 0.534552813808673, "39": 0.5606488572134398, "40": 0.5211112846900631, "41": 0.9192171992690135, "42": 0.5483462117584728, "43": 4.32916368824726e-08, "44": 0.5383568214087637, "45": 0.5383568214087637, "46": 3.427553067136931e-08, "47": 3.4047584941103104e-08, "48": 0.5386924159675164, "49": 0.7416999694655944, "50": 1.757025955234095e-08, "51": 0.7071347488678221, "52": 1.8277479866898513e-08, "53": 3.63349102935797e-08, "54": 0.5936994233107504, "55": 0.5936994233107504, "56": 3.359918957179008e-08, "57": 1.6723968406664046e-08, "58": 2.483122682827153e-08, "59": 0.7594741288005706, "60": 3.514220172729564e-08, "61": 3.427553067136931e-08, "62": 0.7071347488678221, "63": 0.9095828498262534, "64": 1.3165645363932754e-08, "65": 0.7594741288005706, "66": 2.6285443609178574e-08, "67": 0.6505384166598968, "68": 0.5344136316144232, "69": 1.3871355628983917e-08, "70": 1.2902212122397325e-08, "71": 2.5000723339163375e-08, "72": 2.6428651974883296e-08, "73": 1.9226481557786347e-08, "74": 0.8662794277533876, "75": 0.4043941488721625, "76": 1.3542840808212782e-08, "77": 0.9388167050052638, "78": 3.5191247617341405e-08, "79": 1.8668743422251355e-08, "80": 1.7056344908711836e-08, "81": 0.8053342175923874, "82": 2.4249673780593685e-08, "83": 0.8053342175923874, "84": 0.5944455525680081, "85": 0.8662794277533876, "86": 2.4512244409194754e-08, "87": 0.5483461954560935, "88": 0.5606488572134398, "89": 1.757110086364782e-08, "90": 0.5344136316144232, "91": 0.8053342175923874, "92": 3.047845556558146e-08, "93": 0.7416999694655944, "94": 0.7488473650399521, "95": 0.5693924157193029, "96": 2.4512244409194754e-08, "97": 1.7056344908711836e-08, "98": 0.5211112846900631, "99": 2.4249673780593685e-08}, "2": {"0": 0.5801235224788994, "1": 0.6295172022286162, "2": 1.6944606819672947e-08, "3": 2.8613263957213518e-08, "4": 3.0529806144411376e-08, "5": 2.299024939806833e-08, "6": 2.8692628223338244e-08, "7": 0.718601943787912, "8": 0.5535486166925474, "9": 0.5432625085846614, "10": 2.7751853572678703e-08, "11": 3.149332463003249e-08, "12": 0.604924907493944, "13": 0.6128990300186608, "14": 2.0091671048805605e-08, "15": 0.6128990300186608, "16": 2.553544393537887e-08, "17": 0.5731168428222441, "18": 0.718601943787912, "19": 3.2643768407567865e-08, "20": 2.8613263957213518e-08, "21": 2.3268959589943405e-08, "22": 0.5535486166925474, "23": 0.6163071951573532, "24": 1.2165976872688804e-08, "25": 0.6831108984460444, "26": 2.6725917090512684e-08, "27": 0.689913085006711, "28": 2.933477927308836e-08, "29": 0.40654450537784637, "30": 2.867129217168392e-08, "31": 1.218358472058356e-08, "32": 0.7297142761880665, "33": 0.5227223627531482, "34": 3.030928892257923e-08, "35": 0.9842402007309109, "36": 0.7678839193638194, "37": 0.9842402007309109, "38": 0.6997909392394508, "39": 2.1675223292139624e-08, "40": 0.7678839193638194, "41": 3.296869657316447e-08, "42": 0.7095291564320598, "43": 1.90613827886384e-08, "44": 9.5306913943192e-09, "45": 2.9590877641723027e-08, "46": 2.6725917090512684e-08, "47": 0.7095291564320598, "48": 0.6897132121818609, "49": 0.6831108984460444, "50": 2.0445054860757792e-08, "51": 2.1441855405326227e-08, "52": 0.6897132121818609, "53": 0.7573883938609414, "54": 2.534636718382967e-08, "55": 2.842549584395245e-08, "56": 0.9291919948437999, "57": 0.658721982541929, "58": 2.299024939806833e-08, "59": 0.5135398585641018, "60": 0.5227223627531482, "61": 0.6317148387626125, "62": 0.929191994838191, "63": 1.1458237690275445e-08, "64": 2.381781463976077e-08, "65": 0.5731168428222441, "66": 0.7573883938609414, "67": 2.6091646901216142e-08, "68": 0.5432625085846614, "69": 2.7336342502064602e-08, "70": 0.40654450537784637, "71": 0.6997909392453563, "72": 1.1908907319880386e-08, "73": 0.5801235224788994, "74": 2.04484384274088e-08, "75": 0.9291919948437999, "76": 0.6609080183813199, "77": 0.5135398585641018, "78": 0.6295172022286162, "79": 0.6821971063431971, "80": 2.7336342502064602e-08, "81": 0.6317148387626125, "82": 1.6338680168742875e-08, "83": 0.40654450537784637, "84": 0.6821971063431971, "85": 0.658721982541929, "86": 1.5746662315016245e-08, "87": 1.2673183591914835e-08, "88": 2.842549584395245e-08, "89": 0.7297142761880665,