{"0": {"0": 0.4999999046080374, "1": 0.4999998719765232, "2": 0.4999999214196136, "3": 0.4999998648631327, "4": 0.4999998601519471, "5": 0.49999985777347883, "6": 0.49999988931919237, "7": 0.4999998531602804, "8": 0.49999987593856277, "9": 0.4999998538645809, "10": 0.4999998573127378, "11": 0.49999983839922996, "12": 0.4999998677027229, "13": 0.49999987416225167, "14": 0.4999998963439348, "15": 0.49999987869395957, "16": 0.4999998543209514, "17": 0.49999988019315333, "18": 0.49999993191534275, "19": 0.4999998442563366, "20": 0.49999993385136143, "21": 0.4999998743988111, "22": 0.4999998778285082, "23": 0.4999998531602804, "24": 0.49999983585293617, "25": 0.4999998700462763, "26": 0.49999986356208836, "27": 0.49999991025299545, "28": 0.49999988351912855, "29": 0.49999986256647905, "30": 0.4999999027451411, "31": 0.4999998626219456, "32": 0.49999987898640064, "33": 0.49999988837085174, "34": 0.49999988060884704, "35": 0.49999987898640064, "36": 0.4999998508819583, "37": 0.49999990366407593, "38": 0.499999886467031, "39": 0.4999998898706689, "40": 0.4999999341348089, "41": 0.4999999482074155, "42": 0.499999886467031, "43": 0.49999985650963874, "44": 0.4999999519504662, "45": 0.49999987869395957, "46": 0.4999999009280733, "47": 0.4999998986378722, "48": 0.49999988351912855, "49": 0.499999901140621, "50": 0.49999989884046203, "51": 0.4999999424470577, "52": 0.4999998692100913, "53": 0.49999988009551244, "54": 0.4999998927671097, "55": 0.49999986322631557, "56": 0.49999988009551244, "57": 0.499999901140621, "58": 0.49999985863170837, "59": 0.4999999285982752, "60": 0.49999989283917157, "61": 0.4999999010160682, "62": 0.49999986394536133, "63": 0.49999987649822825, "64": 0.49999985777347883, "65": 0.4999998792875264, "66": 0.4999998457330439, "67": 0.4999998643998356, "68": 0.49999988177470633, "69": 0.49999988019315333, "70": 0.49999987008481184, "71": 0.49999995512649775, "72": 0.4999998858827359, "73": 0.4999998457330439, "74": 0.49999988243551363, "75": 0.4999998674851285, "76": 0.4999998957367482, "77": 0.49999987682833635, "78": 0.4999999384141682, "79": 0.49999987487075725, "80": 0.4999999221281683, "81": 0.4999998858486723, "82": 0.4999999022310902, "83": 0.4999998555656291, "84": 0.49999988091156006, "85": 0.4999999528086527, "86": 0.4999998957367482, "87": 0.49999988177470633, "88": 0.49999986322631557, "89": 0.4999998792875264, "90": 0.4999999022310902, "91": 0.4999998538645809, "92": 0.49999985906906863, "93": 0.4999998927671097, "94": 0.49999987649822825, "95": 0.4999999010160682, "96": 0.4999998898706689, "97": 0.49999989884046203, "98": 0.49999988091156006, "99": 0.4999998643998356}, "1": {"0": 0.5000011423124815, "1": 0.5000007676943735, "2": 0.5000010275719313, "3": 0.5000009105854966, "4": 0.500001012464113, "5": 0.5000012041864733, "6": 0.5000009257433788, "7": 0.5000010534435102, "8": 0.5000010024270393, "9": 0.5000010257137687, "10": 0.5000008818331381, "11": 0.5000009656463624, "12": 0.5000007707288383, "13": 0.5000010560800223, "14": 0.500000814031228, "15": 0.5000009344545168, "16": 0.5000006053364018, "17": 0.5000009496886643, "18": 0.5000010767458376, "19": 0.5000005391931479, "20": 0.5000009344229013, "21": 0.5000008489334747, "22": 0.5000011147254657, "23": 0.5000010299569858, "24": 0.5000007347601345, "25": 0.500001037172266, "26": 0.5000009750732224, "27": 0.5000010308747751, "28": 0.5000005780988952, "29": 0.5000009805050962, "30": 0.5000008448687602, "31": 0.5000004251805593, "32": 0.5000009333029548, "33": 0.5000010063360409, "34": 0.5000005185861329, "35": 0.5000007088918383, "36": 0.50000091847166, "37": 0.5000006565682868, "38": 0.5000009672254232, "39": 0.5000004448474235, "40": 0.5000010364996395, "41": 0.5000009454246986, "42": 0.5000009634770035, "43": 0.5000007088918383, "44": 0.5000009603739433, "45": 0.5000010110264418, "46": 0.5000010181303495, "47": 0.5000009632745859, "48": 0.5000009610332472, "49": 0.5000004916544163, "50": 0.5000006053364018, "51": 0.5000008077045641, "52": 0.5000009827908013, "53": 0.5000009606677588, "54": 0.5000009532284071, "55": 0.5000010257137687, "56": 0.5000007740198249, "57": 0.5000008234958628, "58": 0.5000009147095523, "59": 0.5000008743710866, "60": 0.5000010297421749, "61": 0.5000010767458376, "62": 0.5000010125425329, "63": 0.500000743089788, "64": 0.5000010181303495, "65": 0.5000010619896489, "66": 0.5000011147254657, "67": 0.500000743089788, "68": 0.5000010718350302, "69": 0.5000004886084549, "70": 0.5000010113397649, "71": 0.5000005186946387, "72": 0.5000005071137603, "73": 0.5000009606677588, "74": 0.5000004244667373, "75": 0.5000010011158984, "76": 0.5000010382110871, "77": 0.5000009685366326, "78": 0.5000009632745859, "79": 0.50000091847166, "80": 0.5000007772964781, "81": 0.5000008818331381, "82": 0.5000004842683163, "83": 0.5000007772964781, "84": 0.5000010534435102, "85": 0.500000814031228, "86": 0.5000009656463624, "87": 0.5000005154373875, "88": 0.5000009344545168, "89": 0.5000006565682868, "90": 0.5000003673800673, "91": 0.5000010299569858, "92": 0.5000010125425329, "93": 0.5000004038522821, "94": 0.5000007707288383, "95": 0.5000009257433788, "96": 0.5000009454246986, "97": 0.5000009610332472, "98": 0.5000009805050962, "99": 0.5000010382110871}, "2": {"0": 0.4999987404154432, "1": 0.4999986090963874, "2": 0.49999853171017083, "3": 0.49999848847604156, "4": 0.4999988666209348, "5": 0.49999885561122454, "6": 0.49999873069412015, "7": 0.49999917868249344, "8": 0.49999878604834824, "9": 0.49999890293508464, "10": 0.49999903196927387, "11": 0.49999870371600497, "12": 0.4999986568694449, "13": 0.49999851886223545, "14": 0.49999924577883825, "15": 0.49999868706722095, "16": 0.49999895077462553, "17": 0.49999867411807736, "18": 0.4999989664004417, "19": 0.4999986483456763, "20": 0.4999983410017016, "21": 0.49999867171782286, "22": 0.4999987465227623, "23": 0.4999989669911141, "24": 0.49999853593689314, "25": 0.49999930336452086, "26": 0.49999877651698454, "27": 0.4999988838992857, "28": 0.4999984986648294, "29": 0.49999846663245395, "30": 0.49999867171782286, "31": 0.49999850039573773, "32": 0.4999987275301029, "33": 0.4999986048606021, "34": 0.49999851886223545, "35": 0.49999920030074607, "36": 0.499998999480194, "37": 0.4999985613335337, "38": 0.49999842398279, "39": 0.4999986451007819, "40": 0.49999885940301003, "41": 0.49999872739190543, "42": 0.4999986446014907, "43": 0.49999933716491696, "44": 0.4999990544852119, "45": 0.4999990841065182, "46": 0.49999870561896903, "47": 0.4999988022731503, "48": 0.49999885320646903, "49": 0.4999986483456763, "50": 0.49999865451035885, "51": 0.4999989791972155, "52": 0.4999988774181612, "53": 0.49999925420413205, "54": 0.4999984986648294, "55": 0.49999869767911587, "56": 0.4999993871634161, "57": 0.49999866608400145, "58": 0.4999989557003952, "59": 0.49999875039696157, "60": 0.49999870565940907, "61": 0.4999991262844483, "62": 0.4999984864260417, "63": 0.4999987465227623, "64": 0.4999989557003952, "65": 0.4999993330773725, "66": 0.4999986446014907, "67": 0.49999865356733164, "68": 0.4999990845464111, "69": 0.4999988151331636, "70": 0.4999990845464111, "71": 0.4999985264456051, "72": 0.4999986295349518, "73": 0.4999992658550854, "74": 0.49999848847604156, "75": 0.49999885320646903, "76": 0.49999934489597403, "77": 0.4999985309873967, "78": 0.49999932843472245, "79": 0.4999990301264206, "80": 0.49999869767911587, "81": 0.4999986048606021, "82": 0.4999986090963874, "83": 0.49999875511895275, "84": 0.49999865451035885, "85": 0.4999990496977332, "86": 0.49999885940301003, "87": 0.49999877651698454, "88": 0.49999878604834824, "89": 0.49999878195425473, "90": 0.4999988666209348, "91": 0.4999986295349518, "92": 0.4999988151331636, "93": 0.4999984864260417, "94": 0.49999948320022086, "95": 0.49999870371600497, "96": 0.49999878195425473, "97": 0.49999870561896903, "98": 0.49999867411807736, "99": 0.4999988774181612}, "3": {"0": 0.5000004574071282, "1": 0.5000005052902956, "2": 0.500000483645868, "3": 0.5000006867373482, "4": 0.5000005228082139,