{"0": {"0": 0.5001083475933172, "1": 0.5001054642536635, "2": 0.5000912942067947, "3": 0.5001191574932178, "4": 0.5001141459874732, "5": 0.5000624853336062, "6": 0.5000853821440596, "7": 0.09679098872827183, "8": 0.500115570186149, "9": 0.5001251373144384, "10": 0.5000622944767839, "11": 0.5001337922871634, "12": 0.5001215738442307, "13": 0.5001211334507702, "14": 0.5001278756689291, "15": 0.500075384456693, "16": 0.5001210241881864, "17": 0.5001236318124729, "18": 0.09679098872827183, "19": 0.5001234619116683, "20": 0.500075384456693, "21": 0.5000873211133505, "22": 0.5001102862000038, "23": 0.5001269612084647, "24": 0.5001197130875954, "25": 0.09679098872827183, "26": 0.5001022416419092, "27": 0.5001083475933172, "28": 0.5000563769083916, "29": 0.5001148248781564, "30": 0.5001212497432792, "31": 0.5000883836488608, "32": 0.5001229326844456, "33": 0.5000617866374325, "34": 0.5001178600191216, "35": 0.5000634680655194, "36": 0.5001108301848928, "37": 0.5001198130586324, "38": 0.5001222758263844, "39": 0.5001077994637515, "40": 0.5001100736068343, "41": 0.500121256264886, "42": 0.500088066640187, "43": 0.5001247385941362, "44": 0.5001251245721592, "45": 0.5001154101814151, "46": 0.5001222758263844, "47": 0.500072446347021, "48": 0.5001197130875954, "49": 0.09679098872827183, "50": 0.5001016661268074, "51": 0.5000986260220412, "52": 0.5000986260220412, "53": 0.5000897777164658, "54": 0.5001245363555706, "55": 0.5001217244876593, "56": 0.5000897777164658, "57": 0.5000959931748541, "58": 0.5001178600191216, "59": 0.5001100736068343, "60": 0.5001245263293512, "61": 0.5001199315215643, "62": 0.09679098872827183, "63": 0.5001185081554662, "64": 0.5000853821440596, "65": 0.5000881886884998, "66": 0.5001138320070888, "67": 0.500124303481895, "68": 0.5001074388832194, "69": 0.5001189062732001, "70": 0.500072446347021, "71": 0.5001215738442307, "72": 0.5001245172127866, "73": 0.5000873211133505, "74": 0.500118918528308, "75": 0.5001178913342031, "76": 0.5001236318124729, "77": 0.5001212497432792, "78": 0.500123525662383, "79": 0.500119666187171, "80": 0.5001119862045649, "81": 0.5001022416419092, "82": 0.5001074388832194, "83": 0.5000959931748541, "84": 0.5000531515750217, "85": 0.5001178913342031, "86": 0.5000622631646756, "87": 0.500119666187171, "88": 0.5001154101814151, "89": 0.09679098872827183, "90": 0.5001233981609537, "91": 0.9050200848573032, "92": 0.5001245363555706, "93": 0.5001211334507702, "94": 0.5001138320070888, "95": 0.5000881886884998, "96": 0.5001251245721592, "97": 0.5001234619116683, "98": 0.5001119862045649, "99": 0.09679098872827183}, "1": {"0": 0.5002112539807099, "1": 0.5001762398466356, "2": 0.500181941454825, "3": 0.5002017645113177, "4": 0.5000915608253572, "5": 0.5002105811940404, "6": 0.5001014645729649, "7": 0.5001408087500795, "8": 0.5002097400968264, "9": 0.5001727609891771, "10": 0.5001998794369085, "11": 0.5002075219179066, "12": 0.5001781142952507, "13": 0.50016129479388, "14": 0.5001662516676202, "15": 0.5001837058213587, "16": 0.5001743353936322, "17": 0.5002032333068929, "18": 0.5002065133516758, "19": 0.5002052426770338, "20": 0.5001845824544942, "21": 0.5001231284885824, "22": 0.5001730692420929, "23": 0.5002154040914588, "24": 0.500181922805542, "25": 0.5001560285034254, "26": 0.5001619893968413, "27": 0.5002034239006576, "28": 0.5001928766506982, "29": 0.5001817808533322, "30": 0.5001792395804846, "31": 0.5001935184747122, "32": 0.5000905267235806, "33": 0.5001806012635976, "34": 0.5001877118215015, "35": 0.5001231284885824, "36": 0.5001962925311403, "37": 0.5001743353936322, "38": 0.5002040039582198, "39": 0.5001928766506982, "40": 0.5001602269574472, "41": 0.5001942097221488, "42": 0.5001712101908917, "43": 0.5001999218409943, "44": 0.5001409472725351, "45": 0.500159198139597, "46": 0.5001020019791099, "47": 0.5001008822556589, "48": 0.5002119514822515, "49": 0.5001925109231273, "50": 0.5002075219179066, "51": 0.5001807510761404, "52": 0.5001883677102867, "53": 0.5001998794369085, "54": 0.5002097400968264, "55": 0.5002119514822515, "56": 0.500177712650785, "57": 0.500164960686257, "58": 0.5002052426770338, "59": 0.5002026710857503, "60": 0.5001611633823057, "61": 0.5001611633823057, "62": 0.5001883677102867, "63": 0.5002112539807099, "64": 0.5001850593179792, "65": 0.50016129479388, "66": 0.50019602387696, "67": 0.5001892014640821, "68": 0.5001701822686664, "69": 0.500140940950011, "70": 0.5001889577717538, "71": 0.5001985315773512, "72": 0.5001956763756199, "73": 0.5001962163820608, "74": 0.500094600732041, "75": 0.5000905267235806, "76": 0.5001844613766853, "77": 0.5001735738372348, "78": 0.5001850593179792, "79": 0.5001962163820608, "80": 0.5002065133516758, "81": 0.5001792395804846, "82": 0.5001642893934268, "83": 0.5001198647018428, "84": 0.5001409472725351, "85": 0.5002091015406469, "86": 0.5001199481945159, "87": 0.5001712101908917, "88": 0.5001619893968413, "89": 0.5001956763756199, "90": 0.5001889577717538, "91": 0.5001781142952507, "92": 0.500159198139597, "93": 0.500177712650785, "94": 0.500181922805542, "95": 0.5001844613766853, "96": 0.5001701822686664, "97": 0.5001730692420929, "98": 0.5001408087500795, "99": 0.5001560285034254}, "2": {"0": 0.5004732507272616, "1": 0.5004618598311783, "2": 0.5003655910451261, "3": 0.5004333303906519, "4": 0.5005462578110667, "5": 0.5004663407271357, "6": 0.5003237227584698, "7": 0.5004749806268403, "8": 0.5004952330711285, "9": 0.5004397854468081, "10": 0.5004347508789028, "11": 0.5005310467230106, "12": 0.5005402836840488, "13": 0.5004936400350568, "14": 0.5005462578110667, "15": 0.5005048044892016, "16": 0.5005128136022531, "17": 0.5003904141921758, "18": 0.5004537782586942, "19": 0.5004658829113057, "20": 0.5004537782586942, "21": 0.5004783242323971, "22": 0.5004680303128214, "23": 0.500457549201206, "24": 0.5004803129040771, "25": 0.5003806487406405, "26": 0.5002729074481066, "27": 0.5004262079668056, "28": 0.5003396493135511, "29": 0.5005052748279395, "30": 0.500452254905096, "31": 0.500457549201206, "32": 0.5004941750394798, "33": 0.5004678608958114, "34": 0.5004613000582209, "35": 0.5004008043643079, "36": 0.5005172500835624, "37": 0.5004023923404407, "38": 0.5004419121773921, "39": 0.5004818074849646, "40": 0.5002264538433534, "41": 0.5003890591452305, "42": 0.5004845347175751, "43": 0.5003301625263649, "44": 0.5004734788344836, "45": 0.5003650452054605, "46": 0.5004893896133491, "47": 0.5004815015529758, "48": 0.5005172500835624, "49": 0.5002510995868374, "50": 0.500488790728072, "51": 0.5002264538433534, "52": 0.5004936400350568, "53": 0.5004570439417463, "54": 0.5004893896133491, "55": 0.5004587920877536, "56": 0.5004215090858167, "57": 0.5003650452054605, "58": 0.5005115560538778, "59": 0.5004135991115692, "60": 0.5004833421847152, "61": 0.5003783028889504, "62": 0.5004262079668056, "63": 0.5001827955225631, "64": 0.5004547788929906, "65": 0.5004815015529758, "66": 0.5001945295726152, "67": 0.5004935682509573, "68": 0.5004748921147406, "69": 0.5003743224453946, "70": 0.500456394755858, "71": 0.5003301625263649, "72": 0.500488790728072, "73": 0.5005068658180718, "74": 0.5004811345208348, "75": 0.5003904141921758, "76": 0.5004856616530553, "77": 0.5004507077596767, "78": 0.5004451516954869, "79": 0.5003275422755129, "80": 0.5004547788929906, "81": 0.5004499849434876, "82": 0.5003003864466922, "83": 0.5005005204287758, "84": 0.5004550255941826, "85": 0.5004845347175751, "86": 0.5001501932233461, "87": 0.5004732507272616, "88": 0.5002309299155892, "89": 0.5004952330711285, "90": 0.500488790207186, "91": 0.5004507077596767, "92": 0.5004587920877536, "93": 0.5004678608958114, "94": 0.5003237227584698, "95": 0.5004550255941826, "96": 0.5004811345208348, "97": 0.5004499849434876, "98": 0.5004833421847152, "99": 0.5003743224453946}, "3": {"0": 0.5003771755271811, "1": 0.1516067158534105, "2": 0.5004105108444059, "3": 0.5003559875619088, "4": 0.5004122848414565, "5": 0.5002769125728859, "6": 0.5003958898936121, "7": 0.8492212958519371, "8": 0.5004293657384942,