{"0": {"0": 0.5079941319543149, "1": 0.5079941319543149, "2": 0.5079941319543149, "3": 0.5079941319543149, "4": 0.5079941319543149, "5": 0.5079941319543149, "6": 0.5079941319543149, "7": 0.5079941319543149, "8": 0.5079941319543149, "9": 0.5079941319543149, "10": 0.5079941319543149, "11": 0.5079941319543149, "12": 0.5079941319543149, "13": 0.5079941319543149, "14": 0.5079941319543149, "15": 0.5079941319543149, "16": 0.5079941319543149, "17": 0.5079941319543149, "18": 0.5079941319543149, "19": 0.5079941319543149, "20": 0.5079941319543149, "21": 0.5079941319543149, "22": 0.5079941319543149, "23": 0.5079941319543149, "24": 0.5079941319543149, "25": 0.5079941319543149, "26": 0.5079941319543149, "27": 0.5079941319543149, "28": 0.5079941319543149, "29": 0.5079941319543149, "30": 0.5079941319543149, "31": 0.5079941319543149, "32": 0.5079941319543149, "33": 0.5079941319543149, "34": 0.5079941319543149, "35": 0.5079941319543149, "36": 0.5079941319543149, "37": 0.5079941319543149, "38": 0.5079941319543149, "39": 0.5079941319543149, "40": 0.5079941319543149, "41": 0.5079941319543149, "42": 0.5079941319543149, "43": 0.5079941319543149, "44": 0.5079941319543149, "45": 0.5079941319543149, "46": 0.5079941319543149, "47": 0.5079941319543149, "48": 0.5079941319543149, "49": 0.5079941319543149, "50": 0.9009229953921492, "51": 0.5079941319543149, "52": 0.5079941319543149, "53": 0.5079941319543149, "54": 0.5079941319543149, "55": 0.5079941319543149, "56": 0.5079941319543149, "57": 0.5079941319543149, "58": 0.5079941319543149, "59": 0.5079941319543149, "60": 0.5079941319543149, "61": 0.5079941319543149, "62": 0.5079941319543149, "63": 0.5079941319543149, "64": 0.5079941319543149, "65": 0.5079941319543149, "66": 0.5079941319543149, "67": 0.5079941319543149, "68": 0.5079941319543149, "69": 0.5079941319543149, "70": 0.5079941319543149, "71": 0.5079941319543149, "72": 0.5079941319543149, "73": 0.9009229953921492, "74": 0.5079941319543149, "75": 0.5079941319543149, "76": 0.5079941319543149, "77": 0.5079941319543149, "78": 0.5079941319543149, "79": 0.5079941319543149, "80": 0.5079941319543149, "81": 0.5079941319543149, "82": 0.5079941319543149, "83": 0.5079941319543149, "84": 0.5079941319543149, "85": 0.5079941319543149, "86": 0.5079941319543149, "87": 0.5079941319543149, "88": 0.5079941319543149, "89": 0.5079941319543149, "90": 0.5079941319543149, "91": 0.5079941319543149, "92": 0.5079941319543149, "93": 0.5079941319543149, "94": 0.5079941319543149, "95": 0.5079941319543149, "96": 0.5079941319543149, "97": 0.5079941319543149, "98": 0.5079941319543149, "99": 0.5079941319543149}, "1": {"0": 0.5228763655662676, "1": 0.5228763655662676, "2": 0.5228763655662676, "3": 0.5228763655662676, "4": 0.5228763655662676, "5": 0.5228763655662676, "6": 0.5228763655662676, "7": 0.5228763655662676, "8": 0.5228763655662676, "9": 0.5228763655662676, "10": 0.5228763655662676, "11": 0.5228763655662676, "12": 0.5228763655662676, "13": 0.5228763655662676, "14": 0.5228763655662676, "15": 0.5228763655662676, "16": 0.5228763655662676, "17": 0.5228763655662676, "18": 0.5228763655662676, "19": 0.5228763655662676, "20": 0.5228763655662676, "21": 0.5228763655662676, "22": 0.5228763655662676, "23": 0.5228763655662676, "24": 0.5228763655662676, "25": 0.5228763655662676, "26": 0.5228763655662676, "27": 0.5228763655662676, "28": 0.5228763655662676, "29": 0.5228763655662676, "30": 0.5228763655662676, "31": 0.5228763655662676, "32": 0.5228763655662676, "33": 0.5228763655662676, "34": 0.5228763655662676, "35": 0.5228763655662676, "36": 0.5228763655662676, "37": 0.5228763655662676, "38": 0.5228763655662676, "39": 0.5228763655662676, "40": 0.5228763655662676, "41": 0.5228763655662676, "42": 0.5228763655662676, "43": 0.5228763655662676, "44": 0.5228763655662676, "45": 0.5228763655662676, "46": 0.5228763655662676, "47": 0.5228763655662676, "48": 0.5228763655662676, "49": 0.5228763655662676, "50": 0.5228763655662676, "51": 0.5228763655662676, "52": 0.5228763655662676, "53": 0.5228763655662676, "54": 0.5228763655662676, "55": 0.5228763655662676, "56": 0.5228763655662676, "57": 0.5228763655662676, "58": 0.5228763655662676, "59": 0.5228763655662676, "60": 0.5228763655662676, "61": 0.5228763655662676, "62": 0.5228763655662676, "63": 0.5228763655662676, "64": 0.5228763655662676, "65": 0.5228763655662676, "66": 0.5228763655662676, "67": 0.5228763655662676, "68": 0.5228763655662676, "69": 0.5228763655662676, "70": 0.5228763655662676, "71": 0.5228763655662676, "72": 0.5228763655662676, "73": 0.5228763655662676, "74": 0.5228763655662676, "75": 0.5228763655662676, "76": 0.5228763655662676, "77": 0.5228763655662676, "78": 0.5228763655662676, "79": 0.5228763655662676, "80": 0.5228763655662676, "81": 0.5228763655662676, "82": 0.5228763655662676, "83": 0.5228763655662676, "84": 0.5228763655662676, "85": 0.5228763655662676, "86": 0.5228763655662676, "87": 0.5228763655662676, "88": 0.5228763655662676, "89": 0.5228763655662676, "90": 0.5228763655662676, "91": 0.5228763655662676, "92": 0.5228763655662676, "93": 0.5228763655662676, "94": 0.5228763655662676, "95": 0.5228763655662676, "96": 0.5228763655662676, "97": 0.5228763655662676, "98": 0.5228763655662676, "99": 0.5228763655662676}, "2": {"0": 0.7328883229227405, "1": 0.7328883229227634, "2": 0.7328883229227502, "3": 0.2675807270524653, "4": 0.2675807270524613, "5": 0.7328883229227525, "6": 0.2675807270547127, "7": 0.7328883229227559, "8": 0.7328883229227515, "9": 0.7328883229227527, "10": 0.2675807270536922, "11": 0.26758072705248787, "12": 0.2675807270547233, "13": 0.2675807270547127, "14": 0.732888322922755, "15": 0.2675807270535976, "16": 0.7328883229227485, "17": 0.7328883229227476, "18": 0.7328883229227496, "19": 0.7328883229227486, "20": 0.2675807270536952, "21": 0.7328883229227467, "22": 0.2675807270528605, "23": 0.7328883229227521, "24": 0.7328883229227485, "25": 0.7328883229227519, "26": 0.26758072705505026, "27": 0.7328883229227579, "28": 0.732888322922742, "29": 0.7328883229227509, "30": 0.2675807270523278, "31": 0.7328883229227494, "32": 0.7328883229227494, "33": 0.7328883229227585, "34": 0.26758072705330016, "35": 0.7328883229227545, "36": 0.7328883229227481, "37": 0.26758072705250047, "38": 0.26758072705225316, "39": 0.2675807270523278, "40": 0.7328883229227505, "41": 0.26758072705426944, "42": 0.2675807270524653, "43": 0.26758072705368174, "44": 0.7328883229227527, "45": 0.7328883229227576, "46": 0.2675807270539388, "47": 0.7328883229227534, "48": 0.2675807270528282, "49": 0.26758072705144614, "50": 0.7328883229227539, "51": 0.7328883229227503, "52": 0.2675807270524074, "53": 0.7328883229227559, "54": 0.7328883229227496, "55": 0.2675807270540389, "56": 0.2675807270524867, "57": 0.267580727051606, "58": 0.7328883229227522, "59": 0.7328883229227412, "60": 0.2675807270524633, "61": 0.7328883229227505, "62": 0.7328883229227515, "63": 0.7328883229227525, "64": 0.2675807270524074, "65": 0.7328883229227542, "66": 0.7328883229227527, "67": 0.2675807270534695, "68": 0.7328883229227574, "69": 0.7328883229227525, "70": 0.7328883229227486, "71": 0.26758072705348823, "72": 0.7328883229227514, "73": 0.2675807270545441, "74": 0.26758072705250047, "75": 0.7328883229227527, "76": 0.7328883229227503, "77": 0.2675807270535129, "78": 0.7328883229227514, "79": 0.2675807270534695, "80": 0.7328883229227543, "81": 0.26758072705610736, "82": 0.7328883229227522, "83": 0.732888322922748, "84": 0.2675807270536952, "85": 0.2675807270517108, "86": 0.7328883229227579, "87": 0.2675807270535129, "88": 0.2675807270535976, "89": 0.26758072705098096, "90": 0.7328883229227499, "91": 0.2675807270529542, "92": 0.2675807270528282, "93": 0.7328883229227452, "94": 0.26758072705610736, "95": 0.26758072705413405, "96": 0.2675807270524613, "97": 0.7328883229227499, "98": 0.7328883229227507, "99": 0.26758072705154823}, "3": {"0": 0.5222703796637251, "1": 0.5222703796637251, "2": 0.5222703796637251, "3": 0.5222703796637251, "4": 0.5222703796637251, "5": 0.5222703796637251, "6": 0.5222703796637251,