{"0": {"0": 2.942292087923841e-08, "1": 0.6929723597517936, "2": 2.3878965972516505e-08, "3": 1.2771992077419024e-08, "4": 2.53596009204859e-08, "5": 4.0916810286239936e-08, "6": 1.4711460439619205e-08, "7": 0.6929723597517939, "8": 3.681802531591433e-08, "9": 0.692972359751794, "10": 0.6929723597517942, "11": 2.0458405143119968e-08, "12": 8.374500072424616e-08, "13": 0.6929723597517938, "14": 4.028461756927154e-08, "15": 0.692972359751794, "16": 1.2370945855364695e-08, "17": 0.6929723597517938, "18": 2.364375492809388e-08, "19": 0.6929723597517938, "20": 0.6929723597517943, "21": 0.692972359751794, "22": 1.1089334597816083e-08, "23": 3.6070653202133154e-08, "24": 0.6929723597517938, "25": 0.692972359751794, "26": 2.363119362885333e-08, "27": 0.692972359751794, "28": 0.692972359751794, "29": 2.7312935938874007e-08, "30": 4.424131196065701e-09, "31": 0.692972359751794, "32": 0.6929723597517938, "33": 0.6929723597517939, "34": 0.6929723597517938, "35": 5.375961063377705e-08, "36": 0.6929723597517938, "37": 1.632848763021589e-08, "38": 0.692972359751794, "39": 1.753244248480164e-08, "40": 2.3186237054217427e-08, "41": 0.6929723597517943, "42": 3.506488496960328e-08, "43": 0.6929723597517939, "44": 0.6929723597517934, "45": 4.1185075908114745e-08, "46": 0.6929723597517939, "47": 0.6929723597517938, "48": 0.6929723597517939, "49": 4.1185075908114745e-08, "50": 0.6929723597517943, "51": 2.53596009204859e-08, "52": 4.028461756927154e-08, "53": 0.6929723597517937, "54": 0.6929723597517942, "55": 0.6929723597517943, "56": 2.358777186045329e-08, "57": 0.6929723597517939, "58": 0.6929723597517938, "59": 0.6929723597517938, "60": 3.078933522439823e-08, "61": 0.6929723597517938, "62": 1.0985414572802906e-08, "63": 1.1834470410666057e-08, "64": 0.692972359751794, "65": 0.6929723597517938, "66": 0.6929723597517936, "67": 1.1593118527108713e-08, "68": 1.8413651245131778e-08, "69": 0.6929723597517938, "70": 0.6929723597517938, "71": 0.692972359751794, "72": 0.692972359751794, "73": 2.7312935938874007e-08, "74": 0.6929723597517938, "75": 0.6929723597517938, "76": 0.6929723597517936, "77": 0.6929723597517939, "78": 0.6929723597517938, "79": 2.3878965972516505e-08, "80": 0.6929723597517938, "81": 5.375961063377705e-08, "82": 0.6929723597517939, "83": 0.692972359751794, "84": 0.692972359751794, "85": 0.6929723597517939, "86": 8.164243815107945e-09, "87": 0.6929723597517939, "88": 0.6929723597517939, "89": 0.6929723597517938, "90": 0.6929723597517939, "91": 1.2595043547713503e-08, "92": 0.6929723597517939, "93": 3.42738469844745e-08, "94": 7.399882665610726e-09, "95": 7.782482892693707e-08, "96": 0.6929723597517939, "97": 0.6929723597517938, "98": 0.692972359751794, "99": 5.0380174190854014e-08}, "1": {"0": 0.6300098464976045, "1": 2.9899391217764274e-08, "2": 0.6300098464976045, "3": 0.6300098464976045, "4": 0.6300098464976045, "5": 0.6300098464976045, "6": 1.739768488629528e-08, "7": 2.2052184046708047e-08, "8": 0.6300098464976045, "9": 0.6300098464976045, "10": 0.6300098464976045, "11": 0.6300098464976045, "12": 0.6300098464976045, "13": 0.6300098464976045, "14": 0.6300098464976045, "15": 0.6300098464976045, "16": 0.6300098464976045, "17": 0.6300098464976045, "18": 0.6300098464976045, "19": 0.6300098464976045, "20": 0.6300098464976045, "21": 0.6300098464976045, "22": 0.6300098464976045, "23": 0.6300098464976045, "24": 1.4263021284444414e-08, "25": 1.582639003085067e-08, "26": 0.6300098464976045, "27": 0.6300098464976045, "28": 1.4263021284444414e-08, "29": 0.6300098464976045, "30": 0.6300098464976045, "31": 0.6300098464976045, "32": 0.6300098464976045, "33": 0.6300098464976045, "34": 1.11832688710634e-08, "35": 5.139591677223645e-09, "36": 0.6300098464976045, "37": 6.5819668960783475e-09, "38": 0.6300098464976045, "39": 0.6300098464976045, "40": 1.4951551517564854e-08, "41": 0.6300098464976045, "42": 0.6300098464976045, "43": 1.811001131909837e-08, "44": 0.6300098464976045, "45": 0.6300098464976045, "46": 0.6300098464976045, "47": 0.6300098464976045, "48": 0.6300098464976045, "49": 0.6300098464976045, "50": 0.6300098464976045, "51": 0.6300098464976045, "52": 0.6300098464976045, "53": 0.6300098464976045, "54": 1.3163933792156695e-08, "55": 0.6300098464976045, "56": 0.9831194576698115, "57": 0.6300098464976045, "58": 1.092391192186444e-08, "59": 0.6300098464976045, "60": 1.5577047932603462e-09, "61": 0.6300098464976045, "62": 0.6300098464976045, "63": 0.6300098464976045, "64": 4.377999798353515e-09, "65": 0.6300098464976045, "66": 0.6300098464976045, "67": 0.6300098464976045, "68": 2.1539077075449814e-08, "69": 3.165278006170134e-08, "70": 0.6300098464976045, "71": 0.6300098464976045, "72": 0.6300098464976045, "73": 0.6300098464976045, "74": 2.1539077075449814e-08, "75": 2.2052184046708047e-08, "76": 0.6300098464976045, "77": 0.6300098464976045, "78": 0.6300098464976045, "79": 0.6300098464976045, "80": 0.6300098464976045, "81": 1.319504032403351e-08, "82": 0.6300098464976045, "83": 0.6300098464976045, "84": 1.739768488629528e-08, "85": 2.990310303512971e-08, "86": 0.6300098464976045, "87": 0.6300098464976045, "88": 2.184782384372888e-08, "89": 0.6300098464976045, "90": 1.3990754609693998e-08, "91": 0.6300098464976045, "92": 0.6300098464976045, "93": 0.6300098464976045, "94": 0.6300098464976045, "95": 0.6300098464976045, "96": 1.2637395651783293e-08, "97": 0.6300098464976045, "98": 1.49445478951961e-08, "99": 0.6300098464976045}, "2": {"0": 0.7412105594245473, "1": 0.7412105594188371, "2": 2.0154240818193367e-07, "3": 6.055163306578925e-08, "4": 4.293986249769934e-08, "5": 6.242782874966374e-08, "6": 0.7412105594214753, "7": 5.470249262693733e-08, "8": 3.682275797687847e-08, "9": 6.012283926805362e-08, "10": 3.8933399914304205e-08, "11": 2.1608586530915072e-08, "12": 0.7412105594199117, "13": 4.86020296875069e-08, "14": 0.741210559422955, "15": 0.7412105594249615, "16": 5.467038063029282e-08, "17": 5.315431562932194e-08, "18": 3.747213078358952e-08, "19": 0.7412105594244913, "20": 1.4222169371665897e-08, "21": 0.7412105594199925, "22": 5.470249262693733e-08, "23": 0.7412105594184594, "24": 0.7412105594174451, "25": 0.7412105594198213, "26": 0.7412105594221439, "27": 6.351781192226667e-08, "28": 0.7412105594199954, "29": 2.1129538386757007e-08, "30": 3.38759119381786e-08, "31": 0.7412105594178537, "32": 4.2760551137406175e-08, "33": 4.9844400241973624e-08, "34": 4.378757275663724e-08, "35": 9.542262358553111e-08, "36": 0.7412105594219869, "37": 5.382068647955541e-08, "38": 7.08890217746967e-08, "39": 0.7412105594191096, "40": 0.7412105594188371, "41": 0.7412105594243905, "42": 3.0275816532894626e-08, "43": 0.7412105594220426, "44": 6.088435723097542e-08, "45": 0.7412105594238457, "46": 0.7412105594242953, "47": 0.7412105594186837, "48": 0.7412105594221439, "49": 2.146993124884967e-08, "50": 7.77881314385248e-08, "51": 4.9844400241973624e-08, "52": 7.08759449300153e-08, "53": 0.7412105594249615, "54": 0.7412105594174451, "55": 9.055089713662009e-08, "56": 0.7412105594199954, "57": 5.1076855643682364e-08, "58": 0.7412105594215371, "59": 7.77881314385248e-08, "60": 0.741210559422955, "61": 6.185827690165182e-08, "62": 5.1989846641096766e-08, "63": 0.7412105594232734, "64": 3.044217861548771e-08, "65": 5.186600985616125e-08, "66": 0.7412105594202396, "67": 0.7412105594232734, "68": 5.1989846641096766e-08, "69": 0.7412105594182867, "70": 0.7412105594175261, "71": 0.741210559419865, "72": 2.7295805777554007e-08, "73": 0.7412105594194722, "74": 3.682275797687847e-08, "75": 7.51293710233998e-08, "76": 0.7412105594198213, "77": 6.242782874966374e-08, "78": 3.8933399914304205e-08, "79": 6.531524238150814e-08, "80": 6.012283926805362e-08, "81": 1.679574980395342e-08, "82": 4.82197904616965e-08, "83": 3.359149960790684e-08, "84": 5.1086770796440356e-08, "85": 0.7412105594198348, "86": 0.7412105594187428, "87": 0.7412105594209771, "88": 0.741210559419865, "89": 0.7412105594257996, "90": 0.7412105594165426, "91": 9.055089713662009e-08, "92": 0.7412105594209771,