{"0": {"0": 0.4999121807592146, "1": 0.9499969753228547, "2": 0.49989277425178624, "3": 0.49993045574297346, "4": 0.49993440172025183, "5": 0.49992339894402116, "6": 0.49991101567819796, "7": 0.49991195804898514, "8": 0.49992197656580817, "9": 0.49991433459112655, "10": 0.4999103078962381, "11": 0.49991002786050065, "12": 0.49990837926926585, "13": 0.49993114170402275, "14": 0.49991895262134206, "15": 0.4999113158258111, "16": 0.4999091012733007, "17": 0.4999639415501554, "18": 0.4999091012733007, "19": 0.49993094010258804, "20": 0.49993575787822847, "21": 0.49992447617288444, "22": 0.4999145330383915, "23": 0.49996107583941324, "24": 0.499920998061132, "25": 0.49992338208190623, "26": 0.49990945467829206, "27": 0.4999357322083384, "28": 0.4999507423921864, "29": 0.49995972638121133, "30": 0.49991106726393436, "31": 0.4999053429749412, "32": 0.9499849477378463, "33": 0.9499932833808892, "34": 0.49993039176675075, "35": 0.4999283445879861, "36": 0.499939012217714, "37": 0.499915412411817, "38": 0.9499868231027647, "39": 0.49993642201663324, "40": 0.4999159664825622, "41": 0.49992595196363265, "42": 0.49992824914350364, "43": 0.49992203980644856, "44": 0.49993051828901713, "45": 0.499968338445285, "46": 0.4999495322970384, "47": 0.49992734241484027, "48": 0.49994686358067697, "49": 0.4999182978976466, "50": 0.49993298486541393, "51": 0.4999293467611319, "52": 0.49992390442958845, "53": 0.49991321404500744, "54": 0.4999145330383915, "55": 0.49991423323644635, "56": 0.49991321404500744, "57": 0.4999081407806839, "58": 0.4999153629216246, "59": 0.4999491796377007, "60": 0.49991783413369784, "61": 0.4999180347664658, "62": 0.4999038267995367, "63": 0.49991247501179226, "64": 0.49995656535118305, "65": 0.4999418381625252, "66": 0.49992824914350364, "67": 0.49992237576273174, "68": 0.4999591489488233, "69": 0.49992061724187664, "70": 0.05000145139995935, "71": 0.4999651958833754, "72": 0.49992046416411323, "73": 0.49990837926926585, "74": 0.949999460905673, "75": 0.49996522787148673, "76": 0.4999348061148273, "77": 0.49993935652288957, "78": 0.49994686358067697, "79": 0.4999283445879861, "80": 0.49996107384729804, "81": 0.4999426006013268, "82": 0.49992580456914626, "83": 0.49991474031146166, "84": 0.4999113158258111, "85": 0.4999180347664658, "86": 0.4999161422310231, "87": 0.49993935652288957, "88": 0.49993575787822847, "89": 0.49992390442958845, "90": 0.49991433459112655, "91": 0.4999203685774365, "92": 0.49992595196363265, "93": 0.4999426006013268, "94": 0.4999161422310231, "95": 0.4999159664825622, "96": 0.4999217038501654, "97": 0.49992580456914626, "98": 0.9499967057756912, "99": 0.49992203980644856}, "1": {"0": 0.4999656263045128, "1": 0.49996079062342647, "2": 0.499960608349739, "3": 0.49996067454391424, "4": 0.499961305854994, "5": 0.49995602499138414, "6": 0.4999540781831777, "7": 0.49996816150607537, "8": 0.49995983231739155, "9": 0.4999690819048845, "10": 0.4999601608053328, "11": 0.4999806723290092, "12": 0.9499673507964062, "13": 0.49996034043571275, "14": 0.499962475068802, "15": 0.4999823263475368, "16": 0.49996199810384157, "17": 0.49998162336563606, "18": 0.4999870793458433, "19": 0.49995712621519783, "20": 0.49995911851361086, "21": 0.4999608349815455, "22": 0.49996134398715564, "23": 0.4999638980937108, "24": 0.499970514075948, "25": 0.9499949880595132, "26": 0.9499809150027809, "27": 0.4999673241524162, "28": 0.05003302339728444, "29": 0.49996387365991757, "30": 0.4999638562661213, "31": 0.49996634459173683, "32": 0.49995983231739155, "33": 0.4999744170906357, "34": 0.9499960606664484, "35": 0.4999615457957981, "36": 0.9499865143379032, "37": 0.4999596524340554, "38": 0.4999638980937108, "39": 0.4999621284816238, "40": 0.9499948831178684, "41": 0.49996958578595496, "42": 0.499971922926305, "43": 0.49995682482870607, "44": 0.49996460042010793, "45": 0.49996199810384157, "46": 0.49995925192860646, "47": 0.49996034043571275, "48": 0.49995947899408866, "49": 0.4999608349815455, "50": 0.9499859779347167, "51": 0.49998039531171323, "52": 0.4999666663110896, "53": 0.49995682717400464, "54": 0.9499967527976828, "55": 0.4999607572424797, "56": 0.4999666663110896, "57": 0.4999555616873605, "58": 0.4999638562661213, "59": 0.05002156567682302, "60": 0.49997388007056015, "61": 0.9499859779347167, "62": 0.49996539579741467, "63": 0.49997642591598196, "64": 0.49996326802036206, "65": 0.9499870111907315, "66": 0.4999555616873605, "67": 0.4999676123642893, "68": 0.49998427200437384, "69": 0.49996181846422955, "70": 0.4999598990925148, "71": 0.4999727714292975, "72": 0.499961305854994, "73": 0.4999579943679248, "74": 0.4999598990925148, "75": 0.49996181846422955, "76": 0.4999712026824663, "77": 0.05002156567682302, "78": 0.49996816150607537, "79": 0.49995756826105986, "80": 0.49996958578595496, "81": 0.49995477092324114, "82": 0.49995682482870607, "83": 0.49996279313958714, "84": 0.9499904575013904, "85": 0.4999704540417965, "86": 0.4999646526950736, "87": 0.4999676123642893, "88": 0.4999621284816238, "89": 0.49995777670863384, "90": 0.49996279313958714, "91": 0.9499988947620477, "92": 0.49996310795367765, "93": 0.49996435704902903, "94": 0.49998002496327965, "95": 0.4999828131522564, "96": 0.49996435704902903, "97": 0.4999704540417965, "98": 0.49995947899408866, "99": 0.49997642591598196}, "2": {"0": 0.9499848513652462, "1": 0.49997315530530867, "2": 0.499982894538185, "3": 0.9499888013093327, "4": 0.4999827213091889, "5": 0.49997473680815385, "6": 0.49998238760186925, "7": 0.9499739917993173, "8": 0.4999846816313059, "9": 0.49997889979110527, "10": 0.49997736113475993, "11": 0.49998701760109715, "12": 0.9499825763696073, "13": 0.49999139471912457, "14": 0.9499774536946997, "15": 0.4999748830303329, "16": 0.4999874303359407, "17": 0.050004105959239334, "18": 0.499976615793055, "19": 0.4999745090445315, "20": 0.49997676818738945, "21": 0.4999888908519451, "22": 0.9499884776525676, "23": 0.4999842553225388, "24": 0.4999778131960754, "25": 0.4999767686825979, "26": 0.4999884805474703, "27": 0.4999762424858626, "28": 0.4999872362446055, "29": 0.4999868859942287, "30": 0.49997791134410974, "31": 0.49998093784628467, "32": 0.9499863140438484, "33": 0.49998744151516644, "34": 0.49998035382867134, "35": 0.4999842553225388, "36": 0.4999823735337662, "37": 0.499976285727572, "38": 0.49999444542597254, "39": 0.49998368653864717, "40": 0.4999748307592904, "41": 0.49998325358977286, "42": 0.4999808740438557, "43": 0.49997781819575426, "44": 0.49998046980804384, "45": 0.49997991881869497, "46": 0.949971148581746, "47": 0.9499848513652462, "48": 0.49997991881869497, "49": 0.49997789537783743, "50": 0.949971148581746, "51": 0.050016423836957334, "52": 0.49997870921660764, "53": 0.4999815487525595, "54": 0.4999761267562739, "55": 0.9499866970159354, "56": 0.49997791134410974, "57": 0.49997636272623347, "58": 0.4999768209899247, "59": 0.49997599821846483, "60": 0.4999892547784109, "61": 0.4999892310669719, "62": 0.9499826129711746, "63": 0.9499713036570068, "64": 0.49997676818738945, "65": 0.4999762424858626, "66": 0.9499884776525676, "67": 0.49998066919273976, "68": 0.49998160141068376, "69": 0.4999823735337662, "70": 0.49997984120206473, "71": 0.499976285727572, "72": 0.4999831202638292, "73": 0.9499774536946997, "74": 0.9499888013093327, "75": 0.49997850955682177, "76": 0.499979616589457, "77": 0.49997521744271345, "78": 0.9499705208866825, "79": 0.499976615793055, "80": 0.49999184326932355, "81": 0.49997893293301954, "82": 0.4999772148528904, "83": 0.49997781819575426, "84": 0.499968170342186, "85": 0.4999748307592904, "86": 0.9499882691021961, "87": 0.49998946646650977, "88": 0.9499849156117943, "89": 0.4999775074166295, "90": 0.49998868056738, "91": 0.4999844936047599, "92": 0.49998160141068376, "93": 0.49997940373209526, "94": 0.4999768209899247, "95": 0.4999911938009346, "96": 0.49999023490402195, "97": 0.49997908829903914, "98": 0.49997521744271345, "99": 0.4999914472690925}, "3": {"0": 0.500071259912292, "1": 0.5000691843577245, "2": 0.500049434728801,