{"0": {"0": 0.05000006414397615, "1": 0.05000006184080597, "2": 0.4920437390234389, "3": 0.050000054185951416, "4": 0.0500000531131224, "5": 0.4920437390234389, "6": 0.050000040856112954, "7": 0.4920437390234389, "8": 0.0500000392548212, "9": 0.4920437390234389, "10": 0.9499998144156718, "11": 0.4920437390234389, "12": 0.9499998217108534, "13": 0.9499998750890275, "14": 0.9499998498222424, "15": 0.4920437390234389, "16": 0.9499997915540468, "17": 0.4920437390234389, "18": 0.05000003693199167, "19": 0.4920437390234389, "20": 0.05000002249885131, "21": 0.949999864897452, "22": 0.05000005077862082, "23": 0.4920437390234389, "24": 0.4920437390234389, "25": 0.050000029569481935, "26": 0.4920437390234389, "27": 0.4920437390234389, "28": 0.94999993657633, "29": 0.949999890541018, "30": 0.05000001401995048, "31": 0.9499997915540468, "32": 0.05000004639241991, "33": 0.4920437390234389, "34": 0.05000004778231202, "35": 0.05000004454003772, "36": 0.05000005591990087, "37": 0.9499998478706744, "38": 0.05000004871640643, "39": 0.05000003868978867, "40": 0.05000004437866891, "41": 0.4920437390234389, "42": 0.9499998357326457, "43": 0.4920437390234389, "44": 0.4920437390234389, "45": 0.9499999116298653, "46": 0.05000005077862082, "47": 0.05000001846599583, "48": 0.4920437390234389, "49": 0.4920437390234389, "50": 0.4920437390234389, "51": 0.4920437390234389, "52": 0.4920437390234389, "53": 0.4920437390234389, "54": 0.4920437390234389, "55": 0.4920437390234389, "56": 0.9499998656961225, "57": 0.4920437390234389, "58": 0.0500000392548212, "59": 0.9499998043873966, "60": 0.4920437390234389, "61": 0.050000023891156015, "62": 0.4920437390234389, "63": 0.9499999188945121, "64": 0.05000003063156941, "65": 0.9499999072078359, "66": 0.05000002469412327, "67": 0.4920437390234389, "68": 0.949999864897452, "69": 0.05000004639241991, "70": 0.4920437390234389, "71": 0.9499998509439029, "72": 0.4920437390234389, "73": 0.4920437390234389, "74": 0.9499998699039807, "75": 0.4920437390234389, "76": 0.4920437390234389, "77": 0.4920437390234389, "78": 0.05000004454003772, "79": 0.4920437390234389, "80": 0.4920437390234389, "81": 0.9499998058457577, "82": 0.050000054185951416, "83": 0.4920437390234389, "84": 0.9499998316367093, "85": 0.050000040856112954, "86": 0.4920437390234389, "87": 0.4920437390234389, "88": 0.4920437390234389, "89": 0.05000003063156941, "90": 0.9499998699039807, "91": 0.4920437390234389, "92": 0.4920437390234389, "93": 0.9499999026001654, "94": 0.9499998316367093, "95": 0.9499998498222424, "96": 0.9499999239353372, "97": 0.9499998509439029, "98": 0.4920437390234389, "99": 0.05000003868978867}, "1": {"0": 0.05000000836451442, "1": 0.4847989376252696, "2": 0.05000001213359281, "3": 0.9499998997888115, "4": 0.9499999169879841, "5": 0.9499999139365578, "6": 0.9499999567146061, "7": 0.9499999057877866, "8": 0.050000012578846946, "9": 0.9499998810619859, "10": 0.050000009938046805, "11": 0.050000011843634395, "12": 0.05000000836451442, "13": 0.4847989376252696, "14": 0.4847989376252696, "15": 0.4847989376252696, "16": 0.05000001363375409, "17": 0.05000001537997292, "18": 0.050000011557585225, "19": 0.05000001244850511, "20": 0.9499999667764173, "21": 0.050000008871156076, "22": 0.4847989376252696, "23": 0.4847989376252696, "24": 0.4847989376252696, "25": 0.050000005276322444, "26": 0.4847989376252696, "27": 0.9499999226412289, "28": 0.4847989376252696, "29": 0.050000010544262556, "30": 0.05000001064956822, "31": 0.050000011331543186, "32": 0.4847989376252696, "33": 0.9499999688637684, "34": 0.050000010544262556, "35": 0.9499998824332319, "36": 0.4847989376252696, "37": 0.4847989376252696, "38": 0.9499999012905777, "39": 0.9499999418586388, "40": 0.4847989376252696, "41": 0.4847989376252696, "42": 0.9499998805618532, "43": 0.9499998977170502, "44": 0.4847989376252696, "45": 0.4847989376252696, "46": 0.9499998973886921, "47": 0.4847989376252696, "48": 0.050000011004937533, "49": 0.4847989376252696, "50": 0.4847989376252696, "51": 0.4847989376252696, "52": 0.05000001135714599, "53": 0.4847989376252696, "54": 0.9499998997888115, "55": 0.4847989376252696, "56": 0.4847989376252696, "57": 0.05000001008251175, "58": 0.9499998920916423, "59": 0.4847989376252696, "60": 0.4847989376252696, "61": 0.4847989376252696, "62": 0.9499998973886921, "63": 0.050000009938046805, "64": 0.050000009505782664, "65": 0.05000001084118675, "66": 0.4847989376252696, "67": 0.949999901554317, "68": 0.05000001212085371, "69": 0.05000000522051745, "70": 0.4847989376252696, "71": 0.05000001244850511, "72": 0.4847989376252696, "73": 0.4847989376252696, "74": 0.9499998942646468, "75": 0.9499999287026187, "76": 0.4847989376252696, "77": 0.4847989376252696, "78": 0.9499999528938933, "79": 0.4847989376252696, "80": 0.05000000768435915, "81": 0.4847989376252696, "82": 0.9499999043103995, "83": 0.9499998977170502, "84": 0.9499999191767394, "85": 0.05000000768998646, "86": 0.949999901554317, "87": 0.4847989376252696, "88": 0.050000011843634395, "89": 0.4847989376252696, "90": 0.05000000628942347, "91": 0.05000001008251175, "92": 0.9499999191767394, "93": 0.4847989376252696, "94": 0.4847989376252696, "95": 0.4847989376252696, "96": 0.4847989376252696, "97": 0.4847989376252696, "98": 0.9499999226412289, "99": 0.4847989376252696}, "2": {"0": 0.9499999478563107, "1": 0.05000008507918765, "2": 0.05000010205662675, "3": 0.9499999809503268, "4": 0.5353573551754289, "5": 0.0500000616567873, "6": 0.050000087249320826, "7": 0.5353573551754289, "8": 0.5353573551754289, "9": 0.9499999499076266, "10": 0.9499999629937623, "11": 0.05000009184125384, "12": 0.050000068146638946, "13": 0.050000057103855106, "14": 0.05000007681090457, "15": 0.5353573551754289, "16": 0.9499999473204762, "17": 0.9499999776662787, "18": 0.5353573551754289, "19": 0.05000005980664492, "20": 0.5353573551754289, "21": 0.5353573551754289, "22": 0.9499999504697059, "23": 0.05000008231786324, "24": 0.5353573551754289, "25": 0.5353573551754289, "26": 0.5353573551754289, "27": 0.05000007690664078, "28": 0.050000052881180895, "29": 0.5353573551754289, "30": 0.5353573551754289, "31": 0.050000087036955965, "32": 0.949999948409294, "33": 0.5353573551754289, "34": 0.5353573551754289, "35": 0.05000005532435661, "36": 0.05000006553654348, "37": 0.949999949660169, "38": 0.9499999659518485, "39": 0.5353573551754289, "40": 0.05000009077974574, "41": 0.9499999677193367, "42": 0.0500000840042559, "43": 0.9499999776662787, "44": 0.05000009764898029, "45": 0.9499999483382443, "46": 0.05000008292932416, "47": 0.9499999557946828, "48": 0.5353573551754289, "49": 0.9499999778973414, "50": 0.5353573551754289, "51": 0.5353573551754289, "52": 0.9499999499076266, "53": 0.9499999624849886, "54": 0.9499999449736634, "55": 0.5353573551754289, "56": 0.05000005483745626, "57": 0.5353573551754289, "58": 0.050000042465136035, "59": 0.05000005483745626, "60": 0.9499999483382443, "61": 0.05000009077974574, "62": 0.5353573551754289, "63": 0.949999980173344, "64": 0.5353573551754289, "65": 0.050000018136883165, "66": 0.5353573551754289, "67": 0.5353573551754289, "68": 0.5353573551754289, "69": 0.9499999568058464, "70": 0.0500000840042559, "71": 0.05000005344055769, "72": 0.05000006569516642, "73": 0.0500000422222763, "74": 0.5353573551754289, "75": 0.9499999478563107, "76": 0.05000008372405637, "77": 0.9499999724868317, "78": 0.5353573551754289, "79": 0.05000002111113815, "80": 0.05000005344055769, "81": 0.94999995677857, "82": 0.5353573551754289, "83": 0.050000030828393646, "84": 0.05000010205662675, "85": 0.94999995677857, "86": 0.5353573551754289, "87": 0.5353573551754289, "88": 0.9499999480163612, "89": 0.5353573551754289, "90": 0.5353573551754289, "91": 0.9499999637835301, "92": 0.9499999535696131, "93": 0.05000008372405637, "94": 0.05000005532435661, "95": 0.9499999535696131, "96": 0.949999981891765, "97": 0.5353573551754289, "98": 0.9499999568058464, "99": 0.050000052881180895}, "3": {"0": 0.9499999064756719, "1": 0.4840672048537328, "2": 0.9499999114678463, "3": 0.4840672048537328,