{"0": {"0": 0.3119923656629483, "1": 0.7384955912274361, "2": 0.07272951173713615, "3": 0.3429032664739957, "4": 0.10759108074794843, "5": 0.03948443620680614, "6": 0.6761981540990913, "7": 0.16125249469621428, "8": 0.22130159058548032, "9": 0.5337112639386391, "10": 0.6761981540990913, "11": 0.6562592230494575, "12": 0.16870580684982134, "13": 0.6283757728086288, "14": 0.5769439140505277, "15": 0.6388379907990422, "16": 0.020586198164607716, "17": 0.7680740296641346, "18": 0.43293210632110857, "19": 0.263941029949762, "20": 0.5539571099634141, "21": 0.2963311157362687, "22": 0.07272951173713615, "23": 0.10759108074794843, "24": 0.12357762181047702, "25": 0.020586198164607716, "26": 0.6241807789404985, "27": 0.5010225569768587, "28": 0.16870580684982134, "29": 0.20436103394320188, "30": 0.263941029949762, "31": 0.5085416374425238, "32": 0.17378025593722563, "33": 0.6283757728086288, "34": 0.6072507460844327, "35": 0.03948443620680614, "36": 0.5907636927087442, "37": 0.10759108074794843, "38": 0.12357762181047702, "39": 0.3429032664739957, "40": 0.7211280859387745, "41": 0.5337112639386391, "42": 0.06676340423690422, "43": 0.5194298491799667, "44": 0.4009115442061429, "45": 0.17378025593722563, "46": 0.7384955912274361, "47": 0.4009115442061429, "48": 0.7680740296641346, "49": 0.7242608019859906, "50": 0.6241807789404985, "51": 0.8960622190900078, "52": 0.7164163533089651, "53": 0.16125249469621428, "54": 0.7242608019859906, "55": 0.29862595684015775, "56": 0.12357762181047702, "57": 0.20436103394320188, "58": 0.8038196042621826, "59": 0.2567903203941742, "60": 0.5232574693322405, "61": 0.020586198164607716, "62": 0.7164163533089651, "63": 0.5232574693322405, "64": 0.8099483119737032, "65": 0.5539571099634141, "66": 0.263941029949762, "67": 0.26480171683773074, "68": 0.5194298491799667, "69": 0.6388379907990422, "70": 0.6562592230494575, "71": 0.7680740296641346, "72": 0.3119923656629483, "73": 0.8814154636982447, "74": 0.5907636927087442, "75": 0.8038196042621826, "76": 0.6562592230494575, "77": 0.06676340423690422, "78": 0.2567903203941742, "79": 0.2963311157362687, "80": 0.26480171683773074, "81": 0.06676340423690422, "82": 0.8960622190900078, "83": 0.97553325387374, "84": 0.26086612784664887, "85": 0.6072507460844327, "86": 0.43293210632110857, "87": 0.5085416374425238, "88": 0.29862595684015775, "89": 0.22130159058548032, "90": 0.43293210632110857, "91": 0.26086612784664887, "92": 0.6761981540990913, "93": 0.8814154636982447, "94": 0.5769439140505277, "95": 0.97553325387374, "96": 0.5010225569768587, "97": 0.8038196042621826, "98": 0.8099483119737032, "99": 0.7211280859387745}, "1": {"0": 0.05709526528079388, "1": 0.3813482915210448, "2": 0.8084208549724808, "3": 0.1584110345308591, "4": 0.9198261162676726, "5": 0.8303276294384379, "6": 0.9568466842116855, "7": 0.4463236576811359, "8": 0.41271178081260074, "9": 0.17686163941881186, "10": 0.6667917076336559, "11": 0.04796753221828419, "12": 0.2555907252476595, "13": 0.544116252547563, "14": 0.7126116848703075, "15": 0.41271178081260074, "16": 0.05709526528079388, "17": 0.1544937538152072, "18": 0.42807173358872186, "19": 0.4788792805579683, "20": 0.4463236576811359, "21": 0.5381075035528773, "22": 0.6667917076336559, "23": 0.18660183127639696, "24": 0.9266762779851334, "25": 0.5496366589064607, "26": 0.9198261162676726, "27": 0.7126116848703075, "28": 0.9735660090848746, "29": 0.33161918060649975, "30": 0.34643887853153643, "31": 0.06592576872417197, "32": 0.8877717030409793, "33": 0.11520268984608714, "34": 0.1209429925430725, "35": 0.33161918060649975, "36": 0.11320592976584123, "37": 0.3612331587764196, "38": 0.9774427730142424, "39": 0.42807173358872186, "40": 0.7149816311995632, "41": 0.16232831524651103, "42": 0.7910591081130265, "43": 0.7183830265013856, "44": 0.1584110345308591, "45": 0.5644450878746718, "46": 0.8877717030409793, "47": 0.8303276294384379, "48": 0.34643887853153643, "49": 0.5212686674488559, "50": 0.05709526528079388, "51": 0.06592576872417197, "52": 0.04796753221828419, "53": 0.6522757635371363, "54": 0.2555907252476595, "55": 0.6522757635371363, "56": 0.9774427730142424, "57": 0.42807173358872186, "58": 0.8441613340927536, "59": 0.17686163941881186, "60": 0.37285937472753916, "61": 0.8441613340927536, "62": 0.5212686670901399, "63": 0.05709526528079388, "64": 0.9568466842116855, "65": 0.16682954887394685, "66": 0.7910591081130265, "67": 0.1209429925430725, "68": 0.449779175391776, "69": 0.5212686674488559, "70": 0.5352348493046669, "71": 0.7126116848703075, "72": 0.5352348493046669, "73": 0.690019985595774, "74": 0.5496366589064607, "75": 0.16682954887394685, "76": 0.449779175391776, "77": 0.9735660090848746, "78": 0.04796753221828419, "79": 0.37285937472753916, "80": 0.18660183127639696, "81": 0.7183830265013856, "82": 0.5381075035528773, "83": 0.7149816311995632, "84": 0.8976082724262271, "85": 0.3612331587764196, "86": 0.3813482915210448, "87": 0.11320592976584123, "88": 0.16232831524651103, "89": 0.8976082724262271, "90": 0.9735660090848746, "91": 0.8303276294384379, "92": 0.8084208549724808, "93": 0.690019985595774, "94": 0.11520268984608714, "95": 0.4788792805579683, "96": 0.544116252547563, "97": 0.9266762779851334, "98": 0.1544937538152072, "99": 0.5644450878746718}, "2": {"0": 0.6590979476979951, "1": 0.8241293617982474, "2": 0.08576149041880185, "3": 0.5025032182607492, "4": 0.7657642718632081, "5": 0.2212272577362851, "6": 0.3368705510213336, "7": 0.5025032182607492, "8": 0.2212272577362851, "9": 0.3191429355376091, "10": 0.18836445673241065, "11": 0.5109065499593053, "12": 0.8472837844139913, "13": 0.7111405711555826, "14": 0.3140376868125634, "15": 0.2541899586237869, "16": 0.26333200331942586, "17": 0.624406965435067, "18": 0.8472837844139913, "19": 0.5437710264381881, "20": 0.3191429355376091, "21": 0.5109065499593053, "22": 0.023411371477056783, "23": 0.5856314307665582, "24": 0.6840867725639819, "25": 0.9679698359680815, "26": 0.7253437112922754, "27": 0.2993871002913632, "28": 0.9603908625814028, "29": 0.023411371477056783, "30": 0.48546628001491826, "31": 0.1420606522678504, "32": 0.49097408237618784, "33": 0.6840867725639819, "34": 0.08831941900406715, "35": 0.3947955445232023, "36": 0.3368705510213336, "37": 0.5776947091364903, "38": 0.48546628001491826, "39": 0.6590979476979951, "40": 0.42899919932702507, "41": 0.8739422715445898, "42": 0.4004806656118401, "43": 0.8739422715445898, "44": 0.13340908585220534, "45": 0.023411371477056783, "46": 0.7024815176260297, "47": 0.7111405711555826, "48": 0.7253437112922754, "49": 0.07207536929181993, "50": 0.3140376868125634, "51": 0.5540306240770076, "52": 0.9603908625814028, "53": 0.8241293617982474, "54": 0.18836445673241065, "55": 0.3947955445232023, "56": 0.1420606522678504, "57": 0.35621268397548267, "58": 0.7788199340163255, "59": 0.2541899586237869, "60": 0.6743846040247149, "61": 0.6840867725639819, "62": 0.5540306240770076, "63": 0.8472837844139913, "64": 0.08831941900406715, "65": 0.5437710264381881, "66": 0.5856314307665582, "67": 0.4004806656118401, "68": 0.6743846040247149, "69": 0.624406965435067, "70": 0.26333200331942586, "71": 0.9726413511353988, "72": 0.08576149041880185, "73": 0.11881159412551812, "74": 0.05364116973508476, "75": 0.13340908585220534, "76": 0.9679698359680815, "77": 0.7788199340163255, "78": 0.7253437112922754, "79": 0.5326701176871397, "80": 0.624406965435067, "81": 0.9726413511353988, "82": 0.5776947091364903, "83": 0.18836445673241065, "84": 0.49097408237618784, "85": 0.07207536929181993, "86": 0.5326701176871397, "87": 0.26333200331942586, "88": 0.5776947091364903, "89": 0.42899919932702507, "90": 0.35621268397548267, "91": 0.7657642718632081, "92": 0.11881159412551812, "93": 0.7024815176260297, "94": 0.5856314307665582, "95": 0.13340908585220534, "96": 0.7657642718632081, "97": 0.05364116973508476, "98": 0.5776947091364903, "99": 0.2993871002913632}, "3": {"0": 0.49616409519791993, "1": 0.04427531766602852, "2": 0.04427531766602852, "3": 0.06885772373964971,