{"0": {"0": 0.5353072676437345, "1": 0.5353072676437345, "2": 0.5353072676437345, "3": 0.5353072676437345, "4": 0.5353072676437345, "5": 0.5353072676437345, "6": 0.5353072676437345, "7": 0.5353072676437345, "8": 0.5353072676437345, "9": 1.302202755764368e-06, "10": 0.5353072676437345, "11": 0.5353072676437345, "12": 0.5353072676437345, "13": 0.5353072676437345, "14": 0.5353072676437345, "15": 0.5353072676437345, "16": 2.49302354011882e-06, "17": 0.5353072676437345, "18": 0.5353072676437345, "19": 0.5353072676437345, "20": 0.5353072676437345, "21": 0.5353072676437345, "22": 0.5353072676437345, "23": 0.5353072676437345, "24": 0.5353072676437345, "25": 0.5353072676437345, "26": 0.5353072676437345, "27": 0.5353072676437345, "28": 0.5353072676437345, "29": 0.5353072676437345, "30": 0.5353072676437345, "31": 0.5353072676437345, "32": 0.5353072676437345, "33": 0.5353072676437345, "34": 0.5353072676437345, "35": 0.5353072676437345, "36": 0.5353072676437345, "37": 0.5353072676437345, "38": 0.5353072676437345, "39": 0.5353072676437345, "40": 0.5353072676437345, "41": 1.519702623342565e-06, "42": 0.5353072676437345, "43": 0.5353072676437345, "44": 0.5353072676437345, "45": 0.5353072676437345, "46": 0.5353072676437345, "47": 0.5353072676437345, "48": 0.5353072676437345, "49": 0.5353072676437345, "50": 0.5353072676437345, "51": 0.5353072676437345, "52": 0.5353072676437345, "53": 0.5353072676437345, "54": 0.5353072676437345, "55": 0.5353072676437345, "56": 0.5353072676437345, "57": 0.5353072676437345, "58": 0.5353072676437345, "59": 0.5353072676437345, "60": 0.5353072676437345, "61": 0.5353072676437345, "62": 0.5353072676437345, "63": 0.5353072676437345, "64": 0.5353072676437345, "65": 0.5353072676437345, "66": 0.5353072676437345, "67": 0.5353072676437345, "68": 0.5353072676437345, "69": 0.5353072676437345, "70": 0.5353072676437345, "71": 7.598513116712825e-07, "72": 0.5353072676437345, "73": 0.5353072676437345, "74": 0.5353072676437345, "75": 0.5353072676437345, "76": 0.5353072676437345, "77": 0.5353072676437345, "78": 0.5353072676437345, "79": 0.5353072676437345, "80": 0.5353072676437345, "81": 0.5353072676437345, "82": 5.074843828520902e-07, "83": 0.5353072676437345, "84": 0.5353072676437345, "85": 0.5353072676437345, "86": 0.5353072676437345, "87": 0.5353072676437345, "88": 0.5353072676437345, "89": 0.5353072676437345, "90": 0.5353072676437345, "91": 0.5353072676437345, "92": 0.5353072676437345, "93": 0.5353072676437345, "94": 0.5353072676437345, "95": 0.5353072676437345, "96": 0.5353072676437345, "97": 1.302202755764368e-06, "98": 0.5353072676437345, "99": 0.5353072676437345}, "1": {"0": 0.46961632025665834, "1": 0.46961632025665834, "2": 0.46961632025665834, "3": 0.46961632025665834, "4": 0.46961632025665834, "5": 0.46961632025665834, "6": 0.46961632025665834, "7": 0.46961632025665834, "8": 0.46961632025665834, "9": 0.46961632025665834, "10": 0.46961632025665834, "11": 0.46961632025665834, "12": 0.46961632025665834, "13": 0.46961632025665834, "14": 0.46961632025665834, "15": 0.46961632025665834, "16": 0.46961632025665834, "17": 0.46961632025665834, "18": 0.46961632025665834, "19": 0.46961632025665834, "20": 0.46961632025665834, "21": 0.46961632025665834, "22": 0.46961632025665834, "23": 0.46961632025665834, "24": 0.46961632025665834, "25": 0.46961632025665834, "26": 0.46961632025665834, "27": 0.46961632025665834, "28": 0.46961632025665834, "29": 0.46961632025665834, "30": 0.46961632025665834, "31": 0.46961632025665834, "32": 0.46961632025665834, "33": 0.46961632025665834, "34": 0.46961632025665834, "35": 0.46961632025665834, "36": 0.46961632025665834, "37": 0.46961632025665834, "38": 0.46961632025665834, "39": 0.46961632025665834, "40": 0.46961632025665834, "41": 0.46961632025665834, "42": 0.46961632025665834, "43": 0.46961632025665834, "44": 0.46961632025665834, "45": 0.46961632025665834, "46": 0.46961632025665834, "47": 0.46961632025665834, "48": 0.46961632025665834, "49": 0.46961632025665834, "50": 0.46961632025665834, "51": 0.46961632025665834, "52": 0.46961632025665834, "53": 0.46961632025665834, "54": 0.46961632025665834, "55": 0.46961632025665834, "56": 0.46961632025665834, "57": 0.46961632025665834, "58": 0.46961632025665834, "59": 0.46961632025665834, "60": 0.46961632025665834, "61": 0.46961632025665834, "62": 0.46961632025665834, "63": 0.46961632025665834, "64": 0.46961632025665834, "65": 0.46961632025665834, "66": 0.46961632025665834, "67": 0.46961632025665834, "68": 0.46961632025665834, "69": 0.46961632025665834, "70": 0.46961632025665834, "71": 0.46961632025665834, "72": 0.46961632025665834, "73": 0.46961632025665834, "74": 0.46961632025665834, "75": 0.46961632025665834, "76": 0.46961632025665834, "77": 0.46961632025665834, "78": 0.46961632025665834, "79": 0.46961632025665834, "80": 0.46961632025665834, "81": 0.46961632025665834, "82": 0.46961632025665834, "83": 0.46961632025665834, "84": 0.46961632025665834, "85": 0.46961632025665834, "86": 0.46961632025665834, "87": 0.46961632025665834, "88": 0.46961632025665834, "89": 0.46961632025665834, "90": 0.46961632025665834, "91": 0.46961632025665834, "92": 0.46961632025665834, "93": 0.46961632025665834, "94": 0.46961632025665834, "95": 0.46961632025665834, "96": 0.46961632025665834, "97": 0.46961632025665834, "98": 0.46961632025665834, "99": 0.46961632025665834}, "2": {"0": 0.5481126404124266, "1": 0.5481126404124266, "2": 0.5481126404124266, "3": 0.5481126404124266, "4": 0.5481126404124266, "5": 0.5481126404124266, "6": 0.5481126404124266, "7": 0.5481126404124266, "8": 0.5481126404124266, "9": 0.5481126404124266, "10": 0.5481126404124266, "11": 0.5481126404124266, "12": 0.5481126404124266, "13": 0.5481126404124266, "14": 0.5481126404124266, "15": 0.5481126404124266, "16": 0.5481126404124266, "17": 0.5481126404124266, "18": 0.5481126404124266, "19": 0.5481126404124266, "20": 0.5481126404124266, "21": 0.5481126404124266, "22": 0.5481126404124266, "23": 0.5481126404124266, "24": 0.5481126404124266, "25": 0.5481126404124266, "26": 0.5481126404124266, "27": 0.5481126404124266, "28": 0.5481126404124266, "29": 0.5481126404124266, "30": 0.5481126404124266, "31": 0.5481126404124266, "32": 0.5481126404124266, "33": 0.5481126404124266, "34": 5.92679336662861e-07, "35": 0.5481126404124266, "36": 0.5481126404124266, "37": 0.5481126404124266, "38": 0.5481126404124266, "39": 0.5481126404124266, "40": 0.5481126404124266, "41": 0.5481126404124266, "42": 0.5481126404124266, "43": 0.5481126404124266, "44": 0.5481126404124266, "45": 0.5481126404124266, "46": 0.5481126404124266, "47": 0.5481126404124266, "48": 0.5481126404124266, "49": 0.5481126404124266, "50": 6.485106343337557e-07, "51": 0.5481126404124266, "52": 0.5481126404124266, "53": 0.5481126404124266, "54": 0.5481126404124266, "55": 0.5481126404124266, "56": 0.5481126404124266, "57": 0.5481126404124266, "58": 0.5481126404124266, "59": 0.5481126404124266, "60": 0.5481126404124266, "61": 0.5481126404124266, "62": 0.5481126404124266, "63": 0.5481126404124266, "64": 0.5481126404124266, "65": 0.5481126404124266, "66": 0.5481126404124266, "67": 0.5481126404124266, "68": 5.112196485598606e-07, "69": 0.5481126404124266, "70": 0.5481126404124266, "71": 0.5481126404124266, "72": 0.5481126404124266, "73": 0.5481126404124266, "74": 0.5481126404124266, "75": 0.5481126404124266, "76": 0.5481126404124266, "77": 0.5481126404124266, "78": 0.5481126404124266, "79": 0.5481126404124266, "80": 0.5481126404124266, "81": 0.5481126404124266, "82": 0.5481126404124266, "83": 0.5481126404124266, "84": 0.5481126404124266, "85": 1.185358673325722e-06, "86": 0.5481126404124266, "87": 0.5481126404124266, "88": 0.5481126404124266, "89": 0.5481126404124266, "90": 0.5481126404124266, "91": 0.5481126404124266, "92": 0.5481126404124266, "93": 0.5481126404124266, "94": 0.5481126404124266, "95": 0.5481126404124266, "96": 0.5481126404124266, "97": 0.5481126404124266, "98": 0.5481126404124266, "99": 0.5481126404124266}, "3": {"0": 4.1563411165231956e-05, "1": 3.366761916486388e-05,