{"0": {"0": 0.5771107817166397, "1": 0.3838637971608697, "2": 4.045774450374514e-06, "3": 0.8685615301248417, "4": 4.517590322001905e-06, "5": 0.9849374304188789, "6": 0.4585652947796671, "7": 0.9325293105135376, "8": 0.5282054455785137, "9": 4.36044692899171e-06, "10": 4.349805376512409e-06, "11": 0.5282054455785137, "12": 0.3957780786730414, "13": 0.30372724336354673, "14": 0.3957780786730414, "15": 0.865906671463218, "16": 3.4020133827447934e-06, "17": 1.2356795092975355e-06, "18": 0.30551393411182215, "19": 0.9357271959920801, "20": 0.8410878083689047, "21": 0.23548340801940748, "22": 0.6227457855227428, "23": 0.47266249149285355, "24": 0.865906671463218, "25": 0.6680572423343389, "26": 4.542785857116863e-06, "27": 0.9325293105135376, "28": 0.3360052531363942, "29": 2.6251585025733027e-06, "30": 0.4123564532730499, "31": 4.680226592780432e-06, "32": 0.4123564532730499, "33": 0.9466621598909971, "34": 0.7606686743038529, "35": 0.5742530954459176, "36": 0.7109002113721355, "37": 0.5845095569048513, "38": 0.8829358632340367, "39": 0.3360052531363942, "40": 0.4767879018446488, "41": 0.5282054455785137, "42": 0.2424234613990511, "43": 0.3838637971608697, "44": 0.8046030250133498, "45": 0.47266249149285355, "46": 0.2095416228451047, "47": 4.599349098327701e-06, "48": 0.5845095569048513, "49": 0.8829358632340367, "50": 1.8694318891627828e-06, "51": 0.9792953925911616, "52": 0.7151857269415983, "53": 0.23548340801940748, "54": 0.7109002113721355, "55": 0.22180991109706322, "56": 0.4585652947796671, "57": 0.46537373079771127, "58": 0.9466621598909971, "59": 0.46537373079771127, "60": 0.4123564532730499, "61": 0.30551393411182215, "62": 0.20503159556789818, "63": 0.6680572423343389, "64": 0.9792953925911616, "65": 0.27136135879889395, "66": 0.9357271959920801, "67": 4.643356649711333e-06, "68": 0.8685615301248417, "69": 4.85805170772444e-06, "70": 0.22180991109706322, "71": 4.169958982301487e-06, "72": 0.2095416228451047, "73": 0.3957780786730414, "74": 0.20503159556789818, "75": 0.4767879018446488, "76": 0.7606686743038529, "77": 3.405418098113464e-06, "78": 0.30372724336354673, "79": 0.5771107817166397, "80": 0.8046030250133498, "81": 0.7151857269415983, "82": 0.5742530954459176, "83": 0.6680572423343389, "84": 3.4020133827447934e-06, "85": 0.9849374304188789, "86": 2.2587951610009525e-06, "87": 3.405418098113464e-06, "88": 0.7806549219615067, "89": 4.349805376512409e-06, "90": 0.6227457855227428, "91": 0.9849374304188789, "92": 0.27136135879889395, "93": 0.2424234613990511, "94": 0.8410878083689047, "95": 0.2095416228451047, "96": 0.3360052531363942, "97": 0.7806549219615067, "98": 2.180223464495855e-06, "99": 0.4585652947796671}, "1": {"0": 0.4141915352951529, "1": 0.2258434562000502, "2": 7.19109154779007e-06, "3": 6.610317586073492e-06, "4": 0.279034141613515, "5": 6.680322827625931e-06, "6": 0.8998753631446068, "7": 0.4150537987833609, "8": 0.3056769310667712, "9": 8.168317360930067e-06, "10": 7.080554686285242e-06, "11": 0.41840980964592883, "12": 0.4150537987833609, "13": 0.32954536199152984, "14": 0.5230458391351123, "15": 0.4444818132571665, "16": 0.8696809960160989, "17": 0.9807472189807513, "18": 0.8088595874839468, "19": 0.9423592591250829, "20": 7.108604165253163e-06, "21": 0.6674941027974436, "22": 5.2533941163223805e-06, "23": 0.5749439070979199, "24": 0.5227732600443704, "25": 0.5115983389302203, "26": 6.610317586073492e-06, "27": 7.502272606080254e-06, "28": 0.32954536199152984, "29": 0.5749439070979199, "30": 0.33402964376356137, "31": 0.7461536063806888, "32": 0.5239998659527085, "33": 0.550450094552678, "34": 0.41840980964592883, "35": 0.637032837333328, "36": 0.935217813143146, "37": 0.4141915352951529, "38": 0.27780755654927025, "39": 0.5274579137869992, "40": 7.502272606080254e-06, "41": 7.818542511867246e-06, "42": 0.6042274767881786, "43": 0.4119961486457361, "44": 0.6042274767881786, "45": 6.197733403050254e-06, "46": 0.7101482668114802, "47": 0.935217813143146, "48": 0.9751225846847571, "49": 0.8326368740325256, "50": 0.7587377693305404, "51": 0.6674941027974436, "52": 0.5239998659527085, "53": 0.5227732600443704, "54": 0.7101482668114802, "55": 0.8617447187749118, "56": 0.27780755654927025, "57": 0.7461536063806888, "58": 0.7587377693305404, "59": 0.8326368740325256, "60": 0.33402964376356137, "61": 0.8955247670017246, "62": 0.5115983389302203, "63": 0.9751225846847571, "64": 0.550450094552678, "65": 0.8696809960160989, "66": 0.8617447187749118, "67": 0.8088595874839468, "68": 3.687518029245782e-06, "69": 0.8955247670017246, "70": 0.34798876518887134, "71": 0.279034141613515, "72": 0.8849215421368027, "73": 0.3056769310667712, "74": 0.6850779110478707, "75": 0.8865687123880375, "76": 0.4444818132571665, "77": 3.652404732642315e-06, "78": 0.34798876518887134, "79": 0.8326368740325256, "80": 0.5274579137869992, "81": 0.6850779110478707, "82": 0.9751225846847571, "83": 7.19109154779007e-06, "84": 0.8998753631446068, "85": 0.637032837333328, "86": 0.5230458391351123, "87": 0.8865687123880375, "88": 0.7587377693305404, "89": 8.168317360930067e-06, "90": 0.9423592591250829, "91": 0.2258434562000502, "92": 6.197733403050254e-06, "93": 5.2533941163223805e-06, "94": 0.4119961486457361, "95": 0.8955247670017246, "96": 0.8955247670017246, "97": 0.8849215421368027, "98": 0.9807472189807513, "99": 7.108604165253163e-06}, "2": {"0": 0.27916413158278386, "1": 0.978944447148262, "2": 0.20574218265729788, "3": 0.33957953734576884, "4": 0.9383345110648507, "5": 0.9383345110648507, "6": 0.41917228391906114, "7": 0.6199779917200643, "8": 0.6464558368554669, "9": 6.53096957244344e-07, "10": 0.7676354811401394, "11": 5.039913545354279e-07, "12": 0.31365415071442004, "13": 0.7676354811401394, "14": 0.5673745540547319, "15": 0.4681530095802535, "16": 0.48320278250617194, "17": 6.12937164418547e-07, "18": 0.4897474254230486, "19": 0.2319607836472707, "20": 6.101544125609824e-07, "21": 3.5402341534256674e-07, "22": 0.8003076788831416, "23": 0.28516475788355444, "24": 0.28516475788355444, "25": 0.7211612036377173, "26": 0.5990106263200853, "27": 3.165525355824024e-07, "28": 0.7578934470692524, "29": 0.5069131894468368, "30": 0.532967952309441, "31": 0.31365415071442004, "32": 0.7578934470692524, "33": 6.514498182137758e-07, "34": 0.978944447148262, "35": 0.6440642723596344, "36": 0.8255192776556881, "37": 0.9488100790626058, "38": 0.4640920628778768, "39": 0.9383345110648507, "40": 0.9488100790626058, "41": 0.4897474254230486, "42": 0.28516475788355444, "43": 0.7211612036377173, "44": 0.4897474254230486, "45": 0.5596830812931137, "46": 0.22721491423033136, "47": 0.4681530095802535, "48": 0.6440642723596344, "49": 0.4681530095802535, "50": 5.339544721759561e-07, "51": 0.9040588652664729, "52": 0.44917133118173835, "53": 0.33957953734576884, "54": 0.8255192776556881, "55": 0.6464558368554669, "56": 6.514498182137758e-07, "57": 0.6199779917200643, "58": 0.8003076788831416, "59": 0.2345372573801586, "60": 6.677110171926179e-07, "61": 0.342998647890082, "62": 0.7817237268345607, "63": 0.31365415071442004, "64": 0.4640920628778768, "65": 0.9040588652664729, "66": 0.5765377762556645, "67": 0.22721491423033136, "68": 0.342998647890082, "69": 0.7423610363612761, "70": 0.7817237268345607, "71": 0.5069131894468368, "72": 0.28516475788355444, "73": 0.27916413158278386, "74": 0.9040588652664729, "75": 0.5673745540547319, "76": 0.2345372573801586, "77": 0.6464558368554669, "78": 0.7676354811401394, "79": 6.134554570602262e-07, "80": 0.532967952309441, "81": 0.5596830812931137, "82": 0.7676354811401394, "83": 0.5069131894468368, "84": 0.5765377762556645, "85": 6.134554570602262e-07, "86": 6.101544125609824e-07, "87": 0.44917133118173835, "88": 0.41917228391906114, "89": 6.12937164418547e-07, "90": 0.5673745540547319, "91": 0.41917228391906114, "92": 0.20574218265729788, "93": 0.7423610363612761, "94": 0.2319607836472707, "95": 0.7817237268345607, "96": 0.5990106263200853, "97": 0.4681530095802535, "98": 0.48320278250617194, "99": 5.339544721759561e-07},