{"0": {"0": 0.05000000000021845, "1": 0.29854476863862417, "2": 0.9499999999997113, "3": 0.9499999999996799, "4": 0.9499999999996482, "5": 0.9499999999995661, "6": 0.500000000000236, "7": 0.9499999999994138, "8": 0.050000000000135755, "9": 0.949999999999585, "10": 0.05000000000023741, "11": 0.5000000000004468, "12": 0.5000000000002057, "13": 0.5000000000004303, "14": 0.949999999999551, "15": 0.949999999999748, "16": 0.5000000000004214, "17": 0.5000000000004792, "18": 0.949999999999802, "19": 0.500000000000447, "20": 0.949999999999698, "21": 0.05000000000020305, "22": 0.0500000000002582, "23": 0.9499999999997185, "24": 0.050000000000087176, "25": 0.5000000000001652, "26": 0.05000000000009681, "27": 0.7083173676431171, "28": 0.273275458781732, "29": 0.0500000000001291, "30": 0.9499999999998592, "31": 0.7120601585736394, "32": 0.9499999999998693, "33": 0.949999999999551, "34": 0.5000000000002929, "35": 0.05000000000018309, "36": 0.050000000000123515, "37": 0.05000000000019289, "38": 0.5000000000002314, "39": 0.500000000000539, "40": 0.5000000000002828, "41": 0.949999999999698, "42": 0.050000000000158765, "43": 0.05000000000020305, "44": 0.29854476863862417, "45": 0.5000000000001976, "46": 0.5000000000004095, "47": 0.5000000000002732, "48": 0.7120601585736394, "49": 0.05000000000019217, "50": 0.9499999999996758, "51": 0.5000000000005186, "52": 0.273275458781732, "53": 0.05000000000010923, "54": 0.05000000000015096, "55": 0.9499999999995591, "56": 0.9499999999995661, "57": 0.5000000000002413, "58": 0.9499999999997666, "59": 0.5000000000002828, "60": 0.5000000000003271, "61": 0.05000000000019289, "62": 0.9499999999999009, "63": 0.5000000000002285, "64": 0.5000000000003211, "65": 0.5000000000004123, "66": 0.5000000000001685, "67": 0.5000000000002949, "68": 0.5000000000004303, "69": 0.5000000000004368, "70": 0.9499999999996325, "71": 0.5000000000004368, "72": 0.500000000000539, "73": 0.5000000000001464, "74": 0.5000000000002827, "75": 0.5000000000004412, "76": 0.5000000000002264, "77": 0.05000000000023741, "78": 0.9499999999994138, "79": 0.05000000000012499, "80": 0.05000000000019657, "81": 0.5000000000003211, "82": 0.050000000000145095, "83": 0.500000000000275, "84": 0.9499999999998379, "85": 0.9499999999996793, "86": 0.7083173676431171, "87": 0.9499999999998162, "88": 0.9499999999998399, "89": 0.9499999999995591, "90": 0.949999999999849, "91": 0.500000000000275, "92": 0.500000000000447, "93": 0.05000000000009155, "94": 0.050000000000145095, "95": 0.9499999999997666, "96": 0.05000000000012499, "97": 0.7083173676431171, "98": 0.5000000000004095, "99": 0.5000000000001413}, "1": {"0": 0.29718660119914486, "1": 0.9499999999999764, "2": 0.05000000000056941, "3": 0.5000000000001369, "4": 0.5000000000000817, "5": 0.05000000000061426, "6": 0.50000000000021, "7": 0.05000000000067613, "8": 0.050000000000407926, "9": 0.5000000000001327, "10": 0.5000000000001497, "11": 0.5000000000000795, "12": 0.5000000000001301, "13": 0.5000000000000431, "14": 0.9499999999999572, "15": 0.9499999999999486, "16": 0.05000000000078824, "17": 0.9499999999999416, "18": 0.05000000000055245, "19": 0.05000000000037124, "20": 0.5000000000001941, "21": 0.5000000000001998, "22": 0.050000000000349445, "23": 0.5000000000001128, "24": 0.29718660119914486, "25": 0.5000000000001198, "26": 0.5000000000002609, "27": 0.5000000000001993, "28": 0.9499999999999462, "29": 0.5000000000000808, "30": 0.5000000000001386, "31": 0.9499999999999196, "32": 0.9499999999999664, "33": 0.7098668666493916, "34": 0.05000000000064902, "35": 0.5000000000001215, "36": 0.9499999999999424, "37": 0.5000000000000799, "38": 0.9499999999999731, "39": 0.050000000001151026, "40": 0.05000000000082741, "41": 0.05000000000097059, "42": 0.2627441539092271, "43": 0.9499999999999412, "44": 0.500000000000195, "45": 0.050000000000411673, "46": 0.500000000000115, "47": 0.500000000000109, "48": 0.9499999999999832, "49": 0.0500000000004483, "50": 0.9499999999999678, "51": 0.949999999999928, "52": 0.050000000000485295, "53": 0.5000000000001579, "54": 0.5000000000001436, "55": 0.5000000000001199, "56": 0.050000000001151026, "57": 0.5000000000001497, "58": 0.9499999999999623, "59": 0.9499999999999313, "60": 0.9499999999999711, "61": 0.50000000000006, "62": 0.5000000000001983, "63": 0.9499999999999712, "64": 0.05000000000082741, "65": 0.05000000000067989, "66": 0.5000000000001512, "67": 0.9499999999999196, "68": 0.5000000000001746, "69": 0.05000000000061426, "70": 0.9499999999999347, "71": 0.5000000000000483, "72": 0.5000000000000717, "73": 0.9499999999999811, "74": 0.9499999999999739, "75": 0.500000000000097, "76": 0.7098668666493916, "77": 0.2627441539092271, "78": 0.9499999999999731, "79": 0.05000000000056941, "80": 0.9499999999999785, "81": 0.9499999999999708, "82": 0.5000000000000999, "83": 0.2627441539092271, "84": 0.2597838568764542, "85": 0.5000000000000756, "86": 0.5000000000000873, "87": 0.5000000000002356, "88": 0.9499999999999572, "89": 0.05000000000039412, "90": 0.5000000000001178, "91": 0.7208773230675922, "92": 0.5000000000000777, "93": 0.7208773230675922, "94": 0.2597838568764542, "95": 0.9499999999999622, "96": 0.7208773230675922, "97": 0.9499999999999622, "98": 0.5000000000000389, "99": 0.5000000000000991}, "2": {"0": 0.5000000000000182, "1": 0.05000000000040966, "2": 0.5000000000000276, "3": 0.5000000000000295, "4": 0.5000000000000174, "5": 0.9499999999997484, "6": 0.5000000000000144, "7": 0.5000000000000259, "8": 0.5000000000000142, "9": 0.05000000000062427, "10": 0.5000000000000507, "11": 0.5000000000000361, "12": 0.05000000000049321, "13": 0.0500000000003491, "14": 0.050000000000397254, "15": 0.949999999999747, "16": 0.5000000000000193, "17": 0.9499999999996409, "18": 0.9499999999998014, "19": 0.5000000000000313, "20": 0.05000000000056205, "21": 0.050000000000286385, "22": 0.05000000000026214, "23": 0.5000000000000209, "24": 0.5000000000000305, "25": 0.9499999999996916, "26": 0.9499999999998509, "27": 0.5000000000000296, "28": 0.050000000000415906, "29": 0.5000000000000207, "30": 0.5000000000000253, "31": 0.7328191925553866, "32": 0.9499999999997564, "33": 0.27698542537000104, "34": 0.0500000000005524, "35": 0.949999999999747, "36": 0.5000000000000175, "37": 0.5000000000000249, "38": 0.05000000000022258, "39": 0.9499999999998767, "40": 0.5000000000000295, "41": 0.9499999999998782, "42": 0.5000000000000344, "43": 0.7328191925553866, "44": 0.9499999999997506, "45": 0.27698542537000104, "46": 0.5000000000000174, "47": 0.05000000000040454, "48": 0.500000000000031, "49": 0.5000000000000507, "50": 0.05000000000072425, "51": 0.9499999999997047, "52": 0.5000000000000152, "53": 0.5000000000000276, "54": 0.05000000000056205, "55": 0.5000000000000313, "56": 0.050000000000314335, "57": 0.9499999999996125, "58": 0.5000000000000153, "59": 0.5000000000000124, "60": 0.9499999999996296, "61": 0.05000000000040676, "62": 0.05000000000040454, "63": 0.0500000000005524, "64": 0.05000000000062427, "65": 0.9499999999997837, "66": 0.9499999999997047, "67": 0.9499999999996924, "68": 0.5000000000000356, "69": 0.05000000000049321, "70": 0.9499999999997192, "71": 0.9499999999997455, "72": 0.05000000000058766, "73": 0.5000000000000204, "74": 0.9499999999998459, "75": 0.5000000000000392, "76": 0.5000000000000326, "77": 0.5000000000000372, "78": 0.27104017709371553, "79": 0.9499999999998103, "80": 0.9499999999997366, "81": 0.9499999999997739, "82": 0.5000000000000207, "83": 0.5000000000000153, "84": 0.9499999999997739, "85": 0.27104017709371553, "86": 0.05000000000040966, "87": 0.9499999999998596, "88": 0.0500000000002726, "89": 0.9499999999998918, "90": 0.9499999999998204, "91": 0.05000000000020338, "92": 0.7328191925553866, "93": 0.050000000000397254, "94": 0.5000000000000356, "95": 0.5000000000000088, "96": 0.050000000000415906, "97": 0.500000000000031, "98": 0.5000000000000271, "99": 0.5000000000000271}, "3": {"0": 0.9499999999999315, "1": 0.9499999999998685, "2": 0.49999999999999833, "3": 0.7234498784111119, "4": 0.4999999999999982,