{"0": {"0": 0.03071464330612629, "1": 0.9709375818345489, "2": 0.49999693564463904, "3": 0.4999964289189679, "4": 0.499997576349004, "5": 0.49999707702819624, "6": 0.4999966721138385, "7": 0.07873546322768055, "8": 0.49999727895512114, "9": 0.49999781691888234, "10": 0.4999970715496465, "11": 0.9194574354936473, "12": 0.4999970086304574, "13": 0.49999698671673076, "14": 0.499997022874422, "15": 0.9647588603573307, "16": 0.9194574354936473, "17": 0.4999974012935081, "18": 0.4999968855149797, "19": 0.49999787591135897, "20": 0.49999857430691186, "21": 0.499998268718376, "22": 0.03825380111979265, "23": 0.4999973035502413, "24": 0.49999832372228153, "25": 0.49999763706559935, "26": 0.49999707316749714, "27": 0.499998419934244, "28": 0.49999670217899583, "29": 0.49999704566277214, "30": 0.07873546322768055, "31": 0.49999749758988443, "32": 0.4999971959018904, "33": 0.4999968659108222, "34": 0.499996360156131, "35": 0.49999752258260477, "36": 0.49999702715595373, "37": 0.03632993361010157, "38": 0.49999721624239524, "39": 0.03825380111979265, "40": 0.49999729078788896, "41": 0.4999967330983053, "42": 0.9709375818345489, "43": 0.4999972281363021, "44": 0.9366003916160396, "45": 0.4999970086304574, "46": 0.4999987054021293, "47": 0.49999712983073963, "48": 0.4999972983842068, "49": 0.4999974903138801, "50": 0.49999698671673076, "51": 0.49999718927999587, "52": 0.4999978708801952, "53": 0.4999964289189679, "54": 0.49999866597516773, "55": 0.49999708589454006, "56": 0.9647588603573307, "57": 0.49999657869397407, "58": 0.49999739299176893, "59": 0.07873546322768055, "60": 0.4999972315359718, "61": 0.49999689208860654, "62": 0.49999685426235685, "63": 0.49999687092314293, "64": 0.49999770667926324, "65": 0.49999687755928757, "66": 0.4999971959018904, "67": 0.9366003916160396, "68": 0.4999968867229396, "69": 0.4999979004404532, "70": 0.4999967815839237, "71": 0.49999729078788896, "72": 0.03071464330612629, "73": 0.49999770667926324, "74": 0.4999979004404532, "75": 0.49999693564463904, "76": 0.49999727895512114, "77": 0.4999966972570251, "78": 0.4999972281363021, "79": 0.4999984993681213, "80": 0.4999974903138801, "81": 0.49999749758988443, "82": 0.4999970715496465, "83": 0.49999721548484044, "84": 0.49999727894101437, "85": 0.4999967815839237, "86": 0.49999787591135897, "87": 0.49999844604430327, "88": 0.49999870064675406, "89": 0.03632993361010157, "90": 0.4999970454966506, "91": 0.49999843546157147, "92": 0.4999970088152568, "93": 0.49999721624239524, "94": 0.49999702715595373, "95": 0.4999968855149797, "96": 0.4999972983842068, "97": 0.4999986077424202, "98": 0.4999964289189679, "99": 0.03071464330612629}, "1": {"0": 0.5000089464875248, "1": 0.5000083765903038, "2": 0.5000087276734241, "3": 0.9500292786186438, "4": 0.5000091150897126, "5": 0.50000665098289, "6": 0.500009329737797, "7": 0.5000051501456799, "8": 0.5000091457450446, "9": 0.5000078045505033, "10": 0.9318005282657065, "11": 0.5000066586052241, "12": 0.9318005282657065, "13": 0.926480776814834, "14": 0.5000082986997775, "15": 0.5000067501940417, "16": 0.06608362301530808, "17": 0.5000079458400768, "18": 0.5000090044091631, "19": 0.9500292786186438, "20": 0.5000095244408567, "21": 0.5000054240084955, "22": 0.5000096724603449, "23": 0.5000069599956345, "24": 0.5000076854349117, "25": 0.500010360244371, "26": 0.5000072698589786, "27": 0.5000079248833489, "28": 0.500003329302612, "29": 0.5000074232734022, "30": 0.5000102771276558, "31": 0.5000083290756306, "32": 0.5000088337620487, "33": 0.5000076431384182, "34": 0.5000094699514193, "35": 0.06608362301530808, "36": 0.5000068076391047, "37": 0.5000086146550656, "38": 0.5000091125873544, "39": 0.5000044524369835, "40": 0.5000050655161384, "41": 0.500007427404966, "42": 0.5000073055402818, "43": 0.5000087869271774, "44": 0.0984075049607756, "45": 0.5000066221844259, "46": 0.9318005282657065, "47": 0.5000095286406874, "48": 0.500009276574912, "49": 0.5000073359092397, "50": 0.5000087592808369, "51": 0.5000076535639318, "52": 0.9412329769526202, "53": 0.5000101773594168, "54": 0.500008983260791, "55": 0.5000105786436433, "56": 0.5000045022045816, "57": 0.5000093020818248, "58": 0.06016798374369965, "59": 0.5000088337620487, "60": 0.5000089486301045, "61": 0.5000099823987767, "62": 0.5000077891621654, "63": 0.500010360244371, "64": 0.500008983260791, "65": 0.50000665098289, "66": 0.5000084319149347, "67": 0.0984075049607756, "68": 0.5000087276734241, "69": 0.5000043299946242, "70": 0.5000048362301724, "71": 0.5000069399364622, "72": 0.5000076854349117, "73": 0.5000083653269349, "74": 0.500009329737797, "75": 0.500009276574912, "76": 0.5000076431384182, "77": 0.5000080622831644, "78": 0.5000041826634675, "79": 0.5000084760465747, "80": 0.5000083765903038, "81": 0.5000092161026362, "82": 0.5000069399364622, "83": 0.5000095286406874, "84": 0.500008471002397, "85": 0.0984075049607756, "86": 0.5000087526668293, "87": 0.057303177977882425, "88": 0.926480776814834, "89": 0.5000065843332395, "90": 0.5000084760465747, "91": 0.9412329769526202, "92": 0.06016798374369965, "93": 0.057303177977882425, "94": 0.5000067501940417, "95": 0.5000095244408567, "96": 0.5000079458400768, "97": 0.5000069599956345, "98": 0.5000032921666198, "99": 0.5000080622831644}, "2": {"0": 0.02630700464882621, "1": 0.5000008051422814, "2": 0.5000008173319883, "3": 0.03907671294784733, "4": 0.5000005688817734, "5": 0.5000005887681374, "6": 0.5000006247261424, "7": 0.500000725196796, "8": 0.5000007622555909, "9": 0.02630700464882621, "10": 0.5000008616536575, "11": 0.5000006534961935, "12": 0.500000728804362, "13": 0.5000008459628454, "14": 0.5000007030106024, "15": 0.5000003803299562, "16": 0.5000006490781702, "17": 0.5000007520491918, "18": 0.5000007887442035, "19": 0.08305665597951731, "20": 0.5000007348128592, "21": 0.5000006581927807, "22": 0.5000008619085814, "23": 0.5000003765654881, "24": 0.5000003674064296, "25": 0.009655301333180665, "26": 0.5000007285293262, "27": 0.5000005191517873, "28": 0.5000005695700135, "29": 0.5000007608224581, "30": 0.905487383951781, "31": 0.9867932258110873, "32": 0.5000007357560559, "33": 0.5000006040693834, "34": 0.012450757614720184, "35": 0.5000004261674953, "36": 0.08305665597951731, "37": 0.5000007887442035, "38": 0.5000004937378091, "39": 0.9867932258110873, "40": 0.9738814412150361, "41": 0.5000006420200706, "42": 0.5000004534244473, "43": 0.5000006231228302, "44": 0.5000006720312942, "45": 0.9738814412150361, "46": 0.5000006490781702, "47": 0.5000007186697293, "48": 0.012450757614720184, "49": 0.5000008849762816, "50": 0.03907671294784733, "51": 0.500000588639839, "52": 0.5000005977588811, "53": 0.5000007075296897, "54": 0.5000008363082941, "55": 0.5000004263334723, "56": 0.5000007770145993, "57": 0.5000002332558366, "58": 0.9594039917929067, "59": 0.500000646267079, "60": 0.07965992344797558, "61": 0.5000004309542907, "62": 0.009655301333180665, "63": 0.5000005626940178, "64": 0.5000006114504247, "65": 0.5000007266805923, "66": 0.5000006564547755, "67": 0.500000535957128, "68": 0.5000008849762816, "69": 0.500000603244106, "70": 0.08305665597951731, "71": 0.5000006534961935, "72": 0.5000003238905915, "73": 0.5000005626940178, "74": 0.5000006109937207, "75": 0.009655301333180665, "76": 0.5000006040693834, "77": 0.5000007690241062, "78": 0.5000004313731965, "79": 0.5000008173319883, "80": 0.5000006109937207, "81": 0.5000007285293262, "82": 0.5000008195926349, "83": 0.500000728804362, "84": 0.5000005887681374, "85": 0.5000006827498484, "86": 0.5000005191517873, "87": 0.9965476247298756, "88": 0.905487383951781, "89": 0.5000006564547755, "90": 0.5000005977588811, "91": 0.5000008051422814, "92": 0.5000006114504247, "93": 0.5000002847850067, "94": 0.5000006420200706, "95": 0.5000007690241062, "96": 0.07965992344797558, "97": 0.9965476247298756, "98": 0.9594039917929067, "99": 0.500000725196796}, "3": {"0": 0.5000079775985711, "1": 0.5000060065311247, "2": 0.5000079775327584, "3": 0.5000060380632676, "4": 0.5000060008579079, "5": 0.5000072031671179,