{"0": {"0": 0.615488370433489, "1": 0.6154883704340963, "2": 0.61548837043462, "3": 0.20979022174042822, "4": 0.6154883704344509, "5": 0.6154883704336278, "6": 0.20979022174042822, "7": 0.6154883704344825, "8": 0.6154883704345437, "9": 0.20979022174042822, "10": 0.6154883704343803, "11": 0.20979022174042822, "12": 0.6154883704343654, "13": 0.6154883704342005, "14": 0.6154883704343239, "15": 0.6154883704339352, "16": 0.20979022174042822, "17": 0.6154883704336871, "18": 0.6154883704336871, "19": 0.20979022174042822, "20": 0.6154883704340169, "21": 0.20979022174042822, "22": 0.20979022174042822, "23": 0.20979022174042822, "24": 0.6154883704335037, "25": 0.6154883704338507, "26": 0.6154883704343871, "27": 0.6154883704343446, "28": 0.615488370434519, "29": 0.20979022174042822, "30": 0.20979022174042822, "31": 0.615488370434145, "32": 0.6154883704340729, "33": 0.6154883704342062, "34": 0.6154883704345457, "35": 0.6154883704343453, "36": 0.6154883704342489, "37": 0.6154883704344184, "38": 0.6154883704343896, "39": 0.6154883704344438, "40": 0.20979022174042822, "41": 0.6154883704340601, "42": 0.20979022174042822, "43": 0.6154883704336489, "44": 0.6154883704336278, "45": 0.20979022174042822, "46": 0.6154883704343179, "47": 0.20979022174042822, "48": 0.6154883704341263, "49": 0.20979022174042822, "50": 0.20979022174042822, "51": 0.6154883704344045, "52": 0.6154883704340277, "53": 0.20979022174042822, "54": 0.6154883704344509, "55": 0.6154883704340656, "56": 0.6154883704343446, "57": 0.20979022174042822, "58": 0.6154883704345908, "59": 0.6154883704344027, "60": 0.6154883704344696, "61": 0.20979022174042822, "62": 0.20979022174042822, "63": 0.6154883704341263, "64": 0.20979022174042822, "65": 0.20979022174042822, "66": 0.20979022174042822, "67": 0.20979022174042822, "68": 0.6154883704342304, "69": 0.6154883704340729, "70": 0.6154883704338214, "71": 0.6154883704344111, "72": 0.20979022174042822, "73": 0.6154883704340351, "74": 0.6154883704344111, "75": 0.6154883704342942, "76": 0.6154883704343803, "77": 0.6154883704343654, "78": 0.6154883704347891, "79": 0.6154883704343239, "80": 0.6154883704343871, "81": 0.615488370434519, "82": 0.20979022174042822, "83": 0.6154883704344141, "84": 0.20979022174042822, "85": 0.20979022174042822, "86": 0.6154883704344696, "87": 0.20979022174042822, "88": 0.6154883704340169, "89": 0.20979022174042822, "90": 0.6154883704344438, "91": 0.9788675666900402, "92": 0.61548837043462, "93": 0.6154883704342198, "94": 0.6154883704340421, "95": 0.20979022174042822, "96": 0.6154883704342198, "97": 0.6154883704340963, "98": 0.6154883704340601, "99": 0.20979022174042822}, "1": {"0": 0.6653419294056684, "1": 0.6653419294056684, "2": 0.2265830747222834, "3": 0.2265830747222834, "4": 0.2265830747222834, "5": 0.6653419294056684, "6": 0.6653419294056684, "7": 0.6653419294056684, "8": 0.2265830747222834, "9": 0.6653419294056684, "10": 0.2265830747222834, "11": 0.6653419294056684, "12": 0.2265830747222834, "13": 0.6653419294056684, "14": 0.6653419294056684, "15": 0.6653419294056684, "16": 0.2265830747222834, "17": 0.2265830747222834, "18": 0.6653419294056684, "19": 0.6653419294056684, "20": 0.2265830747222834, "21": 0.2265830747222834, "22": 0.2265830747222834, "23": 0.6653419294056684, "24": 0.6653419294056684, "25": 0.6653419294056684, "26": 0.6653419294056684, "27": 0.6653419294056684, "28": 0.6653419294056684, "29": 0.6653419294056684, "30": 0.6653419294056684, "31": 0.2265830747222834, "32": 0.6653419294056684, "33": 0.2265830747222834, "34": 0.6653419294056684, "35": 0.2265830747222834, "36": 0.2265830747222834, "37": 0.6653419294056684, "38": 0.2265830747222834, "39": 0.2265830747222834, "40": 0.6653419294056684, "41": 0.6653419294056684, "42": 0.6653419294056684, "43": 0.6653419294056684, "44": 0.2265830747222834, "45": 0.2265830747222834, "46": 0.2265830747222834, "47": 0.2265830747222834, "48": 0.2265830747222834, "49": 0.6653419294056684, "50": 0.2265830747222834, "51": 0.6653419294056684, "52": 0.2265830747222834, "53": 0.2265830747222834, "54": 0.6653419294056684, "55": 0.6653419294056684, "56": 0.2265830747222834, "57": 0.2265830747222834, "58": 0.2265830747222834, "59": 0.6653419294056684, "60": 0.6653419294056684, "61": 0.2265830747222834, "62": 0.2265830747222834, "63": 0.6653419294056684, "64": 0.6653419294056684, "65": 0.6653419294056684, "66": 0.6653419294056684, "67": 0.6653419294056684, "68": 0.2265830747222834, "69": 0.2265830747222834, "70": 0.2265830747222834, "71": 0.2265830747222834, "72": 0.6653419294056684, "73": 0.6653419294056684, "74": 0.2265830747222834, "75": 0.6653419294056684, "76": 0.6653419294056684, "77": 0.6653419294056684, "78": 0.6653419294056684, "79": 0.2265830747222834, "80": 0.2265830747222834, "81": 0.925890922326946, "82": 0.6653419294056684, "83": 0.2265830747222834, "84": 0.2265830747222834, "85": 0.2265830747222834, "86": 0.2265830747222834, "87": 0.6653419294056684, "88": 0.6653419294056684, "89": 0.6653419294056684, "90": 0.2265830747222834, "91": 0.6653419294056684, "92": 0.2265830747222834, "93": 0.6653419294056684, "94": 0.6653419294056684, "95": 0.6653419294056684, "96": 0.2265830747222834, "97": 0.6653419294056684, "98": 0.2265830747222834, "99": 0.6653419294056684}, "2": {"0": 0.8246016423631215, "1": 0.8246016423631215, "2": 0.8246016423631215, "3": 0.8246016423631215, "4": 0.8246016423631215, "5": 0.8246016423631215, "6": 0.8246016423631215, "7": 0.315103357902873, "8": 0.8246016423631215, "9": 0.315103357902873, "10": 0.315103357902873, "11": 0.8246016423631215, "12": 0.8246016423631215, "13": 0.8246016423631215, "14": 0.315103357902873, "15": 0.315103357902873, "16": 0.315103357902873, "17": 0.8246016423631215, "18": 0.315103357902873, "19": 0.03368237000675778, "20": 0.8246016423631215, "21": 0.8246016423631215, "22": 0.315103357902873, "23": 0.8246016423631215, "24": 0.8246016423631215, "25": 0.315103357902873, "26": 0.315103357902873, "27": 0.315103357902873, "28": 0.315103357902873, "29": 0.315103357902873, "30": 0.315103357902873, "31": 0.315103357902873, "32": 0.315103357902873, "33": 0.315103357902873, "34": 0.315103357902873, "35": 0.315103357902873, "36": 0.8246016423631215, "37": 0.315103357902873, "38": 0.8246016423631215, "39": 0.8246016423631215, "40": 0.315103357902873, "41": 0.315103357902873, "42": 0.315103357902873, "43": 0.8246016423631215, "44": 0.315103357902873, "45": 0.8246016423631215, "46": 0.315103357902873, "47": 0.315103357902873, "48": 0.315103357902873, "49": 0.8246016423631215, "50": 0.315103357902873, "51": 0.315103357902873, "52": 0.315103357902873, "53": 0.8246016423631215, "54": 0.8246016423631215, "55": 0.315103357902873, "56": 0.6078242237356348, "57": 0.8246016423631215, "58": 0.8246016423631215, "59": 0.315103357902873, "60": 0.8246016423631215, "61": 0.315103357902873, "62": 0.8246016423631215, "63": 0.315103357902873, "64": 0.8246016423631215, "65": 0.315103357902873, "66": 0.8246016423631215, "67": 0.315103357902873, "68": 0.8246016423631215, "69": 0.8246016423631215, "70": 0.315103357902873, "71": 0.315103357902873, "72": 0.315103357902873, "73": 0.8246016423631215, "74": 0.8246016423631215, "75": 0.315103357902873, "76": 0.8246016423631215, "77": 0.8246016423631215, "78": 0.8246016423631215, "79": 0.8246016423631215, "80": 0.315103357902873, "81": 0.315103357902873, "82": 0.315103357902873, "83": 0.315103357902873, "84": 0.315103357902873, "85": 0.315103357902873, "86": 0.8246016423631215, "87": 0.315103357902873, "88": 0.8246016423631215, "89": 0.8246016423631215, "90": 0.315103357902873, "91": 0.8246016423631215, "92": 0.8246016423631215, "93": 0.8246016423631215, "94": 0.8246016423631215, "95": 0.315103357902873, "96": 0.315103357902873, "97": 0.315103357902873, "98": 0.8246016423631215, "99": 0.315103357902873}, "3": {"0": 0.2840079225982062, "1": 0.7453582876077287, "2": 0.7453582876077287, "3": 0.2840079225982062, "4": 0.7453582876077287, "5": 0.2840079225982062, "6": 0.2840079225982062, "7": 0.2840079225982062, "8": 0.7453582876077287,