{"0": {"0": 0.05167825085201692, "1": 0.9477730246296707, "2": 0.9479285164141782, "3": 0.051038637436223534, "4": 0.9480972678914836, "5": 0.9485723601315157, "6": 0.9476159726393247, "7": 0.05194706791319151, "8": 0.051997315676749666, "9": 0.9480796245702312, "10": 0.949048925798629, "11": 0.9486687377101588, "12": 0.9480972678914836, "13": 0.9476163107587499, "14": 0.050862822687857606, "15": 0.05159275894504663, "16": 0.9479247162520845, "17": 0.948054890678636, "18": 0.051860392070742015, "19": 0.9473927119084831, "20": 0.05157015477655752, "21": 0.9482094071967583, "22": 0.9487155523915405, "23": 0.9481123293512259, "24": 0.05172614666075144, "25": 0.05117567584684343, "26": 0.05102927447375112, "27": 0.9478975899353275, "28": 0.051265602643608715, "29": 0.0518809786898628, "30": 0.05169627745380953, "31": 0.9493304962458755, "32": 0.9479794174365455, "33": 0.948335675188627, "34": 0.05167535553292027, "35": 0.9481948977771026, "36": 0.9489386120416506, "37": 0.0509404893449314, "38": 0.05153379042388542, "39": 0.05184719647373347, "40": 0.9490697322518953, "41": 0.05035160183096426, "42": 0.9480434280944255, "43": 0.05160796772334868, "44": 0.05173780192982393, "45": 0.05070681374166271, "46": 0.05173780192982393, "47": 0.05161772401766919, "48": 0.9469973010256245, "49": 0.052009859112541065, "50": 0.9484505099666991, "51": 0.05144013776832959, "52": 0.9480796245702312, "53": 0.9481948977771026, "54": 0.9474491977868893, "55": 0.05169627745380953, "56": 0.9485723601315157, "57": 0.9484075932109925, "58": 0.05179783659469501, "59": 0.9476471001716451, "60": 0.05110035705148649, "61": 0.9479247162520845, "62": 0.05101775088559917, "63": 0.05133373507009251, "64": 0.051860392070742015, "65": 0.05103869236640163, "66": 0.05164525556984304, "67": 0.05157015477655752, "68": 0.94876540692054, "69": 0.9476471001716451, "70": 0.0516233444576767, "71": 0.9486757219181947, "72": 0.9478094447663259, "73": 0.05133373507009251, "74": 0.050519346183200815, "75": 0.9488166914414867, "76": 0.9484075932109925, "77": 0.05145497764475322, "78": 0.0516529630221005, "79": 0.05160796772334868, "80": 0.9478717364642242, "81": 0.9482094071967583, "82": 0.9490561646756129, "83": 0.05144013776832959, "84": 0.9487155523915405, "85": 0.9482663884891604, "86": 0.9478169627157134, "87": 0.9478447963348302, "88": 0.9476322241863536, "89": 0.05167825085201692, "90": 0.051038637436223534, "91": 0.05101775088559917, "92": 0.05167535553292027, "93": 0.9479285164141782, "94": 0.050796379472523315, "95": 0.9480722599162601, "96": 0.948054890678636, "97": 0.9478447963348302, "98": 0.9480722599162601, "99": 0.9481569819922404}, "1": {"0": 0.05064214844138272, "1": 0.05136260395676729, "2": 0.05059994833283919, "3": 0.05068898373196311, "4": 0.05153417440504603, "5": 0.9482559002989848, "6": 0.05119650176607459, "7": 0.05164276991774267, "8": 0.9473726547502233, "9": 0.9473726547502233, "10": 0.05124567204708025, "11": 0.9479135870435954, "12": 0.9481551493422554, "13": 0.9472520187290924, "14": 0.05056437006869661, "15": 0.9488539609983753, "16": 0.05151371016520903, "17": 0.0510947373686606, "18": 0.05143964297839143, "19": 0.9476372408098118, "20": 0.05151371016520903, "21": 0.9478178027937334, "22": 0.9474809639140584, "23": 0.05127821837308656, "24": 0.9478649475660932, "25": 0.9474652654507176, "26": 0.9479801681634736, "27": 0.051369788700419985, "28": 0.051297676148500726, "29": 0.9483880887313463, "30": 0.9483076101979697, "31": 0.05093089881241318, "32": 0.9479552460342768, "33": 0.9486260093645462, "34": 0.9482852455624574, "35": 0.9481551493422554, "36": 0.05135224608387105, "37": 0.9480627916203485, "38": 0.050996105758762386, "39": 0.9467317329879819, "40": 0.05132149736139756, "41": 0.9478145142107741, "42": 0.05144101479088867, "43": 0.9482965849987788, "44": 0.9476715282813826, "45": 0.051472738446661004, "46": 0.050996105758762386, "47": 0.9482965849987788, "48": 0.050871848476457676, "49": 0.9480695378983857, "50": 0.05105679321013169, "51": 0.05067748384330431, "52": 0.05108335258790209, "53": 0.9472948204424523, "54": 0.9479801681634736, "55": 0.9472181614119767, "56": 0.948045170143175, "57": 0.9483076101979697, "58": 0.05127821837308656, "59": 0.051422507838156745, "60": 0.94797838692192, "61": 0.05083197226825128, "62": 0.05111490980899663, "63": 0.050871848476457676, "64": 0.9480355611003475, "65": 0.051399484478628965, "66": 0.9483873302214737, "67": 0.9480695378983857, "68": 0.05083197226825128, "69": 0.05093089881241318, "70": 0.05124567204708025, "71": 0.9477169815563425, "72": 0.9470132767152171, "73": 0.05091104997333557, "74": 0.9473541223154723, "75": 0.0512953735110883, "76": 0.9478145142107741, "77": 0.051002893670998084, "78": 0.94797838692192, "79": 0.9488418959896106, "80": 0.051028538030017806, "81": 0.05165929483025798, "82": 0.9469901417524593, "83": 0.05064768675554415, "84": 0.05117524177516253, "85": 0.050767087202523015, "86": 0.051415829269518654, "87": 0.9480355611003475, "88": 0.9479552460342768, "89": 0.9475539660915894, "90": 0.9476372408098118, "91": 0.9479663041942452, "92": 0.05111490980899663, "93": 0.05108335258790209, "94": 0.947809558213375, "95": 0.05144711590224521, "96": 0.9483880887313463, "97": 0.05117524177516253, "98": 0.051002893670998084, "99": 0.051297676148500726}, "2": {"0": 0.05136367237151813, "1": 0.051873210368807085, "2": 0.05130181926112663, "3": 0.05180058798699312, "4": 0.05125271064089477, "5": 0.9478353562147469, "6": 0.05168680584363408, "7": 0.05148885208325524, "8": 0.05092769867875029, "9": 0.9481418047972948, "10": 0.05194146783967446, "11": 0.05174339324162391, "12": 0.05165394711700431, "13": 0.051885520562065704, "14": 0.9482948596946865, "15": 0.9479692949949798, "16": 0.051471065284174985, "17": 0.9480842164806618, "18": 0.9477395595877871, "19": 0.0512879479004036, "20": 0.05164958958342147, "21": 0.05137355675108091, "22": 0.05137355675108091, "23": 0.9479039097751537, "24": 0.05156296050485093, "25": 0.05178897473386973, "26": 0.9477548209625195, "27": 0.05223266337268821, "28": 0.9490794067242545, "29": 0.9476953115816068, "30": 0.9483895306947863, "31": 0.05155179311225195, "32": 0.05168812562420037, "33": 0.9478452768123738, "34": 0.9477395595877871, "35": 0.05073982389009676, "36": 0.05188260277487351, "37": 0.05144752783203692, "38": 0.9484545886460414, "39": 0.9483400427789335, "40": 0.9477307469479708, "41": 0.051541854113066214, "42": 0.9481418047972948, "43": 0.051311196869131756, "44": 0.9481130875940291, "45": 0.05178897473386973, "46": 0.9494048831972963, "47": 0.0517755679168462, "48": 0.05165394711700431, "49": 0.051593600322267286, "50": 0.0516969548934931, "51": 0.9489519548875769, "52": 0.05185578914082645, "53": 0.9478580642381603, "54": 0.9484813863636983, "55": 0.05157864394135667, "56": 0.051747736439630064, "57": 0.9472165910362436, "58": 0.05136367237151813, "59": 0.9478452768123738, "60": 0.05155179311225195, "61": 0.9483895306947863, "62": 0.05168812562420037, "63": 0.05135245749332351, "64": 0.051311196869131756, "65": 0.9481130875940291, "66": 0.9477548209625195, "67": 0.9478353562147469, "68": 0.05164958958342147, "69": 0.05195272066770219, "70": 0.05148750441820051, "71": 0.05181149958901207, "72": 0.0505947098295218, "73": 0.9484349703076705, "74": 0.05084847744674655, "75": 0.0518603664019717, "76": 0.05090574979450604, "77": 0.05180058798699312, "78": 0.9479135832102694, "79": 0.9482948596946865, "80": 0.051808140210714754, "81": 0.05147964778019351, "82": 0.9496584171323759, "83": 0.05168680584363408, "84": 0.9475695044587277, "85": 0.9481475385552611, "86": 0.9489220921788891, "87": 0.9489218698663644, "88": 0.05130181926112663, "89": 0.05148885208325524, "90": 0.0506439739502018, "91": 0.9483900782085247, "92": 0.05201746911011697, "93": 0.05148750441820051, "94": 0.05090407010535738, "95": 0.05157864394135667, "96": 0.9483900782085247, "97": 0.9478632445225142, "98": 0.9478632445225142, "99": 0.05144540234722089}, "3": {"0": 0.05149400403191425,