{"0": {"0": 1.317600211811911e-07, "1": 9.356503771173717e-08, "2": 1.3160690308216737e-07, "3": 1.1484924017201092e-07, "4": 1.3524325337324642e-07, "5": 1.5067672702903249e-07, "6": 9.575797931972059e-08, "7": 1.3258303210966684e-07, "8": 9.845859493693115e-08, "9": 1.1047432067222985e-07, "10": 9.201585879189195e-08, "11": 1.0903004960867902e-07, "12": 1.235370442039744e-07, "13": 5.0277665027825176e-08, "14": 4.51651980027021e-08, "15": 1.0064652229181994e-07, "16": 9.943581203813077e-08, "17": 9.612371744604277e-08, "18": 9.555967924405803e-08, "19": 6.638149180026085e-08, "20": 1.0444959394684909e-07, "21": 1.0275054490131335e-07, "22": 8.874859672888338e-08, "23": 1.402387593378301e-07, "24": 1.337536023354648e-07, "25": 4.062216013978034e-08, "26": 1.2961462816636215e-07, "27": 6.844797972886741e-08, "28": 1.0106192571490978e-07, "29": 8.862512934245402e-08, "30": 1.0349066837038011e-07, "31": 5.2106311695246575e-08, "32": 8.302544049024521e-08, "33": 4.191731476204304e-08, "34": 5.925601509304228e-08, "35": 8.792201960711241e-08, "36": 5.629427936721709e-08, "37": 1.4946866713350071e-07, "38": 1.0895464732990006e-07, "39": 5.88759495964537e-08, "40": 1.1704098647993231e-07, "41": 1.4734765408706103e-07, "42": 4.873634371938733e-08, "43": 8.87936983686435e-08, "44": 1.1047432067222985e-07, "45": 1.081299150250668e-07, "46": 1.2674595546372442e-07, "47": 8.146804850313224e-08, "48": 1.1613741993108629e-07, "49": 5.032326114590997e-08, "50": 7.915942965394845e-08, "51": 6.531503150949416e-08, "52": 1.0901805905185587e-07, "53": 1.2142337676114188e-07, "54": 9.201585879189195e-08, "55": 1.0505239588309065e-07, "56": 1.2301646926438612e-07, "57": 7.425284381251368e-08, "58": 1.2181627800663128e-07, "59": 1.2736781967530145e-07, "60": 1.4105656944825615e-07, "61": 1.3500887246128406e-07, "62": 1.1441100138583744e-07, "63": 6.750443623064203e-08, "64": 5.7025687614440744e-08, "65": 5.8520493239966153e-08, "66": 9.504362995297193e-08, "67": 1.2631675496488799e-07, "68": 1.0444959394684909e-07, "69": 6.189910178257414e-08, "70": 5.1745334185190054e-08, "71": 7.312771649600789e-08, "72": 1.2207100074090346e-07, "73": 1.317600211811911e-07, "74": 5.451502480433951e-08, "75": 8.934616924021968e-08, "76": 1.4105656944825615e-07, "77": 1.1563500519335254e-07, "78": 8.146804850313224e-08, "79": 1.2479569393046794e-07, "80": 9.612371744604277e-08, "81": 1.2961462816636215e-07, "82": 1.0837299745227674e-07, "83": 1.3160690308216737e-07, "84": 6.107630362046804e-08, "85": 1.2479569393046794e-07, "86": 8.31311267513262e-08, "87": 1.2181627800663128e-07, "88": 5.781750259667627e-08, "89": 1.1441100138583744e-07, "90": 8.31311267513262e-08, "91": 9.575797931972059e-08, "92": 1.081299150250668e-07, "93": 5.450902952592793e-08, "94": 9.229531055308544e-08, "95": 9.356503771173717e-08, "96": 8.874859672888338e-08, "97": 7.00224755976709e-08, "98": 6.315837748244399e-08, "99": 6.368390983765072e-08}, "1": {"0": 1.3861723293321622e-07, "1": 1.5512861953903436e-07, "2": 1.3485335796303164e-07, "3": 7.822833933513494e-08, "4": 1.3800548166909247e-07, "5": 1.2949301362766439e-07, "6": 1.1959321807833003e-07, "7": 1.4475988225577534e-07, "8": 1.4739112075068775e-07, "9": 7.497798249911682e-08, "10": 1.5965070830522703e-07, "11": 1.2635356303280368e-07, "12": 1.2431687200833314e-07, "13": 1.182156307336951e-07, "14": 7.437181553366058e-08, "15": 1.4727937140542727e-07, "16": 1.6228675213153368e-07, "17": 8.440454924961611e-08, "18": 1.282944836420675e-07, "19": 7.403152818646253e-08, "20": 1.1309593114238162e-07, "21": 6.15115913973408e-08, "22": 1.1713484736643832e-07, "23": 5.490936691885782e-08, "24": 1.6393671644174282e-07, "25": 1.1892885920186795e-07, "26": 1.4344449225682887e-07, "27": 7.917530131126166e-08, "28": 1.0713435757031071e-07, "29": 1.5512861953903436e-07, "30": 9.987968740335208e-08, "31": 1.295016322688213e-07, "32": 7.857985763301466e-08, "33": 4.756004955781601e-08, "34": 1.0713435757031071e-07, "35": 1.5922493741083343e-07, "36": 1.4273549297336622e-07, "37": 1.1713484736643832e-07, "38": 1.0025844559049552e-07, "39": 1.2635356303280368e-07, "40": 1.5097091623087675e-07, "41": 4.2202274624808054e-08, "42": 8.959898167981635e-08, "43": 1.1356922218609129e-07, "44": 1.23792897093475e-07, "45": 1.5203438524927954e-07, "46": 9.452641293146918e-08, "47": 7.674640967940658e-08, "48": 4.2738871986637184e-08, "49": 1.5906029033565585e-07, "50": 5.449297979703386e-08, "51": 1.2431687200833314e-07, "52": 1.2833984911806774e-07, "53": 1.0466905676072146e-07, "54": 1.4112179359328514e-07, "55": 1.3857825455467734e-07, "56": 1.4504618974768547e-07, "57": 1.5054505388475313e-07, "58": 8.123198683738038e-08, "59": 1.3800548166909247e-07, "60": 1.1309593114238162e-07, "61": 1.095271406838024e-07, "62": 5.639412693081865e-08, "63": 1.282944836420675e-07, "64": 1.0156985533571352e-07, "65": 1.139442052627693e-07, "66": 7.917530131126166e-08, "67": 1.0466905676072146e-07, "68": 1.0339826997953662e-07, "69": 7.461275030877206e-08, "70": 7.70120905016516e-08, "71": 1.23792897093475e-07, "72": 8.022467577378496e-08, "73": 1.219538673469608e-07, "74": 7.042989207611042e-08, "75": 7.042989207611042e-08, "76": 1.4112179359328514e-07, "77": 8.123198683738038e-08, "78": 1.182156307336951e-07, "79": 3.85060452508258e-08, "80": 7.601719262463977e-08, "81": 1.4263467348508016e-07, "82": 1.1017922611758559e-07, "83": 1.315398705755543e-07, "84": 1.5309753442303392e-07, "85": 4.4799490839908176e-08, "86": 1.0251430525260123e-07, "87": 1.2949301362766439e-07, "88": 1.475174666124736e-07, "89": 1.475174666124736e-07, "90": 9.987968740335208e-08, "91": 1.040071241194125e-07, "92": 7.548545811543837e-08, "93": 7.172224612841443e-08, "94": 1.315398705755543e-07, "95": 1.1017922611758559e-07, "96": 1.6228675213153368e-07, "97": 1.0251430525260123e-07, "98": 1.1722063555791237e-07, "99": 1.1722063555791237e-07}, "2": {"0": 1.5449972671347028e-07, "1": 1.6411688408834468e-07, "2": 1.937763021616807e-07, "3": 1.2700212698726584e-07, "4": 1.814038980073852e-07, "5": 1.1142734120672788e-07, "6": 1.9386384760124312e-07, "7": 1.0339237885638321e-07, "8": 1.7603658642815497e-07, "9": 1.7419460187495283e-07, "10": 9.083409258553011e-08, "11": 9.966992147293401e-08, "12": 1.8155793689480547e-07, "13": 1.0343174775866395e-07, "14": 1.6671968864655368e-07, "15": 1.8147572567372287e-07, "16": 1.636674079854218e-07, "17": 1.6358298336035416e-07, "18": 1.1030010266836167e-07, "19": 1.347335664551692e-07, "20": 1.2756019321966436e-07, "21": 1.5604858242863712e-07, "22": 7.710060959049717e-08, "23": 1.9751698329073291e-07, "24": 2.1426789608539822e-07, "25": 1.671689063433908e-07, "26": 9.744736556185835e-08, "27": 1.38367565507014e-07, "28": 1.5604858242863712e-07, "29": 5.631893161026654e-08, "30": 1.5734579179319304e-07, "31": 1.814038980073852e-07, "32": 1.7769006975763887e-07, "33": 1.309404576730925e-07, "34": 7.738302336647159e-08, "35": 1.6500451366620769e-07, "36": 1.6214590093582006e-07, "37": 1.6756705285396606e-07, "38": 1.3596981612517547e-07, "39": 1.1039552675316173e-07, "40": 1.0142678771714326e-07, "41": 1.6907932914593407e-07, "42": 1.0446847796057651e-07, "43": 7.895944171255548e-08, "44": 1.8294448508508143e-07, "45": 1.469664086082947e-07, "46": 1.4407397772960238e-07, "47": 1.3772618223717518e-07, "48": 1.2338571049357997e-07, "49": 1.5090278500828676e-07, "50": 1.557815624109464e-07, "51": 1.0446847796057651e-07, "52": 9.843274924828899e-08, "53": 1.6017491778329542e-07, "54": 8.593871610750144e-08, "55": 1.693249850424011e-07, "56": 1.3531847685118412e-07, "57": 1.3952078963641884e-07, "58": 1.2858990962678016e-07, "59": 1.588713904227615e-07, "60": 8.397643882207459e-08, "61": 1.0339237885638321e-07, "62": 7.01937142885892e-08, "63": 6.278041973347441e-08, "64": 1.8123377528881655e-07, "65": 1.3952078963641884e-07, "66": 4.872368278092918e-08, "67": 6.903508360576775e-08, "68": 1.8400293160222846e-07, "69": 1.1039552675316173e-07, "70": 1.6255327372667375e-07,