{"0": {"0": 0.7581443664441145, "1": 0.46045162462526124, "2": 0.7694590614296988, "3": 1.462068346206573e-05, "4": 1.9350326452284143e-05, "5": 0.44535909734945034, "6": 1.364788182449132e-05, "7": 0.6248069284727402, "8": 0.7705542774936841, "9": 1.6561198841907918e-05, "10": 0.8216454817970782, "11": 0.6248069299240712, "12": 0.7647320955642345, "13": 1.5804663664452424e-05, "14": 0.44535909734945034, "15": 0.8133092428649473, "16": 1.749221565101577e-05, "17": 0.76383982045735, "18": 0.8216454817970782, "19": 0.49423180085428664, "20": 0.7100786251317129, "21": 0.6146707304266279, "22": 0.7638400249592335, "23": 1.7778213373832083e-05, "24": 0.38579383618367813, "25": 0.38579383618367813, "26": 0.7298247122033377, "27": 1.8294017709672512e-05, "28": 0.76383982045735, "29": 0.46045162462526124, "30": 1.2671059065659927e-05, "31": 1.056842016400937e-05, "32": 0.7160989320784088, "33": 1.83742148218308e-05, "34": 0.7705542774936841, "35": 1.3493435774028525e-05, "36": 0.408945553521213, "37": 0.408945553521213, "38": 0.7647320955642345, "39": 1.8294017709672512e-05, "40": 0.7100786251317129, "41": 0.9376852712912316, "42": 7.310341731032865e-06, "43": 0.6248069284727402, "44": 0.49423180085428664, "45": 1.3314653303612505e-05, "46": 1.492112851714185e-05, "47": 0.8831854672242141, "48": 0.6146707304266279, "49": 0.8819648155005833, "50": 0.44535909734945034, "51": 1.2352284806535451e-05, "52": 1.3314653303612505e-05, "53": 0.4240540209672079, "54": 1.3052563188714702e-05, "55": 0.787311822944109, "56": 7.904837470531719e-06, "57": 6.8422282377584335e-06, "58": 1.2702423997625077e-05, "59": 0.8133092428649388, "60": 0.8859650637843727, "61": 8.372559769373399e-06, "62": 0.9376852712912316, "63": 1.0753307299497975e-05, "64": 1.743345210565814e-05, "65": 0.7579918000150789, "66": 1.561158931564286e-05, "67": 0.836275234511748, "68": 0.5554854885134242, "69": 0.46045162462526124, "70": 1.3493435774028525e-05, "71": 0.836275234511748, "72": 1.637727814506904e-05, "73": 0.7298247122033377, "74": 1.5804663664452424e-05, "75": 9.1871074109154e-06, "76": 0.8819648155005833, "77": 0.7579922385724888, "78": 0.923290674258002, "79": 0.787311822944109, "80": 0.4240540209672079, "81": 0.8859650637843727, "82": 0.780576035521049, "83": 0.7160989320784088, "84": 0.44535909734945034, "85": 0.7638400191434513, "86": 0.5554854885134242, "87": 5.376653649748988e-06, "88": 0.7638400249592335, "89": 0.7581443664441145, "90": 0.923290674258002, "91": 0.46045162462526124, "92": 0.7579922385724888, "93": 1.743345210565814e-05, "94": 0.8133092428649473, "95": 0.408945553521213, "96": 7.460564258570925e-06, "97": 0.780576035521049, "98": 1.6561198841907918e-05, "99": 0.7694590614296988}, "1": {"0": 6.264271514072551e-06, "1": 4.951938051402392e-06, "2": 5.831004195077264e-06, "3": 0.7127040354697456, "4": 5.215497347267676e-06, "5": 0.5911850601298555, "6": 6.7956157788716774e-06, "7": 6.970356562594517e-06, "8": 2.908779222589316e-06, "9": 0.7719908600807543, "10": 4.519593157566539e-06, "11": 6.655727984657502e-06, "12": 0.7735518175057671, "13": 5.6042899739720065e-06, "14": 0.7699097407050417, "15": 0.660045865189627, "16": 0.7127040354697456, "17": 0.3544631486566196, "18": 4.978026366251398e-06, "19": 0.57951914411861, "20": 5.413529503182313e-06, "21": 2.9761267924463914e-06, "22": 6.823897763499528e-06, "23": 0.6592374667345681, "24": 0.33106378321620783, "25": 4.654750579174435e-06, "26": 4.891298848191064e-06, "27": 0.7536526898463922, "28": 5.692350592487989e-06, "29": 3.3387194822022694e-06, "30": 0.7440354106971923, "31": 0.859421335467196, "32": 0.35402172526881026, "33": 4.501410402147252e-06, "34": 0.67491465223978, "35": 0.7536526898463922, "36": 5.931494263209975e-06, "37": 0.7440354106971923, "38": 2.93686379308417e-06, "39": 0.35402172526881026, "40": 6.580816908864929e-06, "41": 0.7699097407050417, "42": 0.3894022488155703, "43": 0.7127040354697456, "44": 0.5085359940826074, "45": 4.717429676582967e-06, "46": 0.7699097407050417, "47": 0.6592372953744781, "48": 0.48314463448854084, "49": 0.7735518175057682, "50": 6.7956157788716774e-06, "51": 0.3544631486566196, "52": 5.6027398257407215e-06, "53": 0.528475514942234, "54": 0.6600458650077619, "55": 0.3894022488155703, "56": 5.403682434076444e-06, "57": 0.5085359940826074, "58": 0.57951914411861, "59": 0.6592320688917319, "60": 3.1136361237583172e-06, "61": 0.33106378321620783, "62": 4.978026366251398e-06, "63": 0.7735518175057692, "64": 0.660045865189627, "65": 0.7719908600807543, "66": 0.597139803551227, "67": 5.692350592487989e-06, "68": 4.951938051402392e-06, "69": 0.33106378321620783, "70": 0.859421335467196, "71": 0.6592386662551983, "72": 0.7127040354697456, "73": 0.528475514942234, "74": 0.3749661521206489, "75": 0.7735518175057671, "76": 0.3749661521206489, "77": 0.597139803551227, "78": 5.831004195077264e-06, "79": 6.09484034973115e-06, "80": 4.682101233321273e-06, "81": 0.5911850601298555, "82": 0.6592386662551983, "83": 4.2841614320886355e-06, "84": 0.7536526898463922, "85": 0.7536526898463922, "86": 0.7735518175057671, "87": 0.7735518175057682, "88": 4.519593157566539e-06, "89": 0.7699097407050417, "90": 5.674634113339442e-06, "91": 4.501410402147252e-06, "92": 0.6592320688917319, "93": 0.33106378321620783, "94": 0.67491465223978, "95": 4.717429676582967e-06, "96": 2.8013699128703608e-06, "97": 0.48314463448854084, "98": 4.2841614320886355e-06, "99": 4.891298848191064e-06}, "2": {"0": 0.7957777875261822, "1": 0.5910576597312798, "2": 0.37247494333579234, "3": 0.9036592113350392, "4": 0.7387141580788744, "5": 4.136189380715905e-06, "6": 0.6339086816454049, "7": 0.6747716608665267, "8": 3.875285218195466e-06, "9": 0.8045375105172823, "10": 0.762003944809232, "11": 3.7046532907268136e-06, "12": 0.8659350265469021, "13": 0.7957777875298424, "14": 0.5782655975574971, "15": 0.6259163709210965, "16": 0.46924009043225123, "17": 1.7565917722599646e-06, "18": 0.7926055278831381, "19": 0.5086092806878917, "20": 0.6747716608665267, "21": 2.284118844194711e-06, "22": 1.5102802625762813e-06, "23": 4.180659097335853e-06, "24": 0.47915726628701516, "25": 2.198242152220513e-06, "26": 0.5782655975574971, "27": 0.6829045391099113, "28": 0.7110398662079549, "29": 0.7926055913386256, "30": 3.5746714945739173e-06, "31": 0.34800434730534613, "32": 0.7813308145741767, "33": 0.411211879595649, "34": 3.6259526764525586e-06, "35": 0.8113515668611799, "36": 0.4859017822390036, "37": 2.4912573228982392e-06, "38": 2.892502191986486e-06, "39": 0.4859017822390036, "40": 0.7926055278831381, "41": 4.258731525655076e-06, "42": 0.4101428634910348, "43": 2.4912573228982392e-06, "44": 0.5353919667768079, "45": 2.284118844194711e-06, "46": 0.7763925660479698, "47": 0.739084554757554, "48": 3.5746714945739173e-06, "49": 3.3251476447621033e-06, "50": 0.5353919667768079, "51": 0.5353919667768079, "52": 0.761492003185644, "53": 0.7926053669493194, "54": 3.96691720443832e-06, "55": 1.9446730178514507e-06, "56": 0.8659350265469021, "57": 0.762003944809232, "58": 1.6722722951081511e-06, "59": 2.7954383388147977e-06, "60": 2.9681072830861473e-06, "61": 0.46924009043225123, "62": 0.34800434730534613, "63": 0.4681934046079703, "64": 0.5910576597312798, "65": 0.580122581001234, "66": 0.580122581001234, "67": 0.7110398662079549, "68": 3.877977771198423e-06, "69": 1.6625738223810516e-06, "70": 0.7110398662079549, "71": 0.4101428634910348, "72": 3.6259526764525586e-06, "73": 3.899684266599393e-06, "74": 3.0699914645155498e-06, "75": 0.6259163709210965, "76": 0.37247494333579234, "77": 0.5086092806878917, "78": 0.7763925660479698, "79": 0.6829045391099113, "80": 0.761492003185644, "81": 2.892502191986486e-06, "82": 0.7813308145741767, "83": 1.8523266453634068e-06, "84": 0.7387141580788744, "85": 4.136189380715905e-06, "86": 0.7957777875261822, "87": 0.739084554757554, "88": 0.9036592113350392, "89": 0.7926055913386256, "90": 0.7110398662079549, "91": 0.8113515668611799, "92": 2.9681072830861473e-06, "93": 0.4681934046079703,