{"0": {"0": 0.6962850799233495, "1": 0.7218855669183757, "2": 4.344757795460758e-10, "3": 0.7699175821599543, "4": 5.289066293711684e-10, "5": 4.630898478373465e-10, "6": 6.324432740258763e-10, "7": 5.591125189372875e-10, "8": 0.733016917613398, "9": 0.6990110394394045, "10": 6.088374552414731e-10, "11": 0.4967578437566865, "12": 0.7699175821599543, "13": 5.894361600363548e-10, "14": 0.7762947270871908, "15": 3.8562235701475e-10, "16": 2.652361017151257e-10, "17": 5.392500512772538e-10, "18": 0.721447551022043, "19": 7.579710220153735e-10, "20": 0.7696493499768369, "21": 5.680509324889835e-10, "22": 0.6035045815485932, "23": 0.8495475633024059, "24": 5.341974214514484e-10, "25": 0.733016917613398, "26": 0.8174030831983212, "27": 5.799875963889793e-10, "28": 7.570027453612943e-10, "29": 3.1622163701293814e-10, "30": 0.8052069855240603, "31": 0.6035045815485932, "32": 0.7305012076519881, "33": 0.721447551022043, "34": 0.7410535975344269, "35": 4.475166113067407e-10, "36": 0.7783073639215822, "37": 4.80269576670993e-10, "38": 2.652361017151257e-10, "39": 5.269509713085014e-10, "40": 5.350512138956278e-10, "41": 0.7305012076519881, "42": 0.7762947270871908, "43": 0.7097591018626601, "44": 0.7783071739034835, "45": 5.137472731854989e-10, "46": 4.5045385668069373e-10, "47": 0.7331860059574896, "48": 0.7419641836601989, "49": 6.309262549818543e-10, "50": 0.6696185639856177, "51": 0.6990110394394045, "52": 3.507872451359e-10, "53": 0.6646831912786123, "54": 0.8052069855240603, "55": 0.7783074589306316, "56": 2.8999379819448963e-10, "57": 2.1746291710989752e-10, "58": 5.392500512772538e-10, "59": 0.7696410045466512, "60": 0.6646831912786123, "61": 0.7410535975344269, "62": 1.9759786721883398e-10, "63": 0.707565493782154, "64": 7.362879567039218e-10, "65": 6.306352981670411e-10, "66": 0.707565493782154, "67": 3.507872451359e-10, "68": 3.976655389165447e-10, "69": 0.8495475633024059, "70": 0.7686863694910556, "71": 2.675256069478139e-10, "72": 0.7334059848807762, "73": 7.391702752280263e-10, "74": 0.7696243136862798, "75": 3.8562235701475e-10, "76": 0.6264519438654065, "77": 3.18305211882995e-10, "78": 3.113619697518658e-10, "79": 0.8174030831983212, "80": 0.7218855669183757, "81": 0.6696185639797261, "82": 5.269509713085014e-10, "83": 2.401347883354965e-10, "84": 5.179454294544389e-10, "85": 0.7097591018626601, "86": 0.7686863694910556, "87": 6.080825534327173e-10, "88": 4.5045385668069373e-10, "89": 0.7334059848807762, "90": 0.7696493499768369, "91": 3.976655389165447e-10, "92": 4.278361733147084e-10, "93": 0.6264519438654065, "94": 2.139180866573542e-10, "95": 7.01758321657694e-10, "96": 0.7419641836601989, "97": 5.289066293711684e-10, "98": 0.7783074589306316, "99": 0.6696185639856177}, "1": {"0": 0.6634014030756592, "1": 0.8046017687043585, "2": 0.774957684645733, "3": 0.769138118167205, "4": 0.7037497556968146, "5": 1.1565928401329876e-10, "6": 1.2426776924536552e-10, "7": 0.7481916133368177, "8": 0.7555396507845855, "9": 0.772540414114066, "10": 8.13774004202448e-11, "11": 0.8143530850215405, "12": 6.014856228316117e-11, "13": 0.7717003508053364, "14": 0.7444706552704987, "15": 1.1715914074702157e-10, "16": 9.755802403033026e-11, "17": 7.515998315878697e-11, "18": 3.185948090183816e-11, "19": 7.4236059618751e-11, "20": 0.7481916133368177, "21": 0.8143679315443642, "22": 0.8046017687043585, "23": 0.7370387446880995, "24": 0.7759427100609271, "25": 0.690752238793269, "26": 1.040428821343446e-10, "27": 0.5963128394391607, "28": 0.7458581213250474, "29": 8.97244506495679e-11, "30": 9.447669875298343e-11, "31": 7.505526508017898e-11, "32": 4.8122157448984585e-11, "33": 1.2150084235929696e-10, "34": 8.406448199592507e-11, "35": 0.7603775733298254, "36": 0.7849159946616268, "37": 7.992949186953935e-11, "38": 0.7458581213250474, "39": 0.7535766488975627, "40": 1.194946948880337e-10, "41": 0.5963128394391607, "42": 8.960960451459497e-11, "43": 1.2293312881268578e-10, "44": 0.7422712935082302, "45": 0.7619647641257418, "46": 0.7422712935082302, "47": 1.3064875950058858e-10, "48": 4.1062320895493356e-11, "49": 0.6302342865891686, "50": 0.7535766488975627, "51": 1.2293312881268578e-10, "52": 0.7137098306222239, "53": 4.5102638914198826e-11, "54": 0.690752238793269, "55": 0.6634014033171017, "56": 9.462936716320327e-11, "57": 0.7759427100609271, "58": 0.7137098306222239, "59": 1.3064875950058858e-10, "60": 1.1247235570063502e-10, "61": 0.7849159946616268, "62": 1.0153340573639822e-10, "63": 0.6302342865891686, "64": 7.515998315878697e-11, "65": 3.996474593476968e-11, "66": 9.259108736601724e-11, "67": 0.7225219225605916, "68": 3.0074281141580585e-11, "69": 0.7225219225605916, "70": 0.764974383839478, "71": 7.505526508017898e-11, "72": 5.857957037351079e-11, "73": 4.4804802257297485e-11, "74": 8.97244506495679e-11, "75": 0.764974383839478, "76": 0.7619647641257418, "77": 9.462936716320327e-11, "78": 1.9933403375222702e-11, "79": 0.7032951424752203, "80": 0.8046017687043585, "81": 0.7717003508053364, "82": 2.710327902632075e-11, "83": 0.7555396507845855, "84": 0.7619647641257418, "85": 0.7534713198459604, "86": 0.6634014030756592, "87": 0.7032951424752203, "88": 8.406448199592507e-11, "89": 2.2551319457099413e-11, "90": 0.7534713198459604, "91": 0.7370387446880995, "92": 1.1565928401329876e-10, "93": 0.774957684645733, "94": 9.259108736601724e-11, "95": 0.772540414114066, "96": 0.7444706552704987, "97": 1.1247235570063502e-10, "98": 0.7037497556968146, "99": 0.8143679315443642}, "2": {"0": 0.5172313971740137, "1": 6.784288444730473e-11, "2": 1.742760685068413e-10, "3": 0.8962506425606777, "4": 0.6082046023207887, "5": 4.4168949089345453e-11, "6": 0.756254277169792, "7": 1.400147684286791e-10, "8": 1.7345468317835578e-10, "9": 0.8243002598388419, "10": 8.579862964538392e-11, "11": 1.260032031295022e-10, "12": 0.5172313971738015, "13": 5.729569882323232e-11, "14": 0.5684694184076011, "15": 0.4979921270269809, "16": 0.8386651823173498, "17": 1.337840938185042e-10, "18": 0.8243002598388419, "19": 0.6978829361571954, "20": 1.199171106061545e-10, "21": 0.7774447669859149, "22": 0.8619042709690193, "23": 1.703048730337927e-10, "24": 0.6809944526219656, "25": 1.8234598267846813e-10, "26": 1.1290123289296182e-10, "27": 1.0581856334166379e-10, "28": 0.8981940084729949, "29": 0.5172313971735893, "30": 0.5684694184076011, "31": 1.5056230618859642e-10, "32": 6.997459736735412e-11, "33": 0.6880483005870133, "34": 0.8985853960319303, "35": 1.3279644271233426e-10, "36": 0.8968984311981167, "37": 9.412114949797546e-11, "38": 1.8234598267846813e-10, "39": 1.1062699655485133e-10, "40": 7.779530599425723e-11, "41": 7.531577882804867e-11, "42": 0.7774447669859149, "43": 0.4790606310893921, "44": 1.506897768362328e-10, "45": 0.6809944526219656, "46": 0.6391269165096549, "47": 0.4979921270269809, "48": 1.3718812798184142e-10, "49": 7.290098336548413e-11, "50": 1.3082430669937434e-10, "51": 0.5172313971738015, "52": 1.400147684286791e-10, "53": 9.975108327489434e-11, "54": 0.6880483005870133, "55": 0.8458044292115401, "56": 1.6570332301479404e-10, "57": 0.4790606310893921, "58": 0.756254277169792, "59": 1.2935159981196504e-10, "60": 4.6998714380898364e-11, "61": 9.897567413567785e-11, "62": 0.8985853960319303, "63": 0.8458044292115401, "64": 0.562462963556617, "65": 1.5013337569252214e-10, "66": 8.196824219767572e-11, "67": 0.6082046023207887, "68": 0.6809944526219656, "69": 9.897567413567785e-11, "70": 1.5461481690589883e-10, "71": 0.6391269165096549, "72": 1.232171519915132e-10, "73": 0.5243836350469087, "74": 7.450203432051462e-11, "75": 0.8386651823173498, "76": 0.6978829361571954, "77": 0.8962506425606777, "78": 7.528115309429821e-11, "79": 8.579862964538392e-11, "80": 1.2135025208669883e-10, "81": 0.562462963556617, "82": 3.725101716025731e-11, "83": 0.6181167213897862, "84": 0.8619042709690193, "85": 6.467579990598252e-11, "86": 0.8509495178742414, "87": 1.1545950973214639e-10, "88": 0.6181167213897831, "89": 6.639822135616713e-11, "90": 0.6809944526219656, "91": 0.8509495178742414,