{"0": {"0": 0.05000000000048402, "1": 0.9499999999992842, "2": 0.4619088024095273, "3": 0.35552575911163775, "4": 0.5219048598757557, "5": 0.4880397322511927, "6": 0.05000000000055188, "7": 0.5926859921973398, "8": 0.9499999999996569, "9": 0.5560478191956386, "10": 0.9499999999994753, "11": 0.05000000000034861, "12": 0.4411515452877014, "13": 0.9499999999994907, "14": 0.5219048598757557, "15": 0.05000000000047958, "16": 0.9499999999997223, "17": 0.050000000000583696, "18": 0.05000000000061306, "19": 0.05000000000063193, "20": 0.05000000000058044, "21": 0.9499999999994654, "22": 0.9499999999993681, "23": 0.050000000000478904, "24": 0.4167773876410924, "25": 0.050000000000215476, "26": 0.9499999999994644, "27": 0.9499999999995052, "28": 0.9499999999991431, "29": 0.05000000000028866, "30": 0.05000000000032297, "31": 0.05000000000044653, "32": 0.49189330936904574, "33": 0.050000000000346684, "34": 0.5315050450565496, "35": 0.9499999999997528, "36": 0.05000000000023945, "37": 0.9499999999998284, "38": 0.05000000000048402, "39": 0.9499999999996129, "40": 0.9499999999997722, "41": 0.9499999999995297, "42": 0.9499999999995058, "43": 0.05000000000017431, "44": 0.9499999999996602, "45": 0.4167773876410924, "46": 0.9499999999997326, "47": 0.050000000000346684, "48": 0.5926859921973398, "49": 0.05000000000033126, "50": 0.9499999999996571, "51": 0.4411515452877014, "52": 0.9499999999998102, "53": 0.05000000000020428, "54": 0.05000000000064895, "55": 0.5475153167677456, "56": 0.050000000000382204, "57": 0.5560478191956386, "58": 0.05000000000053244, "59": 0.9499999999997409, "60": 0.050000000000529704, "61": 0.0500000000006245, "62": 0.9499999999997358, "63": 0.050000000000349036, "64": 0.9499999999993951, "65": 0.05000000000049003, "66": 0.05000000000022314, "67": 0.05000000000017334, "68": 0.9499999999996984, "69": 0.9499999999994644, "70": 0.9499999999995575, "71": 0.9499999999994124, "72": 0.05000000000022327, "73": 0.9499999999995399, "74": 0.050000000000503725, "75": 0.9499999999994061, "76": 0.9499999999994158, "77": 0.5475153167677456, "78": 0.050000000000346684, "79": 0.9499999999993681, "80": 0.5315050450565496, "81": 0.4167773876410924, "82": 0.9499999999997788, "83": 0.05000000000024189, "84": 0.05000000000058044, "85": 0.050000000000306535, "86": 0.35552575911163775, "87": 0.050000000000349036, "88": 0.4619088024095273, "89": 0.49189330936904574, "90": 0.050000000000245015, "91": 0.9499999999997838, "92": 0.050000000000529704, "93": 0.9499999999996984, "94": 0.9499999999998705, "95": 0.4880397322511927, "96": 0.9499999999997528, "97": 0.9499999999997376, "98": 0.9499999999997062, "99": 0.050000000000583696}, "1": {"0": 0.4381269677592837, "1": 0.9499999999998396, "2": 0.4381269677592837, "3": 0.9499999999998577, "4": 0.9499999999999202, "5": 0.9499999999999004, "6": 0.05000000000051437, "7": 0.05000000000062417, "8": 0.5015606585091729, "9": 0.46858658649316887, "10": 0.5045399258164316, "11": 0.5183377791337951, "12": 0.9499999999997935, "13": 0.050000000000712495, "14": 0.3614210930712066, "15": 0.05000000000068697, "16": 0.050000000000722626, "17": 0.6065164231426116, "18": 0.9499999999998324, "19": 0.050000000000419, "20": 0.9499999999998006, "21": 0.050000000000944254, "22": 0.9499999999998433, "23": 0.9499999999998239, "24": 0.050000000000588574, "25": 0.4381269677592837, "26": 0.9499999999998983, "27": 0.5045399258164316, "28": 0.9499999999998362, "29": 0.05000000000066836, "30": 0.6254726689563548, "31": 0.41243895590947177, "32": 0.050000000000419, "33": 0.5183377791337951, "34": 0.5045399258164316, "35": 0.9499999999999039, "36": 0.050000000000369714, "37": 0.05000000000040282, "38": 0.9499999999998696, "39": 0.41243895590947177, "40": 0.05000000000086221, "41": 0.46858658649316887, "42": 0.9499999999998723, "43": 0.9499999999999289, "44": 0.9499999999998326, "45": 0.05000000000045167, "46": 0.9499999999998192, "47": 0.05000000000035128, "48": 0.9499999999998785, "49": 0.05000000000031715, "50": 0.5823470276351719, "51": 0.3614210930712066, "52": 0.5183377791337951, "53": 0.9499999999999362, "54": 0.05000000000036131, "55": 0.0500000000007413, "56": 0.9499999999998983, "57": 0.050000000000588574, "58": 0.05000000000035128, "59": 0.949999999999918, "60": 0.05000000000033418, "61": 0.6065164231426116, "62": 0.05000000000068697, "63": 0.9499999999998525, "64": 0.050000000000430714, "65": 0.9499999999998167, "66": 0.603130815482289, "67": 0.949999999999922, "68": 0.9499999999999318, "69": 0.9499999999998369, "70": 0.05000000000062417, "71": 0.050000000000551485, "72": 0.46858658649316887, "73": 0.603130815482289, "74": 0.949999999999846, "75": 0.5015606585091729, "76": 0.9499999999999262, "77": 0.9499999999998326, "78": 0.05000000000027574, "79": 0.9499999999999083, "80": 0.6254726689563548, "81": 0.05000000000022964, "82": 0.5823470276351719, "83": 0.3614210930712066, "84": 0.9499999999999096, "85": 0.9499999999998162, "86": 0.9499999999998586, "87": 0.9499999999998976, "88": 0.9499999999999198, "89": 0.9499999999998239, "90": 0.603130815482289, "91": 0.9499999999998805, "92": 0.050000000000410244, "93": 0.05000000000018061, "94": 0.9499999999998696, "95": 0.050000000000410244, "96": 0.5045399258164316, "97": 0.0500000000004311, "98": 0.41243895590947177, "99": 0.050000000000430714}, "2": {"0": 0.9499999999998197, "1": 0.40333154162031093, "2": 0.4931827178014606, "3": 0.5832409215562535, "4": 0.5832409215562535, "5": 0.5207847749380294, "6": 0.949999999999684, "7": 0.05000000000008677, "8": 0.05000000000015692, "9": 0.949999999999776, "10": 0.050000000000210265, "11": 0.9499999999996909, "12": 0.4363364299918978, "13": 0.949999999999519, "14": 0.05000000000007494, "15": 0.949999999999806, "16": 0.9499999999996595, "17": 0.05000000000013058, "18": 0.05000000000012751, "19": 0.050000000000106515, "20": 0.05000000000017546, "21": 0.9499999999996181, "22": 0.050000000000094406, "23": 0.43947369441970663, "24": 0.05000000000011856, "25": 0.9499999999994955, "26": 0.050000000000122315, "27": 0.9499999999996249, "28": 0.949999999999809, "29": 0.05000000000013248, "30": 0.3719931209850009, "31": 0.05000000000015492, "32": 0.9499999999997515, "33": 0.9499999999997477, "34": 0.05000000000011657, "35": 0.9499999999997437, "36": 0.9499999999996583, "37": 0.05000000000015249, "38": 0.4931827178014606, "39": 0.9499999999995472, "40": 0.9499999999995665, "41": 0.9499999999996909, "42": 0.9499999999997629, "43": 0.050000000000068164, "44": 0.6405192486654828, "45": 0.05000000000011153, "46": 0.050000000000114814, "47": 0.050000000000059205, "48": 0.9499999999996501, "49": 0.528252191603787, "50": 0.6405192486654828, "51": 0.9499999999995803, "52": 0.5460719311782307, "53": 0.949999999999684, "54": 0.9499999999997095, "55": 0.3719931209850009, "56": 0.4268089066837424, "57": 0.05000000000013505, "58": 0.5984048517113889, "59": 0.9499999999997248, "60": 0.5576851106966847, "61": 0.528252191603787, "62": 0.050000000000117784, "63": 0.05000000000006624, "64": 0.5576851106966847, "65": 0.40333154162031093, "66": 0.5832409215562535, "67": 0.4268089066837424, "68": 0.9499999999997291, "69": 0.05000000000011657, "70": 0.5496844276104729, "71": 0.0500000000001485, "72": 0.05000000000014604, "73": 0.05000000000009997, "74": 0.05000000000011856, "75": 0.05000000000013058, "76": 0.05000000000009997, "77": 0.43947369441970663, "78": 0.9499999999996007, "79": 0.949999999999825, "80": 0.05000000000013201, "81": 0.9499999999996678, "82": 0.9499999999998645, "83": 0.9499999999997248, "84": 0.4363364299918978, "85": 0.05000000000006653, "86": 0.9499999999998814, "87": 0.5460719311782307, "88": 0.9499999999996249, "89": 0.5984048517113889, "90": 0.9499999999998292, "91": 0.9499999999996595, "92": 0.9499999999996007, "93": 0.05000000000012751, "94": 0.05000000000015692, "95": 0.050000000000125736, "96": 0.050000000000117784, "97": 0.05000000000013201, "98": 0.5207847749380294, "99": 0.5496844276104729}, "3": {"0": 0.05000000000055417, "1": 0.05000000000082151,