{"0": {"0": 0.3354392851380691, "1": 0.10098858130099372, "2": 0.5462739450698009, "3": 0.5905957683066319, "4": 0.6878957522201627, "5": 0.5618456140183361, "6": 0.4551051125577821, "7": 0.5462739450698009, "8": 0.9298190890010963, "9": 0.2636414071478871, "10": 0.17298359805002317, "11": 0.8256580533004294, "12": 0.11521841658308946, "13": 0.2459442769417931, "14": 0.6626220098431073, "15": 0.41268516607794326, "16": 0.5790234082005682, "17": 0.5905957683066319, "18": 0.3354392851380691, "19": 0.13062421875850572, "20": 0.8564813376717715, "21": 0.723897318572446, "22": 0.8256580533004294, "23": 0.11521841658308946, "24": 0.30010256538309404, "25": 0.32937755564502247, "26": 0.42359864069107567, "27": 0.476177535270599, "28": 0.9298190890010963, "29": 0.6135778107469438, "30": 0.4551051125577821, "31": 0.3482918271174932, "32": 0.6626220098431073, "33": 0.20960230205218333, "34": 0.020827014585002836, "35": 0.9598659579019566, "36": 0.7365335482030575, "37": 0.6878957522201627, "38": 0.32937755564502247, "39": 0.6878957522201627, "40": 0.20960230205218333, "41": 0.723897318572446, "42": 0.9485765045363126, "43": 0.8564813376717715, "44": 0.9598659579019566, "45": 0.8463854717118641, "46": 0.10098858130099372, "47": 0.6135778107469438, "48": 0.9213661900712008, "49": 0.12613169670939275, "50": 0.7585186346747079, "51": 0.060907797942998276, "52": 0.30010256538309404, "53": 0.3482918271174932, "54": 0.7885411569368553, "55": 0.657330258830487, "56": 0.8463854717118641, "57": 0.2644628884997367, "58": 0.528233627418785, "59": 0.2644628884997367, "60": 0.42359864069107567, "61": 0.5618456140183361, "62": 0.97877699936222, "63": 0.2459442769417931, "64": 0.6626220098431073, "65": 0.7885411569368553, "66": 0.97877699936222, "67": 0.060907797942998276, "68": 0.13062421875850572, "69": 0.9358235017728342, "70": 0.9598659579019566, "71": 0.020827014585002836, "72": 0.30010256538309404, "73": 0.9598659579019566, "74": 0.12613169670939275, "75": 0.17298359805002317, "76": 0.9598659579019566, "77": 0.528233627418785, "78": 0.9213661900712008, "79": 0.657330258830487, "80": 0.3588356305153415, "81": 0.5790234082005682, "82": 0.7365335482030575, "83": 0.2636414071478871, "84": 0.657330258830487, "85": 0.17298359805002317, "86": 0.7585186346747079, "87": 0.476177535270599, "88": 0.9358235017728342, "89": 0.13062421875850572, "90": 0.5462739450698009, "91": 0.3588356305153415, "92": 0.723897318572446, "93": 0.41268516607794326, "94": 0.4551051125577821, "95": 0.9485765045363126, "96": 0.30010256538309404, "97": 0.1895505560465507, "98": 0.1895505560465507, "99": 0.3588356305153415}, "1": {"0": 0.6736316557993018, "1": 0.5049033762519528, "2": 0.7700533825972513, "3": 0.5049033762519528, "4": 0.34671784542180206, "5": 0.20826316754486784, "6": 0.5335868087196953, "7": 0.09391155423031111, "8": 0.8584836437341532, "9": 0.17943387381180737, "10": 0.17943387381180737, "11": 0.8866522005501373, "12": 0.056345232868903805, "13": 0.8516674149586023, "14": 0.8189798474743039, "15": 0.34671784542180206, "16": 0.20826316754486784, "17": 0.7125771775457936, "18": 0.17306085565680257, "19": 0.944608360248805, "20": 0.8584836437341532, "21": 0.22037175012041066, "22": 0.7700533825972513, "23": 0.41345009057959736, "24": 0.056345232868903805, "25": 0.17306085565680257, "26": 0.9845719181656623, "27": 0.6291735848199898, "28": 0.5335868087196953, "29": 0.469237932051512, "30": 0.8205004360604105, "31": 0.469237932051512, "32": 0.7125771775457936, "33": 0.9845719181656623, "34": 0.42067944461331414, "35": 0.5049033762519528, "36": 0.08426946852302572, "37": 0.07571123284213477, "38": 0.944608360248805, "39": 0.8825657330848156, "40": 0.7990432616278853, "41": 0.8866522005501373, "42": 0.5049033762519528, "43": 0.6291735848199898, "44": 0.28190370419416144, "45": 0.05414046347156377, "46": 0.17943387381180737, "47": 0.056345232868903805, "48": 0.6986976046070574, "49": 0.5726493064504703, "50": 0.332543262740701, "51": 0.8272564722997731, "52": 0.5049033762519528, "53": 0.5726493064504703, "54": 0.6214907280563149, "55": 0.28190370419416144, "56": 0.5335868087196953, "57": 0.37767208106137184, "58": 0.46383624055354244, "59": 0.22037175012041066, "60": 0.07571123284213477, "61": 0.8825657330848156, "62": 0.014729179935870057, "63": 0.8272564722997731, "64": 0.6736316557993018, "65": 0.37767208106137184, "66": 0.332543262740701, "67": 0.05414046347156377, "68": 0.31544600966716835, "69": 0.8516674149586023, "70": 0.9602746055150486, "71": 0.8516674149586023, "72": 0.014729179935870057, "73": 0.6736316557993018, "74": 0.6986976046070574, "75": 0.7125771775457936, "76": 0.8205004360604105, "77": 0.42067944461331414, "78": 0.469237932051512, "79": 0.9266657126653867, "80": 0.41345009057959736, "81": 0.9602746055150486, "82": 0.6214907280563149, "83": 0.8825657330848156, "84": 0.08426946852302572, "85": 0.8189798474743039, "86": 0.09391155423031111, "87": 0.7990432616278853, "88": 0.34225457517168195, "89": 0.22037175012041066, "90": 0.4905487242706368, "91": 0.34225457517168195, "92": 0.469237932051512, "93": 0.20826316754486784, "94": 0.31544600966716835, "95": 0.46383624055354244, "96": 0.41345009057959736, "97": 0.4905487242706368, "98": 0.9266657126653867, "99": 0.8272564722997731}, "2": {"0": 0.9449648115810525, "1": 0.14041302037910727, "2": 0.7499279696594249, "3": 0.27777507157068654, "4": 0.27222333534763354, "5": 0.03567208490459528, "6": 0.04600088886034766, "7": 0.5077663080801008, "8": 0.15628060019921636, "9": 0.6375845635652388, "10": 0.6078103242120843, "11": 0.4301001961319404, "12": 0.15628060019921636, "13": 0.92809779848429, "14": 0.19751191189502632, "15": 0.4453605418861938, "16": 0.1622048511187828, "17": 0.3705881154294482, "18": 0.7499279697766779, "19": 0.6391521615782201, "20": 0.32062329822643887, "21": 0.6386296289072264, "22": 0.7589381397292706, "23": 0.5636743222988738, "24": 0.15628060019921636, "25": 0.6078103242120843, "26": 0.6104605645669082, "27": 0.38245261358101845, "28": 0.1622048511187828, "29": 0.19751191189502632, "30": 0.5636743222988738, "31": 0.41019239890611436, "32": 0.32663584297355863, "33": 0.6869531588033726, "34": 0.9099987191796848, "35": 0.6296882133842869, "36": 0.6391521615782201, "37": 0.5077663080801008, "38": 0.41019239890611436, "39": 0.9449648115810525, "40": 0.5636743222988738, "41": 0.01183115347603697, "42": 0.36977474975832836, "43": 0.7976126602364018, "44": 0.9099987191796848, "45": 0.04600088886034766, "46": 0.44192378613754807, "47": 0.44192378613754807, "48": 0.7589381397292706, "49": 0.03567208490459528, "50": 0.4453605418861938, "51": 0.6296882133842869, "52": 0.7062586073343892, "53": 0.32663584297355863, "54": 0.7581402039390291, "55": 0.10654083367622041, "56": 0.46563697110343816, "57": 0.7499279697766779, "58": 0.32062329822643887, "59": 0.09838485311047629, "60": 0.38245261358101845, "61": 0.4301001961319404, "62": 0.04600088886034766, "63": 0.9449648115810525, "64": 0.7976126602364018, "65": 0.6078103242120843, "66": 0.46563697110343816, "67": 0.36977474975832836, "68": 0.6104605645669082, "69": 0.4255785636990135, "70": 0.27222333534763354, "71": 0.92809779848429, "72": 0.168599595399207, "73": 0.7062586073343892, "74": 0.6869531588033726, "75": 0.7504480623074361, "76": 0.02787121073257355, "77": 0.4255785636990135, "78": 0.6375845635652388, "79": 0.3705881154294482, "80": 0.27222333534763354, "81": 0.7504480623074361, "82": 0.02787121073257355, "83": 0.7581402039390291, "84": 0.10654083367622041, "85": 0.168599595399207, "86": 0.09838485311047629, "87": 0.6629078029147315, "88": 0.168599595399207, "89": 0.14041302037910727, "90": 0.739758067967272, "91": 0.739758067960332, "92": 0.739758067960332, "93": 0.6869531588033726, "94": 0.27777507157068654, "95": 0.5636743222988738, "96": 0.02787121073257355, "97": 0.6629078029147315, "98": 0.6386296289072264, "99": 0.01183115347603697}, "3": {"0": 0.4982259228004743, "1": 0.7368816241354382, "2": 0.6221442996843543, "3": 0.6902055986373206,