{"0": {"0": 0.5000676002706774, "1": 0.5000480197596374, "2": 0.500088242899225, "3": 0.5000866098535861, "4": 0.5000710481796619, "5": 0.5000607543713961, "6": 0.50006836841234, "7": 0.5000838333457776, "8": 0.5000634609300828, "9": 0.500082419472248, "10": 0.5000739128682894, "11": 0.5000850403814372, "12": 0.500101053332735, "13": 0.5000595182466006, "14": 0.5000834463799744, "15": 0.500052813759694, "16": 0.5000817658934191, "17": 0.9469601389302098, "18": 0.500070337303074, "19": 0.5000659850432572, "20": 0.5000751782002757, "21": 0.5000876455925483, "22": 0.5000576007995299, "23": 0.5000772815680901, "24": 0.5000689488406518, "25": 0.0392276048710332, "26": 0.5000735534740125, "27": 0.5000886108502334, "28": 0.5000480197596374, "29": 0.5000844732877008, "30": 0.5000573922121109, "31": 0.5000802141240192, "32": 0.5000537702962186, "33": 0.5000692917130078, "34": 0.5000432753717068, "35": 0.5000700970881156, "36": 0.9469601389302098, "37": 0.5000734010346611, "38": 0.5000759941320687, "39": 0.9644090120644355, "40": 0.5000834463799744, "41": 0.500085942279028, "42": 0.5000864957266005, "43": 0.5000842876340736, "44": 0.5000811239897719, "45": 0.5000399022381927, "46": 0.5000456354585399, "47": 0.5000381214692312, "48": 0.5000470346026389, "49": 0.5000351121565669, "50": 0.500058333741852, "51": 0.5000205653909477, "52": 0.5000867114706523, "53": 0.9644090120644355, "54": 0.500093430748249, "55": 0.5000656902249693, "56": 0.5000470346026389, "57": 0.5000556054835767, "58": 0.5000696944005617, "59": 0.5000732327372384, "60": 0.5000703500444418, "61": 0.5000689488406518, "62": 0.5000647346722746, "63": 0.500078139791051, "64": 0.5000853795763726, "65": 0.5000891581074233, "66": 0.5000784720468474, "67": 0.5000647851315141, "68": 0.5000647851315141, "69": 0.5000537514171084, "70": 0.5000715116592478, "71": 0.5000694230674338, "72": 0.5000783059189492, "73": 0.5000551932473187, "74": 0.5000527220170436, "75": 0.5000802141240192, "76": 0.5000735534740125, "77": 0.0392276048710332, "78": 0.5000347648240273, "79": 0.5000684592300133, "80": 0.5000659850432572, "81": 0.500069300962205, "82": 0.5000864957266005, "83": 0.5000595182466006, "84": 0.5000516737378689, "85": 0.5000759941320687, "86": 0.500093430748249, "87": 0.5000811239897719, "88": 0.5000920308735677, "89": 0.5000381214692312, "90": 0.5000710481796619, "91": 0.5000607543713961, "92": 0.5000866098535861, "93": 0.5000842876340736, "94": 0.5000920308735677, "95": 0.500069300962205, "96": 0.5000732327372384, "97": 0.5000634609300828, "98": 0.5000527220170436, "99": 0.5000551932473187}, "1": {"0": 0.49868701090528467, "1": 0.49837036412926133, "2": 0.4993154083650975, "3": 0.4992261053810879, "4": 0.4992994597039315, "5": 0.4985694276482081, "6": 0.49897690548087936, "7": 0.4985197202306647, "8": 0.4986457660501064, "9": 0.49899900587979673, "10": 0.4983765369185298, "11": 0.4986056539578608, "12": 0.49836115815951243, "13": 0.49928094252183186, "14": 0.49875479776572057, "15": 0.4995952317082838, "16": 0.49856438712608353, "17": 0.49830109747477924, "18": 0.49889833165967734, "19": 0.04567116464112047, "20": 0.4984997237335812, "21": 0.4990535314281421, "22": 0.49844963327173997, "23": 0.49885502412330096, "24": 0.49857215460005005, "25": 0.49889833165967734, "26": 0.49858641108042545, "27": 0.49859932498611215, "28": 0.04567116464112047, "29": 0.4987840567990227, "30": 0.4990535314281421, "31": 0.4988082342879011, "32": 0.4991206286443918, "33": 0.4992068328588092, "34": 0.49837036412926133, "35": 0.4983900864779409, "36": 0.4985899963655408, "37": 0.49852459549984474, "38": 0.4989314027172682, "39": 0.49884348396098355, "40": 0.49927911959906834, "41": 0.49884386468482034, "42": 0.4985274929140767, "43": 0.4992058714053295, "44": 0.4983058844061622, "45": 0.4985843763171601, "46": 0.49858282579531016, "47": 0.4990320443733527, "48": 0.49919268432243324, "49": 0.4984453721047437, "50": 0.4983741771384833, "51": 0.4984489076537679, "52": 0.4984759363600227, "53": 0.49897169754208803, "54": 0.49875479776572057, "55": 0.4991206286443918, "56": 0.49903653535177483, "57": 0.498548117192544, "58": 0.49852459549984474, "59": 0.4983733655315569, "60": 0.49837046281072267, "61": 0.4988661835617816, "62": 0.4984598299401714, "63": 0.499409428974498, "64": 0.4984453721047437, "65": 0.4987302932171872, "66": 0.49857215460005005, "67": 0.4992661852541659, "68": 0.49927975230224264, "69": 0.49963309262708294, "70": 0.4991437863522662, "71": 0.4985274929140767, "72": 0.4983900864779409, "73": 0.49838246484749976, "74": 0.4990352587276937, "75": 0.49919268432243324, "76": 0.4992994597039315, "77": 0.4986056539578608, "78": 0.4990320443733527, "79": 0.49846788315009705, "80": 0.4992815000382467, "81": 0.4995952317082838, "82": 0.49934350545264233, "83": 0.49837046281072267, "84": 0.4990301066430927, "85": 0.4992932055402127, "86": 0.4988082342879011, "87": 0.4987766941523455, "88": 0.4988100890566645, "89": 0.4990352587276937, "90": 0.49885502412330096, "91": 0.4987302932171872, "92": 0.49836115815951243, "93": 0.49846788315009705, "94": 0.4991437863522662, "95": 0.4993154083650975, "96": 0.49856438712608353, "97": 0.4984997237335812, "98": 0.49928094252183186, "99": 0.49897169754208803}, "2": {"0": 0.499660510215551, "1": 0.49960128914364604, "2": 0.4996550058262391, "3": 0.4997527555771639, "4": 0.49967581633568675, "5": 0.4997144833378507, "6": 0.49973170454496374, "7": 0.4998168271266092, "8": 0.4996355339837722, "9": 0.4996664484846257, "10": 0.49962975614628224, "11": 0.4996219089704926, "12": 0.4996663034595904, "13": 0.4998357923845083, "14": 0.49964512541876877, "15": 0.49970957121737386, "16": 0.49963405012077367, "17": 0.49962112498762323, "18": 0.49962112498762323, "19": 0.4996265511591794, "20": 0.49957437435267243, "21": 0.49970264327751823, "22": 0.04711494529801204, "23": 0.49979072474183733, "24": 0.49966961779691543, "25": 0.49962863654942236, "26": 0.4998150320261175, "27": 0.49970159589814245, "28": 0.4995947072899093, "29": 0.49969599710501234, "30": 0.4996838535852081, "31": 0.4996837944625697, "32": 0.4997976408401067, "33": 0.4996565458275092, "34": 0.4997891236081371, "35": 0.49966425418213534, "36": 0.49984799855250617, "37": 0.4998247360621585, "38": 0.4997254104649719, "39": 0.49982741242883, "40": 0.4996498311245008, "41": 0.4997254104649719, "42": 0.4998090553377186, "43": 0.4998104572368921, "44": 0.4997116573903889, "45": 0.49965880211774216, "46": 0.49968937687088266, "47": 0.499695846412515, "48": 0.4996865856667262, "49": 0.49962466395458127, "50": 0.04711494529801204, "51": 0.49982741242883, "52": 0.49966332108307554, "53": 0.49962201125829486, "54": 0.4997737132988826, "55": 0.49979735364495465, "56": 0.49968838047012026, "57": 0.4996769239770787, "58": 0.49969557713601503, "59": 0.4996562781014634, "60": 0.4997514015526551, "61": 0.4996254406092877, "62": 0.49970264327751823, "63": 0.4997690495151086, "64": 0.4996996360991815, "65": 0.49969557713601503, "66": 0.4996605017713519, "67": 0.4997117103329852, "68": 0.4995947072899093, "69": 0.9354610604291875, "70": 0.4996547000831134, "71": 0.49977537127208826, "72": 0.4996853249590808, "73": 0.4997880688074068, "74": 0.4996853249590808, "75": 0.49964885117738794, "76": 0.49981100562914743, "77": 0.4996254406092877, "78": 0.9354610604291875, "79": 0.49966146916409415, "80": 0.499695846412515, "81": 0.4995520863485248, "82": 0.4996838535852081, "83": 0.4997737132988826, "84": 0.4996805526316378, "85": 0.4997891236081371, "86": 0.4999045276688593, "87": 0.49962863654942236, "88": 0.49965880211774216, "89": 0.49961085207272016, "90": 0.4996219089704926, "91": 0.4996805526316378, "92": 0.49961085207272016, "93": 0.49966332108307554, "94": 0.4996498311245008, "95": 0.4996605017713519, "96": 0.49957437435267243, "97": 0.49970957121737386, "98": 0.4998357923845083, "99": 0.4996664484846257}, "3": {"0": 0.5002099890086142, "1": 0.5001800315169082, "2": 0.5000815131175929, "3": 0.5002325382522002, "4": 0.5001452285981155,