{"0": {"0": 2.2591303642588992e-13, "1": 0.6169997888286727, "2": 0.6117070910651341, "3": 2.1198359193765818e-13, "4": 0.3995254647131191, "5": 0.6169997888286727, "6": 0.7477972340940582, "7": 0.7729155122625593, "8": 2.0367138193184188e-13, "9": 0.702329523095958, "10": 1.9018325995365723e-13, "11": 1.0183569096592094e-13, "12": 0.26168153310020614, "13": 2.619662046308957e-13, "14": 0.7554513805753089, "15": 0.7849400112677422, "16": 0.3995254647131191, "17": 0.7573196423092654, "18": 0.6865746904416224, "19": 0.6865746904416224, "20": 0.2428248094831861, "21": 0.5783252260294056, "22": 0.7573196423092654, "23": 0.7003837639989405, "24": 1.808577727960246e-13, "25": 0.5467402405205857, "26": 0.7859348448953107, "27": 0.2428248094831861, "28": 0.3995254647131191, "29": 0.5783252260294056, "30": 0.7554513805753089, "31": 0.6117070910651341, "32": 0.5329350024806399, "33": 0.7534179662478206, "34": 0.716969782877833, "35": 0.3995254647131191, "36": 1.7506482810184629e-13, "37": 0.3487888107026438, "38": 0.7859348448953107, "39": 0.8670403723109834, "40": 0.313943183808877, "41": 0.7931803423111756, "42": 0.9978081836483794, "43": 0.27138852688422305, "44": 0.9978081836483794, "45": 0.6117070910651341, "46": 1.7653564361040704e-13, "47": 0.7849400112677422, "48": 0.5329350024806399, "49": 0.716969782877833, "50": 1.2256761398960964e-13, "51": 0.5467402405205857, "52": 0.3487888107026438, "53": 2.619662046308957e-13, "54": 0.7534179662478206, "55": 2.0556541460118825e-13, "56": 0.49201882913789896, "57": 0.8371417310669726, "58": 0.8670403723109834, "59": 0.6169997888286727, "60": 0.5234246374587084, "61": 0.7931803423111756, "62": 2.146331298480197e-13, "63": 0.313943183808877, "64": 1.1414563259938954e-13, "65": 1.7653564361040704e-13, "66": 0.6117070910651341, "67": 1.8758799161111557e-13, "68": 0.7003837639989405, "69": 2.526043319367083e-13, "70": 0.3399386890087087, "71": 0.8616832960404762, "72": 2.0556541460118825e-13, "73": 0.7729155122625593, "74": 0.9311688396479789, "75": 0.8371417310669726, "76": 0.27138852688422305, "77": 0.8707329261672228, "78": 0.3399386890087087, "79": 0.5234246374587084, "80": 0.6169997888286727, "81": 0.32881770672151167, "82": 0.49201882913789896, "83": 0.702329523095958, "84": 1.9608924945051784e-13, "85": 0.26168153310020614, "86": 0.8616832960404762, "87": 0.7849400112677422, "88": 8.753241405092314e-14, "89": 1.0599179596882909e-13, "90": 0.9311688396479789, "91": 0.7477972340940582, "92": 0.9311688396479789, "93": 0.32881770672151167, "94": 0.9978081836483794, "95": 0.2947002039362454, "96": 1.8758799161111557e-13, "97": 9.04288863980123e-14, "98": 0.2947002039362454, "99": 0.8707329261672228}, "1": {"0": 0.5636634152091358, "1": 2.6615745522858416e-13, "2": 0.351661666596988, "3": 0.41871519953006786, "4": 0.37261808242284145, "5": 0.351661666596988, "6": 0.393785248806707, "7": 0.9182099535115806, "8": 0.9281249860650481, "9": 1.5690653989314588e-13, "10": 0.37945754690518824, "11": 0.484917704627172, "12": 0.6235548940044044, "13": 0.9252157302856143, "14": 3.30877521864448e-13, "15": 1.8498075107640683e-13, "16": 0.9208923186672624, "17": 0.9327419054860357, "18": 1.2225260642612363e-13, "19": 0.7807270860862721, "20": 0.7898348315903407, "21": 0.6235548940045453, "22": 0.455140013852071, "23": 0.9327425378079884, "24": 2.8318109928542636e-13, "25": 3.1319948431594663e-13, "26": 2.76455029706291e-13, "27": 0.484917704627172, "28": 2.0085867857340046e-13, "29": 0.6866683232244528, "30": 0.5201041305438759, "31": 2.9006266076051834e-13, "32": 1.8427754191500936e-13, "33": 0.8074188373654654, "34": 0.6901219182014988, "35": 1.786906057781248e-13, "36": 1.6786326281160379e-13, "37": 2.1703691127549848e-13, "38": 0.37261808242284145, "39": 0.9038775290937484, "40": 0.6866683232244528, "41": 0.920896115831175, "42": 0.484917704627172, "43": 1.0851845563774924e-13, "44": 0.9313170897882016, "45": 0.3669707878249943, "46": 0.6375568173911496, "47": 0.9327412731640831, "48": 0.58619647753963, "49": 0.9208923186672624, "50": 2.6732458359520783e-13, "51": 2.913500894746747e-13, "52": 0.58619647753963, "53": 0.6901219182014988, "54": 0.9182099535115806, "55": 0.367087225278205, "56": 0.5201041305438759, "57": 0.7898348315903407, "58": 2.76455029706291e-13, "59": 0.7001465175781912, "60": 2.274675481511954e-13, "61": 0.9313170897882016, "62": 0.7807270860862721, "63": 0.351661666596988, "64": 0.8671162191196109, "65": 0.3669707878249943, "66": 0.6235548940045453, "67": 1.4503133038025917e-13, "68": 1.96833394273037e-13, "69": 0.9533692568582266, "70": 2.1493853847813802e-13, "71": 3.30877521864448e-13, "72": 2.3474942037413496e-13, "73": 0.7001465175781912, "74": 0.37945754690518824, "75": 1.3899077651306522e-13, "76": 0.393785248806707, "77": 0.9533692568582266, "78": 0.367087225278205, "79": 1.300648895569764e-13, "80": 0.351661666596988, "81": 2.513866797983089e-13, "82": 0.8671162191196109, "83": 2.283360794021276e-13, "84": 1.137337740755977e-13, "85": 1.6786326281160379e-13, "86": 6.50324447784882e-14, "87": 2.283360794021276e-13, "88": 0.9252157302856143, "89": 0.9327419054860357, "90": 0.5636634152091358, "91": 9.213877095750468e-14, "92": 1.0042933928670023e-13, "93": 0.9038775290937484, "94": 0.9281249860650481, "95": 0.6375568173911496, "96": 1.1737471018706748e-13, "97": 0.41871519953006786, "98": 0.455140013852071, "99": 0.8074188373654654}, "2": {"0": 0.5536248205722543, "1": 0.29494727397629894, "2": 0.49027387481884566, "3": 0.8008213489246511, "4": 0.8096312630711344, "5": 0.9873257793086756, "6": 0.4320773361580595, "7": 0.48140646332581216, "8": 1.2558259823471397e-13, "9": 0.28096936110129433, "10": 0.529341900228053, "11": 0.529341900228053, "12": 0.29494727397629894, "13": 0.512822359079991, "14": 0.523651239555629, "15": 0.49027387481884566, "16": 0.4320773361580595, "17": 2.440840546883214e-13, "18": 0.8506716434171389, "19": 1.6493345369003359e-13, "20": 0.6084547560357783, "21": 0.5319144385247153, "22": 0.8797511792575248, "23": 0.2535474047725439, "24": 0.8797511792575248, "25": 0.20803692952984032, "26": 0.8967542726921547, "27": 0.2535474047725439, "28": 0.25276230032578617, "29": 0.9873257793086756, "30": 0.8673287114978743, "31": 0.28096936110129433, "32": 7.686850493102469e-14, "33": 0.523651239555629, "34": 0.4866319641523412, "35": 0.6140721706796529, "36": 0.8967542726921547, "37": 0.8008213489246511, "38": 0.3012311228343203, "39": 0.3459086233564048, "40": 0.7483026119044462, "41": 0.5645458996207757, "42": 0.8074614710923741, "43": 0.8967542726921547, "44": 0.5929203874355222, "45": 0.962041780860477, "46": 0.7364575956280313, "47": 0.962041780860477, "48": 0.6084547560357783, "49": 0.48140646332581216, "50": 0.8074614710923741, "51": 0.962041780860477, "52": 0.962041780860477, "53": 0.20803692952984032, "54": 0.8674566493033495, "55": 2.35113331904294e-13, "56": 0.8074614710923741, "57": 0.9335384792831002, "58": 0.5256280628875638, "59": 0.8506716434171389, "60": 0.3459086233564048, "61": 2.440840546883214e-13, "62": 0.8674566493033495, "63": 0.5929203874355222, "64": 1.3694880920814679e-13, "65": 0.5256280628875638, "66": 1.8603107055622038e-13, "67": 0.5645458996206385, "68": 2.1859813351282416e-13, "69": 0.9335384792831002, "70": 0.5319144385247153, "71": 0.3997790161311629, "72": 0.8967542726921547, "73": 0.2664889765352208, "74": 0.8074614710923741, "75": 0.2664889765352208, "76": 0.25276230032578617, "77": 0.4866319641523412, "78": 0.7364575956280313, "79": 0.8588722396520313, "80": 0.49027387481884566, "81": 0.512822359079991, "82": 0.2490176641097114, "83": 0.5645458996207757, "84": 0.8588722396520313, "85": 0.5536248205722543, "86": 0.7483026119044462, "87": 0.6140721706796529, "88": 1.815643441677743e-13, "89": 0.2490176641097114, "90": 0.3012311228343203, "91": 0.523651239555629, "92": 1.6493345369003359e-13, "93": 0.8506716434171389, "94": 0.3459086233564048, "95": 0.3997790161311629, "96": 0.24283791433266358, "97": 0.3459086233564048, "98": 0.24283791433266358,