{"0": {"0": 0.49999999999488015, "1": 0.49999999999492506, "2": 0.49999999999278394, "3": 0.49999999999662764, "4": 0.4999999999953212, "5": 0.07859642544780568, "6": 0.4999999999959736, "7": 0.499999999995018, "8": 0.07859642544780568, "9": 0.4999999999967095, "10": 0.4999999999935234, "11": 0.49999999999561795, "12": 0.49999999999260003, "13": 0.4999999999937571, "14": 0.49999999999150324, "15": 0.4999999999918786, "16": 0.4999999999917654, "17": 0.4999999999960718, "18": 0.49999999999706557, "19": 0.49999999999300837, "20": 0.4999999999919368, "21": 0.49999999999318223, "22": 0.4999999999955308, "23": 0.051454417592407445, "24": 0.4999999999921466, "25": 0.49999999999744005, "26": 0.005104026692197949, "27": 0.49999999999494976, "28": 0.49999999999687766, "29": 0.499999999996142, "30": 0.4999999999919971, "31": 0.04362624604588905, "32": 0.49999999999304373, "33": 0.005104026692197949, "34": 0.49999999999470324, "35": 0.49999999999404116, "36": 0.07859642544780568, "37": 0.4999999999931034, "38": 0.49999999999382627, "39": 0.49999999999454303, "40": 0.49999999999357847, "41": 0.4999999999940734, "42": 0.4999999999947775, "43": 0.4999999999945367, "44": 0.49999999999554434, "45": 0.49999999999561795, "46": 0.4999999999953011, "47": 0.4999999999935234, "48": 0.4999999999923073, "49": 0.4999999999960198, "50": 0.9256717967779272, "51": 0.4999999999918786, "52": 0.051454417592407445, "53": 0.4999999999967194, "54": 0.4999999999937571, "55": 0.4999999999958075, "56": 0.49999999999765055, "57": 0.4999999999927794, "58": 0.4999999999949138, "59": 0.06712567845931283, "60": 0.499999999995004, "61": 0.4999999999952564, "62": 0.499999999992196, "63": 0.49999999999703115, "64": 0.49999999999305555, "65": 0.4999999999953212, "66": 0.49999999999545064, "67": 0.49999999999435507, "68": 0.49999999999659867, "69": 0.49999999999749406, "70": 0.49999999999345013, "71": 0.4999999999929757, "72": 0.49999999999732897, "73": 0.49999999999726835, "74": 0.49999999999762823, "75": 0.4999999999965219, "76": 0.4999999999955269, "77": 0.49999999999829936, "78": 0.4999999999955308, "79": 0.4999999999956641, "80": 0.051454417592407445, "81": 0.06712567845931283, "82": 0.49999999999638967, "83": 0.49999999999522526, "84": 0.4999999999970206, "85": 0.4999999999952065, "86": 0.4999999999958473, "87": 0.4999999999955269, "88": 0.4999999999923771, "89": 0.4999999999938919, "90": 0.49999999999357847, "91": 0.49999999999545064, "92": 0.499999999996142, "93": 0.4999999999972715, "94": 0.4999999999949138, "95": 0.9256717967779272, "96": 0.49999999999345013, "97": 0.49999999999618855, "98": 0.49999999999691314, "99": 0.04362624604588905}, "1": {"0": 0.4999999999920789, "1": 0.4999999999915136, "2": 0.4999999999866348, "3": 0.499999999989497, "4": 0.4999999999900223, "5": 0.09537518114469858, "6": 0.9563863121186167, "7": 0.4999999999891418, "8": 0.4999999999914037, "9": 0.4999999999876477, "10": 0.49999999999139694, "11": 0.49999999998963673, "12": 0.499999999989075, "13": 0.920912631011781, "14": 0.49999999999068423, "15": 0.49999999998862876, "16": 0.49999999999090283, "17": 0.4999999999891418, "18": 0.49999999999152644, "19": 0.49999999999471717, "20": 0.49999999999353617, "21": 0.49999999999043265, "22": 0.499999999988715, "23": 0.9563863121186167, "24": 0.4999999999875035, "25": 0.4999999999937518, "26": 0.49999999998982914, "27": 0.49999999999310984, "28": 0.49999999998588984, "29": 0.49999999999085565, "30": 0.4999999999953421, "31": 0.4999999999900317, "32": 0.9049719091782282, "33": 0.49999999998994493, "34": 0.4999999999930015, "35": 0.4999999999907743, "36": 0.03432407751792475, "37": 0.49999999998588984, "38": 0.4999999999949577, "39": 0.49999999999344547, "40": 0.4999999999911899, "41": 0.05780130993940488, "42": 0.4999999999900223, "43": 0.49999999999021294, "44": 0.03432407751792475, "45": 0.4999999999912236, "46": 0.49999999999090283, "47": 0.49999999999419953, "48": 0.9442291152246696, "49": 0.49999999999045874, "50": 0.08897066101053692, "51": 0.9049719091782282, "52": 0.05780130993940488, "53": 0.49999999998872635, "54": 0.08897066101053692, "55": 0.9563863121186167, "56": 0.49999999998851424, "57": 0.4999999999911927, "58": 0.4999999999885047, "59": 0.499999999989591, "60": 0.49999999999010913, "61": 0.4999999999936414, "62": 0.4999999999948258, "63": 0.4999999999900625, "64": 0.4999999999891539, "65": 0.49999999999457695, "66": 0.4999999999914037, "67": 0.4999999999926894, "68": 0.49999999999157085, "69": 0.49999999999045874, "70": 0.09537518114469858, "71": 0.49999999998923217, "72": 0.9288840125032057, "73": 0.49999999999088635, "74": 0.49999999999085565, "75": 0.49999999999045647, "76": 0.9288840125032057, "77": 0.4999999999912236, "78": 0.4999999999946764, "79": 0.4999999999900625, "80": 0.4999999999869724, "81": 0.04455300224419436, "82": 0.03432407751792475, "83": 0.499999999989075, "84": 0.49999999998923217, "85": 0.49999999999310984, "86": 0.4999999999892101, "87": 0.49999999999497247, "88": 0.49999999999088635, "89": 0.920912631011781, "90": 0.49999999999569844, "91": 0.49999999999419953, "92": 0.49999999999043265, "93": 0.4999999999911927, "94": 0.49999999998851424, "95": 0.4999999999963447, "96": 0.9442291152246696, "97": 0.4999999999869724, "98": 0.49999999999559497, "99": 0.04455300224419436}, "2": {"0": 0.5000000000279613, "1": 0.038459400139579006, "2": 0.5000000000488838, "3": 0.5000000000762825, "4": 0.5000000000686728, "5": 0.038459400139579006, "6": 0.5000000000424907, "7": 0.07626279983137771, "8": 0.9366537782308795, "9": 0.5000000000915599, "10": 0.5000000000368545, "11": 0.5000000000417674, "12": 0.5000000000727275, "13": 0.5000000000591456, "14": 0.5000000000470342, "15": 0.07626279983137771, "16": 0.5000000000936045, "17": 0.5000000000948532, "18": 0.5000000000907433, "19": 0.5000000000734137, "20": 0.5000000000844964, "21": 0.9366537782308795, "22": 0.5000000000778346, "23": 0.5000000000543191, "24": 0.5000000000672502, "25": 0.500000000078122, "26": 0.5000000001019818, "27": 0.07312147646209999, "28": 0.5000000000692728, "29": 0.5000000001002882, "30": 0.5000000000352773, "31": 0.9786749112313349, "32": 0.5000000000694391, "33": 0.5000000001022995, "34": 0.5000000000402245, "35": 0.5000000000570531, "36": 0.5000000000441509, "37": 0.5000000000617334, "38": 0.5000000000798424, "39": 0.5000000000450848, "40": 0.07312147646209999, "41": 0.5000000000719784, "42": 0.5000000000948532, "43": 0.5000000001002882, "44": 0.038459400139579006, "45": 0.5000000000669204, "46": 0.5000000000685041, "47": 0.5000000000766014, "48": 0.5000000000712412, "49": 0.5000000000367069, "50": 0.06618527558821488, "51": 0.9786749112313349, "52": 0.5000000000635819, "53": 0.5000000000349838, "54": 0.038459400139579006, "55": 0.5000000000543191, "56": 0.9394577134252919, "57": 0.5000000000519208, "58": 0.500000000055766, "59": 0.5000000000620264, "60": 0.5000000000505828, "61": 0.500000000049161, "62": 0.5000000000805865, "63": 0.5000000000844914, "64": 0.5000000000570531, "65": 0.5000000000620024, "66": 0.5000000000402245, "67": 0.5000000000399212, "68": 0.5000000000654996, "69": 0.5000000000778346, "70": 0.07938502420233393, "71": 0.5000000000652532, "72": 0.5000000000334601, "73": 0.5000000000304705, "74": 0.5000000000702305, "75": 0.5000000000752877, "76": 0.5000000000561364, "77": 0.5000000000383007, "78": 0.500000000060277, "79": 0.5000000000322088, "80": 0.5000000000152353, "81": 0.9366537782308795, "82": 0.5000000000336251, "83": 0.500000000049161, "84": 0.9786749112313349, "85": 0.500000000027883, "86": 0.06618527558821488, "87": 0.5000000000620264, "88": 0.5000000000435181, "89": 0.5000000000520876, "90": 0.5000000000617334, "91": 0.07938502420233393, "92": 0.5000000000462039, "93": 0.9394577134252919, "94": 0.5000000000457799, "95": 0.5000000000762825, "96": 0.500000000060277, "97": 0.5000000000352773, "98": 0.500000000023102, "99": 0.5000000000591456}, "3": {"0": 0.9483500589588356, "1": 0.4999999999772542, "2": 0.49999999998400313,