{"0": {"0": 0.11728976594031179, "1": 0.4999999999710866, "2": 0.1172897659403118, "3": 0.49999999997708866, "4": 0.49999999997542455, "5": 0.11728976594031178, "6": 0.11728976594031176, "7": 0.11728976594031179, "8": 0.499999999985434, "9": 0.4999999999799487, "10": 0.49999999997934264, "11": 0.499999999974727, "12": 0.4999999999750571, "13": 0.49999999997976396, "14": 0.8646749507004414, "15": 0.8646749507004414, "16": 0.8646749507004414, "17": 0.49999999997044, "18": 0.4999999999907493, "19": 0.49999999996360156, "20": 0.49999999997706374, "21": 0.49999999997857003, "22": 0.49999999998749867, "23": 0.8646749507004414, "24": 0.4999999999734962, "25": 0.49999999999151834, "26": 0.4999999999821908, "27": 0.4999999999749785, "28": 0.4999999999761359, "29": 0.499999999977883, "30": 0.4999999999809099, "31": 0.4999999999873635, "32": 0.4999999999765802, "33": 0.499999999985269, "34": 0.49999999998967437, "35": 0.49999999997902184, "36": 0.49999999998446165, "37": 0.4999999999866259, "38": 0.49999999997727024, "39": 0.4999999999653916, "40": 0.8646749507004414, "41": 0.4999999999847543, "42": 0.4999999999679859, "43": 0.49999999997910805, "44": 0.49999999998865546, "45": 0.4999999999679859, "46": 0.499999999976288, "47": 0.4999999999710866, "48": 0.499999999986552, "49": 0.49999999997144057, "50": 0.49999999998748923, "51": 0.49999999996698574, "52": 0.11728976594031176, "53": 0.49999999998535216, "54": 0.499999999985863, "55": 0.49999999997293165, "56": 0.49999999998535216, "57": 0.49999999997876504, "58": 0.4999999999877123, "59": 0.11728976594031176, "60": 0.8646749507004414, "61": 0.1172897659403118, "62": 0.49999999997833555, "63": 0.49999999997160416, "64": 0.49999999997131334, "65": 0.4999999999798787, "66": 0.8646749507004414, "67": 0.4999999999864658, "68": 0.1172897659403118, "69": 0.49999999998535044, "70": 0.4999999999654625, "71": 0.499999999985434, "72": 0.49999999998252287, "73": 0.4999999999847531, "74": 0.4999999999734962, "75": 0.4999999999883248, "76": 0.49999999999126143, "77": 0.4999999999874388, "78": 0.49999999998535044, "79": 0.49999999997857003, "80": 0.4999999999900927, "81": 0.499999999983698, "82": 0.49999999997727024, "83": 0.8646749507004414, "84": 0.4999999999813363, "85": 0.49999999997160416, "86": 0.4999999999907638, "87": 0.49999999998997435, "88": 0.4999999999891678, "89": 0.499999999989882, "90": 0.4999999999750571, "91": 0.11728976594031179, "92": 0.49999999999184896, "93": 0.499999999976288, "94": 0.49999999998748046, "95": 0.4999999999761359, "96": 0.499999999989554, "97": 0.4999999999813363, "98": 0.8646749507004414, "99": 0.4999999999889415}, "1": {"0": 0.49999999993702704, "1": 0.12548899032983174, "2": 0.4999999999104316, "3": 0.49999999990353905, "4": 0.4999999999065502, "5": 0.49999999993904515, "6": 0.49999999993285327, "7": 0.4999999999518033, "8": 0.49999999990384425, "9": 0.4999999999008302, "10": 0.12548899032983174, "11": 0.49999999990663857, "12": 0.49999999990967914, "13": 0.8982222675001472, "14": 0.12548899032983174, "15": 0.49999999993944333, "16": 0.4999999999221999, "17": 0.49999999990972877, "18": 0.4999999999318132, "19": 0.49999999993900834, "20": 0.4999999999104316, "21": 0.49999999991723165, "22": 0.4999999999427812, "23": 0.49999999992080846, "24": 0.8982222675001472, "25": 0.49999999992903754, "26": 0.12548899032983174, "27": 0.49999999993043004, "28": 0.4999999999279762, "29": 0.4999999999551712, "30": 0.4999999999205462, "31": 0.4999999999389385, "32": 0.4999999999082412, "33": 0.49999999996040423, "34": 0.8982222675001472, "35": 0.499999999936059, "36": 0.4999999999310416, "37": 0.4999999999300203, "38": 0.4999999999428655, "39": 0.4999999999581309, "40": 0.8982222675001472, "41": 0.49999999997601685, "42": 0.8982222675001472, "43": 0.8982222675001472, "44": 0.499999999923367, "45": 0.49999999994574795, "46": 0.8982222675001472, "47": 0.8982222675001472, "48": 0.12548899032983174, "49": 0.49999999993043004, "50": 0.8982222675001472, "51": 0.49999999995594857, "52": 0.4999999999292282, "53": 0.49999999992217203, "54": 0.4999999999333119, "55": 0.49999999993408095, "56": 0.49999999992833943, "57": 0.49999999996642663, "58": 0.4999999999697165, "59": 0.4999999999177926, "60": 0.49999999995604794, "61": 0.12548899032983174, "62": 0.4999999999052783, "63": 0.4999999998955337, "64": 0.49999999991624383, "65": 0.49999999992693556, "66": 0.49999999993708, "67": 0.4999999999428655, "68": 0.8982222675001472, "69": 0.4999999999102613, "70": 0.49999999993702704, "71": 0.8982222675001472, "72": 0.49999999995604794, "73": 0.4999999999300331, "74": 0.4999999999646141, "75": 0.49999999997718003, "76": 0.49999999995263916, "77": 0.499999999964021, "78": 0.4999999999104682, "79": 0.49999999996398814, "80": 0.49999999993944333, "81": 0.4999999999413498, "82": 0.12548899032983174, "83": 0.4999999999266481, "84": 0.49999999989703336, "85": 0.4999999999212368, "86": 0.4999999999011237, "87": 0.8982222675001472, "88": 0.8982222675001472, "89": 0.4999999999713906, "90": 0.4999999999606184, "91": 0.49999999996332406, "92": 0.49999999994063016, "93": 0.4999999999695226, "94": 0.4999999999541206, "95": 0.4999999999533193, "96": 0.4999999999205462, "97": 0.4999999999300203, "98": 0.499999999972874, "99": 0.49999999994063016}, "2": {"0": 0.49999999991244326, "1": 0.49999999991586963, "2": 0.4999999999151553, "3": 0.4999999999229305, "4": 0.4999999999715884, "5": 0.4999999999318471, "6": 0.10836148693977818, "7": 0.49999999994637, "8": 0.4999999999287457, "9": 0.4999999999153626, "10": 0.499999999901956, "11": 0.4999999998951216, "12": 0.49999999990333444, "13": 0.8798042826428705, "14": 0.49999999992890365, "15": 0.49999999990819455, "16": 0.49999999992747346, "17": 0.49999999991260413, "18": 0.4999999998820964, "19": 0.4999999999382046, "20": 0.4999999999174517, "21": 0.49999999991064287, "22": 0.49999999992261, "23": 0.49999999994816674, "24": 0.4999999999360474, "25": 0.4999999999020648, "26": 0.49999999990965044, "27": 0.49999999996373673, "28": 0.4999999999692291, "29": 0.8798042826428705, "30": 0.49999999994953487, "31": 0.49999999995589733, "32": 0.49999999995175426, "33": 0.4999999998951216, "34": 0.4999999999583672, "35": 0.49999999992519706, "36": 0.49999999993955285, "37": 0.49999999991656363, "38": 0.4999999998820964, "39": 0.4999999999368031, "40": 0.4999999999436717, "41": 0.49999999995259214, "42": 0.499999999898372, "43": 0.4999999999291671, "44": 0.4999999999724861, "45": 0.4999999999150917, "46": 0.49999999993289035, "47": 0.49999999991862365, "48": 0.4999999999017123, "49": 0.8798042826428705, "50": 0.49999999994779215, "51": 0.4999999999389182, "52": 0.4999999999121489, "53": 0.10836148693977818, "54": 0.4999999999291671, "55": 0.4999999999436717, "56": 0.4999999999175444, "57": 0.49999999992505256, "58": 0.8798042826428705, "59": 0.4999999998935436, "60": 0.10836148693977818, "61": 0.4999999999497693, "62": 0.4999999999453204, "63": 0.4999999999089959, "64": 0.4999999999640631, "65": 0.10836148693977818, "66": 0.49999999995757766, "67": 0.4999999999136897, "68": 0.49999999990466065, "69": 0.49999999992937233, "70": 0.49999999990333444, "71": 0.4999999999726602, "72": 0.4999999999324056, "73": 0.8798042826428705, "74": 0.4999999999217293, "75": 0.4999999999324056, "76": 0.4999999999153626, "77": 0.49999999996259853, "78": 0.4999999999645037, "79": 0.49999999993024113, "80": 0.4999999999493264, "81": 0.4999999999740834, "82": 0.4999999999640631, "83": 0.49999999990819455, "84": 0.4999999999017123, "85": 0.8798042826428705, "86": 0.4999999999360474, "87": 0.49999999995093913, "88": 0.49999999991260413, "89": 0.8798042826428705, "90": 0.8798042826428705, "91": 0.49999999991862365, "92": 0.4999999999579348, "93": 0.10836148693977818, "94": 0.4999999999625263, "95": 0.4999999999121489, "96": 0.4999999999389182, "97": 0.10836148693977818, "98": 0.10836148693977818, "99": 0.49999999995684485}, "3": {"0": 0.13572318232262354, "1": 0.5000000001036755, "2": 0.5000000001210664, "3": 0.5000000000926377,