{"0": {"0": 0.9499999996689861, "1": 0.9499999998174196, "2": 0.9499999996627533, "3": 0.9499999997303318, "4": 0.050000000135947825, "5": 0.9499999997250643, "6": 0.9499999999047855, "7": 0.050000000140958775, "8": 0.6081009866047693, "9": 0.0500000001200935, "10": 0.43454506219775557, "11": 0.3772717791119498, "12": 0.4807400271159411, "13": 0.05000000007707946, "14": 0.9499999998185891, "15": 0.05000000012079648, "16": 0.44221718175226077, "17": 0.05000000014053094, "18": 0.9499999997659816, "19": 0.9499999997702748, "20": 0.9499999998689607, "21": 0.05000000007705763, "22": 0.05000000012079648, "23": 0.9499999998088503, "24": 0.050000000126393405, "25": 0.050000000161226445, "26": 0.43454506219775557, "27": 0.3556833580448747, "28": 0.3556833580448747, "29": 0.050000000089972726, "30": 0.05000000016438168, "31": 0.05000000010995542, "32": 0.9499999998349848, "33": 0.050000000058177875, "34": 0.9499999998530639, "35": 0.6081009866047693, "36": 0.9499999997397703, "37": 0.9499999997356151, "38": 0.05000000014261302, "39": 0.44221718175226077, "40": 0.9499999996736848, "41": 0.9499999997353471, "42": 0.9499999998851374, "43": 0.5248292797606469, "44": 0.05000000010240735, "45": 0.050000000087753654, "46": 0.9499999997627526, "47": 0.595954513057382, "48": 0.6081009866047693, "49": 0.050000000082676486, "50": 0.4807400271159411, "51": 0.5045821384443503, "52": 0.05000000011144915, "53": 0.9499999997247683, "54": 0.9499999998126067, "55": 0.949999999626769, "56": 0.05000000010925951, "57": 0.595954513057382, "58": 0.050000000048422075, "59": 0.38805268750838595, "60": 0.9499999996689861, "61": 0.050000000135150685, "62": 0.3609922778972665, "63": 0.5126727265360493, "64": 0.9499999998625321, "65": 0.9499999998410743, "66": 0.9499999998751685, "67": 0.05000000016721676, "68": 0.949999999932298, "69": 0.9499999998651658, "70": 0.38805268750838595, "71": 0.3772717791119498, "72": 0.5126727265360493, "73": 0.050000000054629755, "74": 0.9499999998866862, "75": 0.05000000006526047, "76": 0.5045821384443503, "77": 0.050000000158832644, "78": 0.9499999997356151, "79": 0.05000000014053094, "80": 0.050000000087753654, "81": 0.050000000061478256, "82": 0.5126727265360493, "83": 0.9499999998126067, "84": 0.050000000061478256, "85": 0.5248292797606469, "86": 0.5045821384443503, "87": 0.9499999998113705, "88": 0.595954513057382, "89": 0.9499999999056852, "90": 0.050000000161226445, "91": 0.050000000135947825, "92": 0.5126727265360493, "93": 0.3609922778972665, "94": 0.43454506219775557, "95": 0.050000000067575344, "96": 0.05000000006004675, "97": 0.9499999997353471, "98": 0.05000000014261302, "99": 0.9499999998313766}, "1": {"0": 0.9499999999451598, "1": 0.9499999998826927, "2": 0.5409599237771217, "3": 0.05000000005273144, "4": 0.050000000121607255, "5": 0.6090494572075248, "6": 0.9499999999492543, "7": 0.4731002264269582, "8": 0.6090494572075248, "9": 0.9499999999214823, "10": 0.05000000012835208, "11": 0.05000000009024627, "12": 0.4999330416107304, "13": 0.05000000012026373, "14": 0.9499999999147288, "15": 0.626396667445327, "16": 0.6090494572075248, "17": 0.050000000126196736, "18": 0.05000000012597667, "19": 0.9499999998826927, "20": 0.4731002264269582, "21": 0.05000000009545383, "22": 0.050000000125492695, "23": 0.9499999999167662, "24": 0.9499999999269584, "25": 0.9499999999039985, "26": 0.050000000108156084, "27": 0.9499999998945762, "28": 0.626396667445327, "29": 0.44390457777135117, "30": 0.050000000040204565, "31": 0.3771028607580892, "32": 0.4023984135349701, "33": 0.9499999999547805, "34": 0.05000000007165647, "35": 0.9499999999573644, "36": 0.40587694978289823, "37": 0.05000000013083833, "38": 0.6464520764734636, "39": 0.36621622757922717, "40": 0.3771028607580892, "41": 0.9499999999491738, "42": 0.626396667445327, "43": 0.4023984135349701, "44": 0.4862165536922179, "45": 0.44390457777135117, "46": 0.05000000010659115, "47": 0.5850315292994619, "48": 0.9499999999495863, "49": 0.5596268706648747, "50": 0.9499999999450994, "51": 0.9499999999247475, "52": 0.9499999999451598, "53": 0.9499999999261624, "54": 0.4983791148555965, "55": 0.05000000011739393, "56": 0.9499999999038466, "57": 0.05000000006417604, "58": 0.05000000006338587, "59": 0.626396667445327, "60": 0.050000000092978114, "61": 0.9499999999494951, "62": 0.050000000124552066, "63": 0.4999330416107304, "64": 0.05000000012343638, "65": 0.05000000012983645, "66": 0.9499999999293424, "67": 0.050000000090424886, "68": 0.9499999999382811, "69": 0.9499999999325224, "70": 0.5850315292994619, "71": 0.5409599237771217, "72": 0.4983791148555965, "73": 0.05000000013905026, "74": 0.36621622757922717, "75": 0.05000000005866667, "76": 0.9499999999090067, "77": 0.05000000004598077, "78": 0.4093963780072134, "79": 0.626396667445327, "80": 0.05000000009545383, "81": 0.5596268706648747, "82": 0.05000000003542214, "83": 0.9499999999293424, "84": 0.05000000005329558, "85": 0.4862165536922179, "86": 0.4093963780072134, "87": 0.050000000126196736, "88": 0.40587694978289823, "89": 0.9499999999495863, "90": 0.05000000006338587, "91": 0.9499999999058406, "92": 0.40587694978289823, "93": 0.9499999999519992, "94": 0.050000000125492695, "95": 0.9499999999058406, "96": 0.050000000062276034, "97": 0.05000000002933334, "98": 0.6090494572075248, "99": 0.6464520764734636}, "2": {"0": 0.9499999998390534, "1": 0.05000000009597705, "2": 0.39871117247118604, "3": 0.5886817959688988, "4": 0.4269738583479423, "5": 0.5296911078649165, "6": 0.949999999741769, "7": 0.9499999997394675, "8": 0.9499999997357252, "9": 0.9499999997887153, "10": 0.9499999997004971, "11": 0.39871117247118604, "12": 0.9499999997799539, "13": 0.050000000103702355, "14": 0.4269738583479423, "15": 0.0500000001220765, "16": 0.949999999760373, "17": 0.9499999997263335, "18": 0.9499999998058007, "19": 0.9499999997217681, "20": 0.9499999998852722, "21": 0.35988851303964997, "22": 0.5041882369145902, "23": 0.9499999998527955, "24": 0.9499999998552724, "25": 0.5482270311273423, "26": 0.9499999998456804, "27": 0.05000000008433572, "28": 0.9499999998599787, "29": 0.050000000084855126, "30": 0.05000000004216786, "31": 0.4147934559475597, "32": 0.050000000058940786, "33": 0.949999999870055, "34": 0.4269738583479423, "35": 0.9499999998301152, "36": 0.9499999998447795, "37": 0.05000000009280592, "38": 0.9499999998106341, "39": 0.050000000109474765, "40": 0.5296911078649165, "41": 0.949999999814114, "42": 0.05000000009624965, "43": 0.9499999998527955, "44": 0.9499999998727084, "45": 0.5041882369145902, "46": 0.587594524381315, "47": 0.05000000009630519, "48": 0.9499999998727084, "49": 0.9499999997781302, "50": 0.050000000110959494, "51": 0.5974336487147678, "52": 0.05000000013320098, "53": 0.05000000008339414, "54": 0.949999999745986, "55": 0.9499999997898279, "56": 0.05000000011372585, "57": 0.5296911078649165, "58": 0.5482270311273423, "59": 0.05000000010063785, "60": 0.35988851303964997, "61": 0.949999999909925, "62": 0.9499999997032776, "63": 0.9499999997898279, "64": 0.9499999998925104, "65": 0.5974336487147678, "66": 0.9499999997681026, "67": 0.5296911078649165, "68": 0.9499999998349536, "69": 0.35479980255882293, "70": 0.5974336487147678, "71": 0.05000000009630519, "72": 0.5886817959688988, "73": 0.9499999999276362, "74": 0.9499999998899769, "75": 0.9499999998801865, "76": 0.35479980255882293, "77": 0.05000000006660049, "78": 0.4147934559475597, "79": 0.0500000001220765, "80": 0.9499999998058007, "81": 0.050000000105171666, "82": 0.05000000009624965, "83": 0.05000000004248699, "84": 0.587594524381315, "85": 0.6228224763880155, "86": 0.9499999997453445, "87": 0.050000000110307294, "88": 0.050000000105171666, "89": 0.9499999997781302, "90": 0.9499999997263335, "91": 0.050000000103702355, "92": 0.9499999998106341, "93": 0.6228224763880155, "94": 0.949999999907057, "95": 0.9499999997453445, "96": 0.4269738583479423, "97": 0.9499999998447795, "98": 0.05000000009280592, "99": 0.9499999997887153}, "3": {"0": 0.05000000005190987, "1": 0.43602934272919514,