{"0": {"0": 0.8691251799072803, "1": 0.4999999999997872, "2": 0.49999999999984646, "3": 0.49999999999984446, "4": 0.13665194352690307, "5": 0.8691251799072803, "6": 0.49999999999984535, "7": 0.49999999999987277, "8": 0.4999999999998877, "9": 0.499999999999838, "10": 0.4999999999999347, "11": 0.8691251799072803, "12": 0.13665194352690307, "13": 0.8691251799072803, "14": 0.4999999999998292, "15": 0.13665194352690307, "16": 0.49999999999993827, "17": 0.49999999999982675, "18": 0.13665194352690307, "19": 0.13665194352690307, "20": 0.49999999999982625, "21": 0.49999999999990263, "22": 0.8691251799072803, "23": 0.13665194352690307, "24": 0.4999999999999109, "25": 0.13665194352690307, "26": 0.13665194352690307, "27": 0.13665194352690307, "28": 0.49999999999988637, "29": 0.8691251799072803, "30": 0.13665194352690307, "31": 0.49999999999988165, "32": 0.13665194352690307, "33": 0.4999999999998608, "34": 0.4999999999998465, "35": 0.13665194352690307, "36": 0.8691251799072803, "37": 0.8691251799072803, "38": 0.13665194352690307, "39": 0.49999999999993155, "40": 0.13665194352690307, "41": 0.13665194352690307, "42": 0.4999999999999189, "43": 0.49999999999988637, "44": 0.8691251799072803, "45": 0.8691251799072803, "46": 0.8691251799072803, "47": 0.8691251799072803, "48": 0.49999999999992534, "49": 0.4999999999998649, "50": 0.13665194352690307, "51": 0.13665194352690307, "52": 0.49999999999988426, "53": 0.8691251799072803, "54": 0.8691251799072803, "55": 0.13665194352690307, "56": 0.4999999999997872, "57": 0.4999999999998571, "58": 0.49999999999988426, "59": 0.4999999999998771, "60": 0.4999999999998292, "61": 0.49999999999985656, "62": 0.13665194352690307, "63": 0.13665194352690307, "64": 0.13665194352690307, "65": 0.13665194352690307, "66": 0.13665194352690307, "67": 0.4999999999999648, "68": 0.13665194352690307, "69": 0.4999999999998594, "70": 0.4999999999998771, "71": 0.49999999999992534, "72": 0.13665194352690307, "73": 0.4999999999998649, "74": 0.13665194352690307, "75": 0.8691251799072803, "76": 0.4999999999999513, "77": 0.13665194352690307, "78": 0.8691251799072803, "79": 0.4999999999998571, "80": 0.8691251799072803, "81": 0.499999999999884, "82": 0.13665194352690307, "83": 0.49999999999987926, "84": 0.8691251799072803, "85": 0.8691251799072803, "86": 0.4999999999999173, "87": 0.13665194352690307, "88": 0.13665194352690307, "89": 0.49999999999985656, "90": 0.49999999999995864, "91": 0.13665194352690307, "92": 0.8691251799072803, "93": 0.4999999999999303, "94": 0.13665194352690307, "95": 0.13665194352690307, "96": 0.8691251799072803, "97": 0.49999999999984646, "98": 0.8691251799072803, "99": 0.4999999999999303}, "1": {"0": 0.18529569865636625, "1": 0.18529569865636625, "2": 0.49999999999965944, "3": 0.49999999999961803, "4": 0.18529569865636625, "5": 0.49999999999958494, "6": 0.49999999999965955, "7": 0.499999999999554, "8": 0.8252087029546558, "9": 0.49999999999957756, "10": 0.18529569865636625, "11": 0.49999999999966777, "12": 0.49999999999974876, "13": 0.499999999999423, "14": 0.4999999999995761, "15": 0.18529569865636625, "16": 0.8252087029546558, "17": 0.4999999999998329, "18": 0.49999999999976497, "19": 0.49999999999960126, "20": 0.49999999999964184, "21": 0.8252087029546558, "22": 0.18529569865636625, "23": 0.49999999999974487, "24": 0.8252087029546558, "25": 0.8252087029546558, "26": 0.8252087029546558, "27": 0.4999999999995416, "28": 0.49999999999959654, "29": 0.4999999999996916, "30": 0.4999999999998273, "31": 0.49999999999985756, "32": 0.8252087029546558, "33": 0.49999999999949307, "34": 0.8252087029546558, "35": 0.18529569865636625, "36": 0.18529569865636625, "37": 0.18529569865636625, "38": 0.4999999999998256, "39": 0.4999999999996696, "40": 0.18529569865636625, "41": 0.4999999999997659, "42": 0.49999999999955497, "43": 0.8252087029546558, "44": 0.18529569865636625, "45": 0.4999999999995981, "46": 0.18529569865636625, "47": 0.8252087029546558, "48": 0.4999999999997888, "49": 0.49999999999959654, "50": 0.18529569865636625, "51": 0.8252087029546558, "52": 0.8252087029546558, "53": 0.4999999999995639, "54": 0.49999999999973915, "55": 0.8252087029546558, "56": 0.8252087029546558, "57": 0.8252087029546558, "58": 0.18529569865636625, "59": 0.4999999999995761, "60": 0.8252087029546558, "61": 0.49999999999955497, "62": 0.4999999999998348, "63": 0.49999999999949307, "64": 0.4999999999998209, "65": 0.4999999999996598, "66": 0.4999999999996574, "67": 0.8252087029546558, "68": 0.8252087029546558, "69": 0.8252087029546558, "70": 0.8252087029546558, "71": 0.18529569865636625, "72": 0.8252087029546558, "73": 0.8252087029546558, "74": 0.8252087029546558, "75": 0.4999999999998297, "76": 0.8252087029546558, "77": 0.18529569865636625, "78": 0.8252087029546558, "79": 0.8252087029546558, "80": 0.18529569865636625, "81": 0.8252087029546558, "82": 0.8252087029546558, "83": 0.4999999999998008, "84": 0.4999999999997925, "85": 0.8252087029546558, "86": 0.18529569865636625, "87": 0.8252087029546558, "88": 0.8252087029546558, "89": 0.4999999999996866, "90": 0.49999999999966366, "91": 0.4999999999998287, "92": 0.8252087029546558, "93": 0.8252087029546558, "94": 0.49999999999978206, "95": 0.18529569865636625, "96": 0.8252087029546558, "97": 0.18529569865636625, "98": 0.4999999999998433, "99": 0.8252087029546558}, "2": {"0": 0.1602402958170565, "1": 0.49999999999993744, "2": 0.8472079603638434, "3": 0.8472079603638434, "4": 0.1602402958170565, "5": 0.1602402958170565, "6": 0.4999999999999253, "7": 0.8472079603638434, "8": 0.4999999999999398, "9": 0.8472079603638434, "10": 0.8472079603638434, "11": 0.8472079603638434, "12": 0.1602402958170565, "13": 0.1602402958170565, "14": 0.8472079603638434, "15": 0.8472079603638434, "16": 0.8472079603638434, "17": 0.1602402958170565, "18": 0.49999999999993855, "19": 0.49999999999991923, "20": 0.8472079603638434, "21": 0.49999999999992406, "22": 0.4999999999999667, "23": 0.49999999999990696, "24": 0.49999999999990696, "25": 0.1602402958170565, "26": 0.4999999999999284, "27": 0.4999999999999595, "28": 0.1602402958170565, "29": 0.4999999999999509, "30": 0.8472079603638434, "31": 0.1602402958170565, "32": 0.8472079603638434, "33": 0.8472079603638434, "34": 0.49999999999995504, "35": 0.8472079603638434, "36": 0.8472079603638434, "37": 0.4999999999999671, "38": 0.1602402958170565, "39": 0.8472079603638434, "40": 0.49999999999992906, "41": 0.1602402958170565, "42": 0.499999999999906, "43": 0.4999999999999573, "44": 0.1602402958170565, "45": 0.49999999999992295, "46": 0.1602402958170565, "47": 0.1602402958170565, "48": 0.8472079603638434, "49": 0.49999999999996436, "50": 0.4999999999999253, "51": 0.8472079603638434, "52": 0.49999999999996175, "53": 0.4999999999999638, "54": 0.8472079603638434, "55": 0.8472079603638434, "56": 0.499999999999946, "57": 0.1602402958170565, "58": 0.4999999999999634, "59": 0.1602402958170565, "60": 0.1602402958170565, "61": 0.49999999999990197, "62": 0.1602402958170565, "63": 0.49999999999995876, "64": 0.8472079603638434, "65": 0.8472079603638434, "66": 0.8472079603638434, "67": 0.8472079603638434, "68": 0.8472079603638434, "69": 0.8472079603638434, "70": 0.49999999999996925, "71": 0.8472079603638434, "72": 0.1602402958170565, "73": 0.1602402958170565, "74": 0.8472079603638434, "75": 0.4999999999999577, "76": 0.49999999999992295, "77": 0.1602402958170565, "78": 0.49999999999991296, "79": 0.1602402958170565, "80": 0.8472079603638434, "81": 0.4999999999999377, "82": 0.49999999999992906, "83": 0.1602402958170565, "84": 0.8472079603638434, "85": 0.8472079603638434, "86": 0.8472079603638434, "87": 0.49999999999993616, "88": 0.49999999999993616, "89": 0.49999999999991296, "90": 0.1602402958170565, "91": 0.8472079603638434, "92": 0.1602402958170565, "93": 0.8472079603638434, "94": 0.4999999999999687, "95": 0.49999999999996886, "96": 0.4999999999999638, "97": 0.1602402958170565, "98": 0.8472079603638434, "99": 0.4999999999999699}, "3": {"0": 0.8481366369934957, "1": 0.17659256046351435, "2": 0.17659256046351435,