{"0": {"0": 0.30485665404935747, "1": 0.736925611877258, "2": 0.30485665404935747, "3": 0.736925611877258, "4": 0.736925611877258, "5": 0.736925611877258, "6": 2.5044434343755013e-11, "7": 2.430197864346206e-11, "8": 0.30485665404935747, "9": 0.736925611877258, "10": 0.736925611877258, "11": 0.736925611877258, "12": 0.30485665404935747, "13": 0.30485665404935747, "14": 0.30485665404935747, "15": 0.736925611877258, "16": 0.736925611877258, "17": 0.30485665404935747, "18": 4.409064075177226e-11, "19": 0.736925611877258, "20": 0.736925611877258, "21": 3.533252415930852e-11, "22": 0.736925611877258, "23": 0.736925611877258, "24": 0.736925611877258, "25": 4.409064075177226e-11, "26": 0.736925611877258, "27": 0.736925611877258, "28": 0.30485665404935747, "29": 0.736925611877258, "30": 0.736925611877258, "31": 0.30485665404935747, "32": 1.9174845412703118e-11, "33": 0.736925611877258, "34": 0.30485665404935747, "35": 0.736925611877258, "36": 0.736925611877258, "37": 0.736925611877258, "38": 0.30485665404935747, "39": 0.736925611877258, "40": 0.736925611877258, "41": 3.0145748363360244e-11, "42": 0.30485665404935747, "43": 3.80924128160345e-11, "44": 0.30485665404935747, "45": 0.30485665404935747, "46": 3.380105693940799e-11, "47": 3.297836757863213e-11, "48": 0.736925611877258, "49": 0.736925611877258, "50": 3.0145748363360244e-11, "51": 0.736925611877258, "52": 0.30485665404935747, "53": 0.736925611877258, "54": 2.0984712153375197e-11, "55": 0.30485665404935747, "56": 1.2122080260550073e-11, "57": 0.736925611877258, "58": 0.736925611877258, "59": 0.30485665404935747, "60": 0.30485665404935747, "61": 0.30485665404935747, "62": 0.736925611877258, "63": 0.736925611877258, "64": 0.30485665404935747, "65": 0.736925611877258, "66": 0.736925611877258, "67": 0.30485665404935747, "68": 0.736925611877258, "69": 0.30485665404935747, "70": 0.30485665404935747, "71": 0.736925611877258, "72": 0.736925611877258, "73": 0.736925611877258, "74": 0.736925611877258, "75": 0.736925611877258, "76": 0.736925611877258, "77": 0.736925611877258, "78": 0.736925611877258, "79": 0.736925611877258, "80": 0.30485665404935747, "81": 1.9174845412703118e-11, "82": 0.736925611877258, "83": 0.736925611877258, "84": 0.736925611877258, "85": 3.2155678217856265e-11, "86": 0.736925611877258, "87": 0.30485665404935747, "88": 0.30485665404935747, "89": 2.4597886380993692e-11, "90": 0.736925611877258, "91": 0.736925611877258, "92": 2.430197864346206e-11, "93": 0.30485665404935747, "94": 0.30485665404935747, "95": 3.297836757863213e-11, "96": 0.736925611877258, "97": 1.766626207965426e-11, "98": 0.30485665404935747, "99": 0.30485665404935747}, "1": {"0": 8.527619856868605e-11, "1": 0.8586807119819753, "2": 9.794150139078339e-11, "3": 0.5530410720852132, "4": 0.8586807119819753, "5": 0.8586807119819753, "6": 0.5530410720852132, "7": 5.2485577880390896e-11, "8": 0.5530410720852132, "9": 0.8586807119819753, "10": 0.5530410720852132, "11": 5.7702877172451834e-11, "12": 0.8586807119819753, "13": 0.3112325746050216, "14": 0.8586807119819753, "15": 0.5530410720852132, "16": 7.215557850852274e-11, "17": 0.5530410720852132, "18": 9.685715636553021e-11, "19": 0.5530410720852132, "20": 0.8586807119819753, "21": 0.5530410720852132, "22": 0.5530410720852132, "23": 9.466599324607238e-11, "24": 0.8586807119819753, "25": 0.5530410720852132, "26": 0.8586807119819753, "27": 8.505107778088456e-11, "28": 0.8586807119819753, "29": 9.318781386080575e-11, "30": 0.5530410720852132, "31": 0.5530410720852132, "32": 3.744955079119822e-11, "33": 8.008765007554124e-11, "34": 0.8586807119819753, "35": 0.8586807119819753, "36": 0.8586807119819753, "37": 7.15996269655032e-11, "38": 0.8586807119819753, "39": 0.8586807119819753, "40": 8.925251595681314e-11, "41": 0.5530410720852132, "42": 0.5530410720852132, "43": 0.8586807119819753, "44": 0.5530410720852132, "45": 0.8586807119819753, "46": 0.8586807119819753, "47": 0.8586807119819753, "48": 5.96140746923951e-11, "49": 0.5530410720852132, "50": 0.5530410720852132, "51": 0.5530410720852132, "52": 0.5530410720852132, "53": 0.8586807119819753, "54": 0.8586807119819753, "55": 0.5530410720852132, "56": 1.0403636233516197e-10, "57": 7.503815839034546e-11, "58": 0.5530410720852132, "59": 0.5530410720852132, "60": 0.5530410720852132, "61": 0.8586807119819753, "62": 3.186642278582655e-11, "63": 2.980703734619755e-11, "64": 5.294091639949491e-11, "65": 0.5530410720852132, "66": 0.5530410720852132, "67": 0.8586807119819753, "68": 0.5530410720852132, "69": 3.186642278582655e-11, "70": 0.3112325746050216, "71": 0.5530410720852132, "72": 0.5530410720852132, "73": 1.0483752257769616e-10, "74": 0.3112325746050216, "75": 9.755130795547529e-11, "76": 0.5530410720852132, "77": 0.8586807119819753, "78": 0.5530410720852132, "79": 4.8428578182765105e-11, "80": 0.8586807119819753, "81": 3.57998134827516e-11, "82": 0.5530410720852132, "83": 0.5530410720852132, "84": 0.5530410720852132, "85": 0.8586807119819753, "86": 0.5530410720852132, "87": 1.0585009995413743e-10, "88": 4.8775653977737646e-11, "89": 0.5530410720852132, "90": 2.8851438586225917e-11, "91": 0.5530410720852132, "92": 0.5530410720852132, "93": 4.004382503777062e-11, "94": 0.3112325746050216, "95": 4.252553889044228e-11, "96": 5.294091639949491e-11, "97": 0.8586807119819753, "98": 0.5530410720852132, "99": 0.5530410720852132}, "2": {"0": 0.709518483927398, "1": 0.709518483927398, "2": 9.037607451401278e-11, "3": 0.2964475052488673, "4": 5.894396344887355e-11, "5": 0.709518483927398, "6": 0.709518483927398, "7": 0.709518483927398, "8": 0.2964475052488673, "9": 0.709518483927398, "10": 0.709518483927398, "11": 0.709518483927398, "12": 0.709518483927398, "13": 0.709518483927398, "14": 0.2964475052488673, "15": 2.091119419927579e-10, "16": 0.709518483927398, "17": 0.709518483927398, "18": 2.018559956655724e-10, "19": 0.709518483927398, "20": 0.709518483927398, "21": 0.709518483927398, "22": 0.709518483927398, "23": 2.1525503999558257e-10, "24": 0.709518483927398, "25": 0.709518483927398, "26": 0.709518483927398, "27": 0.709518483927398, "28": 0.709518483927398, "29": 0.709518483927398, "30": 0.709518483927398, "31": 0.2964475052488673, "32": 0.709518483927398, "33": 0.709518483927398, "34": 0.709518483927398, "35": 2.070436956549001e-10, "36": 1.8054098461847512e-10, "37": 0.709518483927398, "38": 1.2478288695412175e-10, "39": 0.2964475052488673, "40": 0.2964475052488673, "41": 6.402079353566374e-11, "42": 0.709518483927398, "43": 0.709518483927398, "44": 0.2964475052488673, "45": 2.070436956549001e-10, "46": 8.672887991797258e-11, "47": 0.709518483927398, "48": 0.709518483927398, "49": 0.709518483927398, "50": 0.709518483927398, "51": 0.709518483927398, "52": 0.709518483927398, "53": 1.6485605106682964e-10, "54": 0.709518483927398, "55": 0.709518483927398, "56": 0.709518483927398, "57": 1.4077191142929213e-10, "58": 0.709518483927398, "59": 0.709518483927398, "60": 1.410321352048408e-10, "61": 0.2964475052488673, "62": 1.0455597099637895e-10, "63": 2.0954289521271653e-10, "64": 5.3788363761114525e-11, "65": 0.709518483927398, "66": 1.4077191142929213e-10, "67": 4.034349219574962e-11, "68": 0.709518483927398, "69": 0.709518483927398, "70": 1.0233063779072159e-10, "71": 0.709518483927398, "72": 0.709518483927398, "73": 0.2964475052488673, "74": 0.709518483927398, "75": 0.709518483927398, "76": 0.709518483927398, "77": 0.2964475052488673, "78": 0.709518483927398, "79": 0.709518483927398, "80": 0.709518483927398, "81": 1.8765687775075877e-10, "82": 0.709518483927398, "83": 9.382843887537938e-11, "84": 0.709518483927398, "85": 0.709518483927398, "86": 1.403568714639759e-10, "87": 1.403568714639759e-10, "88": 0.709518483927398, "89": 0.2964475052488673, "90": 0.2964475052488673, "91": 0.709518483927398, "92": 0.2964475052488673, "93": 0.709518483927398, "94": 0.709518483927398, "95": 5.1165318895360795e-11, "96": 0.709518483927398, "97": 0.709518483927398, "98": 8.242802553341482e-11, "99": 0.2964475052488673}, "3": {"0": 1.783129334218869e-10,