{"0": {"0": 0.9426577590836935, "1": 0.9452171101250986, "2": 0.9432310668811199, "3": 0.05535484017577262, "4": 0.9426577590836935, "5": 0.9431289041546468, "6": 0.499622895749134, "7": 0.05565353545352247, "8": 0.9482784170956913, "9": 0.058596146944947414, "10": 0.9426985905182168, "11": 0.05895820680564869, "12": 0.05930859560808818, "13": 0.49966400360534324, "14": 0.05649720744111638, "15": 0.4997936882668938, "16": 0.05466058935690149, "17": 0.05735635861787518, "18": 0.05582157550953079, "19": 0.9433788696332694, "20": 0.055772447447316006, "21": 0.05685996586257622, "22": 0.05677454249470437, "23": 0.057189687148968035, "24": 0.05873480571259123, "25": 0.056796717238038086, "26": 0.055992666740681984, "27": 0.9450883712712104, "28": 0.05537556241611562, "29": 0.0530280904788509, "30": 0.4995443072102378, "31": 0.05792727719425286, "32": 0.4998197508358535, "33": 0.49972302904489413, "34": 0.05685996586257622, "35": 0.05804120632212614, "36": 0.945773998938694, "37": 0.05821292430839762, "38": 0.9448604260316564, "39": 0.056886874451624374, "40": 0.4995966423573204, "41": 0.9475441856356052, "42": 0.058907309938231484, "43": 0.9451194536645156, "44": 0.9435296124580153, "45": 0.9432310668811199, "46": 0.9439287882902001, "47": 0.49968083123155654, "48": 0.9435449310236136, "49": 0.9436079254513698, "50": 0.9446594649811537, "51": 0.49967205091065653, "52": 0.4996139369574632, "53": 0.058093611098013365, "54": 0.9431289041546468, "55": 0.9425930867780778, "56": 0.49966400360534324, "57": 0.05582157550953079, "58": 0.9442341757415131, "59": 0.05565353545352247, "60": 0.0532744285094475, "61": 0.05535484017577262, "62": 0.05466058935690149, "63": 0.4998302704654306, "64": 0.05891903340921365, "65": 0.05712216537134562, "66": 0.49967205091065653, "67": 0.9449200887975446, "68": 0.49957106276969987, "69": 0.057889978320989924, "70": 0.9437119361486411, "71": 0.49958212693357584, "72": 0.0559979962015852, "73": 0.05841429886519489, "74": 0.9431210284466907, "75": 0.9440466354376568, "76": 0.05841429886519489, "77": 0.943366146271936, "78": 0.4997936882668938, "79": 0.057189687148968035, "80": 0.055839795116018734, "81": 0.49957106276969987, "82": 0.052886223723658005, "83": 0.05537556241611562, "84": 0.05792727719425286, "85": 0.9442341757415131, "86": 0.9437119361486411, "87": 0.4996081815893719, "88": 0.05891903340921365, "89": 0.9439287882902001, "90": 0.49955031690968854, "91": 0.9452171101250986, "92": 0.4995966423573204, "93": 0.9438379518920161, "94": 0.49968083123155654, "95": 0.9432703488387963, "96": 0.9432403998883107, "97": 0.054736119556257304, "98": 0.943366146271936, "99": 0.9432703488387963}, "1": {"0": 0.5007936199653389, "1": 0.5008411035968732, "2": 0.05390391647988857, "3": 0.5006392272594804, "4": 0.5008737744369629, "5": 0.500372723260016, "6": 0.941058351278458, "7": 0.9414739753730441, "8": 0.5008291780764256, "9": 0.5009136674516923, "10": 0.9427575525946361, "11": 0.05218862157512956, "12": 0.5008381792695613, "13": 0.5009136674516923, "14": 0.05353086164806897, "15": 0.5005772503567735, "16": 0.943008233086287, "17": 0.9440014803530273, "18": 0.9430798202935525, "19": 0.5008769385910115, "20": 0.05421275064746839, "21": 0.5007936199653389, "22": 0.5007454465200321, "23": 0.9449903801493025, "24": 0.05488387025590859, "25": 0.9425990661973335, "26": 0.05188309894068721, "27": 0.945747248346223, "28": 0.5004939289411192, "29": 0.5004629590955187, "30": 0.5009492452243306, "31": 0.9429501094663251, "32": 0.9433957850325176, "33": 0.9432018593063402, "34": 0.5009087817842526, "35": 0.5005541357658619, "36": 0.5008769385910115, "37": 0.9428994257840861, "38": 0.9433957850325176, "39": 0.9467536096627298, "40": 0.053267520260576955, "41": 0.9460653341420597, "42": 0.9438013293230452, "43": 0.053619433557885635, "44": 0.500903481582746, "45": 0.5009249835031372, "46": 0.05354700739047836, "47": 0.053217447295877865, "48": 0.05481449951255345, "49": 0.05488424670591802, "50": 0.50094955419837, "51": 0.05354700739047836, "52": 0.5007941556016833, "53": 0.05412357261820272, "54": 0.50094955419837, "55": 0.05365166016173935, "56": 0.5009351164075986, "57": 0.9462995330986668, "58": 0.9420641519922737, "59": 0.5009249835031372, "60": 0.9432337606425303, "61": 0.5008770028757878, "62": 0.053394496199796644, "63": 0.5008748572685191, "64": 0.5008659979748129, "65": 0.05386923877856601, "66": 0.5009087817842526, "67": 0.053619433557885635, "68": 0.9427964833855031, "69": 0.5009234510684744, "70": 0.05444053381866748, "71": 0.5003009923271247, "72": 0.500932430379013, "73": 0.05472710230711961, "74": 0.051825830080869675, "75": 0.05481449951255345, "76": 0.053419257958271585, "77": 0.05241146790295119, "78": 0.5008737744369629, "79": 0.9454154705059445, "80": 0.5006392272594804, "81": 0.9427964833855031, "82": 0.05387656748507885, "83": 0.5004329989874065, "84": 0.5005130920802604, "85": 0.5009854465980492, "86": 0.9455586917425578, "87": 0.5009633740410626, "88": 0.9455586917425578, "89": 0.945747248346223, "90": 0.5004927232990246, "91": 0.500932430379013, "92": 0.052542146634991994, "93": 0.500897154504061, "94": 0.054153965330215346, "95": 0.9420641519922737, "96": 0.05390391647988857, "97": 0.5004406883590595, "98": 0.05302611646830289, "99": 0.05444053381866748}, "2": {"0": 0.054694948036575854, "1": 0.05338944520675109, "2": 0.49814013470844537, "3": 0.0590201412739677, "4": 0.9469293510076287, "5": 0.49825710299448744, "6": 0.9467801612592958, "7": 0.9463062267145448, "8": 0.05597263108267969, "9": 0.4984110270376076, "10": 0.9463533925047067, "11": 0.052842788242554464, "12": 0.4982160033999309, "13": 0.945620466813237, "14": 0.498012704457772, "15": 0.05438033106949744, "16": 0.4982297244378221, "17": 0.4981265103309852, "18": 0.9464498705652564, "19": 0.9456366715200515, "20": 0.49842510611190083, "21": 0.4986724711340459, "22": 0.49852896249381345, "23": 0.49827920179494534, "24": 0.4984248930937635, "25": 0.49834948771314114, "26": 0.49834948771314114, "27": 0.9463533925047067, "28": 0.9463771898663795, "29": 0.9463796594473586, "30": 0.9459473088492503, "31": 0.4981068116406856, "32": 0.9456440136973369, "33": 0.4978575266654907, "34": 0.49842510611190083, "35": 0.05724190455138633, "36": 0.9474358574726005, "37": 0.055498865026258865, "38": 0.05453763955303664, "39": 0.49837425488997933, "40": 0.4985092125573387, "41": 0.49911486221891105, "42": 0.946898060520576, "43": 0.4987295930658002, "44": 0.945620466813237, "45": 0.4983525338376109, "46": 0.49837425488997933, "47": 0.9463062267145448, "48": 0.49802903713458013, "49": 0.055498865026258865, "50": 0.056778890413502175, "51": 0.05597263108267969, "52": 0.49801956777202516, "53": 0.4984182688814453, "54": 0.49802903713458013, "55": 0.4984206308782203, "56": 0.9456366715200515, "57": 0.4982914037304258, "58": 0.9462111997614411, "59": 0.498569010376397, "60": 0.9462659687096758, "61": 0.49833449147362885, "62": 0.4983907128179526, "63": 0.49933048123634294, "64": 0.4986609624726858, "65": 0.9452749434929186, "66": 0.9462666413009724, "67": 0.9464498705652564, "68": 0.9471985412332378, "69": 0.9470062352950348, "70": 0.4978575266654907, "71": 0.498257166323677, "72": 0.498257166323677, "73": 0.49801262713697764, "74": 0.05493369200853666, "75": 0.4983907128179526, "76": 0.49829579723405815, "77": 0.9471985412332378, "78": 0.4984419602455969, "79": 0.49829579723405815, "80": 0.9489422952119239, "81": 0.9456440566169446, "82": 0.4982852242749371, "83": 0.9450060291478339, "84": 0.9452624335413911, "85": 0.4982852242749371, "86": 0.05478636297404726, "87": 0.9473304052276919, "88": 0.49801956777202516, "89": 0.9481135041150388, "90": 0.4982160033999309, "91": 0.05797376827782921, "92": 0.498569010376397, "93": 0.9463796594473586, "94": 0.05585746388539788, "95": 0.4987295930658002, "96": 0.9462666413009724, "97": 0.9470062352950348, "98": 0.9474358574726005, "99": 0.05608779827996149}, "3": {"0": 0.5065859308446252, "1": 0.5069337842116647, "2": 0.05813642724474874,