{"0": {"0": 0.6805213193297954, "1": 1.3297894607703325e-10, "2": 1.6672715836926646e-10, "3": 0.6805213193297954, "4": 0.6805213193297954, "5": 1.3642333781604e-10, "6": 1.5195886353307e-10, "7": 9.431104082970607e-11, "8": 0.6805213193297954, "9": 0.6805213193297954, "10": 1.221314985723685e-10, "11": 0.6805213193297954, "12": 0.6805213193297954, "13": 1.1946386903174197e-10, "14": 0.6805213193297954, "15": 0.6805213193297954, "16": 0.6805213193297954, "17": 0.6805213193297954, "18": 1.177241510662031e-10, "19": 0.6805213193297954, "20": 1.221314985723685e-10, "21": 0.6805213193297954, "22": 1.358378059299226e-10, "23": 6.755352434891653e-11, "24": 0.6805213193297954, "25": 0.6805213193297954, "26": 7.616758446144893e-11, "27": 0.6805213193297954, "28": 6.821166890802e-11, "29": 1.3348376078397396e-10, "30": 0.6805213193297954, "31": 0.6805213193297954, "32": 1.2112073499808384e-10, "33": 1.2472074011814388e-10, "34": 1.0904667768208338e-10, "35": 0.6805213193297954, "36": 0.6805213193297954, "37": 0.6805213193297954, "38": 1.5195886353307e-10, "39": 0.6805213193297954, "40": 0.6805213193297954, "41": 6.674188039198698e-11, "42": 0.6805213193297954, "43": 0.6805213193297954, "44": 0.6805213193297954, "45": 0.6805213193297954, "46": 0.6805213193297954, "47": 0.6805213193297954, "48": 0.6805213193297954, "49": 0.6805213193297954, "50": 0.6805213193297954, "51": 0.6805213193297954, "52": 0.6805213193297954, "53": 0.6805213193297954, "54": 0.6805213193297954, "55": 0.6805213193297954, "56": 0.6805213193297954, "57": 0.6805213193297954, "58": 1.2861325218215812e-10, "59": 0.6805213193297954, "60": 1.4698321689785548e-10, "61": 1.3266014477565144e-10, "62": 6.619578729866223e-11, "63": 9.92485356609937e-11, "64": 1.0303026424474876e-10, "65": 0.6805213193297954, "66": 0.6805213193297954, "67": 1.4698321689785548e-10, "68": 0.6805213193297954, "69": 0.6805213193297954, "70": 0.6805213193297954, "71": 0.6805213193297954, "72": 0.6805213193297954, "73": 0.6805213193297954, "74": 0.6805213193297954, "75": 0.6805213193297954, "76": 0.6805213193297954, "77": 6.187659722536612e-11, "78": 0.6805213193297954, "79": 1.2610404316138e-10, "80": 0.6805213193297954, "81": 0.6805213193297954, "82": 9.92485356609937e-11, "83": 1.5573298530509481e-10, "84": 0.6805213193297954, "85": 0.6805213193297954, "86": 0.6805213193297954, "87": 0.6805213193297954, "88": 1.0354241218295748e-10, "89": 1.0904667768208338e-10, "90": 9.066224581119142e-11, "91": 6.056036749904192e-11, "92": 1.1946386903174197e-10, "93": 3.093829861268306e-11, "94": 1.177241510662031e-10, "95": 0.6805213193297954, "96": 0.6805213193297954, "97": 9.431104082970607e-11, "98": 0.6805213193297954, "99": 0.6805213193297954}, "1": {"0": 3.221483789271146e-10, "1": 0.6697809325856385, "2": 0.6697809325856385, "3": 2.816369944907741e-10, "4": 0.6697809325856385, "5": 3.369712438202877e-10, "6": 0.6697809325856385, "7": 0.6697809325856385, "8": 0.6697809325856385, "9": 0.6697809325856385, "10": 0.6697809325856385, "11": 0.6697809325856385, "12": 0.6697809325856385, "13": 0.6697809325856385, "14": 0.6697809325856385, "15": 0.6697809325856385, "16": 1.9932091927386695e-10, "17": 0.6697809325856385, "18": 0.6697809325856385, "19": 2.9023063704527755e-10, "20": 1.383196637108265e-10, "21": 0.6697809325856385, "22": 0.6697809325856385, "23": 2.2855358952418883e-10, "24": 0.6697809325856385, "25": 0.6697809325856385, "26": 1.0166196122034194e-10, "27": 0.6697809325856385, "28": 0.6697809325856385, "29": 1.7144491134598197e-10, "30": 0.6697809325856385, "31": 0.6697809325856385, "32": 2.1105059651265854e-10, "33": 0.6697809325856385, "34": 1.4081849724538705e-10, "35": 1.095154149541427e-10, "36": 9.707746932788693e-11, "37": 0.6697809325856385, "38": 1.5963303518582444e-10, "39": 0.6697809325856385, "40": 1.6274584068324954e-10, "41": 1.0113089543697142e-10, "42": 0.6697809325856385, "43": 0.6697809325856385, "44": 0.6697809325856385, "45": 0.6697809325856385, "46": 0.6697809325856385, "47": 0.6697809325856385, "48": 0.6697809325856385, "49": 0.6697809325856385, "50": 0.6697809325856385, "51": 0.6697809325856385, "52": 0.6697809325856385, "53": 0.6697809325856385, "54": 2.1105059651265854e-10, "55": 0.6697809325856385, "56": 0.6697809325856385, "57": 0.6697809325856385, "58": 0.6697809325856385, "59": 1.3747933489630429e-10, "60": 1.7144491134598197e-10, "61": 1.725597206743343e-10, "62": 9.819002383689553e-11, "63": 1.8680543827059414e-10, "64": 1.477701423242523e-10, "65": 1.242146438663071e-10, "66": 0.6697809325856385, "67": 0.6697809325856385, "68": 0.6697809325856385, "69": 0.6697809325856385, "70": 1.5533277765049573e-10, "71": 2.1358808597310454e-10, "72": 1.5533277765049573e-10, "73": 0.6697809325856385, "74": 1.5963303518582444e-10, "75": 1.242146438663071e-10, "76": 0.6697809325856385, "77": 8.137292034162477e-11, "78": 0.6697809325856385, "79": 0.6697809325856385, "80": 0.6697809325856385, "81": 0.6697809325856385, "82": 8.126916144791887e-11, "83": 0.6697809325856385, "84": 0.6697809325856385, "85": 2.681460815470773e-10, "86": 0.6697809325856385, "87": 0.6697809325856385, "88": 0.6697809325856385, "89": 0.6697809325856385, "90": 0.6697809325856385, "91": 1.978287539021034e-10, "92": 0.6697809325856385, "93": 0.6697809325856385, "94": 0.6697809325856385, "95": 2.681460815470773e-10, "96": 0.6697809325856385, "97": 1.725597206743343e-10, "98": 2.2855358952418883e-10, "99": 0.6697809325856385}, "2": {"0": 0.6942839539305732, "1": 4.4435044110769986e-10, "2": 0.6942839539305732, "3": 3.8501702440735835e-10, "4": 3.605549104453011e-10, "5": 2.411053861768978e-10, "6": 0.6942839539305732, "7": 3.0543161610172445e-10, "8": 0.6942839539305732, "9": 0.6942839539305732, "10": 0.6942839539305732, "11": 0.6942839539305732, "12": 0.6942839539305732, "13": 1.5904112033197997e-10, "14": 0.6942839539305732, "15": 0.6942839539305732, "16": 3.750942513567034e-10, "17": 0.6942839539305732, "18": 0.6942839539305732, "19": 0.6942839539305732, "20": 0.6942839539305732, "21": 0.6942839539305732, "22": 3.487328320424824e-10, "23": 0.6942839539305732, "24": 3.3895064620923676e-10, "25": 0.6942839539305732, "26": 0.6942839539305732, "27": 0.6942839539305732, "28": 3.7450654574671837e-10, "29": 0.6942839539305732, "30": 0.6942839539305732, "31": 3.1890643597793126e-10, "32": 0.6942839539305732, "33": 0.6942839539305732, "34": 3.449734581783095e-10, "35": 0.6942839539305732, "36": 0.6942839539305732, "37": 0.6942839539305732, "38": 0.6942839539305732, "39": 0.6942839539305732, "40": 4.1186332327940755e-10, "41": 0.6942839539305732, "42": 1.8689530672158887e-10, "43": 1.3893974248422818e-10, "44": 1.205526930884489e-10, "45": 3.087681118003169e-10, "46": 0.6942839539305732, "47": 0.6942839539305732, "48": 0.6942839539305732, "49": 2.4224523404430394e-10, "50": 3.2994334003006356e-10, "51": 0.6942839539305732, "52": 0.6942839539305732, "53": 0.6942839539305732, "54": 0.6942839539305732, "55": 0.6942839539305732, "56": 0.6942839539305732, "57": 0.6942839539305732, "58": 0.6942839539305732, "59": 0.6942839539305732, "60": 3.203106608739872e-10, "61": 0.6942839539305732, "62": 0.6942839539305732, "63": 3.1562287391464435e-10, "64": 0.6942839539305732, "65": 0.6942839539305732, "66": 0.6942839539305732, "67": 0.6942839539305732, "68": 0.6942839539305732, "69": 0.6942839539305732, "70": 3.1890643597793126e-10, "71": 3.8960728378526125e-10, "72": 0.6942839539305732, "73": 2.4224523404430394e-10, "74": 4.1691494797374136e-10, "75": 0.6942839539305732, "76": 0.6942839539305732, "77": 0.6942839539305732, "78": 0.6942839539305732, "79": 3.087681118003169e-10, "80": 0.6942839539305732, "81": 0.6942839539305732, "82": 3.2994334003006356e-10, "83": 0.6942839539305732, "84": 0.6942839539305732, "85": 0.6942839539305732, "86": 0.6942839539305732, "87": 3.401580919246499e-10, "88": 0.6942839539305732, "89": 0.6942839539305732, "90": 0.6942839539305732, "91": 3.8960728378526125e-10, "92": 3.686128044238643e-10, "93": 3.401580919246499e-10,