{"0": {"0": 0.10560183668456145, "1": 0.1082884904322189, "2": 0.6894691664334445, "3": 0.07821436115469405, "4": 0.822384030891106, "5": 0.6788737404060495, "6": 0.5496214829948385, "7": 0.5825099146929198, "8": 0.9678908172095619, "9": 0.12716952610214982, "10": 0.14806625420290795, "11": 0.5854805191728887, "12": 0.6894691664334445, "13": 0.7401672481849306, "14": 0.39633391645181737, "15": 0.16776326473267994, "16": 0.5496214829948385, "17": 0.16776326473267994, "18": 0.035326533819883446, "19": 0.6067254439961274, "20": 0.822384030891106, "21": 0.24217489222546862, "22": 0.44145001654049554, "23": 0.6188291529516505, "24": 0.01360299991038675, "25": 0.8396875927524601, "26": 0.7586712612778226, "27": 0.5854805191728887, "28": 0.5825099146929198, "29": 0.11532068776222132, "30": 0.035326533819883446, "31": 0.7586712612778226, "32": 0.17390684167021786, "33": 0.060154966475995025, "34": 0.7230917827463128, "35": 0.8537836150764706, "36": 0.822384030891106, "37": 0.7372250465757564, "38": 0.9078913055377411, "39": 0.4957521689246019, "40": 0.5108228158416122, "41": 0.6067254439961274, "42": 0.39633391645181737, "43": 0.27338946898389016, "44": 0.6373927063261049, "45": 0.6188291529516505, "46": 0.29563235357951734, "47": 0.060154966475995025, "48": 0.47568470400512697, "49": 0.6776091122029958, "50": 0.9678908172095619, "51": 0.8011739170753731, "52": 0.14806625420290795, "53": 0.27338946898389016, "54": 0.5108228158416122, "55": 0.6788737404060495, "56": 0.9690367836149936, "57": 0.1082884904322189, "58": 0.543695089664445, "59": 0.6373927063261049, "60": 0.24217489222546862, "61": 0.8537836150764706, "62": 0.597502076530606, "63": 0.7401672481849306, "64": 0.05132363425056068, "65": 0.3763800983955806, "66": 0.01360299991038675, "67": 0.44145001654049554, "68": 0.10560183668456145, "69": 0.27338946898389016, "70": 0.6776091122029958, "71": 0.7372250465757564, "72": 0.9690367836149936, "73": 0.4957521689246019, "74": 0.822384030891106, "75": 0.9078913055377411, "76": 0.8011739170753731, "77": 0.3836593331514265, "78": 0.6894691664334445, "79": 0.035326533819883446, "80": 0.7586712612778226, "81": 0.543695089664445, "82": 0.11532068776222132, "83": 0.3836593331514265, "84": 0.3629298598634894, "85": 0.29563235357951734, "86": 0.3629298598634894, "87": 0.11436515585521155, "88": 0.7230917827463128, "89": 0.12716952610214982, "90": 0.27338946898389016, "91": 0.05132363425056068, "92": 0.5108228158416122, "93": 0.3763800983955806, "94": 0.17390684167021786, "95": 0.07821436115469405, "96": 0.11436515585521155, "97": 0.597502076530606, "98": 0.47568470400512697, "99": 0.8396875927524601}, "1": {"0": 0.2561224565683574, "1": 0.8893076255678665, "2": 0.6573283924428716, "3": 0.3019701649381179, "4": 0.21232481153040797, "5": 0.7852942284168811, "6": 0.6573283924428716, "7": 0.8392026194521094, "8": 0.2005875453077284, "9": 0.21962204719472567, "10": 0.1524806352844283, "11": 0.3941839281520211, "12": 0.20429041452359017, "13": 0.007622691881191253, "14": 0.5284987886206438, "15": 0.2561224565683574, "16": 0.5527034073098422, "17": 0.048949369174528856, "18": 0.9452875893139474, "19": 0.9959958587376978, "20": 0.4061833380223513, "21": 0.34419551926124103, "22": 0.3384243365866222, "23": 0.3019701649381179, "24": 0.7272534998630782, "25": 0.8392026194521094, "26": 0.7332458507985449, "27": 0.8812297103608668, "28": 0.3471268609028708, "29": 0.7617931955452308, "30": 0.8734802061746101, "31": 0.5458751278786924, "32": 0.05538228845526255, "33": 0.2958146329727136, "34": 0.2958146329727136, "35": 0.4061833380223513, "36": 0.8824421007032865, "37": 0.34419551926124103, "38": 0.6846252777681952, "39": 0.8392026194521094, "40": 0.06177840183242242, "41": 0.5284987886206438, "42": 0.4796620891707184, "43": 0.7170751808732421, "44": 0.5458751278786924, "45": 0.7080078412807902, "46": 0.2561224565683574, "47": 0.20429041452359017, "48": 0.5851777564462838, "49": 0.30077101510723325, "50": 0.5527034073098422, "51": 0.8824421007032865, "52": 0.7080078412807902, "53": 0.21232481153040797, "54": 0.8893076255678665, "55": 0.007622691881191253, "56": 0.9452875893139474, "57": 0.46572097834002735, "58": 0.3456932521324168, "59": 0.7170751808732421, "60": 0.05538228845526255, "61": 0.9959958587376978, "62": 0.8734802061746101, "63": 0.4796620891707184, "64": 0.0292970900157269, "65": 0.7332458507985449, "66": 0.5851777564462838, "67": 0.21962204719472567, "68": 0.2005875453077284, "69": 0.7852942284168811, "70": 0.9452875893139474, "71": 0.7921291972626714, "72": 0.06177840183242242, "73": 0.030012978508111954, "74": 0.46572097834002735, "75": 0.4061833380223513, "76": 0.3384243365866222, "77": 0.0292970900157269, "78": 0.8253687185242726, "79": 0.7617931955452308, "80": 0.1524806352844283, "81": 0.9452875893139474, "82": 0.7921291972626714, "83": 0.8812297103608668, "84": 0.3941839281520211, "85": 0.7617931955452308, "86": 0.8734802061746101, "87": 0.5947095262444296, "88": 0.030012978508111954, "89": 0.5947095262444296, "90": 0.26571857007047806, "91": 0.7272534998630782, "92": 0.3471268609028708, "93": 0.4796620891707184, "94": 0.3456932521324168, "95": 0.6846252777681952, "96": 0.048949369174528856, "97": 0.26571857007047806, "98": 0.8253687185242726, "99": 0.30077101510723325}, "2": {"0": 0.7676241238904633, "1": 0.8435875511228996, "2": 0.4099284122339347, "3": 0.6757188705438908, "4": 0.29389673179918996, "5": 0.29776139591791567, "6": 0.850407449638162, "7": 0.15510228110437801, "8": 0.1419780530462586, "9": 0.23934684951869745, "10": 0.4590865097318377, "11": 0.07629906029317977, "12": 0.29776139591791567, "13": 0.20766589051900136, "14": 0.2773774729435896, "15": 0.6848079375814414, "16": 0.19199469652458315, "17": 0.7409166669187423, "18": 0.7451874094927298, "19": 0.4986689140386665, "20": 0.043096825916958584, "21": 0.4677123142933549, "22": 0.07430267155725795, "23": 0.8423304255990685, "24": 0.5695408641380935, "25": 0.043096825916958584, "26": 0.3004176239073546, "27": 0.06121446099012791, "28": 0.4191992893056664, "29": 0.7260683544991188, "30": 0.7676241238904633, "31": 0.7260683544991188, "32": 0.15510228110437801, "33": 0.5052531499251791, "34": 0.5695408641380935, "35": 0.2474884825465774, "36": 0.1419780530462586, "37": 0.4191992893056664, "38": 0.06121446099012791, "39": 0.8229749480036797, "40": 0.3477500770510574, "41": 0.6244278958639624, "42": 0.07430267155725795, "43": 0.9699691015496024, "44": 0.20766589051900136, "45": 0.025759277181871515, "46": 0.10672493746727338, "47": 0.4099284122339347, "48": 0.2474884825465774, "49": 0.850407449638162, "50": 0.5052531499251791, "51": 0.6757188705438908, "52": 0.6244278958639624, "53": 0.29389673179918996, "54": 0.4590865097318377, "55": 0.7451874094927298, "56": 0.4544538131235603, "57": 0.9638826325106828, "58": 0.9699691015496024, "59": 0.965505382094427, "60": 0.4544538131235603, "61": 0.07629906029317977, "62": 0.7676241238904633, "63": 0.06121446099012791, "64": 0.32924299480358343, "65": 0.25756071887620713, "66": 0.7451874094927298, "67": 0.36861943640403216, "68": 0.8229749480036797, "69": 0.19199469652458315, "70": 0.3372997591592626, "71": 0.912959306066492, "72": 0.3477500770510574, "73": 0.9151640957573915, "74": 0.3004176239073546, "75": 0.8350415699452373, "76": 0.8423304255990685, "77": 0.8834616531808811, "78": 0.32924299480358343, "79": 0.8435875511228996, "80": 0.3372997591592626, "81": 0.9151640957573915, "82": 0.2773774729435896, "83": 0.6848079375814414, "84": 0.9638826325106828, "85": 0.965505382094427, "86": 0.7409166669187423, "87": 0.36861943640403216, "88": 0.4677123142933549, "89": 0.8435875511228996, "90": 0.8229749480036797, "91": 0.912959306066492, "92": 0.8350415699452373, "93": 0.23934684951869745, "94": 0.5695408641380935, "95": 0.25756071887620713, "96": 0.8834616531808811, "97": 0.10672493746727338, "98": 0.025759277181871515, "99": 0.4986689140386665}, "3": {"0": 0.5501996708161145, "1": 0.5009682118975959, "2": 0.9859954503045674, "3": 0.4057695450846992,