{"0": {"0": 0.500000000000671, "1": 0.9499999999985638, "2": 0.5000000000007173, "3": 0.050000000000274915, "4": 0.9499999999990787, "5": 0.5000000000003075, "6": 0.05000000000020158, "7": 0.9499999999991763, "8": 0.500000000000524, "9": 0.05000000000018629, "10": 0.050000000000234475, "11": 0.5000000000006426, "12": 0.05000000000026716, "13": 0.5000000000005471, "14": 0.9499999999995591, "15": 0.050000000000135346, "16": 0.5000000000003408, "17": 0.5000000000003341, "18": 0.5000000000006304, "19": 0.5000000000005793, "20": 0.5000000000003915, "21": 0.05000000000033265, "22": 0.050000000000141334, "23": 0.5000000000004254, "24": 0.9499999999993866, "25": 0.9499999999990947, "26": 0.05000000000009033, "27": 0.050000000000274915, "28": 0.05000000000011702, "29": 0.0500000000002112, "30": 0.9499999999990145, "31": 0.5000000000006639, "32": 0.5000000000007515, "33": 0.5000000000005433, "34": 0.5000000000005395, "35": 0.5000000000006104, "36": 0.05000000000029133, "37": 0.5000000000002975, "38": 0.5000000000005396, "39": 0.05000000000020981, "40": 0.05000000000018868, "41": 0.9499999999990747, "42": 0.500000000000524, "43": 0.5000000000008464, "44": 0.05000000000014071, "45": 0.9499999999994784, "46": 0.5000000000005638, "47": 0.5000000000006359, "48": 0.05000000000011055, "49": 0.05000000000006767, "50": 0.5000000000002917, "51": 0.5000000000005955, "52": 0.5000000000004843, "53": 0.949999999999265, "54": 0.5000000000005396, "55": 0.5000000000007515, "56": 0.9499999999991786, "57": 0.5000000000004359, "58": 0.9499999999990747, "59": 0.5000000000004284, "60": 0.5000000000005336, "61": 0.05000000000033265, "62": 0.5000000000002127, "63": 0.5000000000003518, "64": 0.5000000000006368, "65": 0.050000000000234475, "66": 0.5000000000003788, "67": 0.5000000000006639, "68": 0.9499999999992697, "69": 0.9499999999990145, "70": 0.5000000000006835, "71": 0.050000000000178325, "72": 0.9499999999992697, "73": 0.5000000000004423, "74": 0.5000000000005471, "75": 0.5000000000006426, "76": 0.5000000000005931, "77": 0.05000000000008917, "78": 0.9499999999992625, "79": 0.5000000000005793, "80": 0.9499999999997468, "81": 0.05000000000015625, "82": 0.9499999999990876, "83": 0.500000000000239, "84": 0.9499999999996169, "85": 0.050000000000145664, "86": 0.5000000000002212, "87": 0.5000000000003417, "88": 0.9499999999995881, "89": 0.05000000000018868, "90": 0.5000000000002668, "91": 0.9499999999994629, "92": 0.5000000000002179, "93": 0.5000000000006104, "94": 0.9499999999994784, "95": 0.9499999999991786, "96": 0.5000000000007173, "97": 0.9499999999993866, "98": 0.5000000000004843, "99": 0.5000000000002143}, "1": {"0": 0.0500000000001573, "1": 0.050000000000149473, "2": 0.4999999999999944, "3": 0.9499999999995209, "4": 0.9499999999998713, "5": 0.9499999999997354, "6": 0.49999999999999833, "7": 0.4999999999999955, "8": 0.05000000000004892, "9": 0.9499999999996105, "10": 0.9499999999997362, "11": 0.05000000000008489, "12": 0.49999999999999695, "13": 0.9499999999995625, "14": 0.9499999999997762, "15": 0.0500000000001113, "16": 0.9499999999998479, "17": 0.4999999999999932, "18": 0.9499999999996223, "19": 0.9499999999998241, "20": 0.49999999999999395, "21": 0.949999999999731, "22": 0.05000000000006173, "23": 0.4999999999999951, "24": 0.49999999999999534, "25": 0.49999999999999467, "26": 0.4999999999999939, "27": 0.4999999999999964, "28": 0.4999999999999964, "29": 0.499999999999996, "30": 0.4999999999999961, "31": 0.05000000000013167, "32": 0.49999999999999467, "33": 0.050000000000088404, "34": 0.05000000000014679, "35": 0.4999999999999942, "36": 0.4999999999999982, "37": 0.49999999999999434, "38": 0.0500000000000958, "39": 0.49999999999999806, "40": 0.9499999999994362, "41": 0.4999999999999971, "42": 0.050000000000171754, "43": 0.49999999999999645, "44": 0.050000000000124833, "45": 0.05000000000014037, "46": 0.05000000000015184, "47": 0.9499999999995935, "48": 0.49999999999999617, "49": 0.49999999999999833, "50": 0.9499999999996358, "51": 0.4999999999999948, "52": 0.9499999999995647, "53": 0.499999999999997, "54": 0.4999999999999961, "55": 0.49999999999999645, "56": 0.4999999999999964, "57": 0.4999999999999963, "58": 0.49999999999999845, "59": 0.499999999999998, "60": 0.49999999999999467, "61": 0.05000000000008069, "62": 0.05000000000007592, "63": 0.9499999999997839, "64": 0.4999999999999953, "65": 0.9499999999996084, "66": 0.9499999999997839, "67": 0.0500000000001113, "68": 0.9499999999998111, "69": 0.0500000000001114, "70": 0.9499999999995724, "71": 0.4999999999999948, "72": 0.4999999999999944, "73": 0.49999999999999534, "74": 0.9499999999997362, "75": 0.9499999999995935, "76": 0.9499999999997812, "77": 0.05000000000012293, "78": 0.9499999999998179, "79": 0.050000000000073305, "80": 0.9499999999997824, "81": 0.0500000000001114, "82": 0.4999999999999961, "83": 0.9499999999998041, "84": 0.4999999999999948, "85": 0.49999999999999634, "86": 0.050000000000074735, "87": 0.05000000000006584, "88": 0.49999999999999817, "89": 0.49999999999999434, "90": 0.0500000000001573, "91": 0.05000000000008725, "92": 0.050000000000124833, "93": 0.4999999999999982, "94": 0.49999999999999595, "95": 0.050000000000073305, "96": 0.05000000000008725, "97": 0.4999999999999948, "98": 0.05000000000006147, "99": 0.49999999999999595}, "2": {"0": 0.9499999999997928, "1": 0.5000000000001286, "2": 0.050000000000303566, "3": 0.5000000000001164, "4": 0.9499999999997317, "5": 0.05000000000039932, "6": 0.5000000000002021, "7": 0.5000000000002094, "8": 0.5000000000001646, "9": 0.9499999999998621, "10": 0.050000000000362865, "11": 0.050000000000306244, "12": 0.5000000000000917, "13": 0.050000000000315646, "14": 0.05000000000034303, "15": 0.05000000000022671, "16": 0.5000000000002478, "17": 0.500000000000235, "18": 0.050000000000311705, "19": 0.5000000000001041, "20": 0.500000000000065, "21": 0.9499999999998203, "22": 0.0500000000003026, "23": 0.050000000000633135, "24": 0.9499999999996336, "25": 0.050000000000233934, "26": 0.500000000000169, "27": 0.5000000000001223, "28": 0.9499999999998034, "29": 0.05000000000038203, "30": 0.05000000000035681, "31": 0.5000000000001219, "32": 0.9499999999998652, "33": 0.5000000000002695, "34": 0.05000000000019536, "35": 0.5000000000001215, "36": 0.5000000000002478, "37": 0.05000000000057976, "38": 0.5000000000002207, "39": 0.9499999999996067, "40": 0.5000000000001934, "41": 0.05000000000018688, "42": 0.05000000000034939, "43": 0.05000000000042838, "44": 0.5000000000001508, "45": 0.5000000000001095, "46": 0.5000000000001315, "47": 0.949999999999843, "48": 0.05000000000057976, "49": 0.9499999999997948, "50": 0.9499999999997493, "51": 0.5000000000001137, "52": 0.5000000000001008, "53": 0.9499999999996748, "54": 0.5000000000001524, "55": 0.5000000000000843, "56": 0.5000000000002182, "57": 0.500000000000169, "58": 0.9499999999996133, "59": 0.5000000000001024, "60": 0.5000000000001803, "61": 0.9499999999998746, "62": 0.05000000000037384, "63": 0.5000000000001615, "64": 0.5000000000000824, "65": 0.05000000000025852, "66": 0.5000000000001047, "67": 0.05000000000038203, "68": 0.500000000000235, "69": 0.5000000000002207, "70": 0.5000000000001286, "71": 0.05000000000029432, "72": 0.05000000000035548, "73": 0.9499999999997274, "74": 0.05000000000038823, "75": 0.5000000000002511, "76": 0.050000000000348384, "77": 0.9499999999997377, "78": 0.05000000000037384, "79": 0.5000000000000808, "80": 0.05000000000019318, "81": 0.5000000000001137, "82": 0.5000000000001263, "83": 0.5000000000000632, "84": 0.5000000000002182, "85": 0.050000000000151784, "86": 0.5000000000001745, "87": 0.05000000000039932, "88": 0.05000000000019318, "89": 0.9499999999998688, "90": 0.9499999999996748, "91": 0.5000000000001803, "92": 0.05000000000053524, "93": 0.05000000000034939, "94": 0.9499999999998203, "95": 0.050000000000362865, "96": 0.9499999999997274, "97": 0.050000000000306244, "98": 0.5000000000000657, "99": 0.050000000000348384}, "3": {"0": 0.49999999999671574, "1": 0.4999999999961118, "2": 0.49999999999712724,