{"0": {"0": 0.5000000000213626, "1": 0.5000000000589007, "2": 0.959618578756068, "3": 0.5000000000408125, "4": 0.5000000000335949, "5": 0.5000000000524932, "6": 0.5000000000566889, "7": 0.5000000000246223, "8": 0.5000000000532142, "9": 0.5000000000507813, "10": 0.960024326118357, "11": 0.5000000000431196, "12": 0.5000000000298781, "13": 0.5000000000366429, "14": 0.5000000000364144, "15": 0.959753827876831, "16": 0.5000000000446891, "17": 0.50000000002108, "18": 0.500000000032459, "19": 0.5000000000495505, "20": 0.07579041397170226, "21": 0.5000000000363146, "22": 0.5000000000417472, "23": 0.5000000000496565, "24": 0.07596674948271039, "25": 0.07399467784902525, "26": 0.5000000000306288, "27": 0.07587740466198412, "28": 0.5000000000350153, "29": 0.5000000000507813, "30": 0.5000000000473935, "31": 0.5000000000384915, "32": 0.5000000000425902, "33": 0.07645613128086781, "34": 0.959618578756068, "35": 0.500000000032325, "36": 0.07579041397170226, "37": 0.5000000000316629, "38": 0.5000000000305731, "39": 0.5000000000175077, "40": 0.5000000000566889, "41": 0.01337653487520335, "42": 0.960024326118357, "43": 0.5000000000172217, "44": 0.5000000000442876, "45": 0.07399467784902525, "46": 0.959753827876831, "47": 0.5000000000221438, "48": 0.5000000000293119, "49": 0.5000000000393441, "50": 0.5000000000324621, "51": 0.5000000000131424, "52": 0.5000000000327046, "53": 0.5000000000327205, "54": 0.5000000000465761, "55": 0.500000000035354, "56": 0.5000000000162714, "57": 0.5000000000084978, "58": 0.07645613128086781, "59": 0.5000000000215759, "60": 0.5000000000301974, "61": 0.5000000000317534, "62": 0.5000000000364144, "63": 0.5000000000298781, "64": 0.5000000000178426, "65": 0.5000000000357934, "66": 0.500000000033396, "67": 0.5000000000327205, "68": 0.5000000000301676, "69": 0.5000000000431196, "70": 0.5000000000335949, "71": 0.5000000000178967, "72": 0.01337653487520335, "73": 0.5000000000274909, "74": 0.07587740466198412, "75": 0.500000000032325, "76": 0.5000000000330531, "77": 0.5000000000197595, "78": 0.5000000000321886, "79": 0.500000000017677, "80": 0.5000000000167018, "81": 0.5000000000317534, "82": 0.500000000033396, "83": 0.5000000000318108, "84": 0.5000000000246223, "85": 0.911880593282685, "86": 0.5000000000165266, "87": 0.5000000000446891, "88": 0.5000000000278062, "89": 0.5000000000159054, "90": 0.5000000000299162, "91": 0.5000000000267151, "92": 0.5000000000321886, "93": 0.5000000000204062, "94": 0.5000000000417472, "95": 0.5000000000183215, "96": 0.911880593282685, "97": 0.5000000000153144, "98": 0.5000000000192457, "99": 0.5000000000267151}, "1": {"0": 0.5000000000663323, "1": 0.5000000000358944, "2": 0.5000000000718268, "3": 0.5000000000892746, "4": 0.5000000000541753, "5": 0.5000000000277144, "6": 0.5000000000340671, "7": 0.5000000000163489, "8": 0.9381441612620014, "9": 0.5000000000769725, "10": 0.9381441612620014, "11": 0.5000000000804024, "12": 0.5000000000354, "13": 0.5000000000615241, "14": 0.5000000000503759, "15": 0.5000000000437826, "16": 0.5000000000484647, "17": 0.5000000000775808, "18": 0.5000000000805306, "19": 0.04126443484649869, "20": 0.5000000000908769, "21": 0.9062906274300735, "22": 0.500000000073811, "23": 0.5000000000369055, "24": 0.5000000000701277, "25": 0.5000000000749634, "26": 0.9062906274300735, "27": 0.5000000000816596, "28": 0.5000000000596089, "29": 0.5000000000347088, "30": 0.5000000000654143, "31": 0.5000000000789464, "32": 0.5000000000464819, "33": 0.5000000000560281, "34": 0.50000000003255, "35": 0.5000000000452256, "36": 0.5000000000418732, "37": 0.500000000081788, "38": 0.9634019276062256, "39": 0.5000000000456641, "40": 0.5000000000846758, "41": 0.5000000000526497, "42": 0.5000000000322392, "43": 0.5000000000562522, "44": 0.500000000047312, "45": 0.5000000000701326, "46": 0.500000000077269, "47": 0.9634019276062256, "48": 0.5000000000748549, "49": 0.5000000000526895, "50": 0.5000000000674442, "51": 0.500000000080369, "52": 0.5000000000450263, "53": 0.5000000000577045, "54": 0.500000000086496, "55": 0.5000000000799758, "56": 0.5000000000498313, "57": 0.5000000000413831, "58": 0.5000000000402012, "59": 0.5000000000407769, "60": 0.04126443484649869, "61": 0.5000000000343132, "62": 0.5000000000203885, "63": 0.5000000000565963, "64": 0.5000000000700762, "65": 0.500000000047111, "66": 0.5000000000288523, "67": 0.5000000000655935, "68": 0.9634019276062256, "69": 0.5000000000350381, "70": 0.5000000000170867, "71": 0.5000000000298044, "72": 0.05115723154504809, "73": 0.5000000000450263, "74": 0.05115723154504809, "75": 0.5000000000399879, "76": 0.5000000000381284, "77": 0.5000000000788998, "78": 0.04126443484649869, "79": 0.5000000000235555, "80": 0.5000000000444675, "81": 0.5000000000541753, "82": 0.5000000000331661, "83": 0.5000000000354153, "84": 0.5000000000610949, "85": 0.5000000000665434, "86": 0.5000000000354153, "87": 0.9634019276062256, "88": 0.5000000000657454, "89": 0.5000000000374817, "90": 0.5000000000263248, "91": 0.5000000000503759, "92": 0.5000000000609988, "93": 0.05115723154504809, "94": 0.5000000000263447, "95": 0.5000000000665434, "96": 0.5000000000222338, "97": 0.5000000000337221, "98": 0.5000000000560281, "99": 0.5000000000610949}, "2": {"0": 0.041582433557356385, "1": 0.5000000000368598, "2": 0.957942661489338, "3": 0.5000000000411889, "4": 0.5000000000499838, "5": 0.5000000000423068, "6": 0.5000000000305419, "7": 0.500000000048394, "8": 0.5000000000393278, "9": 0.5000000000242749, "10": 0.5000000000479861, "11": 0.5000000000441202, "12": 0.500000000042309, "13": 0.5000000000382201, "14": 0.5000000000409093, "15": 0.5000000000408336, "16": 0.08588238379592145, "17": 0.5000000000335998, "18": 0.957942661489338, "19": 0.500000000029232, "20": 0.5000000000203947, "21": 0.5000000000381846, "22": 0.5000000000269731, "23": 0.5000000000156452, "24": 0.957942661489338, "25": 0.5000000000358639, "26": 0.5000000000208342, "27": 0.5000000000300401, "28": 0.5000000000227232, "29": 0.5000000000318849, "30": 0.5000000000349196, "31": 0.5000000000409093, "32": 0.5000000000244167, "33": 0.5000000000411222, "34": 0.5000000000326231, "35": 0.957942661489338, "36": 0.5000000000393278, "37": 0.5000000000321856, "38": 0.500000000038256, "39": 0.5000000000227295, "40": 0.5000000000199138, "41": 0.5000000000295699, "42": 0.5000000000381846, "43": 0.5000000000450582, "44": 0.5000000000323201, "45": 0.5000000000311081, "46": 0.08588238379592145, "47": 0.5000000000121374, "48": 0.5000000000587437, "49": 0.5000000000410412, "50": 0.5000000000339839, "51": 0.5000000000425676, "52": 0.5000000000408336, "53": 0.08588238379592145, "54": 0.5000000000252469, "55": 0.5000000000342045, "56": 0.5000000000205944, "57": 0.5000000000386857, "58": 0.5000000000261597, "59": 0.5000000000411222, "60": 0.5000000000391626, "61": 0.500000000046679, "62": 0.5000000000454101, "63": 0.5000000000499055, "64": 0.5000000000351646, "65": 0.5000000000211545, "66": 0.5000000000305419, "67": 0.5000000000366223, "68": 0.5000000000349196, "69": 0.5000000000345868, "70": 0.5000000000172085, "71": 0.5000000000499055, "72": 0.5000000000342439, "73": 0.5000000000304394, "74": 0.07056813569249355, "75": 0.5000000000204858, "76": 0.5000000000383683, "77": 0.5000000000300401, "78": 0.5000000000345868, "79": 0.5000000000304394, "80": 0.5000000000217991, "81": 0.5000000000225291, "82": 0.5000000000266449, "83": 0.5000000000295699, "84": 0.5000000000335998, "85": 0.5000000000266449, "86": 0.041582433557356385, "87": 0.500000000038226, "88": 0.5000000000368582, "89": 0.5000000000342439, "90": 0.5000000000368582, "91": 0.5000000000276191, "92": 0.07056813569249355, "93": 0.5000000000369175, "94": 0.500000000038256, "95": 0.5000000000369175, "96": 0.5000000000351646, "97": 0.5000000000233396, "98": 0.5000000000193429, "99": 0.5000000000382201}, "3": {"0": 0.4999999998715204, "1": 0.49999999993824656, "2": 0.49999999993824656, "3": 0.4999999998436357, "4": 0.4999999999390041, "5": 0.4999999998659367, "6": 0.4999999998917717, "7": 0.4999999998792164,