{"0": {"0": 1.7563350978639538e-05, "1": 0.7059458659863582, "2": 1.778120876204466e-05, "3": 1.3214674494659021e-05, "4": 1.5166449097571269e-05, "5": 0.7059458659863582, "6": 8.97622852543271e-06, "7": 0.7059458659863582, "8": 0.7059458659863582, "9": 1.9928537547566853e-05, "10": 1.5015397296673068e-05, "11": 0.7059458659863582, "12": 1.5452251545363065e-05, "13": 2.128605047836293e-05, "14": 0.7059458659863582, "15": 0.7059458659863582, "16": 0.7059458659863582, "17": 1.268877776623914e-05, "18": 2.351564874786794e-05, "19": 2.0070878532318185e-05, "20": 1.6548748069111557e-05, "21": 1.925177074537582e-05, "22": 2.2476985866930816e-05, "23": 1.9496547548469447e-05, "24": 0.7059458659863582, "25": 1.9672422690185415e-05, "26": 1.085536024138451e-05, "27": 2.005313882199622e-05, "28": 0.7059458659863582, "29": 0.7059458659863582, "30": 0.7059458659863582, "31": 1.9298333615367754e-05, "32": 0.7059458659863582, "33": 1.5889994833903905e-05, "34": 1.9925640756598513e-05, "35": 1.925177074537582e-05, "36": 2.0769640224565132e-05, "37": 0.7059458659863582, "38": 0.7059458659863582, "39": 1.5015397296673068e-05, "40": 0.7059458659863582, "41": 1.9654810396905193e-05, "42": 0.7059458659863582, "43": 1.0387753485260097e-05, "44": 0.7059458659863582, "45": 2.1325086808563183e-05, "46": 1.5626782758303178e-05, "47": 0.7059458659863582, "48": 0.7059458659863582, "49": 1.9689048256954965e-05, "50": 1.99164930277225e-05, "51": 0.7059458659863582, "52": 0.7059458659863582, "53": 0.7059458659863582, "54": 0.7059458659863582, "55": 1.4446833308410309e-05, "56": 1.1855036151775767e-05, "57": 9.848935256521057e-06, "58": 0.7059458659863582, "59": 0.7059458659863582, "60": 0.7059458659863582, "61": 5.927518075887884e-06, "62": 1.997641179098732e-05, "63": 0.7059458659863582, "64": 0.7059458659863582, "65": 0.7059458659863582, "66": 0.7059458659863582, "67": 2.2476985866930816e-05, "68": 1.778120876204466e-05, "69": 0.7059458659863582, "70": 0.7059458659863582, "71": 0.7059458659863582, "72": 5.914932637623282e-06, "73": 0.7059458659863582, "74": 1.9689048256954965e-05, "75": 0.7059458659863582, "76": 1.997641179098732e-05, "77": 0.7059458659863582, "78": 0.7059458659863582, "79": 1.6684512827035725e-05, "80": 1.3945325412711655e-05, "81": 1.486610565673577e-05, "82": 1.6684512827035725e-05, "83": 0.7059458659863582, "84": 0.7059458659863582, "85": 1.9496547548469447e-05, "86": 0.7059458659863582, "87": 2.067986864886877e-05, "88": 0.7059458659863582, "89": 0.7059458659863582, "90": 0.7059458659863582, "91": 1.99164930277225e-05, "92": 0.7059458659863582, "93": 1.5626782758303178e-05, "94": 0.7059458659863582, "95": 1.7563350978639538e-05, "96": 0.7059458659863582, "97": 1.268877776623914e-05, "98": 0.7059458659863582, "99": 0.7059458659863582}, "1": {"0": 0.6412747647881751, "1": 0.6412747647881751, "2": 0.6412747647881751, "3": 1.0464588849345837e-05, "4": 0.6412747647881751, "5": 1.1004572604608797e-05, "6": 1.2921623461555112e-05, "7": 1.0939602903859119e-05, "8": 1.1546248994162514e-05, "9": 1.2263600264937702e-05, "10": 0.6412747647881751, "11": 0.6412747647881751, "12": 9.595438047870252e-06, "13": 1.0076846866636453e-05, "14": 1.1217969726926825e-05, "15": 1.1746342038705343e-05, "16": 0.6412747647881751, "17": 1.092037750080298e-05, "18": 1.1157339949504726e-05, "19": 9.478485359659025e-06, "20": 1.0365665183507114e-05, "21": 0.6412747647881751, "22": 0.6412747647881751, "23": 9.028394348409696e-06, "24": 0.6412747647881751, "25": 0.6412747647881751, "26": 5.0384234333182266e-06, "27": 1.0236291511495893e-05, "28": 0.6412747647881751, "29": 0.6412747647881751, "30": 4.232268887915125e-06, "31": 0.6412747647881751, "32": 1.0141580977727424e-05, "33": 1.0401680329897225e-05, "34": 0.6412747647881751, "35": 0.6412747647881751, "36": 8.876762163639151e-06, "37": 1.1452578300467085e-05, "38": 8.975356364167648e-06, "39": 1.1171178350805392e-05, "40": 5.5966846444223e-06, "41": 0.6412747647881751, "42": 0.6412747647881751, "43": 9.657526708649154e-06, "44": 0.6412747647881751, "45": 1.1656292637582225e-05, "46": 1.1242151852683296e-05, "47": 4.487678182083824e-06, "48": 4.979279019074334e-06, "49": 0.6412747647881751, "50": 0.6412747647881751, "51": 5.865745483049761e-06, "52": 0.6412747647881751, "53": 1.2316001464660838e-05, "54": 0.6412747647881751, "55": 0.6412747647881751, "56": 0.6412747647881751, "57": 0.6412747647881751, "58": 0.6412747647881751, "59": 9.085266858091036e-06, "60": 0.6412747647881751, "61": 0.6412747647881751, "62": 0.6412747647881751, "63": 5.925173067820866e-06, "64": 0.6412747647881751, "65": 0.6412747647881751, "66": 0.6412747647881751, "67": 9.88216584024833e-06, "68": 5.13950798134351e-06, "69": 0.6412747647881751, "70": 8.876762163639151e-06, "71": 5.5966846444223e-06, "72": 0.6412747647881751, "73": 1.0464588849345837e-05, "74": 4.739242679829513e-06, "75": 0.6412747647881751, "76": 0.6412747647881751, "77": 9.85491681324028e-06, "78": 0.6412747647881751, "79": 1.0141580977727424e-05, "80": 0.6412747647881751, "81": 0.6412747647881751, "82": 1.1656292637582225e-05, "83": 0.6412747647881751, "84": 1.0365665183507114e-05, "85": 1.1157339949504726e-05, "86": 0.6412747647881751, "87": 0.6412747647881751, "88": 1.1546248994162514e-05, "89": 0.6412747647881751, "90": 1.2316001464660838e-05, "91": 9.359496910724099e-06, "92": 9.359496910724099e-06, "93": 0.6412747647881751, "94": 9.85491681324028e-06, "95": 9.657526708649154e-06, "96": 9.595438047870252e-06, "97": 0.6412747647881751, "98": 0.6412747647881751, "99": 0.6412747647881751}, "2": {"0": 7.568842689126626e-05, "1": 5.206604838482372e-05, "2": 5.338185066722377e-05, "3": 4.131964374276214e-05, "4": 7.685938461443843e-05, "5": 7.478673329018481e-05, "6": 4.83058628812295e-05, "7": 6.98769339698042e-05, "8": 4.709817168293586e-05, "9": 6.247436298525914e-05, "10": 4.231619209713748e-05, "11": 7.788897982872512e-05, "12": 4.4258001601857965e-05, "13": 7.44655209165056e-05, "14": 4.737902060977219e-05, "15": 4.380633200561203e-05, "16": 6.49079044791728e-05, "17": 6.781334407736818e-05, "18": 4.1357222934078916e-05, "19": 5.377256460892797e-05, "20": 6.354420865977117e-05, "21": 3.803379965727865e-05, "22": 6.545645361450064e-05, "23": 6.68313016613935e-05, "24": 5.1242793389816554e-05, "25": 5.15905099938263e-05, "26": 5.3145581335292005e-05, "27": 5.241751008280329e-05, "28": 4.83042502334204e-05, "29": 7.645511982029408e-05, "30": 5.69848863959226e-05, "31": 3.822755991014704e-05, "32": 6.316709761412147e-05, "33": 7.016868521631523e-05, "34": 4.081276039983532e-05, "35": 2.7610810052564978e-05, "36": 6.98769339698042e-05, "37": 3.484095575527314e-05, "38": 2.603302419241186e-05, "39": 6.869510816791198e-05, "40": 2.41521251167102e-05, "41": 7.104873331941947e-05, "42": 3.596566021366821e-05, "43": 3.537444754055473e-05, "44": 5.69848863959226e-05, "45": 4.737902060977219e-05, "46": 6.527390520718805e-05, "47": 4.670160496183906e-05, "48": 6.188220113167162e-05, "49": 2.415293144061475e-05, "50": 6.106132658734091e-05, "51": 3.537444754055473e-05, "52": 7.44655209165056e-05, "53": 6.527390520718805e-05, "54": 4.001611999282078e-05, "55": 5.338185066722377e-05, "56": 5.271220836136612e-05, "57": 4.1357222934078916e-05, "58": 5.107175498077211e-05, "59": 3.52644915800057e-05, "60": 4.7232612539027073e-05, "61": 5.140109557973942e-05, "62": 6.421737258352909e-05, "63": 7.291417882697345e-05, "64": 4.3969125983655134e-05, "65": 7.568842689126626e-05, "66": 7.594462264853629e-05, "67": 6.835005539956689e-05, "68": 5.140109557973942e-05, "69": 5.660428203090923e-05, "70": 7.180341735141497e-05, "71": 2.424994160544758e-05, "72": 3.1640669504056336e-05, "73": 4.4258001601857965e-05, "74": 7.456860443733133e-05, "75": 6.545645361450064e-05, "76": 6.188220113167162e-05, "77": 5.271220836136612e-05, "78": 7.032236815720793e-05, "79": 4.678843421926957e-05, "80": 5.0638494173389653e-05, "81": 2.7655282711870406e-05, "82": 2.5319247086694827e-05, "83": 3.4234945648257364e-05,