{"0": {"0": 0.9499366576183483, "1": 0.05011924767838247, "2": 0.05014606956236383, "3": 0.9499500558969372, "4": 0.05009625363147371, "5": 0.9499557557740892, "6": 0.05013325368423174, "7": 0.9498976647546967, "8": 0.050105781251634784, "9": 0.05009706589538938, "10": 0.05005406344262252, "11": 0.9499070861546526, "12": 0.9499214060279983, "13": 0.9499727544421621, "14": 0.05008221367824897, "15": 0.949949626442639, "16": 0.9499260615150213, "17": 0.05011756135236491, "18": 0.9499199429736801, "19": 0.050118741576158, "20": 0.9499326023947743, "21": 0.05010663732655384, "22": 0.9499198436398831, "23": 0.0501147971131539, "24": 0.050102875949214934, "25": 0.9499282019909947, "26": 0.05004358089022002, "27": 0.949911635239915, "28": 0.05008150721967839, "29": 0.050100412515935076, "30": 0.050059623839191235, "31": 0.0501284468014231, "32": 0.050058269474333936, "33": 0.05005760064313725, "34": 0.05006533278402961, "35": 0.050102875949214934, "36": 0.9499039553325657, "37": 0.050090305537820914, "38": 0.05006533278402961, "39": 0.949952682787784, "40": 0.050028659387889814, "41": 0.9499314855396123, "42": 0.9499174463828574, "43": 0.9499306073842834, "44": 0.05011536149323505, "45": 0.05013377465716637, "46": 0.05010689675488702, "47": 0.0501105611772462, "48": 0.05008907164492288, "49": 0.9499196713485689, "50": 0.9499448932214811, "51": 0.949952682787784, "52": 0.9499524929622516, "53": 0.9499306073842834, "54": 0.05010676704072043, "55": 0.05009850539570143, "56": 0.9499098564935535, "57": 0.9498638439697812, "58": 0.050125810377463144, "59": 0.050060658202634466, "60": 0.9499157716192068, "61": 0.9499282852161766, "62": 0.9498871795778172, "63": 0.9499214060279983, "64": 0.05008300179324247, "65": 0.05005225250496303, "66": 0.9499549075356102, "67": 0.9499546396601766, "68": 0.05011963705455608, "69": 0.9498766825158463, "70": 0.9499196713485689, "71": 0.05010676704072043, "72": 0.9499049859245032, "73": 0.050090305537820914, "74": 0.9499296727238444, "75": 0.9499549075356102, "76": 0.9499366576183483, "77": 0.05004812681573685, "78": 0.9499119941156486, "79": 0.050100412515935076, "80": 0.9499198436398831, "81": 0.05009850539570143, "82": 0.949966223810949, "83": 0.9499098564935535, "84": 0.9499070861546526, "85": 0.9499461255474222, "86": 0.050125815556025216, "87": 0.050125810377463144, "88": 0.050116538948667876, "89": 0.9499546396601766, "90": 0.050125815556025216, "91": 0.05011589852105679, "92": 0.9499659933075475, "93": 0.9499529432314238, "94": 0.05011756135236491, "95": 0.9499039553325657, "96": 0.949949626442639, "97": 0.050118741576158, "98": 0.05014606956236383, "99": 0.050105781251634784}, "1": {"0": 0.9498615544560123, "1": 0.050177959849522905, "2": 0.949888048071634, "3": 0.9498871596024743, "4": 0.05022008776138143, "5": 0.949913636662064, "6": 0.05014375751138514, "7": 0.9498656371293275, "8": 0.050164913037648376, "9": 0.9498609594552718, "10": 0.9498430330587517, "11": 0.9498828398628085, "12": 0.050129438941400206, "13": 0.05025031365075165, "14": 0.0501487231991766, "15": 0.050132812691278096, "16": 0.949927003585575, "17": 0.9499059735599568, "18": 0.9499149565139209, "19": 0.050216505599140634, "20": 0.05018888148289383, "21": 0.9498407960646953, "22": 0.9498979139110584, "23": 0.9499304797276359, "24": 0.9498424157430663, "25": 0.949831289117687, "26": 0.05015964633540465, "27": 0.9498916880378686, "28": 0.05019373869930976, "29": 0.050216505599140634, "30": 0.05012605330788941, "31": 0.05023795954077, "32": 0.9498998640060872, "33": 0.050215398718197884, "34": 0.05011194883049924, "35": 0.0502264807576456, "36": 0.0502376384882684, "37": 0.050198037061086234, "38": 0.9499046519415675, "39": 0.9498430330587517, "40": 0.9498871596024743, "41": 0.05016362042127267, "42": 0.9498819005334269, "43": 0.9498679230840965, "44": 0.9498573831164829, "45": 0.050203843879164656, "46": 0.9499046519415675, "47": 0.9498715035172645, "48": 0.0501757847074352, "49": 0.0502155295616281, "50": 0.949849975121308, "51": 0.949913636662064, "52": 0.9499574782569604, "53": 0.9499022148126377, "54": 0.9498407960646953, "55": 0.9498916880378686, "56": 0.05020931134930947, "57": 0.9498642432155455, "58": 0.05020208561748971, "59": 0.9498446010884924, "60": 0.9499084798535775, "61": 0.9498828398628085, "62": 0.9499539067985988, "63": 0.05018888148289383, "64": 0.05012475776270582, "65": 0.05014208076980166, "66": 0.05015964633540465, "67": 0.050198037061086234, "68": 0.05025581734675436, "69": 0.0501518975979188, "70": 0.0501738006952749, "71": 0.050141018959748034, "72": 0.9498819005334269, "73": 0.05013888215818922, "74": 0.05027500166913868, "75": 0.9498758432743983, "76": 0.0501518975979188, "77": 0.9498749919243488, "78": 0.0501095647258607, "79": 0.949930400188588, "80": 0.9498297022556358, "81": 0.0502155295616281, "82": 0.9499307772280061, "83": 0.9498557656602229, "84": 0.949930400188588, "85": 0.050195652524431256, "86": 0.9498557656602229, "87": 0.05024311586336536, "88": 0.05025031365075165, "89": 0.9498472881049003, "90": 0.9498749919243488, "91": 0.9498845039385095, "92": 0.05014208076980166, "93": 0.05020951754909661, "94": 0.05013708629439573, "95": 0.05019373869930976, "96": 0.9499084798535775, "97": 0.949944878896636, "98": 0.050215398718197884, "99": 0.050070509479874015}, "2": {"0": 0.5972736728356298, "1": 0.5972736728356298, "2": 0.5972736728356298, "3": 0.5972736728356298, "4": 0.5972736728356298, "5": 0.5972736728356298, "6": 0.05000806842993312, "7": 0.5972736728356298, "8": 0.5972736728356298, "9": 0.5972736728356298, "10": 0.5972736728356298, "11": 0.5972736728356298, "12": 0.5972736728356298, "13": 0.5972736728356298, "14": 0.5972736728356298, "15": 0.5972736728356298, "16": 0.5972736728356298, "17": 0.5972736728356298, "18": 0.5972736728356298, "19": 0.5972736728356298, "20": 0.5972736728356298, "21": 0.5972736728356298, "22": 0.5972736728356298, "23": 0.5972736728356298, "24": 0.5972736728356298, "25": 0.5972736728356298, "26": 0.5972736728356298, "27": 0.5972736728356298, "28": 0.5972736728356298, "29": 0.5972736728356298, "30": 0.5972736728356298, "31": 0.5972736728356298, "32": 0.5972736728356298, "33": 0.5972736728356298, "34": 0.5972736728356298, "35": 0.5972736728356298, "36": 0.5972736728356298, "37": 0.5972736728356298, "38": 0.5972736728356298, "39": 0.5972736728356298, "40": 0.5972736728356298, "41": 0.5972736728356298, "42": 0.5972736728356298, "43": 0.5972736728356298, "44": 0.5972736728356298, "45": 0.5972736728356298, "46": 0.5972736728356298, "47": 0.5972736728356298, "48": 0.5972736728356298, "49": 0.5972736728356298, "50": 0.5972736728356298, "51": 0.5972736728356298, "52": 0.5972736728356298, "53": 0.5972736728356298, "54": 0.5972736728356298, "55": 0.5972736728356298, "56": 0.5972736728356298, "57": 0.5972736728356298, "58": 0.5972736728356298, "59": 0.5972736728356298, "60": 0.5972736728356298, "61": 0.5972736728356298, "62": 0.5972736728356298, "63": 0.5972736728356298, "64": 0.5972736728356298, "65": 0.5972736728356298, "66": 0.5972736728356298, "67": 0.5972736728356298, "68": 0.5972736728356298, "69": 0.5972736728356298, "70": 0.5972736728356298, "71": 0.5972736728356298, "72": 0.5972736728356298, "73": 0.5972736728356298, "74": 0.5972736728356298, "75": 0.5972736728356298, "76": 0.5972736728356298, "77": 0.5972736728356298, "78": 0.5972736728356298, "79": 0.5972736728356298, "80": 0.5972736728356298, "81": 0.5972736728356298, "82": 0.5972736728356298, "83": 0.5972736728356298, "84": 0.5972736728356298, "85": 0.5972736728356298, "86": 0.5972736728356298, "87": 0.5972736728356298, "88": 0.5972736728356298, "89": 0.5972736728356298, "90": 0.5972736728356298, "91": 0.5972736728356298, "92": 0.5972736728356298, "93": 0.5972736728356298, "94": 0.5972736728356298, "95": 0.5972736728356298, "96": 0.5972736728356298, "97": 0.5972736728356298, "98": 0.5972736728356298, "99": 0.5972736728356298}, "3": {"0": 0.05023800522323604, "1": 0.05025567513207499, "2": 0.05027038899721039, "3": 0.05013209799436274,