{"0": {"0": 0.5000000000133837, "1": 0.5000000000335922, "2": 0.5000000000237386, "3": 0.910002493530473, "4": 0.8704153210793429, "5": 0.5000000000165807, "6": 0.9081733155078875, "7": 0.1649163189441938, "8": 0.8704153210793429, "9": 0.9322944796535596, "10": 0.856553035587923, "11": 0.5000000000291659, "12": 0.5000000000274065, "13": 0.5000000000134834, "14": 0.9322944796535596, "15": 0.27572235005581147, "16": 0.5000000000323515, "17": 0.14524379885683364, "18": 0.5000000000234901, "19": 0.10010493080356543, "20": 0.8487258615737081, "21": 0.5000000000209723, "22": 0.13584953478514342, "23": 0.5000000000323844, "24": 0.9177857061891203, "25": 0.7994053926093536, "26": 0.8746041013280831, "27": 0.16451381140589155, "28": 0.2343854777536685, "29": 0.5000000000100557, "30": 0.1446944501456707, "31": 0.16506733676539892, "32": 0.27572235005581147, "33": 0.10010493080356543, "34": 0.8766767197621168, "35": 0.5000000000162087, "36": 0.14524379885683364, "37": 0.2343854777536685, "38": 0.13439168359068343, "39": 0.5000000000205587, "40": 0.500000000024686, "41": 0.09797799878050803, "42": 0.8370246604466949, "43": 0.5000000000229381, "44": 0.1648583536792358, "45": 0.8282525491279114, "46": 0.8836837483607758, "47": 0.5000000000235207, "48": 0.8927633953934686, "49": 0.27572235005581147, "50": 0.5000000000264935, "51": 0.8282525491279114, "52": 0.8565530355879221, "53": 0.22366851984537234, "54": 0.5000000000086688, "55": 0.5000000000323844, "56": 0.09790368565436071, "57": 0.8370246604466949, "58": 0.5000000000189511, "59": 0.8927633953934686, "60": 0.951586054313847, "61": 0.910002493530473, "62": 0.5000000000234901, "63": 0.13439168359068343, "64": 0.13330475067669326, "65": 0.8836837483607758, "66": 0.15598105378973282, "67": 0.16476848695915114, "68": 0.16464937059307266, "69": 0.5000000000264935, "70": 0.500000000017226, "71": 0.8487258615737081, "72": 0.8540445653315116, "73": 0.5000000000082904, "74": 0.8766767197621168, "75": 0.7994053926093536, "76": 0.22366851984537234, "77": 0.5000000000145218, "78": 0.8226052345353769, "79": 0.856553035587923, "80": 0.09790368565436071, "81": 0.8704153210793429, "82": 0.5000000000145218, "83": 0.9081733155078875, "84": 0.1648583536792358, "85": 0.8226052345353769, "86": 0.15598105378973282, "87": 0.8927633953934686, "88": 0.5000000000127052, "89": 0.163423804104694, "90": 0.8540445653315116, "91": 0.13584953478514342, "92": 0.5000000000274065, "93": 0.9177857061891203, "94": 0.951586054313847, "95": 0.1446944501456707, "96": 0.163423804104694, "97": 0.500000000008613, "98": 0.13330475067669326, "99": 0.16476848695915114}, "1": {"0": 0.1194009571715839, "1": 0.8525371347157725, "2": 0.13781774090063892, "3": 0.0733511077246712, "4": 0.8136161871592309, "5": 0.8812707326609949, "6": 0.5000000000052311, "7": 0.5000000000071896, "8": 0.09142923006804116, "9": 0.23619250964078586, "10": 0.7216812922135656, "11": 0.9883820040013469, "12": 0.901703591604667, "13": 0.5000000000052094, "14": 0.2208725691155678, "15": 0.813616094934543, "16": 0.8255973867858506, "17": 0.1194009571715839, "18": 0.11809832794792025, "19": 0.7945833072837489, "20": 0.7945833072837489, "21": 0.5000000000068704, "22": 0.8525371347157726, "23": 0.5000000000088636, "24": 0.5000000000060287, "25": 0.17473674490255225, "26": 0.20430905916147202, "27": 0.9883820040013469, "28": 0.5000000000053001, "29": 0.2126682677642568, "30": 0.8175947106737969, "31": 0.5000000000074185, "32": 0.08460849374589746, "33": 0.5000000000026156, "34": 0.7216812922135656, "35": 0.5000000000083442, "36": 0.8812707326609949, "37": 0.5000000000067752, "38": 0.7945833072837489, "39": 0.8525371347157726, "40": 0.5000000000042997, "41": 0.06248747581519963, "42": 0.06970196553240429, "43": 0.5000000000078262, "44": 0.9383205878555378, "45": 0.13781774090063892, "46": 0.19344096378119807, "47": 0.8803199641300781, "48": 0.08460849374589746, "49": 0.06248747581519963, "50": 0.8803199641300781, "51": 0.1704411387699521, "52": 0.5000000000052094, "53": 0.5000000000062895, "54": 0.5000000000065099, "55": 0.06970196553240429, "56": 0.9383205878555378, "57": 0.2126682677642568, "58": 0.19277712110857728, "59": 0.17043018291429243, "60": 0.0733511077246712, "61": 0.9032232226052035, "62": 0.11809832794792025, "63": 0.5000000000050673, "64": 0.5000000000039131, "65": 0.5000000000043903, "66": 0.901703591604667, "67": 0.8812707326609949, "68": 0.8116268331772603, "69": 0.17045209462561178, "70": 0.500000000005205, "71": 0.7945833072837489, "72": 0.5000000000021498, "73": 0.09142923006804116, "74": 0.23619250964078586, "75": 0.9032232226052035, "76": 0.17473674490255225, "77": 0.5000000000071301, "78": 0.5000000000050713, "79": 0.5000000000034353, "80": 0.500000000005205, "81": 0.500000000007764, "82": 0.06970196553240429, "83": 0.17473674490255225, "84": 0.1927778411786113, "85": 0.5000000000037559, "86": 0.2208725691155678, "87": 0.8255973867858506, "88": 0.19344096378119807, "89": 0.5000000000075777, "90": 0.20430905916147202, "91": 0.8175947106737969, "92": 0.19277712110857728, "93": 0.8116268331772603, "94": 0.5000000000060287, "95": 0.5000000000062895, "96": 0.1704411387699521, "97": 0.5000000000075777, "98": 0.5000000000021951, "99": 0.813616094934543}, "2": {"0": 0.78825062640612, "1": 0.9563357090796725, "2": 0.4999999998171875, "3": 0.49999999987050153, "4": 0.7949593299334148, "5": 0.49999999987018967, "6": 0.8228734442939585, "7": 0.1973365917950901, "8": 0.2523332178023643, "9": 0.499999999898537, "10": 0.8228734442939585, "11": 0.1332311890076965, "12": 0.13324475309876377, "13": 0.18208238032691673, "14": 0.9444695081091729, "15": 0.4999999998547553, "16": 0.4999999999172532, "17": 0.4999999999265931, "18": 0.4999999998748005, "19": 0.1574891117219627, "20": 0.49999999994132976, "21": 0.18208238032691673, "22": 0.11647088557116188, "23": 0.16525530082235196, "24": 0.4999999999427295, "25": 0.9036091469778449, "26": 0.7954688408957762, "27": 0.4999999998802742, "28": 0.49999999983222654, "29": 0.11647088557116188, "30": 0.49999999990069877, "31": 0.4999999998032586, "32": 0.78825062640612, "33": 0.797381166468781, "34": 0.4999999999003737, "35": 0.16525530082235196, "36": 0.17357316695787975, "37": 0.13324475309876377, "38": 0.7992309697605555, "39": 0.49999999982780985, "40": 0.4999999999311553, "41": 0.18616510306936943, "42": 0.11844422046446008, "43": 0.4999999998330016, "44": 0.9563357090796725, "45": 0.4999999998290868, "46": 0.49999999984302035, "47": 0.7759875285823103, "48": 0.4999999999016293, "49": 0.7949593299334148, "50": 0.4999999999633744, "51": 0.1574891117219627, "52": 0.49999999985460886, "53": 0.49999999980386856, "54": 0.4999999998802742, "55": 0.4999999998922403, "56": 0.7992309697605555, "57": 0.7759875285823103, "58": 0.07767360245955195, "59": 0.2523332178023643, "60": 0.4999999998661315, "61": 0.1973365917950901, "62": 0.49999999990459965, "63": 0.13393637613253262, "64": 0.13393637613253262, "65": 0.17357316695787975, "66": 0.18616510306936943, "67": 0.4999999998171875, "68": 0.49999999984839044, "69": 0.9444695081091729, "70": 0.49999999987944294, "71": 0.9036091469778449, "72": 0.4999999998598199, "73": 0.49999999994132976, "74": 0.9563357090796725, "75": 0.797381166468781, "76": 0.49999999986897103, "77": 0.7755621978446323, "78": 0.49999999984839044, "79": 0.4999999998279356, "80": 0.49999999983359067, "81": 0.49999999993332006, "82": 0.49999999992154315, "83": 0.4999999998734978, "84": 0.14821497135808898, "85": 0.18957860596929524, "86": 0.49999999993674893, "87": 0.49999999994926847, "88": 0.4999999998598199, "89": 0.18957860596929524, "90": 0.4999999998526982, "91": 0.49999999984302035, "92": 0.49999999985460886, "93": 0.14821497135808898, "94": 0.07767360245955195, "95": 0.11844422046446008, "96": 0.7755621978446323, "97": 0.4999999998279356, "98": 0.4999999999503494, "99": 0.49999999987050153}, "3": {"0": 0.031239605936468157, "1": 0.1508600883592567, "2": 0.49999999999743205, "3": 0.09241300484452941, "4": 0.08090779042463744,