{"0": {"0": 0.2517051530012159, "1": 0.8468790644071023, "2": 0.492922095030049, "3": 0.9040219260634124, "4": 0.251903736816406, "5": 0.31546799685463217, "6": 0.7633169438701273, "7": 0.8687628580355735, "8": 0.30425886791254636, "9": 0.9040219260634124, "10": 0.7230843368248545, "11": 0.26196947270456183, "12": 0.2598839821823883, "13": 0.8095876704318563, "14": 0.261337966210727, "15": 0.8468790644071023, "16": 0.2392759796866547, "17": 0.2554079047485245, "18": 0.19487064761966544, "19": 0.8468790644071023, "20": 0.24924646485059354, "21": 0.7667702384968038, "22": 0.12257334293781612, "23": 0.2392759796866547, "24": 0.9334410889774378, "25": 0.23683024268428438, "26": 0.30425886791254636, "27": 0.12257334293781612, "28": 0.8806255506858769, "29": 0.7633169438701273, "30": 0.7667702384968038, "31": 0.24845975032515322, "32": 0.8581841463531243, "33": 0.8095876704318563, "34": 0.9464702493417627, "35": 0.8095876704318563, "36": 0.6169080687747197, "37": 0.19487064761966544, "38": 0.8075349486660706, "39": 0.26158033752327337, "40": 0.19487064761966544, "41": 0.9464702493417627, "42": 0.7159881312135685, "43": 0.492922095030049, "44": 0.2394873625184617, "45": 0.24099633806552895, "46": 0.7230843390615806, "47": 0.2798642360276582, "48": 0.7484868306033027, "49": 0.8176724805301933, "50": 0.26242601524395237, "51": 0.8581841463531243, "52": 0.3216117137994733, "53": 0.590346319183229, "54": 0.7484868306033027, "55": 0.24499723672007329, "56": 0.590346319183229, "57": 0.2519041871300219, "58": 0.40270777373974265, "59": 0.2436576879743083, "60": 0.23683024268428438, "61": 0.3581349875332044, "62": 0.9101476232605212, "63": 0.8806255506858769, "64": 0.6169080687747197, "65": 0.27594880834177477, "66": 0.7159881312135685, "67": 0.3016806229813542, "68": 0.24756809781094286, "69": 0.8176724805301933, "70": 0.12257334293781612, "71": 0.26242601524395237, "72": 0.7230843368248545, "73": 0.27470183649064184, "74": 0.2517051530012159, "75": 0.24499723672007329, "76": 0.2436576879743083, "77": 0.24755449473632724, "78": 0.8687628580356053, "79": 0.3581349875332044, "80": 0.2394873625184617, "81": 0.31546799685463217, "82": 0.24099633806552895, "83": 0.27470183649064184, "84": 0.7159881312135685, "85": 0.37597013715295435, "86": 0.8075349486660706, "87": 0.9464702493417627, "88": 0.9101476232605212, "89": 0.12257334293781612, "90": 0.37597013715295435, "91": 0.2598839821823883, "92": 0.24756809781094286, "93": 0.2519041871300219, "94": 0.3216117137994733, "95": 0.8687628580356053, "96": 0.3016806229813542, "97": 0.2554079047485245, "98": 0.40270777373974265, "99": 0.26196947270456183}, "1": {"0": 0.772033895056096, "1": 0.1998728416901895, "2": 0.7288324421836025, "3": 0.4270729539394862, "4": 0.20468607044442438, "5": 0.781250334438176, "6": 0.3878492261782049, "7": 0.8485486527851883, "8": 0.7955268995472298, "9": 0.7148612597866744, "10": 0.5627925653975467, "11": 0.1995456940817975, "12": 0.7955815262526484, "13": 0.7427856255109262, "14": 0.20444154006470658, "15": 0.727467619462979, "16": 0.7427856255109262, "17": 0.2683448290232927, "18": 0.20657563143385527, "19": 0.13431772714210188, "20": 0.7954034389396356, "21": 0.13992643228782708, "22": 0.795492482596142, "23": 0.2614000609280557, "24": 0.2683448290232927, "25": 0.19555786909062023, "26": 0.2614000609280557, "27": 0.264182764489269, "28": 0.22158481791119877, "29": 0.2471302445965816, "30": 0.8655176869158925, "31": 0.19542008909734065, "32": 0.2471302445965816, "33": 0.2754772663698357, "34": 0.38661842649995554, "35": 0.19555786909062023, "36": 0.4908415319862638, "37": 0.19444688448558425, "38": 0.3370663749380666, "39": 0.5914740082817229, "40": 0.7598567043860819, "41": 0.7148612597866744, "42": 0.1998728416901895, "43": 0.22158481791119877, "44": 0.19699933687315202, "45": 0.8833186152500364, "46": 0.7491174158088515, "47": 0.20444154006470658, "48": 0.48865679760808456, "49": 0.8161585727587848, "50": 0.19444688448558425, "51": 0.1937767370404025, "52": 0.8833186152500364, "53": 0.19699933687315202, "54": 0.6468513628123075, "55": 0.2422338897396115, "56": 0.7288324421836025, "57": 0.7598567043860819, "58": 0.30098282662177167, "59": 0.7409796736079, "60": 0.7409820121034856, "61": 0.1937767370404025, "62": 0.13431772714210188, "63": 0.8570332857375218, "64": 0.772033895056096, "65": 0.3370663749380666, "66": 0.7353592206975916, "67": 0.13992643228782708, "68": 0.5914740082817229, "69": 0.6338611988340407, "70": 0.20657563143385527, "71": 0.7409820121034856, "72": 0.2754772663698357, "73": 0.836536556722848, "74": 0.2422338897396115, "75": 0.5627925653975467, "76": 0.6468513628123075, "77": 0.8655176869158925, "78": 0.8161585727587848, "79": 0.264182764489269, "80": 0.7721238717179908, "81": 0.7353592206975916, "82": 0.836536556722848, "83": 0.3290541087835304, "84": 0.3878492261782049, "85": 0.795492482596142, "86": 0.727467619462979, "87": 0.20468607044442438, "88": 0.4270729539394862, "89": 0.8570332857375218, "90": 0.7491174158088515, "91": 0.30098282662177167, "92": 0.877286864965543, "93": 0.48865679760808456, "94": 0.877286864965543, "95": 0.38661842649995554, "96": 0.19542008909734065, "97": 0.3290541087835304, "98": 0.1995456940817975, "99": 0.6338611988340407}, "2": {"0": 0.6159354542492927, "1": 0.29114288134225347, "2": 0.1766566053869627, "3": 0.3553467135660613, "4": 0.0177781073748823, "5": 0.09643061349645783, "6": 0.545139939892449, "7": 0.8959814645374806, "8": 0.5980313713585024, "9": 0.9232514917534058, "10": 0.7246229455615569, "11": 0.4724717766757993, "12": 0.6183198896377546, "13": 0.323876251036899, "14": 0.3783393888321972, "15": 0.45553248678578684, "16": 0.9118237877923966, "17": 0.45553253248920095, "18": 0.5577555761458592, "19": 0.7410559474954688, "20": 0.15451318172176154, "21": 0.3726762874949242, "22": 0.6051056118974192, "23": 0.6838126362963747, "24": 0.4698814368540837, "25": 0.8597265570296586, "26": 0.014114936357477945, "27": 0.9232514917534058, "28": 0.39127040877452735, "29": 0.4325939763861476, "30": 0.5577555761458592, "31": 0.7410559474954688, "32": 0.3553467135660613, "33": 0.6348424651218582, "34": 0.37487107066639624, "35": 0.6348424651218582, "36": 0.014114936357477945, "37": 0.3320927412882817, "38": 0.323876251036899, "39": 0.29114288134225347, "40": 0.6190560290180587, "41": 0.5901985668931868, "42": 0.8959814645374806, "43": 0.6873919222567317, "44": 0.8327565743555765, "45": 0.8597265570296586, "46": 0.6051905767406809, "47": 0.3634554033276256, "48": 0.0177781073748823, "49": 0.8515987237712881, "50": 0.8515987237712881, "51": 0.3320927412882817, "52": 0.3584463358163196, "53": 0.6051056118974192, "54": 0.39127040877452735, "55": 0.6873919222567317, "56": 0.5681050106210217, "57": 0.7725914297144634, "58": 0.5154653879499411, "59": 0.4698814368540837, "60": 0.1766566053869627, "61": 0.9097439890041712, "62": 0.284299454883162, "63": 0.7246229455615569, "64": 0.3634554033276256, "65": 0.6838126362963747, "66": 0.8597265570296586, "67": 0.6159354542492927, "68": 0.09643061349645783, "69": 0.37487107066639624, "70": 0.9118237877923966, "71": 0.6190560290180587, "72": 0.5980313713585024, "73": 0.7765615741714285, "74": 0.4555823352314738, "75": 0.4555823352314738, "76": 0.9000503921348153, "77": 0.4325935965678124, "78": 0.5681050106210217, "79": 0.4724717766757993, "80": 0.598794273200116, "81": 0.4325935965678124, "82": 0.5793014763493469, "83": 0.45553253248920095, "84": 0.15451318172176154, "85": 0.5793014763493469, "86": 0.9000503921348153, "87": 0.3783393888321972, "88": 0.7725914297144634, "89": 0.7765615741714285, "90": 0.8597265570296586, "91": 0.8327565743555765, "92": 0.5154869425252758, "93": 0.598794273200116, "94": 0.3726762874949242, "95": 0.3584463358163196, "96": 0.5154653879499411, "97": 0.284299454883162, "98": 0.545139939892449, "99": 0.5901985668931868}, "3": {"0": 0.8630250314999168, "1": 0.6916774731816597, "2": 0.15689099056537492, "3": 0.9204918993603283, "4": 0.8630323072739523, "5": 0.09803321374667229,