{"0": {"0": 0.6275272410166699, "1": 0.07582025341749798, "2": 0.8074212010375856, "3": 0.6162663475887755, "4": 0.2724293105265876, "5": 0.8426855380004973, "6": 0.8215684470088315, "7": 0.737214146292616, "8": 0.8050183112748521, "9": 0.22164386922005713, "10": 0.8659313529885219, "11": 0.23372138193823652, "12": 0.3912905419465309, "13": 0.7194437485505112, "14": 0.7124796815312964, "15": 0.7124796815312964, "16": 0.8426855380004973, "17": 0.8050183112748521, "18": 0.7194437485505112, "19": 0.29750150894246435, "20": 0.8659313529885219, "21": 0.5465524461984514, "22": 0.7094911540261432, "23": 0.2689298634965078, "24": 0.2035229748675822, "25": 0.8306796632385688, "26": 0.8257355211443917, "27": 0.2035229748675822, "28": 0.7901063900415923, "29": 0.12141782404952997, "30": 0.3912905419465309, "31": 0.49918874030005445, "32": 0.17377987921385746, "33": 0.8274626613770001, "34": 0.2203056314519607, "35": 0.07582025341749798, "36": 0.8257355211443917, "37": 0.12141782417628787, "38": 0.13257285359524296, "39": 0.8298943426011679, "40": 0.8037726472581798, "41": 0.2689298634965078, "42": 0.3912905419465309, "43": 0.22511314338985278, "44": 0.22511314338985278, "45": 0.6254501596567512, "46": 0.6162663475887755, "47": 0.17377989813397354, "48": 0.627934154692036, "49": 0.07582025341749798, "50": 0.8162189500439276, "51": 0.2724293105265876, "52": 0.12141782404952997, "53": 0.627934154692036, "54": 0.22164386922005713, "55": 0.13971938636712952, "56": 0.4135553333406563, "57": 0.07582025341749798, "58": 0.803802648813081, "59": 0.8162189500439276, "60": 0.2203056314519607, "61": 0.17377987921385746, "62": 0.7466897900458375, "63": 0.8074212010375856, "64": 0.7901148192785978, "65": 0.737214146292616, "66": 0.7466897900458375, "67": 0.7832970512244641, "68": 0.6483363472048174, "69": 0.8215684470088315, "70": 0.8324565322605968, "71": 0.8074212010375856, "72": 0.13971938716789906, "73": 0.5639926167187606, "74": 0.49918874030005445, "75": 0.8324565322605968, "76": 0.8074212010375856, "77": 0.4135553333406563, "78": 0.23372138193823652, "79": 0.7832970512244641, "80": 0.3912905419465309, "81": 0.13971938716789906, "82": 0.29750150894246435, "83": 0.8037876480356304, "84": 0.5465524461984514, "85": 0.31551912238453894, "86": 0.7901148192785978, "87": 0.13257285359524296, "88": 0.7094911540261432, "89": 0.6254501596567512, "90": 0.5160253050436234, "91": 0.5160253050436234, "92": 0.2203056314519607, "93": 0.3153950386554831, "94": 0.8274626613770001, "95": 0.8298943426011679, "96": 0.5149427018546738, "97": 0.5639926167187606, "98": 0.3153950386554831, "99": 0.5149427018546738}, "1": {"0": 0.5389073821944996, "1": 0.04933339475492765, "2": 0.1864149066031195, "3": 0.4693837260700805, "4": 0.31936197954548745, "5": 0.8707157915878175, "6": 0.1355543753544936, "7": 0.6029869875180838, "8": 0.6343821308246156, "9": 0.1340114212897311, "10": 0.8634680936995509, "11": 0.5546426124613321, "12": 0.144857508932626, "13": 0.5340111807582852, "14": 0.13943799787475675, "15": 0.9138660188083876, "16": 0.6540506698653423, "17": 0.5786152036701144, "18": 0.5786152036701369, "19": 0.17281134921334113, "20": 0.7876387448498712, "21": 0.6540506698653423, "22": 0.6447688728001802, "23": 0.5546426124613321, "24": 0.16873498235360193, "25": 0.7931492382536252, "26": 0.6634938292470272, "27": 0.5389073821944996, "28": 0.5291432448957201, "29": 0.6238873846552984, "30": 0.663493819913265, "31": 0.9233666179906341, "32": 0.4693837260700805, "33": 0.14444938682051603, "34": 0.1340844425679437, "35": 0.13931127822422534, "36": 0.6238873846552984, "37": 0.6634934847106854, "38": 0.5437751719230097, "39": 0.6343821308246271, "40": 0.5786152036701369, "41": 0.14404126470840606, "42": 0.13973341799677574, "43": 0.5010129176486506, "44": 0.1864149066031195, "45": 0.5010129176486481, "46": 0.842923459469989, "47": 0.9838732188307067, "48": 0.5291432448957201, "49": 0.8634680936995509, "50": 0.6029869875180838, "51": 0.16873498235360193, "52": 0.5010129176486506, "53": 0.5546426124613321, "54": 0.1057380838518889, "55": 0.9838732188307067, "56": 0.04933339475492765, "57": 0.13304704467343909, "58": 0.8429234594696038, "59": 0.13381242190134668, "60": 0.13973341799677574, "61": 0.13742506144731295, "62": 0.13081409043728642, "63": 0.8839219752428756, "64": 0.9233666179906341, "65": 0.8839219752428756, "66": 0.8634680936995509, "67": 0.9138660188083876, "68": 0.13943799787475675, "69": 0.1377602567369169, "70": 0.13931127822422534, "71": 0.1526497787649393, "72": 0.1526497787649393, "73": 0.842923459469821, "74": 0.1355543753544936, "75": 0.7876387448498712, "76": 0.05839648701565538, "77": 0.9138660188083876, "78": 0.7931492382536252, "79": 0.13304704467343909, "80": 0.13381242190134668, "81": 0.7876387448498712, "82": 0.6634938292470272, "83": 0.9138660188083876, "84": 0.05839648701565538, "85": 0.663493819913265, "86": 0.5546426124613321, "87": 0.842923459469877, "88": 0.5437751719230097, "89": 0.6447688728001802, "90": 0.5340111807582852, "91": 0.14444938682051603, "92": 0.6343821308246156, "93": 0.17281134921334113, "94": 0.8707157915878175, "95": 0.1057380838518889, "96": 0.1377602567369169, "97": 0.842923459469821, "98": 0.31936197954548745, "99": 0.1864149066031195}, "2": {"0": 0.1373817207948732, "1": 0.5745765275406767, "2": 0.2338218669695498, "3": 0.12517060831108545, "4": 0.8690874308814853, "5": 0.7930540306280578, "6": 0.5482335736618, "7": 0.2045714396589859, "8": 0.8655321471797691, "9": 0.6736561133352355, "10": 0.11618111418696347, "11": 0.7473128873837973, "12": 0.839314985122531, "13": 0.228527016876249, "14": 0.5324058052381577, "15": 0.5415146601343553, "16": 0.5745765275406767, "17": 0.5065525530860946, "18": 0.14584393651707828, "19": 0.21752486935130244, "20": 0.5119216936167965, "21": 0.7128442738488695, "22": 0.5213439099837104, "23": 0.839314985122531, "24": 0.5745765275406767, "25": 0.8161648580417742, "26": 0.20477834570902356, "27": 0.20477834570902356, "28": 0.2350205622921167, "29": 0.2350205622921167, "30": 0.5482338299345022, "31": 0.5482337254112083, "32": 0.04954477833073882, "33": 0.13738126216503702, "34": 0.04954477833073882, "35": 0.47063282850936433, "36": 0.7071311008309271, "37": 0.7128442738488695, "38": 0.5052456410690014, "39": 0.5482335736618, "40": 0.8654517493763332, "41": 0.8654839092989555, "42": 0.14314137490379586, "43": 0.3137659712979937, "44": 0.5052456410690014, "45": 0.228527016876249, "46": 0.851723423716333, "47": 0.5530591156971558, "48": 0.09873791809368365, "49": 0.20477834570902356, "50": 0.8974236214372127, "51": 0.5530591240547394, "52": 0.20894793831873104, "53": 0.7473128873837973, "54": 0.8161648580417742, "55": 0.7930540306280578, "56": 0.5482337254112083, "57": 0.5065525530860946, "58": 0.1373817207948732, "59": 0.8866255734756919, "60": 0.2045714396589859, "61": 0.1824215416715529, "62": 0.9868608054128531, "63": 0.3137659712979937, "64": 0.1824215416715529, "65": 0.8161648580417742, "66": 0.5119216936167965, "67": 0.5530591240547394, "68": 0.8866255734756919, "69": 0.5256635686912585, "70": 0.839314985122531, "71": 0.851723423716333, "72": 0.5415146601343553, "73": 0.8161648580417742, "74": 0.5095652997765495, "75": 0.11618111418696347, "76": 0.20894793831873104, "77": 0.14584393651707828, "78": 0.11618111418696347, "79": 0.6736561133352355, "80": 0.5095652997765495, "81": 0.9868608054128531, "82": 0.5256635686912585, "83": 0.04954477833073882, "84": 0.14314137490379586, "85": 0.12517060831108545, "86": 0.2188135368587809, "87": 0.8690874308814853, "88": 0.5324058052381577, "89": 0.8654517493763332, "90": 0.09873791809368365, "91": 0.2338218669695498, "92": 0.47063282850936433, "93": 0.7071311008309271, "94": 0.21752486935130244, "95": 0.8654839092989555, "96": 0.2188135368587809, "97": 0.8974236214372127, "98": 0.5213439099837104, "99": 0.20477834570902356}, "3": {"0": 0.9062574050478474, "1": 0.2980556257581663, "2": 0.915238386025869, "3": 0.14694672374704226, "4": 0.4362993914167571, "5": 0.11249239682437545,