{"0": {"0": 0.9487151036001787, "1": 0.0501297420570247, "2": 0.9490015795185798, "3": 0.35225025193787196, "4": 0.9495798889646017, "5": 0.9480832616496861, "6": 0.583331374452047, "7": 0.583331374452047, "8": 0.9487151036001787, "9": 0.6339011298074793, "10": 0.949164529377523, "11": 0.05052180056668799, "12": 0.050068479683889354, "13": 0.4234370724728255, "14": 0.35722288943638464, "15": 0.05009601221023715, "16": 0.949520190154531, "17": 0.051568142966819254, "18": 0.05042689661935426, "19": 0.9497331868423917, "20": 0.050290304841381424, "21": 0.9496797955672742, "22": 0.050291260812878213, "23": 0.5054822846352773, "24": 0.9497331868423917, "25": 0.6339011298074793, "26": 0.05039530731514037, "27": 0.05009282721811102, "28": 0.4854225221420232, "29": 0.948059120370004, "30": 0.9495090748060275, "31": 0.05044150997199032, "32": 0.05021355728876845, "33": 0.6160441789600954, "34": 0.9486221709008184, "35": 0.9486221709008184, "36": 0.05052180056668799, "37": 0.9495062573126167, "38": 0.050619959544770526, "39": 0.05025373734732566, "40": 0.9492500029223957, "41": 0.6160441789600954, "42": 0.9477977388742282, "43": 0.051568143605146596, "44": 0.4854225221420232, "45": 0.35225025193787196, "46": 0.05047025651176045, "47": 0.9495783414360529, "48": 0.949704036728011, "49": 0.05038494437149736, "50": 0.05012275264038428, "51": 0.05007292620582625, "52": 0.05027531731834049, "53": 0.9497006000201165, "54": 0.05012262452654061, "55": 0.05044150997199032, "56": 0.05014287696415094, "57": 0.9488988694371141, "58": 0.6339011298074793, "59": 0.050689531909339024, "60": 0.9480832616496861, "61": 0.050619959544770526, "62": 0.050141503934311694, "63": 0.9490895564186466, "64": 0.5467419775442379, "65": 0.949704036728011, "66": 0.9490015795185798, "67": 0.9497489797287619, "68": 0.05027531731834049, "69": 0.050136309510587826, "70": 0.05035079656052534, "71": 0.050187173686814614, "72": 0.9497029194743856, "73": 0.050141503934311694, "74": 0.05035079656052534, "75": 0.5054822846352773, "76": 0.9492500029223957, "77": 0.9487746437916321, "78": 0.9495090748060275, "79": 0.050235128255880224, "80": 0.4561487513891034, "81": 0.05009282721811102, "82": 0.9496275983258022, "83": 0.949387321895816, "84": 0.5467419775442379, "85": 0.050068479683889354, "86": 0.94969676543447, "87": 0.051568142966819254, "88": 0.4561487513891034, "89": 0.35722288943638464, "90": 0.4854225221420232, "91": 0.4234370724728255, "92": 0.9495798889646017, "93": 0.05042689661935426, "94": 0.9496275983258022, "95": 0.050187173686814614, "96": 0.9497006000201165, "97": 0.35225025193787196, "98": 0.948059120370004, "99": 0.050136309510587826}, "1": {"0": 0.05276380427446436, "1": 0.5970278793341288, "2": 0.5728788396624592, "3": 0.050450087455994816, "4": 0.050345926124212105, "5": 0.9495814622244598, "6": 0.9492288274665697, "7": 0.05087081034206287, "8": 0.46477654918615774, "9": 0.4868941697733908, "10": 0.9498979502891993, "11": 0.05040277742230423, "12": 0.6442933569348666, "13": 0.5970278793341288, "14": 0.4438734967224874, "15": 0.050686667774547195, "16": 0.9489012823845554, "17": 0.05180341451172983, "18": 0.9490418481584993, "19": 0.9488411328177382, "20": 0.9498885723959244, "21": 0.369154099397936, "22": 0.9498207427526304, "23": 0.9488630016562369, "24": 0.9496114738648603, "25": 0.9494232905772362, "26": 0.5970278793341288, "27": 0.9497702820839288, "28": 0.050212956274636504, "29": 0.6442933569348666, "30": 0.4868941697733908, "31": 0.050686667774547195, "32": 0.05087081034206287, "33": 0.9496530983302235, "34": 0.050450087455994816, "35": 0.6135866013908595, "36": 0.9498885723959244, "37": 0.9493362055525503, "38": 0.052593009221095284, "39": 0.9481517656512608, "40": 0.9496150672789547, "41": 0.6494914492791845, "42": 0.9499171100632119, "43": 0.9488630016562369, "44": 0.050212956274636504, "45": 0.9497744877002978, "46": 0.051802020958835814, "47": 0.0504265340056055, "48": 0.369154099397936, "49": 0.46477654918615774, "50": 0.5962163070154876, "51": 0.055131765105521625, "52": 0.9495824388740907, "53": 0.0504265340056055, "54": 0.9493511644097338, "55": 0.5075561740100576, "56": 0.9499618882951785, "57": 0.949616183048151, "58": 0.055077511768852686, "59": 0.9490418481584993, "60": 0.9496905502884002, "61": 0.949616183048151, "62": 0.6135866013908595, "63": 0.5477007726264083, "64": 0.6494914492791845, "65": 0.053247429901966736, "66": 0.5728788396624592, "67": 0.05256588255276082, "68": 0.053247429901966736, "69": 0.9489012823845554, "70": 0.9481517656512608, "71": 0.46477654918615774, "72": 0.051368328382880114, "73": 0.9499362698372245, "74": 0.5477007726264083, "75": 0.05180341451172983, "76": 0.051368328382880114, "77": 0.4438734967224874, "78": 0.9497702820839288, "79": 0.9493362055525503, "80": 0.46066340818355245, "81": 0.9496114738648603, "82": 0.9496472101850066, "83": 0.6135866013908595, "84": 0.9492288274665697, "85": 0.5962163070154876, "86": 0.05122305646692893, "87": 0.5286182185612321, "88": 0.9497017474857419, "89": 0.9496905502884002, "90": 0.05276380427446436, "91": 0.5075561740100576, "92": 0.46066340818355245, "93": 0.9497744877002978, "94": 0.369154099397936, "95": 0.9496472101850066, "96": 0.05122305646692893, "97": 0.5286182185612321, "98": 0.9498265491651117, "99": 0.9499585550316059}, "2": {"0": 0.9497834917653196, "1": 0.94702343437091, "2": 0.6225285825879228, "3": 0.5138072416143469, "4": 0.05226509079346857, "5": 0.9498820438885216, "6": 0.05252190186299966, "7": 0.528774813553142, "8": 0.9482436234776961, "9": 0.05254379742882284, "10": 0.946613015473183, "11": 0.9489860952031317, "12": 0.9494244402908377, "13": 0.949702835427971, "14": 0.9488465214702773, "15": 0.940487073205944, "16": 0.6260085106257947, "17": 0.932786042181485, "18": 0.547248127265989, "19": 0.05138419512844268, "20": 0.9471976173810981, "21": 0.9498496716168965, "22": 0.9497834917653196, "23": 0.4422495466649228, "24": 0.45254750019869217, "25": 0.949706327622149, "26": 0.6130407949073999, "27": 0.45254750019869217, "28": 0.5908113869187221, "29": 0.4147955766531838, "30": 0.05036873793312169, "31": 0.9475968825753096, "32": 0.4147955766531838, "33": 0.050363737967724156, "34": 0.05092701403820206, "35": 0.9487876227842031, "36": 0.9495908958193682, "37": 0.9498917458826598, "38": 0.05254379742882284, "39": 0.050481419038435484, "40": 0.05337292006804978, "41": 0.9497834917653196, "42": 0.05137903379061998, "43": 0.05051701738006689, "44": 0.05028880848787033, "45": 0.6084781439550766, "46": 0.5138072416143469, "47": 0.9488484342629919, "48": 0.940487073205944, "49": 0.5908113869187221, "50": 0.6260085106257947, "51": 0.528774813553142, "52": 0.6130407949073999, "53": 0.9493938113921015, "54": 0.050258543126247515, "55": 0.6084781439550766, "56": 0.05337292006804978, "57": 0.6225285825879228, "58": 0.050474895142802796, "59": 0.9494546953431309, "60": 0.05252190186299966, "61": 0.5138072416143469, "62": 0.9489860952031317, "63": 0.948598808690549, "64": 0.9494799644781903, "65": 0.9497115789085506, "66": 0.053780163193246286, "67": 0.05032767350404273, "68": 0.05046361986761978, "69": 0.051068699245254125, "70": 0.3940683325126977, "71": 0.05015486652582333, "72": 0.9488484342629919, "73": 0.497938358298381, "74": 0.9475968825753096, "75": 0.050258543126247515, "76": 0.497938358298381, "77": 0.9494545210688572, "78": 0.946613015473183, "79": 0.053780163193246286, "80": 0.05092701403820206, "81": 0.05015486652582333, "82": 0.5607312667753008, "83": 0.9495908958193682, "84": 0.4422495466649228, "85": 0.932786042181485, "86": 0.9498557894542753, "87": 0.05138419512844268, "88": 0.3940683325126977, "89": 0.051068699245254125, "90": 0.9488469568575334, "91": 0.6084781439550766, "92": 0.9494545210688572, "93": 0.05046361986761978, "94": 0.05032767350404273, "95": 0.5607312667753008, "96": 0.94702343437091, "97": 0.547248127265989, "98": 0.9488465214702773, "99": 0.9497399822390951}, "3": {"0": 0.0549284213623462, "1": 0.949820014662011, "2": 0.5472761325834283,