{"0": {"0": 0.4993467463374045, "1": 0.8122727249159694, "2": 0.4993446775170229, "3": 0.4994294685982579, "4": 0.4993376949259986, "5": 0.49959344769132397, "6": 0.49966344033982324, "7": 0.49965700673278135, "8": 0.03884705019844488, "9": 0.7930205661437466, "10": 0.49921686449842595, "11": 0.49980639236104507, "12": 0.49933563600411546, "13": 0.06999125972678619, "14": 0.11934631685483618, "15": 0.49958892093638907, "16": 0.4998007576092167, "17": 0.03884705019844488, "18": 0.49918339302956005, "19": 0.8560977345185746, "20": 0.1486287016313302, "21": 0.4996987569789566, "22": 0.15103195703205297, "23": 0.11934631685483618, "24": 0.10623649138978447, "25": 0.8793231072095091, "26": 0.49934301264235786, "27": 0.1491490123918085, "28": 0.49980639236104507, "29": 0.10623649138978447, "30": 0.4993415822268389, "31": 0.7652331586619867, "32": 0.8560977345185746, "33": 0.7930205661437466, "34": 0.1445407999920782, "35": 0.04860269848491867, "36": 0.4996585517634704, "37": 0.49960179527489157, "38": 0.49973045054073806, "39": 0.09269360226324366, "40": 0.06736944212031426, "41": 0.4998240593561626, "42": 0.13417720477789324, "43": 0.4993308905219819, "44": 0.4993951831315176, "45": 0.49971473429912894, "46": 0.4995170588179979, "47": 0.49958892093638907, "48": 0.49921686449842595, "49": 0.7652331586619863, "50": 0.06599808576898593, "51": 0.4995218260128156, "52": 0.054500223107975435, "53": 0.49951947357077864, "54": 0.4997382167329544, "55": 0.06736944212031426, "56": 0.09269360226324366, "57": 0.499396863120508, "58": 0.14898800621242694, "59": 0.9572118410301561, "60": 0.7617734368518427, "61": 0.1491490123918085, "62": 0.4993415822268389, "63": 0.06999125972678619, "64": 0.06599808576898593, "65": 0.8130336038166425, "66": 0.7640812458191528, "67": 0.49939165203682323, "68": 0.49960179527489157, "69": 0.4993951831315176, "70": 0.8130336038166425, "71": 0.8793231072095091, "72": 0.49970464574003515, "73": 0.13417720477789324, "74": 0.49964793009951813, "75": 0.7652331586619867, "76": 0.49933563600411546, "77": 0.49951780164380455, "78": 0.4995125698984032, "79": 0.8107759275146272, "80": 0.8122727249159694, "81": 0.054500223107975435, "82": 0.14898800621242694, "83": 0.8793231072095091, "84": 0.4994030773002892, "85": 0.8278257604184307, "86": 0.49951780164380455, "87": 0.8107759275146272, "88": 0.7617734368518427, "89": 0.49966544526099094, "90": 0.04860269848491867, "91": 0.9572118410301561, "92": 0.49973045054073806, "93": 0.06427176226854683, "94": 0.49918339302956005, "95": 0.06427176226854683, "96": 0.4997382167329544, "97": 0.7640812458191528, "98": 0.4997015386501446, "99": 0.8278257604184307}, "1": {"0": 0.5003080712107205, "1": 0.5002355013474389, "2": 0.5002501918504978, "3": 0.5002361804028832, "4": 0.5002814209577168, "5": 0.18165593228211352, "6": 0.864623322430538, "7": 0.5002814568411535, "8": 0.8978763574092887, "9": 0.18907524903751438, "10": 0.141172358260833, "11": 0.18421220074451988, "12": 0.864623322430538, "13": 0.13569635151164094, "14": 0.5002729404407835, "15": 0.5001864799566573, "16": 0.21066883070309111, "17": 0.864623322430538, "18": 0.5002393989327908, "19": 0.19123925929351376, "20": 0.8008513969649285, "21": 0.5002611033991127, "22": 0.5002274942084053, "23": 0.1748599728354584, "24": 0.8005513009476227, "25": 0.18907524903751438, "26": 0.5001989153716808, "27": 0.5002416308321485, "28": 0.19466262320282327, "29": 0.8818067867449049, "30": 0.5002274942084053, "31": 0.12745602447901247, "32": 0.5002112674795118, "33": 0.13569611947773538, "34": 0.5002879093858281, "35": 0.18476883033469949, "36": 0.5002548424715865, "37": 0.5002361804028832, "38": 0.5002354789850252, "39": 0.5001600361093156, "40": 0.9489391797005173, "41": 0.500287278201941, "42": 0.5002393989327908, "43": 0.16119714391273215, "44": 0.5001864799566573, "45": 0.18421220074451988, "46": 0.5001989153716808, "47": 0.16864799591668606, "48": 0.05179332422021497, "49": 0.8008513969649285, "50": 0.13569611947773538, "51": 0.5002814568411535, "52": 0.19954221925623833, "53": 0.5001219618213815, "54": 0.8978763574092887, "55": 0.8818067867449049, "56": 0.141172358260833, "57": 0.1837690108985861, "58": 0.15707602640721974, "59": 0.16864799591668606, "60": 0.5001863151592821, "61": 0.5001959635732776, "62": 0.5002574916036168, "63": 0.23085388416072947, "64": 0.8005513009476227, "65": 0.16119714391273215, "66": 0.05179332422021497, "67": 0.5001219618213815, "68": 0.12745602447901247, "69": 0.500218633091595, "70": 0.19123925929351376, "71": 0.5002006800589804, "72": 0.5002289803320656, "73": 0.5001723797858953, "74": 0.5002006800589804, "75": 0.15707602640721974, "76": 0.8978763574092887, "77": 0.9489391797005173, "78": 0.5001959635732776, "79": 0.500218633091595, "80": 0.9489391797005173, "81": 0.5002611033991127, "82": 0.1795721529321045, "83": 0.1795721529321045, "84": 0.5000800180546578, "85": 0.8978763574092887, "86": 0.5002355013474389, "87": 0.5002770761976553, "88": 0.1748599728354584, "89": 0.19954221925623833, "90": 0.864623322430538, "91": 0.5002857657177783, "92": 0.19466262320282327, "93": 0.5002814209577168, "94": 0.5002053819243213, "95": 0.1837690108985861, "96": 0.5001177394925126, "97": 0.5001863151592821, "98": 0.8978763574092887, "99": 0.23085388416072947}, "2": {"0": 0.49932109946783054, "1": 0.22109404975460495, "2": 0.02136553846800155, "3": 0.16178619445735365, "4": 0.499683397009163, "5": 0.49973851240307754, "6": 0.1465223087678582, "7": 0.17743011867639144, "8": 0.49969951549469493, "9": 0.4992264692013859, "10": 0.027735853445175027, "11": 0.499683397009163, "12": 0.7640853262856597, "13": 0.7640853262856597, "14": 0.4993483461658881, "15": 0.23463198142129937, "16": 0.49964585524173977, "17": 0.9098972187641804, "18": 0.4994459704687423, "19": 0.78119322979414, "20": 0.4994459704687423, "21": 0.09505335935430798, "22": 0.49969951549469493, "23": 0.03517785618578523, "24": 0.49973751409975997, "25": 0.12332385506215746, "26": 0.15300978002400933, "27": 0.09505335935430798, "28": 0.721180628626409, "29": 0.49924417946687777, "30": 0.22109404975460495, "31": 0.49918918081756763, "32": 0.4996808457119325, "33": 0.17743011867639144, "34": 0.027735853445175027, "35": 0.78119322979414, "36": 0.49916494387222304, "37": 0.4993679130818993, "38": 0.4992503153939966, "39": 0.4991732826266827, "40": 0.4992801905744173, "41": 0.25758765771601855, "42": 0.1465223087678582, "43": 0.863192481688865, "44": 0.49918918081756763, "45": 0.12403156968915865, "46": 0.9331422732144403, "47": 0.08931063020793828, "48": 0.4993187858294972, "49": 0.13183633978665166, "50": 0.10551953232406146, "51": 0.863192481688865, "52": 0.9098972187641804, "53": 0.4992987374273155, "54": 0.9331422732144403, "55": 0.25758765771601855, "56": 0.10551953232406146, "57": 0.8584254001943694, "58": 0.49968395654094966, "59": 0.08931063020793828, "60": 0.89372460690423, "61": 0.4997395107063951, "62": 0.23463198142129937, "63": 0.49958700684996254, "64": 0.23463198142129937, "65": 0.49914752529058837, "66": 0.02136553846800155, "67": 0.9331422732144403, "68": 0.19564263906144042, "69": 0.775255022998983, "70": 0.49963426818580714, "71": 0.4991776391134279, "72": 0.12438542700265925, "73": 0.89372460690423, "74": 0.16178619445735365, "75": 0.19564263906144042, "76": 0.49932109946783054, "77": 0.8667092021357693, "78": 0.12438542700265925, "79": 0.4991704832354198, "80": 0.775255022998983, "81": 0.775255022998983, "82": 0.4995818126843463, "83": 0.49918699724598714, "84": 0.9045063481429798, "85": 0.49917188293105125, "86": 0.4993187858294972, "87": 0.9045063481429798, "88": 0.49973851240307754, "89": 0.03517785618578523, "90": 0.721180628626409, "91": 0.49958700684996254, "92": 0.49918699724598714, "93": 0.08931063020793828, "94": 0.8667092021357693, "95": 0.15300978002400933, "96": 0.4996808457119325, "97": 0.8584254001943694, "98": 0.13183633978665166, "99": 0.49917188293105125}, "3": {"0": 0.13918768626409045, "1": 0.5003640457291387, "2": 0.5002971311970545,