{"0": {"0": 0.6736020577249195, "1": 0.6956724192173457, "2": 0.6821494865125481, "3": 0.6649802399185631, "4": 0.6838234234657852, "5": 0.6635920521659779, "6": 0.6745898579323648, "7": 0.7036947272806402, "8": 0.6745091258715279, "9": 0.6195628635298598, "10": 0.6639383740689679, "11": 0.688657785375351, "12": 0.6719960750256877, "13": 0.6692940072944911, "14": 0.6645732489965903, "15": 0.5884171722071707, "16": 0.6444020630004338, "17": 0.674877383894382, "18": 0.6711128535794888, "19": 0.6753208984432595, "20": 0.6744424182010269, "21": 0.6623935217305117, "22": 0.7549897429336384, "23": 0.6715558069782559, "24": 0.6826840381627151, "25": 0.6711132606677154, "26": 0.6703029293886855, "27": 0.6597396631320229, "28": 0.69266702218036, "29": 0.6645501491873642, "30": 0.6654473251203585, "31": 0.6642558115327791, "32": 0.6761396367896151, "33": 0.6721980838764172, "34": 0.6731593777685737, "35": 0.6672688718232844, "36": 0.6923028979994086, "37": 0.6264106042703559, "38": 0.6679316162365865, "39": 0.7298599415719793, "40": 0.6681605726630233, "41": 0.673521811435244, "42": 0.6628905221655108, "43": 0.6670198427371085, "44": 0.6771622403180961, "45": 0.659183437396489, "46": 0.6700260550430541, "47": 0.6654473251203585, "48": 0.6833329664816066, "49": 0.6735941476805751, "50": 0.6838234234657852, "51": 0.7112650999458108, "52": 0.688657785375351, "53": 0.6869760284727796, "54": 0.6821494865125481, "55": 0.6612833925299728, "56": 0.6751794149231991, "57": 0.6715558069782559, "58": 0.8102978446811683, "59": 0.6581778146650739, "60": 0.6655789325553569, "61": 0.6777257736915648, "62": 0.6452234043642606, "63": 0.6676642065628715, "64": 0.6586720530589385, "65": 0.6444020630004338, "66": 0.6703081479285378, "67": 0.6735140368890942, "68": 0.6658642313908778, "69": 0.6833329664816066, "70": 0.6703081479285378, "71": 0.675950521310363, "72": 0.6681605726630233, "73": 0.6665401807974868, "74": 0.6655789325553569, "75": 0.6714942620885693, "76": 0.6790660420075781, "77": 0.6659252124681473, "78": 0.6824824771086213, "79": 0.6735941476805751, "80": 0.69266702218036, "81": 0.5755113351596203, "82": 0.6731593777685737, "83": 0.6676642065628715, "84": 0.6612833925299728, "85": 0.6790660420075781, "86": 0.6672688718232844, "87": 0.6682372510035662, "88": 0.6597396631320229, "89": 0.6682372510035662, "90": 0.6665401807974868, "91": 0.6761396367896151, "92": 0.6635920521659779, "93": 0.6716074209403937, "94": 0.6645501491873642, "95": 0.6659252124681473, "96": 0.6679316162365865, "97": 0.6692940072944911, "98": 0.673521811435244, "99": 0.6751794149231991}, "1": {"0": 0.46689502823265505, "1": 0.41848015795632715, "2": 0.4787309716364001, "3": 0.48211912630928, "4": 0.5048997820341201, "5": 0.48721492781931186, "6": 0.4952827639665832, "7": 0.47871096723599577, "8": 0.4795293617262744, "9": 0.5173228176916297, "10": 0.47500200505801526, "11": 0.42153897740361185, "12": 0.48211912630928, "13": 0.4749265416342805, "14": 0.47713843767258857, "15": 0.5592491664038838, "16": 0.4749338327790361, "17": 0.5031692167179022, "18": 0.6024674149679448, "19": 0.4899377300163713, "20": 0.5244652244763375, "21": 0.4950595075554203, "22": 0.4931947283378323, "23": 0.42966706713467956, "24": 0.39401912097632996, "25": 0.5013811142279614, "26": 0.4830961145389965, "27": 0.4946020347081091, "28": 0.40988352789047794, "29": 0.49460255942021897, "30": 0.4830961145389965, "31": 0.3929983396826535, "32": 0.4013526295681783, "33": 0.41986250343543596, "34": 0.4702156958592606, "35": 0.4950540143774894, "36": 0.4935102280716971, "37": 0.4623195446357302, "38": 0.47094851664533516, "39": 0.22149916984132675, "40": 0.5020494529915379, "41": 0.4966171942809143, "42": 0.45499777005332737, "43": 0.5018858511503683, "44": 0.4950595075554203, "45": 0.482757944231866, "46": 0.4889828971989415, "47": 0.46767778703881485, "48": 0.4824740475555268, "49": 0.5174688411129855, "50": 0.48227219841283836, "51": 0.47215017129171555, "52": 0.4893467303499559, "53": 0.5018858511503683, "54": 0.48670742791886085, "55": 0.7104742583226675, "56": 0.5013811142279614, "57": 0.521655842809392, "58": 0.45231770647453595, "59": 0.48557751221115353, "60": 0.4864400381215654, "61": 0.42947129862129774, "62": 0.41986250343543596, "63": 0.4794237143029637, "64": 0.46198582444659986, "65": 0.44625055769387934, "66": 0.48746691638951806, "67": 0.4549216615572648, "68": 0.4727626329620077, "69": 0.5048997820341201, "70": 0.48476455052724976, "71": 0.4863026015928195, "72": 0.49436205321375, "73": 0.5233930671530007, "74": 0.46000822941206887, "75": 0.4842921131713622, "76": 0.47871096723599577, "77": 0.5031692167179022, "78": 0.5174688411129855, "79": 0.5015326601920198, "80": 0.4013526295681783, "81": 0.47302193582051744, "82": 0.25615977231786513, "83": 0.4702156958592606, "84": 0.4727626329620077, "85": 0.7110750856458578, "86": 0.3610838621841955, "87": 0.45499777005332737, "88": 0.47587645372845877, "89": 0.5244652244763375, "90": 0.4884371165604737, "91": 0.500086855082845, "92": 0.4864400381215654, "93": 0.46767778703881485, "94": 0.5233930671530007, "95": 0.4884371165604737, "96": 0.41848015795632715, "97": 0.4931947283378323, "98": 0.4966171942809143, "99": 0.48476455052724976}, "2": {"0": 0.6974253615773881, "1": 0.7165047477051305, "2": 0.7137739910838389, "3": 0.7023915182255581, "4": 0.6957654758013451, "5": 0.7042915001767365, "6": 0.7677865393186727, "7": 0.7406871343220874, "8": 0.6954761783945443, "9": 0.5999536930317126, "10": 0.6891034339693405, "11": 0.7260045604469572, "12": 0.696253389562099, "13": 0.7202714661782937, "14": 0.6618752726652505, "15": 0.707302193320967, "16": 0.7296390991716308, "17": 0.7647690887883507, "18": 0.7599140617039486, "19": 0.7560629129127785, "20": 0.7006049192463126, "21": 0.6977491886986178, "22": 0.7049101838226797, "23": 0.7158457948320546, "24": 0.7245109259972105, "25": 0.728818312697277, "26": 0.7152124419792766, "27": 0.7406871343220874, "28": 0.717748745124143, "29": 0.6873453090044483, "30": 0.7278146404107232, "31": 0.6954761783945443, "32": 0.6916250266534875, "33": 0.7285907778676921, "34": 0.7212072115836976, "35": 0.7035877613401103, "36": 0.7045595505593749, "37": 0.716979912552518, "38": 0.7028759881935533, "39": 0.7189578681957414, "40": 0.7474619019419457, "41": 0.6834429175937158, "42": 0.6900844322194346, "43": 0.71394770828704, "44": 0.7251475072228711, "45": 0.7474619019419457, "46": 0.7210853438556386, "47": 0.7677865393186727, "48": 0.7312209025428307, "49": 0.7240379477201047, "50": 0.7141914748575944, "51": 0.7152124419792766, "52": 0.6089601400684082, "53": 0.7560629129127785, "54": 0.6994380921794072, "55": 0.684692686044325, "56": 0.6896946911295858, "57": 0.8286226776952094, "58": 0.6900844322194346, "59": 0.714093718370058, "60": 0.7039797045523126, "61": 0.7202166071316892, "62": 0.722482608203324, "63": 0.6860025878628186, "64": 0.7134931891720879, "65": 0.6974253615773881, "66": 0.7196046850159888, "67": 0.7162085823801738, "68": 0.7189578681957414, "69": 0.6994380921794072, "70": 0.7049101838226797, "71": 0.6967250522293167, "72": 0.7058628446460868, "73": 0.7128744812493975, "74": 0.7134931891720879, "75": 0.6896946911295858, "76": 0.728818312697277, "77": 0.7216162775684483, "78": 0.6891034339693405, "79": 0.7643764207044264, "80": 0.717748745124143, "81": 0.716979912552518, "82": 0.7080579842217996, "83": 0.7131834498577605, "84": 0.7042915001767365, "85": 0.7023915182255581, "86": 0.8571882103522132, "87": 0.8267938806700551, "88": 0.7217895584778, "89": 0.6929292501570261, "90": 0.7202714661782937, "91": 0.7285907778676921, "92": 0.7165047477051305, "93": 0.7147369693018402, "94": 0.6929292501570261, "95": 0.6954761783945443, "96": 0.7139602095798003, "97": 0.7158457948320546, "98": 0.7039797045523126, "99": 0.7139602095798003}, "3": {"0": 0.3599368062855877, "1": 0.35785802858326254, "2": 0.34440833884890787, "3": 0.3562258023078755, "4": 0.36767800426833797, "5": 0.3498434286284455, "6": 0.35887246858526856,