{"0": {"0": 0.2372944671487829, "1": 0.2590923046104056, "2": 0.29730527377516414, "3": 0.25201766739045706, "4": 0.32519342458955924, "5": 0.31790391756667846, "6": 0.1238842880423173, "7": 0.33312603671015073, "8": 0.2789336895947314, "9": 0.17922136960007737, "10": 0.12294455193157267, "11": 0.3430334041470864, "12": 0.28343742970919517, "13": 0.2031039674287488, "14": 0.21503456598347298, "15": 0.11654040017249845, "16": 0.2784374374511276, "17": 0.3010077140702262, "18": 0.18084635170217578, "19": 0.1491642949443604, "20": 0.1758062835228082, "21": 0.2590923046104056, "22": 0.3438389305884581, "23": 0.154770142313989, "24": 0.291358315752548, "25": 0.16679777061554074, "26": 0.3081903335173059, "27": 0.38590709838745585, "28": 0.16335825041357876, "29": 0.1330198569407857, "30": 0.18084635170217578, "31": 0.2789336895947314, "32": 0.3713063710193722, "33": 0.3167141832007867, "34": 0.2776873118289974, "35": 0.13723756575397178, "36": 0.3236327673810483, "37": 0.3783530812580427, "38": 0.33949105064889484, "39": 0.9499999999998061, "40": 0.13723756575397178, "41": 0.14294312765801098, "42": 0.2613118231569695, "43": 0.22994893925805365, "44": 0.09897103519521297, "45": 0.22892542213467293, "46": 0.16219403151237088, "47": 0.291358315752548, "48": 0.17421140416223452, "49": 0.2933158038733246, "50": 0.31627069847435685, "51": 0.4405816097478802, "52": 0.2031039674287488, "53": 0.37243512927204814, "54": 0.2090325521261816, "55": 0.43774826931893307, "56": 0.13641769963747452, "57": 0.22994893925805365, "58": 0.09760137219678022, "59": 0.35751728299173646, "60": 0.15620133805884653, "61": 0.32656153181678094, "62": 0.2148524740687633, "63": 0.22892542213467293, "64": 0.2933158038733246, "65": 0.20785430668235697, "66": 0.3439087417508187, "67": 0.14294312765801098, "68": 0.1917678634156947, "69": 0.2090325521261816, "70": 0.3726271718447062, "71": 0.32519342458955924, "72": 0.20785430668235697, "73": 0.17768728074706952, "74": 0.3081903335173059, "75": 0.17922136960007737, "76": 0.15950848257666966, "77": 0.38590709838745585, "78": 0.2863783696444198, "79": 0.1895280909787202, "80": 0.32656153181678094, "81": 0.154770142313989, "82": 0.35640125455168514, "83": 0.2148524740687633, "84": 0.41537674796051777, "85": 0.2784374374511276, "86": 0.3726271718447062, "87": 0.1578549103177581, "88": 0.2776873118289974, "89": 0.35640125455168514, "90": 0.1836993625108267, "91": 0.17468011227901095, "92": 0.16335825041357876, "93": 0.31790391756667846, "94": 0.1197640454893601, "95": 0.3917187148545976, "96": 0.1578549103177581, "97": 0.18335709160039335, "98": 0.21824870532371593, "99": 0.35912435266185794}, "1": {"0": 0.49999999999975936, "1": 0.49999999999951417, "2": 0.49999999999973455, "3": 0.4999999999996716, "4": 0.4999999999998298, "5": 0.4999999999995074, "6": 0.4999999999997088, "7": 0.4999999999998237, "8": 0.4999999999997769, "9": 0.49999999999971223, "10": 0.49999999999978456, "11": 0.49999999999961287, "12": 0.4999999999997365, "13": 0.49999999999941086, "14": 0.49999999999969813, "15": 0.49999999999964484, "16": 0.4999999999996543, "17": 0.4999999999996362, "18": 0.4999999999997517, "19": 0.4999999999997343, "20": 0.4999999999994623, "21": 0.49999999999964306, "22": 0.4999999999998682, "23": 0.499999999999877, "24": 0.49999999999950234, "25": 0.49999999999978517, "26": 0.49999999999973455, "27": 0.4999999999997365, "28": 0.49999999999969896, "29": 0.4999999999996575, "30": 0.4999999999994894, "31": 0.4999999999998226, "32": 0.4999999999995032, "33": 0.4999999999996084, "34": 0.4999999999997342, "35": 0.4999999999995377, "36": 0.4999999999997796, "37": 0.49999999999979455, "38": 0.49999999999972466, "39": 0.49999999999974354, "40": 0.4999999999994851, "41": 0.4999999999995377, "42": 0.49999999999962436, "43": 0.4999999999997333, "44": 0.4999999999997279, "45": 0.4999999999996098, "46": 0.49999999999954886, "47": 0.4999999999998752, "48": 0.49999999999988043, "49": 0.49999999999983097, "50": 0.49999999999950995, "51": 0.4999999999997785, "52": 0.499999999999839, "53": 0.49999999999986233, "54": 0.4999999999996755, "55": 0.4999999999996918, "56": 0.49999999999982875, "57": 0.49999999999960865, "58": 0.4999999999996604, "59": 0.4999999999998281, "60": 0.4999999999997007, "61": 0.49999999999982003, "62": 0.49999999999981215, "63": 0.49999999999967226, "64": 0.49999999999985034, "65": 0.49999999999981215, "66": 0.49999999999975614, "67": 0.4999999999995878, "68": 0.49999999999959943, "69": 0.4999999999998827, "70": 0.49999999999971434, "71": 0.49999999999986716, "72": 0.4999999999996501, "73": 0.49999999999963374, "74": 0.4999999999998302, "75": 0.4999999999998562, "76": 0.49999999999977995, "77": 0.49999999999971434, "78": 0.4999999999995032, "79": 0.49999999999959943, "80": 0.4999999999994894, "81": 0.49999999999964484, "82": 0.499999999999706, "83": 0.49999999999951417, "84": 0.49999999999969663, "85": 0.49999999999979117, "86": 0.499999999999755, "87": 0.49999999999961786, "88": 0.49999999999980893, "89": 0.4999999999997088, "90": 0.4999999999997365, "91": 0.4999999999996755, "92": 0.4999999999997517, "93": 0.499999999999853, "94": 0.49999999999948297, "95": 0.49999999999967226, "96": 0.49999999999964306, "97": 0.49999999999963374, "98": 0.49999999999969663, "99": 0.4999999999997415}, "2": {"0": 0.7454004611131912, "1": 0.7237361368085243, "2": 0.662187145614899, "3": 0.7868601677409057, "4": 0.7928572061959692, "5": 0.8018593901801876, "6": 0.7513064939933916, "7": 0.7608202972029932, "8": 0.8347174249572368, "9": 0.8507895414570301, "10": 0.8345132955142786, "11": 0.634916845082149, "12": 0.7774487898406419, "13": 0.605490986449839, "14": 0.8266086914052738, "15": 0.6990265845741974, "16": 0.8340404126910524, "17": 0.8018593901801876, "18": 0.5985883126675203, "19": 0.795361645169918, "20": 0.8050092664446732, "21": 0.6324120462649033, "22": 0.8144175502368798, "23": 0.6363452616702236, "24": 0.8037445994596317, "25": 0.8249850792274166, "26": 0.6674294439937909, "27": 0.7237361368085243, "28": 0.6851915503833563, "29": 0.8097690369025328, "30": 0.6927231399696514, "31": 0.770871369319957, "32": 0.8681045745022624, "33": 0.6455438326937228, "34": 0.8604356846599786, "35": 0.7961912947940837, "36": 0.767939882517557, "37": 0.6914908510347684, "38": 0.7616428031820583, "39": 0.7252074185549353, "40": 0.6673246909047921, "41": 0.7949792078895863, "42": 0.8488693775118032, "43": 0.7255218277281946, "44": 0.8111713114571838, "45": 0.6029477120767922, "46": 0.714133517674188, "47": 0.6749446953488589, "48": 0.7688486543134367, "49": 0.7206224266965545, "50": 0.779331373791852, "51": 0.7801926575556977, "52": 0.6462044034477624, "53": 0.760605454344935, "54": 0.7945967706092547, "55": 0.6840522872511312, "56": 0.8667425843561859, "57": 0.8174788848738883, "58": 0.7248930093816761, "59": 0.8172052535686719, "60": 0.7906081685889134, "61": 0.8347174249572368, "62": 0.7981022017238812, "63": 0.779331373791852, "64": 0.7315320243176537, "65": 0.6863531807434203, "66": 0.7820655886558203, "67": 0.6588318945082878, "68": 0.8822087751184399, "69": 0.7616428031820583, "70": 0.6516457005456351, "71": 0.7062558166073357, "72": 0.5828072446559365, "73": 0.7820655886558203, "74": 0.6344243271567184, "75": 0.7949792078895863, "76": 0.7144249356046004, "77": 0.6863531807434203, "78": 0.7448889951128843, "79": 0.6031279083036678, "80": 0.6516457005456351, "81": 0.6586026267843359, "82": 0.6963558582802247, "83": 0.5995132922870987, "84": 0.7066566299790973, "85": 0.8883043457026369, "86": 0.8050092664446732, "87": 0.7144249356046004, "88": 0.760605454344935, "89": 0.8484168712771027, "90": 0.5828072446559365, "91": 0.7454004611131912, "92": 0.7062760270663409, "93": 0.7062760270663409, "94": 0.7315320243176537, "95": 0.6753947707285151, "96": 0.8506532469966958, "97": 0.6103112133482773, "98": 0.662187145614899, "99": 0.6453040842944566}, "3": {"0": 0.5000000000041432, "1": 0.500000000004257, "2": 0.5000000000021776, "3": 0.5000000000098273,