{"0": {"0": 4.2098617225393065e-05, "1": 5.148094317856249e-05, "2": 5.404437070735017e-05, "3": 5.163743850043611e-05, "4": 4.954514895394694e-05, "5": 4.03880890455737e-05, "6": 3.893470715952095e-05, "7": 4.958226696661392e-05, "8": 3.797077744211089e-05, "9": 4.437653405394516e-05, "10": 5.0261732029609915e-05, "11": 3.9089159767663635e-05, "12": 3.3620663858360495e-05, "13": 4.447447375953485e-05, "14": 5.3919051516650277e-05, "15": 5.609288340099778e-05, "16": 4.223897667016529e-05, "17": 5.5760535350785574e-05, "18": 4.3136494031438156e-05, "19": 1.7458927635339997e-05, "20": 5.3143168501539384e-05, "21": 5.163743850043611e-05, "22": 5.1364019105508616e-05, "23": 5.344624715203244e-05, "24": 4.954514895394694e-05, "25": 5.647793873596362e-05, "26": 4.137227762311073e-05, "27": 5.262385296001589e-05, "28": 3.382511252559931e-05, "29": 5.321546734736468e-05, "30": 4.223897667016529e-05, "31": 4.9011149468232756e-05, "32": 3.712221508011224e-05, "33": 3.895099843416817e-05, "34": 4.8890027249898635e-05, "35": 4.090712657001549e-05, "36": 4.587808591385864e-05, "37": 4.005009845886134e-05, "38": 4.148820329668752e-05, "39": 1.938502158521645e-05, "40": 5.3515837201359025e-05, "41": 2.695333816713193e-05, "42": 5.3515837201359025e-05, "43": 3.893470715952095e-05, "44": 3.492017997328528e-05, "45": 3.875620865287511e-05, "46": 3.727724812564328e-05, "47": 2.695333816713193e-05, "48": 4.03880890455737e-05, "49": 4.6094203703974834e-05, "50": 3.810247131701902e-05, "51": 3.9078784940754004e-05, "52": 5.148094317856249e-05, "53": 4.7080645838987246e-05, "54": 4.296191173629925e-05, "55": 4.249961115558991e-05, "56": 4.8786587087268194e-05, "57": 3.797986488087348e-05, "58": 5.1446117365666903e-05, "59": 4.50973824171006e-05, "60": 3.442691262856204e-05, "61": 5.647793873596362e-05, "62": 3.442691262856204e-05, "63": 2.7226229812767855e-05, "64": 2.6532525129830844e-05, "65": 1.9565760405176014e-05, "66": 3.123768679286729e-05, "67": 4.527346463112498e-05, "68": 4.118731527137194e-05, "69": 3.735028914165872e-05, "70": 3.2888147316084015e-05, "71": 4.4572222388571696e-05, "72": 4.2098617225393065e-05, "73": 3.797986488087348e-05, "74": 3.2888147316084015e-05, "75": 4.1162590656801745e-05, "76": 5.102650199039253e-05, "77": 4.280260296525485e-05, "78": 4.457605178443307e-05, "79": 3.895099843416817e-05, "80": 4.120284772558417e-05, "81": 4.0075848218308246e-05, "82": 4.0288681532175575e-05, "83": 5.404437070735017e-05, "84": 2.002504922943067e-05, "85": 2.4393293543634097e-05, "86": 4.1162590656801745e-05, "87": 4.0288681532175575e-05, "88": 2.2237236879767426e-05, "89": 3.797077744211089e-05, "90": 4.587808591385864e-05, "91": 4.9011149468232756e-05, "92": 4.8890027249898635e-05, "93": 3.8665945248421064e-05, "94": 4.527346463112498e-05, "95": 4.4572222388571696e-05, "96": 1.9539392470377002e-05, "97": 3.8665945248421064e-05, "98": 2.5130866014804957e-05, "99": 5.262385296001589e-05}, "1": {"0": 2.7872183530600416e-05, "1": 2.550397651264343e-05, "2": 2.0248963733463245e-05, "3": 2.7069027162341774e-05, "4": 3.292880071290143e-05, "5": 2.5749048385759728e-05, "6": 2.8201511356872315e-05, "7": 2.6176947758044064e-05, "8": 3.201886409154789e-05, "9": 3.3534156979227625e-05, "10": 2.5077007478087547e-05, "11": 3.4215206881800946e-05, "12": 2.7872183530600416e-05, "13": 2.8206293950426138e-05, "14": 3.0611444633490165e-05, "15": 1.9175912085614756e-05, "16": 2.680460848347008e-05, "17": 3.284763197970184e-05, "18": 2.576912687372819e-05, "19": 2.6051087676303966e-05, "20": 2.6954466022811344e-05, "21": 2.8758109337660614e-05, "22": 2.2296262110990825e-05, "23": 2.450682631508454e-05, "24": 3.012803752927852e-05, "25": 2.3526786108466663e-05, "26": 2.2568705825236164e-05, "27": 3.292880071290143e-05, "28": 3.201886409154789e-05, "29": 2.8614996468811918e-05, "30": 3.137372254064566e-05, "31": 2.8286577398311628e-05, "32": 3.447799672700911e-05, "33": 2.733429793135785e-05, "34": 1.9175912085614756e-05, "35": 2.9603466602050144e-05, "36": 0.9855089078564676, "37": 2.73679312814987e-05, "38": 2.223026438429188e-05, "39": 2.1965790140980985e-05, "40": 3.0633895840016436e-05, "41": 3.505321061999896e-05, "42": 1.3584438620964559e-05, "43": 2.928161079010703e-05, "44": 2.6014519550625943e-05, "45": 2.254232590680943e-05, "46": 2.6954466022811344e-05, "47": 2.8875132581529743e-05, "48": 1.7022876820294445e-05, "49": 2.810135446733522e-05, "50": 2.538492169211785e-05, "51": 2.6567137082432667e-05, "52": 2.8875132581529743e-05, "53": 3.3171762485415496e-05, "54": 2.775072062386418e-05, "55": 2.8286577398311628e-05, "56": 2.6241015923434658e-05, "57": 2.6783388245877197e-05, "58": 1.4030965463317443e-05, "59": 2.3630132363702148e-05, "60": 2.9977358102527328e-05, "61": 3.1632422800414645e-05, "62": 1.2874524192879864e-05, "63": 2.8565071429018247e-05, "64": 2.5271397252454587e-05, "65": 2.8718487528089197e-05, "66": 2.826571227529446e-05, "67": 2.6873582528079954e-05, "68": 2.4089873890910132e-05, "69": 1.225341315754227e-05, "70": 2.5077007478087547e-05, "71": 2.7639015031746895e-05, "72": 2.531543850905565e-05, "73": 2.56621824777602e-05, "74": 3.3534156979227625e-05, "75": 2.5245955325993446e-05, "76": 1.4307498234405959e-05, "77": 2.6014519550625943e-05, "78": 2.531543850905565e-05, "79": 0.9855089078564676, "80": 2.8403059095985405e-05, "81": 2.8565071429018247e-05, "82": 2.7569647401687204e-05, "83": 2.8403059095985405e-05, "84": 2.9977358102527328e-05, "85": 2.6567137082432667e-05, "86": 3.0611444633490165e-05, "87": 3.1192972566985973e-05, "88": 1.8614672080505698e-05, "89": 2.2568705825236164e-05, "90": 2.55089678648908e-05, "91": 1.1815066181851074e-05, "92": 1.8614672080505698e-05, "93": 2.7639015031746895e-05, "94": 2.55089678648908e-05, "95": 1.405067723366761e-05, "96": 2.8201511356872315e-05, "97": 2.2296262110990825e-05, "98": 2.9603466602050144e-05, "99": 2.775072062386418e-05}, "2": {"0": 1.9830093606937605e-05, "1": 2.3614753178211552e-05, "2": 2.2091068999182774e-05, "3": 2.3459306191190804e-05, "4": 2.1968283995849485e-05, "5": 2.1357681679799968e-05, "6": 2.5400207092392172e-05, "7": 2.3309840973543574e-05, "8": 2.3951245764391055e-05, "9": 2.154690035668172e-05, "10": 1.1160617744243408e-05, "11": 2.7137419847022123e-05, "12": 2.5512262499309946e-05, "13": 3.0103442531962738e-05, "14": 9.97799664545324e-06, "15": 2.464891364701768e-05, "16": 2.417975838460361e-05, "17": 2.802456995311807e-05, "18": 2.4965296733351218e-05, "19": 1.1968528538460114e-05, "20": 2.5209993531540054e-05, "21": 1.930470956184981e-05, "22": 1.4474133304070345e-05, "23": 2.084263986771439e-05, "24": 1.661949907287659e-05, "25": 2.2708865098196004e-05, "26": 2.348835142457197e-05, "27": 2.7137419847022123e-05, "28": 1.327271628376322e-05, "29": 2.1389030209633536e-05, "30": 2.1036297756781447e-05, "31": 1.077345017834086e-05, "32": 9.544817527687547e-06, "33": 1.7990620314330022e-05, "34": 2.446144646079022e-05, "35": 2.076242300009242e-05, "36": 1.8853941709930607e-05, "37": 1.273179336519482e-05, "38": 1.9278034357708103e-05, "39": 2.1036297756781447e-05, "40": 2.3784788144804355e-05, "41": 1.1398722575403904e-05, "42": 2.6463280008540328e-05, "43": 1.2842650316954506e-05, "44": 2.076613101266958e-05, "45": 1.5612489723355773e-05, "46": 2.1969578262646093e-05, "47": 2.33620661704219e-05, "48": 2.1969578262646093e-05, "49": 2.5512262499309946e-05, "50": 2.0490792438926925e-05, "51": 2.3309840973543574e-05, "52": 1.071148202447384e-05, "53": 2.0890289292359875e-05, "54": 1.038121150004621e-05, "55": 1.4354529285313123e-05, "56": 1.4457615944595303e-05, "57": 1.7970060352678244e-05, "58": 1.1209813111134275e-05, "59": 2.566098484962704e-05, "60": 1.0984141997924742e-05, "61": 1.6106509803313525e-05, "62": 6.3652064732055645e-06, "63": 2.2542782293592242e-05, "64": 2.0996556920730097e-05, "65": 1.532820206784879e-05, "66": 2.2123232778911047e-05, "67": 1.0363132931028412e-05, "68": 2.0890289292359875e-05, "69": 2.501976815132684e-05, "70": 2.1113028128424116e-05,