{"0": {"0": 0.9499999774542806, "1": 0.9499999784102154, "2": 0.949999977416744, "3": 0.05000000000227671, "4": 0.5000000659049737, "5": 0.05000000000306955, "6": 0.5000000354419151, "7": 0.5000000513863677, "8": 0.05000000000210348, "9": 0.5000000307828223, "10": 0.9499999721079027, "11": 0.9499999697136343, "12": 0.5000000304993826, "13": 0.9499999812910052, "14": 0.9499999860539513, "15": 0.9499999736159881, "16": 0.9499999736159881, "17": 0.5000000359240546, "18": 0.5000000789740175, "19": 0.5000000369219115, "20": 0.05000000000196626, "21": 0.05000000000170738, "22": 0.050000000001979926, "23": 0.050000000001017265, "24": 0.500000053972266, "25": 0.9499999721767423, "26": 0.5000000565442791, "27": 0.5000000565870362, "28": 0.9499999809977648, "29": 0.9499999685536299, "30": 0.0500000000022823, "31": 0.5000000269615035, "32": 0.9499999830288668, "33": 0.05000000000165934, "34": 0.5000000430214084, "35": 0.9499999742002116, "36": 0.9499999829020406, "37": 0.9499999914510202, "38": 0.500000048704957, "39": 0.05000000000076536, "40": 0.5000000540348548, "41": 0.500000039088014, "42": 0.9499999832296128, "43": 0.05000000000176208, "44": 0.5000000472634714, "45": 0.050000000002374825, "46": 0.9499999756894357, "47": 0.5000000270174274, "48": 0.05000000000167059, "49": 0.9499999680501626, "50": 0.9499999785592299, "51": 0.05000000000167059, "52": 0.5000000213739544, "53": 0.5000000527682557, "54": 0.5000000159768012, "55": 0.9499999861369909, "56": 0.9499999847273353, "57": 0.050000000001258475, "58": 0.5000000326649375, "59": 0.050000000000655645, "60": 0.05000000000188133, "61": 0.5000000358302095, "62": 0.050000000002619595, "63": 0.9499999884805491, "64": 0.5000000432949083, "65": 0.5000000269615035, "66": 0.050000000000998024, "67": 0.5000000219972264, "68": 0.5000000282721395, "69": 0.500000053972266, "70": 0.500000045270774, "71": 0.9499999866673772, "72": 0.949999985509365, "73": 0.5000000169009859, "74": 0.05000000000171003, "75": 0.9499999784102154, "76": 0.9499999863170984, "77": 0.9499999695881781, "78": 0.500000022635387, "79": 0.5000000409752321, "80": 0.05000000000088104, "81": 0.05000000000170738, "82": 0.05000000000049901, "83": 0.05000000000082967, "84": 0.9499999878447178, "85": 0.05000000000188133, "86": 0.5000000304993826, "87": 0.5000000617606297, "88": 0.5000000177209576, "89": 0.9499999892796149, "90": 0.05000000000085501, "91": 0.5000000462435145, "92": 0.5000000409752321, "93": 0.05000000000098313, "94": 0.9499999721767423, "95": 0.9499999840250812, "96": 0.5000000243524785, "97": 0.5000000231217572, "98": 0.5000000358302095, "99": 0.9499999923636676}, "1": {"0": 0.5000000001321201, "1": 0.5000000001527807, "2": 0.5000000001358672, "3": 0.5000000001329691, "4": 0.5000000001585387, "5": 0.05000000000118282, "6": 0.9499999999776255, "7": 0.5000000001504158, "8": 0.5000000001877966, "9": 0.5000000001011391, "10": 0.05000000000116902, "11": 0.5000000001472165, "12": 0.5000000001332919, "13": 0.05000000000084986, "14": 0.9499999999717981, "15": 0.5000000001562992, "16": 0.5000000001841951, "17": 0.5000000001434892, "18": 0.5000000000920976, "19": 0.5000000001039705, "20": 0.05000000000113329, "21": 0.5000000000821082, "22": 0.9499999999867086, "23": 0.5000000000677006, "24": 0.9499999999778324, "25": 0.5000000001036305, "26": 0.5000000001702836, "27": 0.5000000001433417, "28": 0.5000000000925313, "29": 0.500000000127546, "30": 0.5000000001571419, "31": 0.050000000000799814, "32": 0.05000000000069671, "33": 0.9499999999888127, "34": 0.5000000001043994, "35": 0.5000000001017527, "36": 0.5000000001310394, "37": 0.5000000001618345, "38": 0.5000000001220286, "39": 0.05000000000128649, "40": 0.5000000000683251, "41": 0.500000000066646, "42": 0.5000000001168861, "43": 0.5000000000420022, "44": 0.5000000001470131, "45": 0.5000000000587442, "46": 0.5000000000455376, "47": 0.5000000000707766, "48": 0.05000000000146046, "49": 0.5000000001060334, "50": 0.5000000001348684, "51": 0.05000000000128649, "52": 0.5000000001121326, "53": 0.500000000100546, "54": 0.5000000001328214, "55": 0.5000000000664107, "56": 0.050000000001231934, "57": 0.500000000160465, "58": 0.5000000000779592, "59": 0.5000000000586136, "60": 0.5000000000519853, "61": 0.050000000000348356, "62": 0.9499999999798505, "63": 0.5000000001321201, "64": 0.05000000000159792, "65": 0.5000000000507838, "66": 0.5000000000312399, "67": 0.949999999975101, "68": 0.05000000000126961, "69": 0.5000000000446643, "70": 0.05000000000126961, "71": 0.5000000000800726, "72": 0.949999999975101, "73": 0.5000000000809173, "74": 0.949999999981847, "75": 0.5000000000518152, "76": 0.5000000000596005, "77": 0.05000000000159792, "78": 0.9499999999909234, "79": 0.500000000063773, "80": 0.5000000001011391, "81": 0.5000000000520485, "82": 0.5000000000400363, "83": 0.5000000001237193, "84": 0.5000000000759499, "85": 0.9499999999865185, "86": 0.5000000001348684, "87": 0.500000000037975, "88": 0.5000000000694107, "89": 0.5000000000802325, "90": 0.9499999999899252, "91": 0.5000000001353221, "92": 0.5000000001060334, "93": 0.5000000001260843, "94": 0.5000000001329691, "95": 0.5000000000630421, "96": 0.9499999999933543, "97": 0.5000000000717446, "98": 0.5000000000560663, "99": 0.5000000001043994}, "2": {"0": 0.050000000173931816, "1": 0.5000000008295464, "2": 0.9499999985920995, "3": 0.05000000018912348, "4": 0.050000000098931865, "5": 0.9499999986445951, "6": 0.5000000013507817, "7": 0.9499999987984522, "8": 0.05000000013946407, "9": 0.5000000007671156, "10": 0.5000000017441707, "11": 0.5000000015724798, "12": 0.5000000007479981, "13": 0.500000002261358, "14": 0.949999998207432, "15": 0.9499999985920995, "16": 0.5000000018398576, "17": 0.5000000019138962, "18": 0.500000001021706, "19": 0.05000000011098766, "20": 0.9499999986931945, "21": 0.05000000018506426, "22": 0.05000000007844346, "23": 0.5000000014638468, "24": 0.5000000016100781, "25": 0.5000000016594204, "26": 0.5000000010270919, "27": 0.5000000014085242, "28": 0.500000001385628, "29": 0.500000000995255, "30": 0.05000000010951817, "31": 0.5000000012096976, "32": 0.9499999987708316, "33": 0.500000000805039, "34": 0.5000000015548549, "35": 0.5000000006141622, "36": 0.5000000008153571, "37": 0.5000000013865235, "38": 0.9499999989189867, "39": 0.9499999989110637, "40": 0.5000000006175669, "41": 0.05000000013619914, "42": 0.5000000019411258, "43": 0.5000000008740284, "44": 0.949999999156007, "45": 0.5000000009336458, "46": 0.5000000012664435, "47": 0.5000000006332217, "48": 0.5000000009656014, "49": 0.5000000004828007, "50": 0.5000000011767733, "51": 0.5000000017671997, "52": 0.5000000017361254, "53": 0.9499999990465646, "54": 0.9499999987984522, "55": 0.5000000005658346, "56": 0.0500000002281038, "57": 0.050000000177617736, "58": 0.050000000079119256, "59": 0.050000000166778774, "60": 0.9499999988656445, "61": 0.050000000152860144, "62": 0.9499999995232823, "63": 0.5000000009336458, "64": 0.0500000002281038, "65": 0.5000000010409149, "66": 0.5000000010628942, "67": 0.050000000098931865, "68": 0.5000000006526685, "69": 0.9499999989110637, "70": 0.5000000006201655, "71": 0.5000000013455346, "72": 0.5000000010500181, "73": 0.5000000007966369, "74": 0.5000000003644309, "75": 0.5000000013403996, "76": 0.5000000012988077, "77": 0.5000000008153571, "78": 0.5000000013507817, "79": 0.05000000013946407, "80": 0.500000000949262, "81": 0.5000000006201655, "82": 0.5000000008835999, "83": 0.9499999995780035, "84": 0.9499999989189867, "85": 0.500000000692814, "86": 0.5000000007319234, "87": 0.500000000474631, "88": 0.500000000995255, "89": 0.9499999988656445, "90": 0.5000000006494039, "91": 0.5000000015356548, "92": 0.5000000008740284, "93": 0.5000000007611646, "94": 0.5000000005883867, "95": 0.500000000525009, "96": 0.050000000166778774, "97": 0.5000000010409149, "98": 0.05000000018506426, "99": 0.050000000088808866}, "3": {"0": 0.9499999999988893, "1": 0.9499999999986727, "2": 0.49999946275987517, "3": 0.9499999999989217, "4": 0.4999995291725533, "5": 0.49999939358262374,