{"0": {"0": 0.4997606935252542, "1": 0.051732985549281046, "2": 0.053123297934727684, "3": 0.49760612226226275, "4": 0.49697949360158206, "5": 0.9497663020800647, "6": 0.9468142095427575, "7": 0.053404313224769726, "8": 0.9422345744348732, "9": 0.9497720239161569, "10": 0.9461268933811223, "11": 0.4928938736705576, "12": 0.49117847520347924, "13": 0.49836652230184275, "14": 0.05044978308263098, "15": 0.9490746875486344, "16": 0.9489808046242401, "17": 0.9468142095427575, "18": 0.05234882796520892, "19": 0.949769398998545, "20": 0.05111733606003382, "21": 0.9494468601423717, "22": 0.05255953338918788, "23": 0.5001217759226306, "24": 0.05648283801146474, "25": 0.9495824570306374, "26": 0.49697949360158206, "27": 0.9494270174491335, "28": 0.9422214845491262, "29": 0.49455046293724825, "30": 0.9495679040194549, "31": 0.4634321898022958, "32": 0.4992441175949751, "33": 0.9422303577351555, "34": 0.9494281180242246, "35": 0.05671908015347413, "36": 0.9495742002780299, "37": 0.49924882580725616, "38": 0.9490979025251719, "39": 0.4634321898022958, "40": 0.05111733606003382, "41": 0.05255953338918788, "42": 0.053404313224769726, "43": 0.05648283801146474, "44": 0.9422214845491262, "45": 0.9494954756180266, "46": 0.4996306580380383, "47": 0.9484082381806801, "48": 0.5064048516154491, "49": 0.051732985549281046, "50": 0.948408047893903, "51": 0.4997606935252542, "52": 0.4983291674512196, "53": 0.4969922289283178, "54": 0.05038206646177436, "55": 0.9494310330937671, "56": 0.49677312685800556, "57": 0.05234882796520892, "58": 0.9495824570306374, "59": 0.948408047893903, "60": 0.49924882580725616, "61": 0.4988036697967354, "62": 0.94612103612435, "63": 0.0502650774178036, "64": 0.052871250151348484, "65": 0.9494281180242246, "66": 0.49836652230184275, "67": 0.9495742002780299, "68": 0.9494954756180266, "69": 0.9488395769976248, "70": 0.05045883587664711, "71": 0.05143562507567424, "72": 0.5001200344227801, "73": 0.5001217759226306, "74": 0.05045883587664711, "75": 0.49760612226226275, "76": 0.9490746875486344, "77": 0.49117847520347924, "78": 0.050384791689730694, "79": 0.94612103612435, "80": 0.4906892510996801, "81": 0.949449596207645, "82": 0.9476817548603413, "83": 0.49997515544206883, "84": 0.050384791689730694, "85": 0.9489808046242401, "86": 0.5064048516154491, "87": 0.9477188499968614, "88": 0.49677312685800556, "89": 0.4992441175949751, "90": 0.49997515544206883, "91": 0.9497720239161569, "92": 0.05671908015347413, "93": 0.9477064849513547, "94": 0.4929996301361762, "95": 0.49455046293724825, "96": 0.9477188499968614, "97": 0.4964998150680881, "98": 0.9494468601423717, "99": 0.4906892510996801}, "1": {"0": 0.4972949036640624, "1": 0.5010778468277992, "2": 0.48945335026553893, "3": 0.48945237084803117, "4": 0.5000302569261283, "5": 0.05082127117651632, "6": 0.053303698142500994, "7": 0.49935753498103264, "8": 0.9444036727906606, "9": 0.9496860913267282, "10": 0.05180336997519812, "11": 0.5050631659984258, "12": 0.4991451261090356, "13": 0.4997238489428524, "14": 0.053303698142500994, "15": 0.9496884922757998, "16": 0.4890439672504511, "17": 0.05112708406461641, "18": 0.9444761946747557, "19": 0.49893009803555044, "20": 0.9444761946747557, "21": 0.9493594184831662, "22": 0.9495008547953028, "23": 0.49917890693713285, "24": 0.49995853487658554, "25": 0.4947345184293732, "26": 0.4974504009158629, "27": 0.49770239109037706, "28": 0.05019039659372993, "29": 0.05069602937987855, "30": 0.054188363721076147, "31": 0.49593278601284274, "32": 0.050576931074510584, "33": 0.49939720937159193, "34": 0.05057723152100577, "35": 0.9493133830802702, "36": 0.49764223886166475, "37": 0.05112708406461641, "38": 0.4988083089636691, "39": 0.5050631659984258, "40": 0.05082076589378827, "41": 0.49683685359804053, "42": 0.4996915998207866, "43": 0.9496197960456306, "44": 0.9477943772807518, "45": 0.9444036727906606, "46": 0.49984464506722137, "47": 0.4894611935621427, "48": 0.48945237084803117, "49": 0.4998454149626693, "50": 0.05069602937987855, "51": 0.05019039659372993, "52": 0.4991267825758531, "53": 0.9476550652340724, "54": 0.5006161453483237, "55": 0.0508211027489403, "56": 0.49764223886166475, "57": 0.4996915998207866, "58": 0.500072576469939, "59": 0.49683685359804053, "60": 0.9487603496353716, "61": 0.49868651989178775, "62": 0.947659953210686, "63": 0.9477995098586929, "64": 0.050576931074510584, "65": 0.9487603496353716, "66": 0.4995739531454863, "67": 0.9476550652340724, "68": 0.49770239109037706, "69": 0.49999962813998405, "70": 0.4945558954766752, "71": 0.49593278601284274, "72": 0.4988083089636691, "73": 0.49999962813998405, "74": 0.9495008547953028, "75": 0.4912112260983188, "76": 0.4995739531454863, "77": 0.4974504009158629, "78": 0.5005389234138996, "79": 0.9493735891369192, "80": 0.9477943772807518, "81": 0.4996999538721774, "82": 0.4945558954766752, "83": 0.9493133830802702, "84": 0.4912112260983188, "85": 0.4991267825758531, "86": 0.49719059692831635, "87": 0.05041063558825816, "88": 0.05180336997519812, "89": 0.49432544980427295, "90": 0.49939720937159193, "91": 0.49432544980427295, "92": 0.054109272084179524, "93": 0.49719059692831635, "94": 0.9455413789596026, "95": 0.9496860913267282, "96": 0.054109272084179524, "97": 0.9455370320082939, "98": 0.9455370320082939, "99": 0.9493735891369192}, "2": {"0": 0.5007798671736283, "1": 0.9479715201316153, "2": 0.05189236416465782, "3": 0.9496381203974003, "4": 0.49385242767889476, "5": 0.9475638995767683, "6": 0.05554897819521001, "7": 0.49978927083135166, "8": 0.9498538075878376, "9": 0.4962754144757636, "10": 0.06675495056246489, "11": 0.5020704862019081, "12": 0.05554897819521001, "13": 0.5016592610441468, "14": 0.4922750281993588, "15": 0.05201738344659824, "16": 0.06098269881272942, "17": 0.05166464588171805, "18": 0.497648760359672, "19": 0.4987756823996122, "20": 0.4998454966660757, "21": 0.055098898689469544, "22": 0.9479715201316153, "23": 0.4997300081941223, "24": 0.49868701065778975, "25": 0.05057738335789815, "26": 0.08350941081993321, "27": 0.0510206500645722, "28": 0.5016592610441468, "29": 0.949200144743159, "30": 0.5005820071343787, "31": 0.49868655409505686, "32": 0.050991034030250765, "33": 0.49925266991843253, "34": 0.949200144743159, "35": 0.9497343523911591, "36": 0.4988785479792296, "37": 0.05166464588171805, "38": 0.9495536942025988, "39": 0.07196539873023612, "40": 0.49978927083135166, "41": 0.497648760359672, "42": 0.9475638995767683, "43": 0.5013130876360017, "44": 0.050983081484127564, "45": 0.07196539873023612, "46": 0.49385242767889476, "47": 0.05123498293884164, "48": 0.9497343523911591, "49": 0.055098898689469544, "50": 0.4999136329852504, "51": 0.4980979516659712, "52": 0.49868655409505686, "53": 0.9496091045657902, "54": 0.9495536942025988, "55": 0.4979223453615671, "56": 0.49924138388802797, "57": 0.4988785479792296, "58": 0.9485639296979889, "59": 0.4999143946560125, "60": 0.9490342422510971, "61": 0.4962754144757636, "62": 0.050463668637363075, "63": 0.9496091045657902, "64": 0.5010335311631298, "65": 0.49962633495921627, "66": 0.05051568488970315, "67": 0.4999143946560125, "68": 0.05051568488970315, "69": 0.05091794617779759, "70": 0.05097512893800436, "71": 0.5007798671736283, "72": 0.05219662528003495, "73": 0.9496381203974003, "74": 0.47223943318481676, "75": 0.9434797740204831, "76": 0.9492819648489944, "77": 0.5013130876360017, "78": 0.49918217408524834, "79": 0.4922750281993588, "80": 0.08350941081993321, "81": 0.052017457894974126, "82": 0.4979223453615671, "83": 0.4987756823996122, "84": 0.05057738335789815, "85": 0.050983081484127564, "86": 0.5006030458608377, "87": 0.5004313793739534, "88": 0.05189236416465782, "89": 0.47223943318481676, "90": 0.9434797740204831, "91": 0.5010335311631298, "92": 0.5020704862019081, "93": 0.05091794617779759, "94": 0.49918217408524834, "95": 0.052017457894974126, "96": 0.9490342422510971, "97": 0.500499050995672, "98": 0.05219662528003495, "99": 0.5006030458608377}, "3": {"0": 0.9481215260841931, "1": 0.4997312245971707,