{"0": {"0": 0.6318572850409152, "1": 0.6318572850409152, "2": 3.8125131712445875e-06, "3": 0.6318572850409152, "4": 0.6318572850409152, "5": 2.335729426039199e-06, "6": 0.6318572850409152, "7": 2.2832843464418086e-06, "8": 0.6318572850409152, "9": 0.6318572850409152, "10": 0.6318572850409152, "11": 0.6318572850409152, "12": 0.6318572850409152, "13": 1.6659077194193992e-06, "14": 0.6318572850409152, "15": 0.6318572850409152, "16": 4.03263100568057e-06, "17": 0.6318572850409152, "18": 2.511864364583485e-06, "19": 4.199657595769315e-06, "20": 0.6318572850409152, "21": 3.886911165916312e-06, "22": 0.6318572850409152, "23": 0.6318572850409152, "24": 3.039202706742393e-06, "25": 4.268199121505279e-06, "26": 3.871435426544297e-06, "27": 0.6318572850409152, "28": 0.6318572850409152, "29": 2.9934710719916147e-06, "30": 4.006706946150158e-06, "31": 0.6318572850409152, "32": 0.6318572850409152, "33": 0.6318572850409152, "34": 0.6318572850409152, "35": 0.6318572850409152, "36": 0.6318572850409152, "37": 2.344241734761927e-06, "38": 0.6318572850409152, "39": 3.4541598769065684e-06, "40": 3.024324707215459e-06, "41": 0.6318572850409152, "42": 0.6318572850409152, "43": 3.0910008594668706e-06, "44": 0.6318572850409152, "45": 0.6318572850409152, "46": 0.6318572850409152, "47": 0.6318572850409152, "48": 0.6318572850409152, "49": 0.6318572850409152, "50": 3.5904873741227917e-06, "51": 0.6318572850409152, "52": 0.6318572850409152, "53": 0.6318572850409152, "54": 0.6318572850409152, "55": 3.4889560126915915e-06, "56": 0.6318572850409152, "57": 0.6318572850409152, "58": 0.6318572850409152, "59": 2.1340995607526393e-06, "60": 0.6318572850409152, "61": 0.6318572850409152, "62": 3.974426952909199e-06, "63": 0.6318572850409152, "64": 0.6318572850409152, "65": 0.6318572850409152, "66": 4.006706946150158e-06, "67": 0.6318572850409152, "68": 0.6318572850409152, "69": 0.6318572850409152, "70": 2.950271467654678e-06, "71": 3.4889560126915915e-06, "72": 0.6318572850409152, "73": 0.6318572850409152, "74": 0.6318572850409152, "75": 0.6318572850409152, "76": 3.3223831507651454e-06, "77": 3.6943488255737567e-06, "78": 0.6318572850409152, "79": 3.620441594314832e-06, "80": 0.6318572850409152, "81": 3.5904873741227917e-06, "82": 0.6318572850409152, "83": 0.6318572850409152, "84": 0.6318572850409152, "85": 3.8125131712445875e-06, "86": 0.6318572850409152, "87": 0.6318572850409152, "88": 3.488643978867621e-06, "89": 0.6318572850409152, "90": 4.199657595769315e-06, "91": 3.3223831507651454e-06, "92": 4.03263100568057e-06, "93": 3.488643978867621e-06, "94": 0.6318572850409152, "95": 0.6318572850409152, "96": 0.6318572850409152, "97": 3.4541598769065684e-06, "98": 0.6318572850409152, "99": 1.9357177132721484e-06}, "1": {"0": 0.6591204635123002, "1": 0.6591204635123002, "2": 0.6591204635123002, "3": 0.6591204635123002, "4": 0.6591204635123002, "5": 0.6591204635123002, "6": 0.6591204635123002, "7": 0.6591204635123002, "8": 1.696650504858474e-05, "9": 2.0164382759179846e-05, "10": 1.5488310138035626e-05, "11": 0.6591204635123002, "12": 0.6591204635123002, "13": 0.6591204635123002, "14": 1.799302233194104e-05, "15": 1.683980842333391e-05, "16": 0.6591204635123002, "17": 0.6591204635123002, "18": 0.6591204635123002, "19": 1.3594180790358003e-05, "20": 0.6591204635123002, "21": 1.8468606951727166e-05, "22": 0.6591204635123002, "23": 0.6591204635123002, "24": 0.6591204635123002, "25": 0.6591204635123002, "26": 1.6592572934638845e-05, "27": 0.6591204635123002, "28": 0.6591204635123002, "29": 1.635538801109966e-05, "30": 0.6591204635123002, "31": 0.6591204635123002, "32": 1.5928222482965625e-05, "33": 0.6591204635123002, "34": 0.6591204635123002, "35": 0.6591204635123002, "36": 1.652254043963057e-05, "37": 1.652254043963057e-05, "38": 1.7210141436344725e-05, "39": 0.6591204635123002, "40": 0.6591204635123002, "41": 1.5821757858094216e-05, "42": 1.559010366777619e-05, "43": 0.6591204635123002, "44": 0.6591204635123002, "45": 1.1139716907403677e-05, "46": 0.6591204635123002, "47": 1.1333471743877773e-05, "48": 1.2228834706644712e-05, "49": 6.413014540692173e-06, "50": 1.157032070362981e-05, "51": 1.5276528235334743e-05, "52": 0.6591204635123002, "53": 0.6591204635123002, "54": 1.1139716907403677e-05, "55": 1.5312162809465428e-05, "56": 1.478025231908888e-05, "57": 0.6591204635123002, "58": 1.2180076721920848e-05, "59": 1.8246636479727305e-05, "60": 0.6591204635123002, "61": 0.6591204635123002, "62": 1.6148957569043425e-05, "63": 1.2046392950163419e-05, "64": 8.488510837581034e-06, "65": 1.7095405098294022e-05, "66": 0.6591204635123002, "67": 1.0537856414788533e-05, "68": 7.257275584412107e-06, "69": 0.6591204635123002, "70": 0.6591204635123002, "71": 0.6591204635123002, "72": 0.6591204635123002, "73": 1.696650504858474e-05, "74": 0.6591204635123002, "75": 1.7210141436344725e-05, "76": 0.6591204635123002, "77": 1.1333471743877773e-05, "78": 0.6591204635123002, "79": 1.0537856414788533e-05, "80": 0.6591204635123002, "81": 1.4051278658359545e-05, "82": 0.6591204635123002, "83": 0.6591204635123002, "84": 1.5928222482965625e-05, "85": 0.6591204635123002, "86": 1.2180076721920848e-05, "87": 1.5615370923905298e-05, "88": 0.6591204635123002, "89": 0.6591204635123002, "90": 0.6591204635123002, "91": 0.6591204635123002, "92": 8.17769400554983e-06, "93": 0.6591204635123002, "94": 0.6591204635123002, "95": 0.6591204635123002, "96": 0.6591204635123002, "97": 0.6591204635123002, "98": 1.6148957569043425e-05, "99": 1.8468606951727166e-05}, "2": {"0": 0.6530983049405075, "1": 0.6530983049405075, "2": 0.6530983049405075, "3": 0.6530983049405075, "4": 0.6530983049405075, "5": 0.6530983049405075, "6": 0.6530983049405075, "7": 0.6530983049405075, "8": 1.0509621712672787e-05, "9": 0.6530983049405075, "10": 0.6530983049405075, "11": 0.6530983049405075, "12": 9.338049052057234e-06, "13": 0.6530983049405075, "14": 0.6530983049405075, "15": 9.163142129202428e-06, "16": 0.6530983049405075, "17": 7.326677480581575e-06, "18": 0.6530983049405075, "19": 9.401027823226877e-06, "20": 9.401762266891753e-06, "21": 0.6530983049405075, "22": 0.6530983049405075, "23": 0.6530983049405075, "24": 9.888778004816073e-06, "25": 0.6530983049405075, "26": 4.05575104440392e-06, "27": 0.6530983049405075, "28": 1.019749743770911e-05, "29": 0.6530983049405075, "30": 0.6530983049405075, "31": 0.6530983049405075, "32": 9.206576736854292e-06, "33": 0.6530983049405075, "34": 1.0106655801657114e-05, "35": 0.6530983049405075, "36": 0.6530983049405075, "37": 9.299906413502903e-06, "38": 9.338049052057234e-06, "39": 0.6530983049405075, "40": 0.6530983049405075, "41": 0.6530983049405075, "42": 0.6530983049405075, "43": 0.6530983049405075, "44": 7.863275142432855e-06, "45": 0.6530983049405075, "46": 0.6530983049405075, "47": 0.6530983049405075, "48": 0.6530983049405075, "49": 0.6530983049405075, "50": 1.055418542781003e-05, "51": 0.6530983049405075, "52": 0.6530983049405075, "53": 0.6530983049405075, "54": 0.6530983049405075, "55": 9.406322099549087e-06, "56": 0.6530983049405075, "57": 9.299906413502903e-06, "58": 0.6530983049405075, "59": 0.6530983049405075, "60": 0.6530983049405075, "61": 4.186566253264924e-06, "62": 3.162761230819417e-06, "63": 0.6530983049405075, "64": 0.6530983049405075, "65": 0.6530983049405075, "66": 7.863275142432855e-06, "67": 0.6530983049405075, "68": 0.6530983049405075, "69": 0.6530983049405075, "70": 0.6530983049405075, "71": 0.6530983049405075, "72": 0.6530983049405075, "73": 0.6530983049405075, "74": 0.6530983049405075, "75": 9.245966323636716e-06, "76": 0.6530983049405075, "77": 0.6530983049405075, "78": 1.019749743770911e-05, "79": 9.326144211592902e-06, "80": 0.6530983049405075, "81": 0.6530983049405075, "82": 0.6530983049405075, "83": 0.6530983049405075, "84": 9.163142129202428e-06, "85": 0.6530983049405075, "86": 0.6530983049405075, "87": 0.6530983049405075, "88": 1.0023736535049585e-05, "89": 9.751134492020302e-06, "90": 1.006519616835335e-05, "91": 1.006519616835335e-05, "92": 0.6530983049405075,