{"0": {"0": 0.001328991702830727, "1": 0.49812656316064885, "2": 0.0005295905446292915, "3": 0.23035636099527235, "4": 0.38608857668844276, "5": 0.7834356083994856, "6": 0.7325098590732619, "7": 0.7830650922732416, "8": 0.4761019626943117, "9": 0.6854646465600498, "10": 0.4215211105547899, "11": 0.4215211105547899, "12": 0.4650303359351657, "13": 0.21757920344653975, "14": 0.000608765375781673, "15": 0.3742039144731768, "16": 0.5134058805521335, "17": 0.6324391069394348, "18": 0.8953871700786633, "19": 0.8882710235632827, "20": 0.2525800138202915, "21": 0.4511209546705808, "22": 0.5041396317206279, "23": 0.8860533319056941, "24": 0.5896449425553987, "25": 0.38608857668844276, "26": 0.8553754203168185, "27": 0.49812656316064885, "28": 0.45673669151638885, "29": 0.7381798557790692, "30": 0.6899165069308093, "31": 0.0005316708128258051, "32": 0.9787891606505899, "33": 0.43096090468355014, "34": 0.45673669151638885, "35": 0.6854646465600498, "36": 0.30976595953580954, "37": 0.36426285621634347, "38": 0.846278094791975, "39": 0.5896449425553987, "40": 0.7883344434076274, "41": 0.7325098590732619, "42": 0.565875460799528, "43": 0.4511209546705808, "44": 0.7381798557790692, "45": 0.5686984229262317, "46": 0.4761019626943117, "47": 0.8814358199910435, "48": 0.0001796051641190274, "49": 0.6899165069308093, "50": 4.765385589583813e-05, "51": 0.4650303359351657, "52": 0.23993553563274903, "53": 0.001328991702830727, "54": 0.21757920344653975, "55": 0.604159950707235, "56": 0.0001714028190014027, "57": 0.5134058805521335, "58": 0.9787891606505899, "59": 0.0005707959465805483, "60": 0.8814358199910435, "61": 0.21757920344653975, "62": 0.00017687104907981914, "63": 0.2525800138202915, "64": 0.7834356083994856, "65": 8.905519852413766e-05, "66": 0.6422951022300425, "67": 0.7883344434076274, "68": 0.23035636099527235, "69": 0.00023074972457819108, "70": 0.00023074972457819108, "71": 0.565875460799528, "72": 0.0005316708128258051, "73": 0.7423723227562122, "74": 0.0005707959465805483, "75": 0.8953871700786633, "76": 0.30976595953580954, "77": 0.5686984229262317, "78": 0.36426285621634347, "79": 0.27911955989412246, "80": 0.7423723227562122, "81": 0.8882710235632827, "82": 9.009728406872743e-05, "83": 0.23993553563274903, "84": 0.36426285621634347, "85": 0.8860533319056941, "86": 0.3742039144731768, "87": 0.5896449425553987, "88": 0.604159950707235, "89": 0.8553754203168185, "90": 0.6422951022300425, "91": 0.27911955989412246, "92": 9.009728406872743e-05, "93": 0.8814358199910435, "94": 0.43096090468355014, "95": 0.0001796051641190274, "96": 0.5041396317206279, "97": 0.7830650922732416, "98": 0.846278094791975, "99": 0.6324391069394348}, "1": {"0": 0.26687001630676094, "1": 0.72940870529471, "2": 0.6432751403058343, "3": 0.5314878465324157, "4": 0.000113741767908032, "5": 0.00026667472974231047, "6": 0.40002775826925496, "7": 0.0005643978719378685, "8": 0.611027447648472, "9": 0.652328953472084, "10": 0.7557041414825578, "11": 0.2152671381163382, "12": 0.672118571430104, "13": 0.0002768726642801889, "14": 0.72940870529471, "15": 0.0008571677732893857, "16": 0.8238899176867933, "17": 0.672118571430104, "18": 0.35060355992631964, "19": 0.9587527729300842, "20": 0.26687001630676094, "21": 0.9548856520695019, "22": 0.6957109126091107, "23": 0.40794372272029555, "24": 0.40794372272029555, "25": 0.9470228075835383, "26": 0.43092919511029104, "27": 0.00044318337060426043, "28": 0.813726241748581, "29": 0.00041605499727396904, "30": 0.40794372272029555, "31": 0.6432751403058343, "32": 0.00011437023021255558, "33": 0.40794372272029555, "34": 0.813726241748581, "35": 0.28184082089417534, "36": 0.00029891423995464156, "37": 0.9548856520695019, "38": 0.8238899176867933, "39": 0.00046626041631041173, "40": 0.9548856520695019, "41": 0.24110400281061883, "42": 0.00029998692949534416, "43": 0.24110400281061883, "44": 0.8238899176867933, "45": 0.4870604677776496, "46": 0.0004967371390692501, "47": 0.8538224993732617, "48": 0.00044318337060426043, "49": 0.0006556481683406346, "50": 0.00046626041631041173, "51": 0.0005643978719378685, "52": 0.5314878465324157, "53": 0.2152671381163382, "54": 0.00041659505480570107, "55": 5.7240724991476495e-05, "56": 0.00029998692949534416, "57": 0.9587527729300842, "58": 0.42509004777630355, "59": 0.3644165491086183, "60": 0.7557041414825578, "61": 0.4360677631679547, "62": 0.24110400281061883, "63": 0.28184082089417534, "64": 0.9357971272407415, "65": 0.898871378467285, "66": 0.00012832810250744061, "67": 0.35060355992631964, "68": 0.00029891423995464156, "69": 0.40002775826925496, "70": 0.611027447648472, "71": 0.611027447648472, "72": 0.898871378467285, "73": 0.3644165491086183, "74": 0.000113741767908032, "75": 0.652328953472084, "76": 0.9357971272407415, "77": 0.0004967371390692501, "78": 0.0017143355465787714, "79": 0.5956368427853129, "80": 0.5956368427853129, "81": 0.9955936875156438, "82": 0.9955936875156438, "83": 0.4870604677776496, "84": 0.00012832810250744061, "85": 0.611027447648472, "86": 0.00041605499727396904, "87": 0.42509004777630355, "88": 0.6432751403058343, "89": 0.6957109126091107, "90": 0.43092919511029104, "91": 0.8538224993732617, "92": 0.9470228075835383, "93": 0.35060355992631964, "94": 0.9357971272407415, "95": 0.4360677631679547, "96": 0.8238899176867933, "97": 0.8538224993732617, "98": 0.9357971272407415, "99": 0.0017143355465787714}, "2": {"0": 0.0010219910951288708, "1": 0.5978614149268866, "2": 0.9218013007572619, "3": 0.0008467349322337067, "4": 0.002297579051780626, "5": 0.8129842209376934, "6": 0.9534719384373511, "7": 0.4139839160384816, "8": 0.0007478045313685686, "9": 0.9891059963542335, "10": 0.3333113799527013, "11": 0.45602350724956575, "12": 0.5058714497157037, "13": 0.29190648349271936, "14": 0.0008172848303911644, "15": 0.0009196379627600176, "16": 0.8585018823971813, "17": 0.33526065825104356, "18": 0.002297579051780626, "19": 0.0010134005509901882, "20": 0.2623046069607904, "21": 0.5058714497157037, "22": 0.2502854611070938, "23": 0.4376792748227504, "24": 0.6153630695030149, "25": 0.4403630917211555, "26": 0.5058714497157037, "27": 0.8875473427615843, "28": 0.7872598099193835, "29": 0.9891059963542335, "30": 0.33896492175662163, "31": 0.8759251806733368, "32": 0.00021937267025333153, "33": 0.9668200553899322, "34": 0.45602350724956575, "35": 0.4376792748227504, "36": 0.5930581555263801, "37": 0.0010134005509901882, "38": 0.33896492175662163, "39": 0.2502854611070938, "40": 0.29190648349271936, "41": 0.9218013007572619, "42": 0.2292931769020365, "43": 0.0007992382000783194, "44": 0.000512260852673715, "45": 0.5930581555263801, "46": 0.000512260852673715, "47": 0.8875473427615843, "48": 0.7872598099193835, "49": 0.8585018823971813, "50": 0.33874166120500016, "51": 0.30605990867905375, "52": 0.2292931769020365, "53": 0.00020207419827712706, "54": 0.2623046069607904, "55": 0.7068094932496969, "56": 0.9041049492105875, "57": 0.7068094932496969, "58": 0.8129842209376934, "59": 0.855026696648207, "60": 0.855026696648207, "61": 0.9668200553899322, "62": 0.7627391211158636, "63": 0.4403630917211555, "64": 0.0022504795594256027, "65": 0.7332816374535678, "66": 0.4376792748227504, "67": 0.9218013007572619, "68": 0.0009196379627600176, "69": 0.4139839160384816, "70": 0.3333113799527013, "71": 0.9668200553899322, "72": 0.8129842209376934, "73": 0.33874166120500016, "74": 0.9041049492105875, "75": 0.9534719384373511, "76": 0.2502854611070938, "77": 0.00038110089506883, "78": 0.33526065825104356, "79": 0.5978614149268866, "80": 0.0022504795594256027, "81": 0.0007992382000783194, "82": 0.8585018823971813, "83": 0.0003783593945054218, "84": 0.7332816374535678, "85": 0.7156308253536707, "86": 0.9668200553899322, "87": 0.00020207419827712706, "88": 0.30605990867905375, "89": 0.7156308253536707, "90": 0.0007478045313685686, "91": 0.8759251806733368, "92": 0.30208172437526615, "93": 0.6153630695030149, "94": 0.8875473427615843, "95": 0.7627391211158636, "96": 0.8759251806733368, "97": 0.0003783593945054218,