{"0": {"0": 0.9499926518452559, "1": 0.49999697594631476, "2": 0.4999965735893419, "3": 0.4999980513747641, "4": 0.499996585365819, "5": 0.9499912321632267, "6": 0.4999963698374426, "7": 0.49999634164507206, "8": 0.05000225603416535, "9": 0.4999958828663843, "10": 0.49999784998119656, "11": 0.49999608395267964, "12": 0.949993804178331, "13": 0.9499913677337819, "14": 0.05000243144061914, "15": 0.4999964058573203, "16": 0.05000217953739024, "17": 0.05000176647705023, "18": 0.9499926346847951, "19": 0.9499952954111885, "20": 0.4999961121407583, "21": 0.05000216273830993, "22": 0.25715556350494695, "23": 0.050002521809227936, "24": 0.05000239925625319, "25": 0.9499922893256902, "26": 0.9499910205794831, "27": 0.4999981429243169, "28": 0.49999662148448376, "29": 0.05000274056107949, "30": 0.9499952030804507, "31": 0.9499937684042595, "32": 0.9499926713709933, "33": 0.9499928866351972, "34": 0.949994810749798, "35": 0.4999959803499101, "36": 0.49999600645819675, "37": 0.9499918541542495, "38": 0.9499906314341234, "39": 0.4999963479405448, "40": 0.9499924797613483, "41": 0.9499913138162024, "42": 0.050002411590582704, "43": 0.9499957596810593, "44": 0.9499933293906726, "45": 0.050001709981885176, "46": 0.4999952474471312, "47": 0.0500021403744483, "48": 0.4999958423511916, "49": 0.9499958729513223, "50": 0.949993804178331, "51": 0.25715448406619823, "52": 0.05000190999186736, "53": 0.49999805607037917, "54": 0.4999953029037086, "55": 0.4999972406267481, "56": 0.9499956160816133, "57": 0.050002606018682116, "58": 0.9499933293906726, "59": 0.05000216453873693, "60": 0.2571550237855726, "61": 0.9499926346847951, "62": 0.9499916067880496, "63": 0.9499954929472372, "64": 0.4999958828663843, "65": 0.05000108735957823, "66": 0.05000239925625319, "67": 0.9499961446628451, "68": 0.49999521038122974, "69": 0.05000243144061914, "70": 0.4999958936408423, "71": 0.4999956557402868, "72": 0.4999956557402868, "73": 0.49999618241766186, "74": 0.49999644632753226, "75": 0.4999967503185905, "76": 0.4999963479405448, "77": 0.49999848095371663, "78": 0.05000176647705023, "79": 0.050001081369154966, "80": 0.2571550237855726, "81": 0.9499962280533947, "82": 0.9499920953665559, "83": 0.49999584688733173, "84": 0.05000190999186736, "85": 0.49999598301171577, "86": 0.05000107018722415, "87": 0.9499939736282222, "88": 0.050002521809227936, "89": 0.4999958936408423, "90": 0.05000248991646657, "91": 0.4999978597690124, "92": 0.49999584688733173, "93": 0.9499920432746989, "94": 0.4999984879731574, "95": 0.4999959803499101, "96": 0.9499920953665559, "97": 0.9499920432746989, "98": 0.05000217953739024, "99": 0.4999972406267481}, "1": {"0": 0.9499920077780006, "1": 0.5000028584485192, "2": 0.50000222123148, "3": 0.050002281055824334, "4": 0.05000221935222472, "5": 0.9499921139679162, "6": 0.05000163931603886, "7": 0.050001711627211246, "8": 0.500002372759157, "9": 0.5000022403446454, "10": 0.5000026014566961, "11": 0.9499921254764409, "12": 0.9499930502428939, "13": 0.5000019585960751, "14": 0.9499936981401502, "15": 0.5000011511035394, "16": 0.05000191262553344, "17": 0.5000018982631993, "18": 0.28217409396845866, "19": 0.050002324610418036, "20": 0.5000026745122279, "21": 0.5000028664628596, "22": 0.050000913914065366, "23": 0.5000030151700487, "24": 0.05000191262553344, "25": 0.05000203144520897, "26": 0.5000014522763516, "27": 0.9499928413295218, "28": 0.5000026464716427, "29": 0.05000220398728174, "30": 0.05000196045321337, "31": 0.9499964007281498, "32": 0.9499935227999738, "33": 0.5000026604919353, "34": 0.5000022667604055, "35": 0.500002778863667, "36": 0.500002270817701, "37": 0.9499927984306095, "38": 0.5000022293988251, "39": 0.9499924463110638, "40": 0.5000026513085234, "41": 0.0500022913436098, "42": 0.28217409396845866, "43": 0.5000021368465308, "44": 0.949991862362362, "45": 0.05000222603011764, "46": 0.9499930236593989, "47": 0.5000023917965848, "48": 0.2901836179294667, "49": 0.5000020976363381, "50": 0.5000026757654544, "51": 0.5000020976363381, "52": 0.05000177590150287, "53": 0.5000024016988007, "54": 0.9499921701956526, "55": 0.5000018692335799, "56": 0.9499921822612031, "57": 0.5000028584485192, "58": 0.5000014377588499, "59": 0.5000027869350132, "60": 0.5000027640471401, "61": 0.050001916278430446, "62": 0.5000027640471401, "63": 0.9499931576542487, "64": 0.050002078123075326, "65": 0.050001641484823195, "66": 0.0500021425318157, "67": 0.5000011333802028, "68": 0.5000024016988007, "69": 0.5000024389758739, "70": 0.5000027062676817, "71": 0.05000186085312293, "72": 0.9499931576542487, "73": 0.5000027869350132, "74": 0.500001042270225, "75": 0.9499927984306095, "76": 0.5000026513085234, "77": 0.2901836179294667, "78": 0.5000008277169941, "79": 0.5000022617581621, "80": 0.050002281055824334, "81": 0.5000019585960751, "82": 0.0500017086996648, "83": 0.050001610329626675, "84": 0.5000023156406754, "85": 0.9499935227999738, "86": 0.9499921254764409, "87": 0.05000081965801943, "88": 0.050000930426561466, "89": 0.5000026014566961, "90": 0.5000025061821153, "91": 0.9499924430108804, "92": 0.5000014522763516, "93": 0.05000221935222472, "94": 0.9499972109347575, "95": 0.050001711627211246, "96": 0.5000022293988251, "97": 0.0500017086996648, "98": 0.5000023156406754, "99": 0.9499936981401502}, "2": {"0": 0.49999912436631255, "1": 0.49999898765320083, "2": 0.050036353824788715, "3": 0.9499948509384663, "4": 0.9499941071714006, "5": 0.9499938908822092, "6": 0.05007912705894666, "7": 0.05003828854590128, "8": 0.4999987897004555, "9": 0.05008656973261536, "10": 0.050082678478150164, "11": 0.9499954944980619, "12": 0.49999889848171564, "13": 0.4999987312416796, "14": 0.050052422103841684, "15": 0.49999865131501214, "16": 0.49999896054403004, "17": 0.9499945616120793, "18": 0.9499947188266519, "19": 0.4999986576468364, "20": 0.050066865902216984, "21": 0.9499940435550192, "22": 0.949995796935908, "23": 0.49999900371397776, "24": 0.4999989109328916, "25": 0.05004042404563698, "26": 0.05003758481722917, "27": 0.49999879821581006, "28": 0.05006807590947387, "29": 0.49999905764444863, "30": 0.9499959537357071, "31": 0.4999990790683864, "32": 0.9499942089342326, "33": 0.9499941523190933, "34": 0.499999182763024, "35": 0.949995796935908, "36": 0.4999988440910856, "37": 0.050035842192638985, "38": 0.949994019443797, "39": 0.05005638591932453, "40": 0.9499958855159245, "41": 0.9499944674286602, "42": 0.49999882320968425, "43": 0.050075891552065654, "44": 0.4999987452160298, "45": 0.9499969796378651, "46": 0.0500383947642456, "47": 0.05004739034178506, "48": 0.4999989623646822, "49": 0.949994019443797, "50": 0.949995304359853, "51": 0.49999879862051577, "52": 0.05003934897652471, "53": 0.49999879821581006, "54": 0.49999885202229627, "55": 0.4999987312416796, "56": 0.05001835284456239, "57": 0.4999987455410152, "58": 0.49999882320968425, "59": 0.9499948651776892, "60": 0.9499974325888445, "61": 0.7386594332856793, "62": 0.4999989936757944, "63": 0.4999991054841555, "64": 0.050075891552065654, "65": 0.0500490909699151, "66": 0.050052422103841684, "67": 0.4999988224954033, "68": 0.05004153137236139, "69": 0.4999988178769752, "70": 0.49999892786813704, "71": 0.499998791248608, "72": 0.49999912436631255, "73": 0.0500490909699151, "74": 0.7386594332856793, "75": 0.4999989328442924, "76": 0.9499941071714006, "77": 0.9499948509384663, "78": 0.050082678478150164, "79": 0.49999876465272375, "80": 0.7386594332856793, "81": 0.4999995239058048, "82": 0.9499942160306685, "83": 0.05004042404563698, "84": 0.05006807590947387, "85": 0.9499972337143301, "86": 0.9499961860006463, "87": 0.9499961860006463, "88": 0.49999949037376756, "89": 0.949995304359853, "90": 0.050039563529473335, "91": 0.9499946203023673, "92": 0.9499973101511836, "93": 0.4999987455410152, "94": 0.49999901916422396, "95": 0.49999892786813704, "96": 0.49999901916422396, "97": 0.4999994811823411, "98": 0.4999993823263619, "99": 0.9499954944980619}, "3": {"0": 0.4999642552640446, "1": 0.050008551010591776, "2": 0.9499932978590919,