{"0": {"0": 0.32968206711886605, "1": 0.26932826697317375, "2": 0.24957528749908697, "3": 0.374642605611523, "4": 0.14982908816592228, "5": 0.2940577470256104, "6": 0.23723394731015882, "7": 0.3338890895278658, "8": 0.2571806465906663, "9": 0.28387703373088047, "10": 0.4083853834366641, "11": 0.22140301961044084, "12": 0.22500118022317073, "13": 0.24440762223869633, "14": 0.24652612991557293, "15": 0.2607274700955321, "16": 0.2406854694332072, "17": 0.3751165263325855, "18": 0.2388067696687824, "19": 0.1128337224941654, "20": 0.24811033315499648, "21": 0.3546282549771501, "22": 0.22418767131940814, "23": 0.22958627757742905, "24": 0.27798584017627453, "25": 0.2086549982298663, "26": 0.2631461535583191, "27": 0.2408422903542201, "28": 0.367028899212571, "29": 0.3733567831908802, "30": 0.3355746071957957, "31": 0.2233623552542297, "32": 0.258961308393645, "33": 0.20633451552995294, "34": 0.20633451552995294, "35": 0.3852586655713559, "36": 0.22373088394932433, "37": 0.3273479484864934, "38": 0.3273479484864934, "39": 0.23406292415265012, "40": 0.3037224942898093, "41": 0.227679779053859, "42": 0.23406292415265012, "43": 0.29283068302391785, "44": 0.2275720856710181, "45": 0.2408422903542201, "46": 0.1764745455516188, "47": 0.30245647048789426, "48": 0.23760984898525123, "49": 0.2932536869105766, "50": 0.27309486862328924, "51": 0.14982908816592228, "52": 0.2734643386650165, "53": 0.18504380678595078, "54": 0.23264228189434716, "55": 0.293657958269657, "56": 0.21353525973461196, "57": 0.3355746071957957, "58": 0.2337160785051257, "59": 0.3166412721640812, "60": 0.32968206711886605, "61": 0.3115884662357976, "62": 0.19056305516100416, "63": 0.2642202634869526, "64": 0.251482940325928, "65": 0.20114109921382928, "66": 0.284365591041598, "67": 0.26771305687837305, "68": 0.3037224942898093, "69": 0.22373088394932433, "70": 0.2731926800355263, "71": 0.3037687282546648, "72": 0.3964153415119589, "73": 0.2406854694332072, "74": 0.2858867087380683, "75": 0.2275720856710181, "76": 0.35690081173138316, "77": 0.27662955622057306, "78": 0.24633869344938536, "79": 0.27309486862328924, "80": 0.27355165497139977, "81": 0.34403073327104994, "82": 0.3115884662357976, "83": 0.34403073327104994, "84": 0.2233623552542297, "85": 0.2642202634869526, "86": 0.27722315414308635, "87": 0.23264228189434716, "88": 0.24440762223869633, "89": 0.21353525973461196, "90": 0.2631461535583191, "91": 0.31699425712617635, "92": 0.24811033315499648, "93": 0.3734538737892864, "94": 0.374642605611523, "95": 0.31699425712617635, "96": 0.2700807172445747, "97": 0.27722315414308635, "98": 0.24652612991557293, "99": 0.27355165497139977}, "1": {"0": 0.302775031749945, "1": 0.2775655549476529, "2": 0.2306869914799105, "3": 0.26552583231049376, "4": 0.3366656273276422, "5": 0.35723115208084333, "6": 0.2685454044894814, "7": 0.26663559021062766, "8": 0.2743908269192872, "9": 0.27585375083024266, "10": 0.26838469844593704, "11": 0.26394264208049856, "12": 0.302775031749945, "13": 0.30025939060556883, "14": 0.25749192965400275, "15": 0.358662255174503, "16": 0.40490180995675545, "17": 0.26838469844593704, "18": 0.2857050034991996, "19": 0.1635066181665408, "20": 0.2842490668044302, "21": 0.2306869914799105, "22": 0.2886714397051673, "23": 0.4029710791556219, "24": 0.30868082964317317, "25": 0.2886714397051673, "26": 0.28737371013152946, "27": 0.30444724635470044, "28": 0.30025939060556883, "29": 0.31833575005872133, "30": 0.3945427937369123, "31": 0.28737371013152946, "32": 0.27990581968334305, "33": 0.2923442577808625, "34": 0.3245148188668236, "35": 0.2726396208933533, "36": 0.24875225060337247, "37": 0.2686371222611555, "38": 0.300420331584344, "39": 0.3047920877573924, "40": 0.31812054158314473, "41": 0.1966264447075292, "42": 0.3446366207630758, "43": 0.35809875840337957, "44": 0.32150039021980814, "45": 0.27550489508109494, "46": 0.3366656273276422, "47": 0.28751527785733627, "48": 0.35246733668863417, "49": 0.2630440892029673, "50": 0.34067430521526265, "51": 0.40906027079157237, "52": 0.4022236231773502, "53": 0.23507409446897648, "54": 0.16933571985258364, "55": 0.27048510417417004, "56": 0.3449334267032, "57": 0.23507409446897648, "58": 0.27431203938513904, "59": 0.39139656505483034, "60": 0.1985701542052595, "61": 0.33546882066213624, "62": 0.34920420422458054, "63": 0.2736803072689419, "64": 0.3458884645867974, "65": 0.2736803072689419, "66": 0.16423688295177832, "67": 0.2745133196557593, "68": 0.24875225060337247, "69": 0.2886714397051673, "70": 0.27223637782154675, "71": 0.2685962487519318, "72": 0.35809875840337957, "73": 0.3843185611305777, "74": 0.16423688295177832, "75": 0.34120956143443537, "76": 0.39617212889043124, "77": 0.3458884645867974, "78": 0.2842490668044302, "79": 0.2810332746077363, "80": 0.1618016940920164, "81": 0.3449334267032, "82": 0.2775655549476529, "83": 0.45148553957781096, "84": 0.26663559021062766, "85": 0.300420331584344, "86": 0.2743908269192872, "87": 0.34120956143443537, "88": 0.3723480463029446, "89": 0.38152204460148365, "90": 0.33546882066213624, "91": 0.35872384873914914, "92": 0.20361557604042166, "93": 0.34920420422458054, "94": 0.30868082964317317, "95": 0.27990581968334305, "96": 0.3245148188668236, "97": 0.1618016940920164, "98": 0.3871560196925695, "99": 0.35872384873914914}, "2": {"0": 0.2587210736163009, "1": 0.14050754128098436, "2": 0.25499792834765855, "3": 0.2289375035736716, "4": 0.22017762475969255, "5": 0.2734272853035572, "6": 0.16696902074884265, "7": 0.12138421126925569, "8": 0.2718416232282509, "9": 0.25675845623614735, "10": 0.28422514507624597, "11": 0.27822201122632384, "12": 0.3075945501179262, "13": 0.20740447577053023, "14": 0.3938920816022521, "15": 0.34702304053420474, "16": 0.2817938740217044, "17": 0.2967492057481049, "18": 0.250785111606753, "19": 0.17258551053577095, "20": 0.2756300779105661, "21": 0.23872269508055566, "22": 0.32928183156311863, "23": 0.22685992458537452, "24": 0.2626550011391149, "25": 0.29846254315384657, "26": 0.39495299487537816, "27": 0.20211946278101223, "28": 0.2718416232282509, "29": 0.3051390283790314, "30": 0.20406659476128527, "31": 0.3116918339163446, "32": 0.27299070502771217, "33": 0.3222062502196402, "34": 0.1333252742956203, "35": 0.1861031251098201, "36": 0.2817938740217044, "37": 0.3350769657783529, "38": 0.33145243201697117, "39": 0.26971733551508004, "40": 0.37495237811562193, "41": 0.29727647717274797, "42": 0.20211946278101223, "43": 0.2903851062960223, "44": 0.26488318992075577, "45": 0.30524574613847005, "46": 0.3050323106195927, "47": 0.16666746881327527, "48": 0.2289375035736716, "49": 0.2636738949850025, "50": 0.19360540044040525, "51": 0.16666746881327527, "52": 0.1480258690688696, "53": 0.25971157006268364, "54": 0.2955914684217318, "55": 0.25354776128473916, "56": 0.2615849038357715, "57": 0.20659706919573423, "58": 0.23432754815092888, "59": 0.34702304053420474, "60": 0.37495237811562193, "61": 0.28193418280439253, "62": 0.27786995915103385, "63": 0.28422514507624597, "64": 0.3350769657783529, "65": 0.29189852133699956, "66": 0.3075086010656823, "67": 0.26525033642150797, "68": 0.20659706919573423, "69": 0.275918045612925, "70": 0.2742131616690512, "71": 0.2684839493609091, "72": 0.26525033642150797, "73": 0.39495299487537816, "74": 0.36008881237984625, "75": 0.29727647717274797, "76": 0.25215485994888986, "77": 0.27786995915103385, "78": 0.30822643622586243, "79": 0.2979140090023934, "80": 0.19360540044040525, "81": 0.4037543005328411, "82": 0.2830558415030254, "83": 0.3075945501179262, "84": 0.250785111606753, "85": 0.26303556792849203, "86": 0.15956497257554808, "87": 0.28193418280439253, "88": 0.2979140090023934, "89": 0.15956497257554808, "90": 0.22194604080112604, "91": 0.20740447577053023, "92": 0.27822201122632384, "93": 0.3083401628691499, "94": 0.40417008143457495, "95": 0.14067557168224495, "96": 0.2756300779105661, "97": 0.2734272853035572, "98": 0.26971733551508004, "99": 0.3203377858411225}, "3": {"0": 0.5000162441311363, "1": 0.5000081220655681,