{"0": {"0": 0.49999942119902513, "1": 0.4999993733428002, "2": 0.49999963183335583, "3": 0.49999936735232403, "4": 0.9690529080407725, "5": 0.4999993623527753, "6": 0.49999968133077477, "7": 0.4999995140483754, "8": 0.06836401096745276, "9": 0.49999929900408613, "10": 0.4999993369788389, "11": 0.8484942303635672, "12": 0.9690529080407725, "13": 0.49999931543727266, "14": 0.4999992681828568, "15": 0.046768145555005636, "16": 0.49999937295285035, "17": 0.06836401096745276, "18": 0.49999940633620477, "19": 0.49999932404255143, "20": 0.49999926496979485, "21": 0.49999940791649305, "22": 0.4999993702280009, "23": 0.13823227859078902, "24": 0.49999929311670194, "25": 0.4999993369788389, "26": 0.4999994270378614, "27": 0.49999928800859167, "28": 0.4999992582305947, "29": 0.4999993706799166, "30": 0.49999935652685096, "31": 0.4999993004886792, "32": 0.49999934670514223, "33": 0.10369926868042068, "34": 0.49999937304950404, "35": 0.03884255768867667, "36": 0.4999993609542698, "37": 0.49999968133077477, "38": 0.4999994173439637, "39": 0.4999993004902715, "40": 0.4999993650525808, "41": 0.49999942329842906, "42": 0.4999992842114961, "43": 0.4999995635878041, "44": 0.499999300443674, "45": 0.4999994302893303, "46": 0.9423456878776777, "47": 0.49999949428285284, "48": 0.4999993508041445, "49": 0.4999992842114961, "50": 0.49999929831902457, "51": 0.49999928800859167, "52": 0.4999993508041445, "53": 0.49999929428714784, "54": 0.49999935652685096, "55": 0.1273246287268342, "56": 0.49999978179390203, "57": 0.10790857750941332, "58": 0.4999993702280009, "59": 0.10790857750941332, "60": 0.4999995178824028, "61": 0.13823227859078902, "62": 0.49999920772135387, "63": 0.4999992681828568, "64": 0.9423456878776777, "65": 0.1273246287268342, "66": 0.03884255768867667, "67": 0.4999993767191415, "68": 0.499999452994609, "69": 0.49999934670514223, "70": 0.4999993270354859, "71": 0.49999936425979724, "72": 0.9423456878776777, "73": 0.1273246287268342, "74": 0.4999995140483754, "75": 0.10369926868042068, "76": 0.4999993478056991, "77": 0.49999938085294177, "78": 0.49999936735232403, "79": 0.49999929831902457, "80": 0.4999993380745007, "81": 0.4999996659742463, "82": 0.4999994173439637, "83": 0.1273246287268342, "84": 0.9423456878776777, "85": 0.4999994302893303, "86": 0.4999993767191415, "87": 0.8484942303635672, "88": 0.49999929428714784, "89": 0.9690529080407725, "90": 0.49999940791649305, "91": 0.49999940633620477, "92": 0.4999996620212757, "93": 0.4999993380745007, "94": 0.046768145555005636, "95": 0.49999931543727266, "96": 0.4999993650525808, "97": 0.9690529080407725, "98": 0.49999929900408613, "99": 0.10790857750941332}, "1": {"0": 0.500000465643287, "1": 0.8669336057453285, "2": 0.5000004928747974, "3": 0.5000004673712816, "4": 0.5000003220436748, "5": 0.500000336007498, "6": 0.03041504163659446, "7": 0.5000005602779334, "8": 0.5000005922314392, "9": 0.8669339128357544, "10": 0.5000004568895882, "11": 0.5000007249410061, "12": 0.5000005833589621, "13": 0.5000004722175699, "14": 0.5000003525210868, "15": 0.5000006148730166, "16": 0.5000003735447205, "17": 0.500000465643287, "18": 0.5000002373065416, "19": 0.5000006578495595, "20": 0.9170952031219967, "21": 0.5000004774890583, "22": 0.500000335971808, "23": 0.12518496524633027, "24": 0.5000005810018011, "25": 0.5000004244013623, "26": 0.8669343623022371, "27": 0.9159748952593998, "28": 0.5000006355108424, "29": 0.8562761886525312, "30": 0.5000006667181085, "31": 0.5000004724233175, "32": 0.8517074835945213, "33": 0.5000005780295607, "34": 0.8931291648872393, "35": 0.08620082621543951, "36": 0.1400431293025405, "37": 0.5000006490449356, "38": 0.5000004448662062, "39": 0.1400431293025405, "40": 0.5000002789730602, "41": 0.5000006609191174, "42": 0.5000003264802757, "43": 0.5000004448662062, "44": 0.917655357053295, "45": 0.5000002122006811, "46": 0.8931291648872393, "47": 0.030470944393415286, "48": 0.5000004722175699, "49": 0.5000002712904219, "50": 0.5000002801389667, "51": 0.09509690123016158, "52": 0.50000044566277, "53": 0.08620082621543951, "54": 0.5000005958128897, "55": 0.50000044566277, "56": 0.5000005810018011, "57": 0.5000006684578558, "58": 0.8842805939156322, "59": 0.5000005715121496, "60": 0.5000006134873215, "61": 0.8517074835945213, "62": 0.05521042137048829, "63": 0.917655357053295, "64": 0.09509690711959831, "65": 0.9159748952593998, "66": 0.5000005958128897, "67": 0.5000004774890583, "68": 0.05344585832337667, "69": 0.8669339128357544, "70": 0.5000006828946523, "71": 0.5000004724233175, "72": 0.12518496524633027, "73": 0.8842805939156322, "74": 0.8555733109512988, "75": 0.5000003525210868, "76": 0.5000004768515511, "77": 0.5000004928747974, "78": 0.09509690123016158, "79": 0.8842805939156322, "80": 0.5000002849107567, "81": 0.8562761886525312, "82": 0.5000004870464688, "83": 0.5000005325380148, "84": 0.05344585832337667, "85": 0.5000003073206825, "86": 0.5000003264802757, "87": 0.500000335971808, "88": 0.8555733109512988, "89": 0.05521042137048829, "90": 0.9159748952593998, "91": 0.5000006148730166, "92": 0.030470944393415286, "93": 0.5000005922314392, "94": 0.12518496524633027, "95": 0.5000006923871425, "96": 0.5000006134873215, "97": 0.8842805939156322, "98": 0.5000005325380148, "99": 0.5000006609191174}, "2": {"0": 0.4999982429107517, "1": 0.499997705932554, "2": 0.8855837032786007, "3": 0.49999769138726446, "4": 0.49999765769071114, "5": 0.49999774343183623, "6": 0.49999795708528594, "7": 0.4999978637486807, "8": 0.4999975476483933, "9": 0.9026143277535771, "10": 0.49999748052142184, "11": 0.9202030371988081, "12": 0.499998915502296, "13": 0.49999775015889375, "14": 0.4999982376464376, "15": 0.09411054775983194, "16": 0.49999790240010333, "17": 0.13997232395945503, "18": 0.8986209224065569, "19": 0.9045517865159289, "20": 0.09489108872775057, "21": 0.4999975050499937, "22": 0.4999983167387507, "23": 0.4999991975423455, "24": 0.09462137765620764, "25": 0.8855835261960991, "26": 0.09629490933270382, "27": 0.4999980493279299, "28": 0.49999812818840855, "29": 0.09900923187823862, "30": 0.9202030371988081, "31": 0.49999817504626776, "32": 0.09900923187823862, "33": 0.4999987700035834, "34": 0.4999976180093844, "35": 0.49999801246202513, "36": 0.4999980679670113, "37": 0.4999979355685541, "38": 0.499997668753771, "39": 0.49999804147316707, "40": 0.49999767708787457, "41": 0.4999982429107517, "42": 0.4999980091364503, "43": 0.8936253226823174, "44": 0.49999838854951617, "45": 0.4999979040153166, "46": 0.49999840227080394, "47": 0.11456806992417429, "48": 0.0963326822814319, "49": 0.4999978647053165, "50": 0.8936253226823174, "51": 0.49999779191073207, "52": 0.4999977429486997, "53": 0.13524730244980923, "54": 0.8986209224063917, "55": 0.49999790465882965, "56": 0.11456806992417429, "57": 0.4999983088499303, "58": 0.4999980679670113, "59": 0.9202030371988081, "60": 0.4999989523294148, "61": 0.4999989015941626, "62": 0.49999822356987983, "63": 0.4999979940048898, "64": 0.49999800323345744, "65": 0.13997232395945503, "66": 0.49999752347069026, "67": 0.49999783440433765, "68": 0.4999984707350963, "69": 0.0963326822814319, "70": 0.4999982376464376, "71": 0.4999983088499303, "72": 0.49999849481076997, "73": 0.9202030371988081, "74": 0.9178819635042488, "75": 0.49999776476514446, "76": 0.49999849481076997, "77": 0.4999989015941626, "78": 0.49999769138726446, "79": 0.49999897854264297, "80": 0.9026142428445043, "81": 0.49999748052142184, "82": 0.4999983167387507, "83": 0.49999765769071114, "84": 0.09462137765620764, "85": 0.49999796336899915, "86": 0.9026142428445043, "87": 0.4999979040153166, "88": 0.9045517865159289, "89": 0.49999783440433765, "90": 0.8986209224063917, "91": 0.49999775015889375, "92": 0.49999911178493994, "93": 0.13524730244980923, "94": 0.49999902466396495, "95": 0.4999990875231339, "96": 0.8855837032786007, "97": 0.49999800323345744, "98": 0.9178819635042488, "99": 0.09489108872775057}, "3": {"0": 0.49999977862739, "1": 0.14948600222513286, "2": 0.499999814320629, "3": 0.9272420821547237,