{"0": {"0": 0.5000000010238141, "1": 0.5000000015836685, "2": 0.5000000017528987, "3": 0.5000000013518544, "4": 0.5000000008354772, "5": 0.5000000009762804, "6": 0.5000000012239232, "7": 0.500000001289238, "8": 0.5000000006553551, "9": 0.5000000006512166, "10": 0.5000000012694767, "11": 0.5000000011535607, "12": 0.5000000008701988, "13": 0.949999999913526, "14": 0.9499999999119324, "15": 0.5000000012436902, "16": 0.05000000061263973, "17": 0.5000000007036032, "18": 0.5000000009911789, "19": 0.5000000009580868, "20": 0.5000000006913824, "21": 0.5000000012352717, "22": 0.05000000058429163, "23": 0.5000000014456354, "24": 0.5000000012219669, "25": 0.5000000010996155, "26": 0.5000000006356811, "27": 0.0500000005014494, "28": 0.500000001490903, "29": 0.05000000029214582, "30": 0.5000000005807266, "31": 0.05000000040989272, "32": 0.5000000013935753, "33": 0.500000000814824, "34": 0.5000000014267856, "35": 0.5000000011806638, "36": 0.5000000009441314, "37": 0.5000000015834519, "38": 0.5000000009851944, "39": 0.5000000007558538, "40": 0.9499999999204444, "41": 0.5000000008367621, "42": 0.5000000005765082, "43": 0.5000000004878364, "44": 0.5000000012582462, "45": 0.5000000010569068, "46": 0.5000000017621034, "47": 0.5000000007087197, "48": 0.9499999999419817, "49": 0.05000000054652363, "50": 0.9499999999602222, "51": 0.5000000010977639, "52": 0.5000000012694767, "53": 0.5000000004350994, "54": 0.500000001002573, "55": 0.5000000008139345, "56": 0.5000000012436902, "57": 0.5000000009149407, "58": 0.5000000012781154, "59": 0.5000000012219669, "60": 0.5000000010220842, "61": 0.05000000037324465, "62": 0.5000000008764494, "63": 0.5000000008668546, "64": 0.5000000010569068, "65": 0.05000000061471563, "66": 0.05000000020494636, "67": 0.5000000005559686, "68": 0.5000000006967876, "69": 0.5000000013586062, "70": 0.5000000011481969, "71": 0.500000001490903, "72": 0.5000000006512166, "73": 0.5000000011596537, "74": 0.5000000013060188, "75": 0.5000000009441314, "76": 0.050000000401187954, "77": 0.05000000030787679, "78": 0.050000000401187954, "79": 0.5000000004837686, "80": 0.5000000005740984, "81": 0.5000000004183811, "82": 0.5000000009399788, "83": 0.5000000007087197, "84": 0.5000000005344779, "85": 0.5000000010977639, "86": 0.5000000006759272, "87": 0.5000000010135213, "88": 0.5000000005119071, "89": 0.5000000009911789, "90": 0.9499999999279972, "91": 0.5000000005012866, "92": 0.5000000004699894, "93": 0.5000000005798269, "94": 0.5000000003518016, "95": 0.5000000012724574, "96": 0.5000000010135213, "97": 0.500000001289238, "98": 0.9499999999709908, "99": 0.5000000012352717}, "1": {"0": 0.49999997049053746, "1": 0.05000004376165018, "2": 0.4999999487030494, "3": 0.49999998165530113, "4": 0.9499999998833158, "5": 0.05000005186641419, "6": 0.49999995273201986, "7": 0.49999997204828855, "8": 0.4999999662237129, "9": 0.4999999609725012, "10": 0.4999999779153611, "11": 0.49999994555806676, "12": 0.4999999712067451, "13": 0.49999995771769645, "14": 0.050000059511930955, "15": 0.49999996462813073, "16": 0.49999995519159446, "17": 0.49999995136266595, "18": 0.9499999999297482, "19": 0.05000002337925165, "20": 0.4999999544608365, "21": 0.9499999997148543, "22": 0.4999999771675232, "23": 0.49999995914835305, "24": 0.4999999649897957, "25": 0.499999945142401, "26": 0.49999997906665994, "27": 0.9499999998835335, "28": 0.49999994999331204, "29": 0.4999999816364139, "30": 0.05000005335381649, "31": 0.49999995228282, "32": 0.4999999562537, "33": 0.4999999527661371, "34": 0.49999995591840024, "35": 0.050000044283031495, "36": 0.4999999823140654, "37": 0.4999999660190983, "38": 0.4999999727318812, "39": 0.4999999605410135, "40": 0.49999995933042163, "41": 0.4999999822856017, "42": 0.4999999609725012, "43": 0.05000004160642402, "44": 0.49999997437292465, "45": 0.05000005061110074, "46": 0.9499999998214257, "47": 0.49999997310341404, "48": 0.4999999537433971, "49": 0.949999999941658, "50": 0.4999999752625244, "51": 0.4999999830095492, "52": 0.49999995434891464, "53": 0.4999999804175621, "54": 0.49999996431192867, "55": 0.49999995185382795, "56": 0.050000044283031495, "57": 0.4999999487030494, "58": 0.05000004376165018, "59": 0.499999962528871, "60": 0.4999999520720334, "61": 0.050000025305550366, "62": 0.49999994860061864, "63": 0.49999996827139, "64": 0.4999999633928893, "65": 0.49999996124152063, "66": 0.49999996372483957, "67": 0.0500000490240596, "68": 0.4999999608827709, "69": 0.9499999998153763, "70": 0.49999998169644466, "71": 0.4999999662237129, "72": 0.49999994980161877, "73": 0.050000056546635634, "74": 0.9499999998214257, "75": 0.49999994980161877, "76": 0.0500000490240596, "77": 0.49999998647998023, "78": 0.9499999999076881, "79": 0.49999998007169494, "80": 0.4999999608827709, "81": 0.499999975681333, "82": 0.4999999818624198, "83": 0.49999995914835305, "84": 0.49999996124152063, "85": 0.49999995185382795, "86": 0.4999999527661371, "87": 0.9499999998574271, "88": 0.4999999537433971, "89": 0.49999998653177113, "90": 0.05000002667690825, "91": 0.49999998165530113, "92": 0.49999997437292465, "93": 0.4999999736554065, "94": 0.49999998682770325, "95": 0.4999999834746666, "96": 0.05000004160642402, "97": 0.4999999605410135, "98": 0.49999995933042163, "99": 0.4999999562537}, "2": {"0": 0.5019856007544767, "1": 0.5086994481773675, "2": 0.5015810759962985, "3": 0.5027145473660841, "4": 0.5010438953608547, "5": 0.5053107775353078, "6": 0.5013012297676807, "7": 0.5038867850196453, "8": 0.5075308212523747, "9": 0.050000037862425406, "10": 0.5959993492579574, "11": 0.5015437070563592, "12": 0.5027145473660841, "13": 0.507121988929839, "14": 0.508827067327098, "15": 0.5013177857172606, "16": 0.5019287191727205, "17": 0.5054751339907251, "18": 0.5009651350818165, "19": 0.5077354352863699, "20": 0.05000004699514306, "21": 0.5044324492231109, "22": 0.5022613594440031, "23": 0.05000002618842029, "24": 0.501231765264065, "25": 0.5959993492579574, "26": 0.5004089010738483, "27": 0.5020602044248501, "28": 0.5179455388022016, "29": 0.05000002509769924, "30": 0.050000029268279136, "31": 0.5014937904767459, "32": 0.5044154450229947, "33": 0.507121988929839, "34": 0.05000002480251571, "35": 0.05000004699514306, "36": 0.5005955374494366, "37": 0.5024342737115655, "38": 0.5018773393464364, "39": 0.5015850005891092, "40": 0.5053107775353078, "41": 0.5014694330686962, "42": 0.5070833788512773, "43": 0.5020307695760089, "44": 0.5179455388022016, "45": 0.503985386550692, "46": 0.5020973039118679, "47": 0.5029491681648222, "48": 0.050000051705753765, "49": 0.5044173563824406, "50": 0.5075308212523747, "51": 0.5018504293292456, "52": 0.5077354352863699, "53": 0.5247240009326692, "54": 0.50207243677174, "55": 0.05000005251722889, "56": 0.5022167422998265, "57": 0.5007180867717975, "58": 0.5015850005891092, "59": 0.5019272161149826, "60": 0.050000049626368885, "61": 0.05000005952089896, "62": 0.05000004798208118, "63": 0.5028668493054477, "64": 0.5001932021546536, "65": 0.5004072740730254, "66": 0.5007347165343481, "67": 0.5011809082684924, "68": 0.5014421282889239, "69": 0.5060824526138962, "70": 0.5014495097328329, "71": 0.5024319094896823, "72": 0.5044460570960868, "73": 0.503712093978472, "74": 0.5020973039118679, "75": 0.05000005309481669, "76": 0.503858941403179, "77": 0.050000049626368885, "78": 0.5024319094896823, "79": 0.050000025852876884, "80": 0.5019433925098227, "81": 0.503985386550692, "82": 0.5007663975176444, "83": 0.5035416894256386, "84": 0.5006158826320325, "85": 0.5018773393464364, "86": 0.5006784258259454, "87": 0.501856046989236, "88": 0.5018504293292456, "89": 0.5001932021546536, "90": 0.0500000396045171, "91": 0.5006784258259454, "92": 0.5006073186231711, "93": 0.5060824526138962, "94": 0.5022167422998265, "95": 0.504456485810196, "96": 0.5004089010738483, "97": 0.5044460570960868, "98": 0.5247240009326692, "99": 0.05000001980225855}, "3": {"0": 0.4996951155363401, "1": 0.40947942849744723, "2": 0.49896452876502384, "3": 0.050144176711166305, "4": 0.9499999998904288,