{"0": {"0": 0.773502962947727, "1": 0.010524297776182821, "2": 0.0002276459853983447, "3": 0.0004684150360103486, "4": 0.49636581714618155, "5": 0.49636581714618155, "6": 0.010617830026691914, "7": 0.00018035510390876288, "8": 0.8275895423012891, "9": 0.0011815002115251804, "10": 0.41822795481443986, "11": 0.8336396182464281, "12": 0.9302360162333605, "13": 0.6526650412919676, "14": 0.0007556322867805379, "15": 0.5165449517502775, "16": 0.00022333830761025363, "17": 0.004842111794413267, "18": 0.0004006521585952984, "19": 0.0013862299009197655, "20": 0.8336396182464281, "21": 0.00356246744094027, "22": 0.0002276459853983447, "23": 0.773502962947727, "24": 0.5454204647670721, "25": 0.0003498147190298418, "26": 0.0006594845836126546, "27": 0.8672846452846801, "28": 0.8672846452846801, "29": 0.7647388800406687, "30": 0.0021950012449241186, "31": 0.010617830026691914, "32": 0.41546558052254745, "33": 0.0030405601440318154, "34": 0.0021950012449241186, "35": 0.001781233720470135, "36": 0.5577798233442404, "37": 0.41546558052254745, "38": 0.42479031264812994, "39": 0.0010728291066709537, "40": 0.9302360162333605, "41": 0.0013862299009197655, "42": 0.9302360162333605, "43": 0.5794246196444477, "44": 0.0022965750035065188, "45": 0.0016590324979430398, "46": 0.0010728291066709537, "47": 0.6339582682379425, "48": 0.00021111013681893693, "49": 0.5577798233442404, "50": 0.5454204647670721, "51": 0.5577798233442404, "52": 0.6135965549983331, "53": 0.0051308201296309894, "54": 0.0005797649248845405, "55": 0.004398075175083911, "56": 0.0030405601440318154, "57": 0.4453881731193001, "58": 0.939707929199961, "59": 0.0011815002115251804, "60": 0.0003498147190298418, "61": 0.41546558052254745, "62": 0.42479031264812994, "63": 0.41822795481443986, "64": 0.7647388800406687, "65": 0.4453881731193001, "66": 0.004842111794413267, "67": 0.939707929199961, "68": 0.00022333830761025363, "69": 0.6135965549983331, "70": 0.0016590324979430398, "71": 0.00018035510390876288, "72": 0.0006594845836126546, "73": 0.7893942145710817, "74": 0.6339582682379425, "75": 0.003251574920917385, "76": 0.004398075175083911, "77": 0.5794246196444477, "78": 0.003212953064752965, "79": 0.7647388800406687, "80": 0.6526650412919676, "81": 0.0002899772521217772, "82": 0.0051164275342273245, "83": 0.5165449517502775, "84": 0.0007556322867805379, "85": 0.725286233188492, "86": 0.773502962947727, "87": 0.7893942145710817, "88": 0.0004684150360103486, "89": 0.003251574920917385, "90": 0.5529108535367888, "91": 0.446785801630148, "92": 0.6339582682379425, "93": 0.0025582137671136622, "94": 0.725286233188492, "95": 0.446785801630148, "96": 0.8275895423012891, "97": 0.5529108535367888, "98": 0.0022965750035065188, "99": 0.0005797649248845405}, "1": {"0": 0.00021133244458751015, "1": 0.9394942442926565, "2": 0.9414605746120606, "3": 0.8472701332296088, "4": 0.6746734547651412, "5": 0.0018282602003239184, "6": 0.001218663940274098, "7": 0.746947678729645, "8": 0.00039479090543760456, "9": 0.6562595763703345, "10": 0.473660173299446, "11": 0.572378225612614, "12": 0.8818660954721123, "13": 0.473660173299446, "14": 0.0014138664709193467, "15": 0.9335211948183009, "16": 0.0012337061077474874, "17": 0.0007058871427688217, "18": 0.00019836980525301135, "19": 0.572378225612614, "20": 0.0002981422709349906, "21": 0.0010903208836616238, "22": 0.4861715375166484, "23": 0.9394942442926565, "24": 0.442259946108934, "25": 0.4861715375166484, "26": 0.5294605073793937, "27": 0.000809025012925407, "28": 0.0022022644075914135, "29": 0.746947678729645, "30": 0.7114974102318328, "31": 0.0012337061077474874, "32": 0.0004128901642236055, "33": 0.0022022644075914135, "34": 0.0012595815706235851, "35": 0.6801775979591627, "36": 0.6562595763703345, "37": 0.9335211948183009, "38": 0.8186808984667844, "39": 0.00022341614932734632, "40": 0.5086508491678128, "41": 0.7017940039436654, "42": 0.0007058871427688217, "43": 0.7017940039436654, "44": 0.7054404932484057, "45": 0.8186808984666287, "46": 0.7512518836055702, "47": 0.6085475600807572, "48": 0.9271817597120418, "49": 0.0008576081075670607, "50": 0.0006239101056782686, "51": 0.0010903208836616238, "52": 0.00021133244458751015, "53": 0.8472701332296088, "54": 0.8186808984666287, "55": 0.8818660940243158, "56": 0.6069882260977952, "57": 0.6085475600807572, "58": 0.001218663940274098, "59": 0.9271817597120418, "60": 0.5715725566783989, "61": 0.0009061912022087144, "62": 0.0007058871427688217, "63": 0.442259946108934, "64": 0.7054404932484057, "65": 0.5086508491678128, "66": 0.0012595815706235851, "67": 0.6235418240475508, "68": 0.0022022644075914135, "69": 0.9232204562708304, "70": 0.00019836980525301135, "71": 0.7512518836055702, "72": 0.746947678729645, "73": 0.8759386737708728, "74": 0.0008576081075670607, "75": 0.8713959229327883, "76": 0.6235418240475508, "77": 0.6069882260977952, "78": 0.6069882260977952, "79": 0.8759386737708728, "80": 0.00018608429614546635, "81": 0.40849017746061195, "82": 0.0006239101056782686, "83": 0.0004128901642236055, "84": 0.8713959229327883, "85": 0.0007058871427688217, "86": 0.40849017746061195, "87": 0.5294605073793937, "88": 0.5715725566783989, "89": 0.0022022644075914135, "90": 0.6801775979591627, "91": 0.00039479090543760456, "92": 0.7114974102318328, "93": 0.8007357641035967, "94": 0.9232204562708304, "95": 0.6746734547651412, "96": 0.8818660954721123, "97": 0.9414605746120606, "98": 0.8007357641035967, "99": 0.5715725566783989}, "2": {"0": 0.0007463531263485906, "1": 0.77572133383076, "2": 0.5953306008173848, "3": 0.41701359235806346, "4": 0.7304092857259454, "5": 0.77572133383076, "6": 0.46222445075433355, "7": 0.9693505246375718, "8": 0.6293941091012762, "9": 0.0027007196808266068, "10": 0.0013625082359638994, "11": 0.9575454694822481, "12": 0.6293941091012762, "13": 0.4929741934568084, "14": 0.7304092857259454, "15": 0.9575454694822481, "16": 0.40084669019413766, "17": 0.41701359235806346, "18": 0.425175872247819, "19": 0.0008130272984335239, "20": 0.002133889228667841, "21": 0.0020731933759280995, "22": 0.5751575945497823, "23": 0.00040385896283990453, "24": 0.0008130272984335239, "25": 0.40084669019413766, "26": 0.001667185453306731, "27": 0.9083341113599943, "28": 0.5614895254503549, "29": 0.7991047067657733, "30": 0.00040526686791632707, "31": 0.5614895254503549, "32": 0.9083341113599943, "33": 0.7016175770392634, "34": 0.8164126589838219, "35": 0.9127198182594662, "36": 0.8519139754670637, "37": 0.0030212031576745636, "38": 0.0030199530669161936, "39": 0.589396079184952, "40": 0.589396079184952, "41": 0.00040526686791632707, "42": 0.002133889228667841, "43": 0.5614895254503549, "44": 0.5953306008173848, "45": 0.7016175770392634, "46": 0.00024000749468605217, "47": 0.0004677637154667752, "48": 0.001667185453306731, "49": 0.673143443463339, "50": 0.673143443463339, "51": 0.5767026273124538, "52": 0.0014323069975835283, "53": 0.6082310880135563, "54": 0.7991047067657733, "55": 0.6521860116932893, "56": 0.8519139754670637, "57": 0.0004677637154667752, "58": 0.8164126589838219, "59": 0.0007463531263485906, "60": 0.46222445075433355, "61": 0.6293941091012762, "62": 0.49905896270139616, "63": 0.9575454694822481, "64": 0.4929741934568084, "65": 0.0027007196808266068, "66": 0.00020006823763675735, "67": 0.8164126589838219, "68": 0.5614895254503549, "69": 0.5767026273124538, "70": 0.0013994968446181429, "71": 0.6788151071062014, "72": 0.8509439811347215, "73": 0.42436987364799855, "74": 0.9127198182594662, "75": 0.5255698431045012, "76": 0.0014076993828594892, "77": 0.0014159019211008356, "78": 0.0030199530669161936, "79": 0.0020731933759280995, "80": 0.9083341113599943, "81": 0.9003255840735331, "82": 0.00010003411881837868, "83": 0.9003255840735331, "84": 0.49905896270139616, "85": 0.8519139754670637, "86": 0.42436987364799855, "87": 0.004274357262651609, "88": 0.7016175770392634, "89": 0.6788151071062014, "90": 0.6521860116932893, "91": 0.0014076993828594892, "92": 0.004274357262651609, "93": 0.425175872247819, "94": 0.9693505246375718,