{"0": {"0": 0.8305367846607191, "1": 0.5000005701785227, "2": 0.8038308218674539, "3": 0.18987877132764658, "4": 0.5000004509797376, "5": 0.8719562489564319, "6": 0.5000006391317078, "7": 0.5000007718140685, "8": 0.2133489748550343, "9": 0.8315948020593428, "10": 0.9129190432293288, "11": 0.16458693730955404, "12": 0.8828821730335435, "13": 0.17165802177172182, "14": 0.8038308218674539, "15": 0.7108530690937453, "16": 0.7751188106925471, "17": 0.17165802177172182, "18": 0.8340840750148872, "19": 0.5000006982686342, "20": 0.5000005926964217, "21": 0.5000004376049775, "22": 0.500000664674981, "23": 0.17684636265247783, "24": 0.0444539033401503, "25": 0.8613546573940644, "26": 0.16460052671854197, "27": 0.7751188106925471, "28": 0.5000004317963054, "29": 0.04478523087787564, "30": 0.02023960132918147, "31": 0.5000004251109879, "32": 0.500000665961955, "33": 0.8245001505029228, "34": 0.2933253904524723, "35": 0.5000006639918232, "36": 0.5000005708748623, "37": 0.7108530690937453, "38": 0.1898787713276035, "39": 0.8233629241821012, "40": 0.9153594867985224, "41": 0.500000381160224, "42": 0.9153594867985224, "43": 0.17684636265247783, "44": 0.16988303440880803, "45": 0.5000005092421103, "46": 0.8305367846607191, "47": 0.8340840750148872, "48": 0.2133489748550343, "49": 0.5000006985089842, "50": 0.5000007765821224, "51": 0.8828821730335435, "52": 0.8719562489564319, "53": 0.5000006189703188, "54": 0.500000627122958, "55": 0.500000763792217, "56": 0.9129190432293288, "57": 0.5000004251109879, "58": 0.5000003286301652, "59": 0.0444539033401503, "60": 0.5000006484455215, "61": 0.09384069553651596, "62": 0.500000703763087, "63": 0.0325124161032898, "64": 0.5000004375461217, "65": 0.5000004375461217, "66": 0.09384069553651596, "67": 0.5000004509797376, "68": 0.5000006665589245, "69": 0.5000006785004723, "70": 0.2531845863752805, "71": 0.8647330393777308, "72": 0.5000003392502361, "73": 0.8613546573940644, "74": 0.1658666345033486, "75": 0.500000425742595, "76": 0.8245001505029228, "77": 0.8233629241821012, "78": 0.500000763792217, "79": 0.5000004974285975, "80": 0.0325124161032898, "81": 0.18987877132764658, "82": 0.8647330395330255, "83": 0.500000631833903, "84": 0.5000007583297603, "85": 0.04478523087787564, "86": 0.2933253904524723, "87": 0.5000005092421103, "88": 0.5000006491964137, "89": 0.16460052671854197, "90": 0.16988303440880803, "91": 0.8923250019267407, "92": 0.500000627122958, "93": 0.8647330395330255, "94": 0.500000703763087, "95": 0.500000425742595, "96": 0.06528313415455986, "97": 0.06528313415455986, "98": 0.1658666345033486, "99": 0.8923250019267407}, "1": {"0": 0.8640804399439641, "1": 0.2629518731748527, "2": 0.7660157697646398, "3": 0.17017337704556337, "4": 0.18098607059527932, "5": 0.4999990285755178, "6": 0.18591653080201248, "7": 0.4999987755073545, "8": 0.4999989999370381, "9": 0.7819509152121502, "10": 0.1475805932141186, "11": 0.7810270665557202, "12": 0.7810270665557202, "13": 0.49999891351972486, "14": 0.4999989098139608, "15": 0.2303933920884071, "16": 0.49999960745743277, "17": 0.10351068376302969, "18": 0.4999990383475367, "19": 0.49999920593071046, "20": 0.10351068120920623, "21": 0.2629518731748527, "22": 0.989803796444623, "23": 0.2629518731748527, "24": 0.49999889667129443, "25": 0.955148817124559, "26": 0.49999935744169227, "27": 0.4999993589020325, "28": 0.15162818999730107, "29": 0.49999967872084616, "30": 0.2303933920884071, "31": 0.49999917727717935, "32": 0.14331699637852008, "33": 0.49999918555035133, "34": 0.7505716059845542, "35": 0.49999951917376834, "36": 0.4999990052055625, "37": 0.49999886798780147, "38": 0.054332217439995445, "39": 0.499999048322916, "40": 0.4999992094531998, "41": 0.13651375657313913, "42": 0.1336590570576433, "43": 0.781648776406465, "44": 0.7660157697646398, "45": 0.1585376013212938, "46": 0.8640804399439641, "47": 0.9100176074113976, "48": 0.17017337704556337, "49": 0.7760759559502972, "50": 0.15020436623283973, "51": 0.4999991445362094, "52": 0.989803796444623, "53": 0.4999989299693721, "54": 0.2065343285631222, "55": 0.1585376013212938, "56": 0.4999990718937547, "57": 0.989803796444623, "58": 0.49999902475207725, "59": 0.13651375657313913, "60": 0.10351068503994142, "61": 0.781648776406465, "62": 0.4999993512156199, "63": 0.10351068503994142, "64": 0.13651375657313913, "65": 0.955148817124559, "66": 0.4999994461145391, "67": 0.49999946498468606, "68": 0.1336590570576433, "69": 0.4999993589020325, "70": 0.8232214065940724, "71": 0.49999920169294865, "72": 0.7593623733654824, "73": 0.4999991445362094, "74": 0.499999048322916, "75": 0.49999920169294865, "76": 0.7505716059821618, "77": 0.7760759559502972, "78": 0.2065343285631222, "79": 0.8727190823150386, "80": 0.18098607059527932, "81": 0.9100176074113976, "82": 0.1475805932141186, "83": 0.49999916377861353, "84": 0.4999989098139608, "85": 0.15020436623283973, "86": 0.7593623733654824, "87": 0.4999990052055625, "88": 0.49999916377861353, "89": 0.054332217439995445, "90": 0.8727190823150386, "91": 0.8640804399439641, "92": 0.7505716059845542, "93": 0.49999917727717935, "94": 0.14331699637852008, "95": 0.1585376013212938, "96": 0.8640804399439641, "97": 0.18591653080201248, "98": 0.1585376013212938, "99": 0.8232214065940724}, "2": {"0": 0.20253991822648665, "1": 0.7449829891172707, "2": 0.10412125142016346, "3": 0.5000000897552417, "4": 0.500000091319035, "5": 0.500000089362973, "6": 0.9251712890693818, "7": 0.7561696447477289, "8": 0.5000000897552417, "9": 0.9538658978044432, "10": 0.5000000962416538, "11": 0.5000001014538227, "12": 0.8954247867530323, "13": 0.8929914395565878, "14": 0.10412125142016346, "15": 0.8872108727273043, "16": 0.5000000455867085, "17": 0.8947021639598085, "18": 0.891839781562112, "19": 0.7561696447477289, "20": 0.9251712890693818, "21": 0.9538658977809557, "22": 0.12542772981895917, "23": 0.5000000426225475, "24": 0.20253991822648665, "25": 0.892962622732052, "26": 0.5000000765573374, "27": 0.500000091319035, "28": 0.11837017324913637, "29": 0.8913620579947348, "30": 0.5000000937024467, "31": 0.928918297875874, "32": 0.20253991822648665, "33": 0.7449829891172707, "34": 0.5000000915203855, "35": 0.8211731512655822, "36": 0.0827787554113655, "37": 0.5000000879119593, "38": 0.5000000915203855, "39": 0.12542854124193534, "40": 0.8959332459702987, "41": 0.5000000911632396, "42": 0.8943197303279009, "43": 0.5000000584571616, "44": 0.20244326852803796, "45": 0.9538658978044432, "46": 0.0827787554113655, "47": 0.0975015812989263, "48": 0.20253991822648665, "49": 0.16762261707523252, "50": 0.09662455974453327, "51": 0.1253366870696178, "52": 0.8947021639598085, "53": 0.09662456205631309, "54": 0.5000000776215813, "55": 0.0827787554113655, "56": 0.5000000923448088, "57": 0.15407988934149427, "58": 0.17155721272928548, "59": 0.5000000584571616, "60": 0.09662455974453327, "61": 0.9111457758148698, "62": 0.5000000899017043, "63": 0.1253366870696178, "64": 0.928918297875874, "65": 0.0975015812989263, "66": 0.8872108727273043, "67": 0.8913620579947348, "68": 0.11837017324913637, "69": 0.500000089362973, "70": 0.5000000879119593, "71": 0.22312409967967511, "72": 0.17155721272928548, "73": 0.11910809694934801, "74": 0.8959332459702987, "75": 0.5000000468512233, "76": 0.11910809694934801, "77": 0.12542772981895917, "78": 0.8211731512655822, "79": 0.8943197303279009, "80": 0.500000039174793, "81": 0.928918297875874, "82": 0.22312409967967511, "83": 0.15407988934149427, "84": 0.23484544174790983, "85": 0.5000000737765417, "86": 0.7561696447477289, "87": 0.23572658232797017, "88": 0.891839781562112, "89": 0.7561696447477289, "90": 0.23572658232797017, "91": 0.23484544174790983, "92": 0.9111457758148698, "93": 0.08553888718795208, "94": 0.5000000923448088, "95": 0.08553888718795208, "96": 0.5000000899017043, "97": 0.9111457758148698, "98": 0.5000000737765417, "99": 0.16762261707523252}, "3": {"0": 0.8983420528372834, "1": 0.8547792199257191, "2": 0.14583132758581258, "3": 0.11859155226771001, "4": 0.12691478309601323,