{"0": {"0": 0.5000000000000171, "1": 0.5000000000000169, "2": 0.5000000000000082, "3": 0.5000000000000107, "4": 0.5000000000000064, "5": 0.50000000000001, "6": 0.5000000000000162, "7": 0.5000000000000084, "8": 0.5000000000000189, "9": 0.50000000000001, "10": 0.5000000000000154, "11": 0.5000000000000109, "12": 0.5000000000000153, "13": 0.5000000000000061, "14": 0.5000000000000167, "15": 0.5000000000000203, "16": 0.5000000000000122, "17": 0.500000000000012, "18": 0.500000000000005, "19": 0.5000000000000078, "20": 0.5000000000000099, "21": 0.5000000000000155, "22": 0.5000000000000167, "23": 0.5000000000000204, "24": 0.5000000000000148, "25": 0.5000000000000097, "26": 0.500000000000014, "27": 0.5000000000000187, "28": 0.5000000000000155, "29": 0.500000000000006, "30": 0.5000000000000084, "31": 0.5000000000000093, "32": 0.5000000000000075, "33": 0.5000000000000075, "34": 0.5000000000000194, "35": 0.5000000000000168, "36": 0.5000000000000122, "37": 0.5000000000000151, "38": 0.5000000000000131, "39": 0.5000000000000071, "40": 0.9216336206461682, "41": 0.5000000000000111, "42": 0.5000000000000122, "43": 0.5000000000000072, "44": 0.5000000000000104, "45": 0.5000000000000204, "46": 0.5000000000000167, "47": 0.500000000000014, "48": 0.5000000000000148, "49": 0.5000000000000093, "50": 0.5000000000000131, "51": 0.5000000000000098, "52": 0.5000000000000111, "53": 0.5000000000000077, "54": 0.5000000000000142, "55": 0.5000000000000149, "56": 0.5000000000000135, "57": 0.5000000000000098, "58": 0.5000000000000073, "59": 0.5000000000000113, "60": 0.5000000000000122, "61": 0.5000000000000073, "62": 0.5000000000000151, "63": 0.5000000000000154, "64": 0.5000000000000061, "65": 0.5000000000000117, "66": 0.5000000000000082, "67": 0.500000000000007, "68": 0.5000000000000093, "69": 0.5000000000000036, "70": 0.5000000000000066, "71": 0.5000000000000107, "72": 0.5000000000000104, "73": 0.5000000000000107, "74": 0.5000000000000071, "75": 0.5000000000000058, "76": 0.5000000000000083, "77": 0.5000000000000164, "78": 0.5000000000000081, "79": 0.5000000000000203, "80": 0.5000000000000071, "81": 0.500000000000003, "82": 0.5000000000000058, "83": 0.5000000000000053, "84": 0.500000000000012, "85": 0.5000000000000144, "86": 0.5000000000000111, "87": 0.5000000000000038, "88": 0.5000000000000109, "89": 0.5000000000000068, "90": 0.500000000000012, "91": 0.5000000000000099, "92": 0.5000000000000075, "93": 0.5000000000000058, "94": 0.50000000000001, "95": 0.5000000000000155, "96": 0.5000000000000142, "97": 0.5000000000000154, "98": 0.5000000000000056, "99": 0.5000000000000061}, "1": {"0": 0.4999999999999746, "1": 0.4999999999999709, "2": 0.499999999999983, "3": 0.4999999999999788, "4": 0.49999999999998157, "5": 0.49999999999996825, "6": 0.49999999999998457, "7": 0.49999999999997324, "8": 0.4999999999999781, "9": 0.4999999999999769, "10": 0.49999999999996936, "11": 0.4999999999999723, "12": 0.49999999999997724, "13": 0.49999999999997247, "14": 0.49999999999998246, "15": 0.49999999999996514, "16": 0.4999999999999729, "17": 0.499999999999986, "18": 0.4999999999999851, "19": 0.49999999999996714, "20": 0.4999999999999837, "21": 0.4999999999999716, "22": 0.4999999999999649, "23": 0.4999999999999787, "24": 0.4999999999999727, "25": 0.4999999999999845, "26": 0.49999999999998923, "27": 0.49999999999998845, "28": 0.4999999999999909, "29": 0.4999999999999877, "30": 0.49999999999997335, "31": 0.49999999999998435, "32": 0.4999999999999817, "33": 0.4999999999999903, "34": 0.49999999999998845, "35": 0.49999999999997646, "36": 0.4999999999999764, "37": 0.499999999999992, "38": 0.49999999999998773, "39": 0.4999999999999894, "40": 0.499999999999984, "41": 0.49999999999997885, "42": 0.499999999999975, "43": 0.49999999999997935, "44": 0.4999999999999902, "45": 0.4999999999999729, "46": 0.49999999999998834, "47": 0.49999999999998235, "48": 0.49999999999997935, "49": 0.4999999999999849, "50": 0.49999999999998146, "51": 0.49999999999997846, "52": 0.4999999999999853, "53": 0.4999999999999778, "54": 0.49999999999997646, "55": 0.49999999999998634, "56": 0.49999999999996714, "57": 0.4999999999999741, "58": 0.49999999999999034, "59": 0.49999999999998934, "60": 0.4999999999999764, "61": 0.4999999999999867, "62": 0.4999999999999897, "63": 0.4999999999999781, "64": 0.4999999999999875, "65": 0.49999999999998457, "66": 0.4999999999999761, "67": 0.49999999999998057, "68": 0.4999999999999729, "69": 0.49999999999998, "70": 0.49999999999998235, "71": 0.02844911741496975, "72": 0.49999999999998057, "73": 0.49999999999997724, "74": 0.4999999999999868, "75": 0.4999999999999709, "76": 0.4999999999999821, "77": 0.499999999999992, "78": 0.49999999999998934, "79": 0.4999999999999851, "80": 0.49999999999997036, "81": 0.49999999999999106, "82": 0.4999999999999817, "83": 0.4999999999999861, "84": 0.499999999999987, "85": 0.4999999999999689, "86": 0.4999999999999716, "87": 0.4999999999999877, "88": 0.499999999999989, "89": 0.49999999999998057, "90": 0.4999999999999792, "91": 0.4999999999999923, "92": 0.49999999999997335, "93": 0.4999999999999792, "94": 0.49999999999998285, "95": 0.02844911741496975, "96": 0.49999999999999145, "97": 0.4999999999999868, "98": 0.4999999999999729, "99": 0.4999999999999889}, "2": {"0": 0.49999999999996003, "1": 0.49999999999996814, "2": 0.499999999999971, "3": 0.49999999999994643, "4": 0.4999999999999661, "5": 0.49999999999995276, "6": 0.49999999999996547, "7": 0.49999999999996403, "8": 0.4999999999999484, "9": 0.499999999999972, "10": 0.49999999999997774, "11": 0.4999999999999708, "12": 0.49999999999998246, "13": 0.49999999999996925, "14": 0.49999999999996175, "15": 0.49999999999994915, "16": 0.4999999999999612, "17": 0.4999999999999799, "18": 0.4999999999999787, "19": 0.49999999999998007, "20": 0.49999999999997, "21": 0.499999999999967, "22": 0.49999999999997335, "23": 0.4999999999999577, "24": 0.499999999999966, "25": 0.4999999999999678, "26": 0.49999999999997546, "27": 0.49999999999998596, "28": 0.4999999999999522, "29": 0.49999999999998185, "30": 0.49999999999998757, "31": 0.49999999999996575, "32": 0.49999999999998407, "33": 0.4999999999999795, "34": 0.4999999999999716, "35": 0.4999999999999829, "36": 0.4999999999999707, "37": 0.4999999999999436, "38": 0.4999999999999762, "39": 0.4999999999999618, "40": 0.49999999999995237, "41": 0.4999999999999799, "42": 0.4999999999999783, "43": 0.49999999999997247, "44": 0.4999999999999701, "45": 0.4999999999999605, "46": 0.49999999999996936, "47": 0.49999999999997957, "48": 0.499999999999964, "49": 0.49999999999997585, "50": 0.4999999999999839, "51": 0.4999999999999579, "52": 0.49999999999997635, "53": 0.49999999999996314, "54": 0.4999999999999701, "55": 0.49999999999997846, "56": 0.4999999999999762, "57": 0.49999999999998074, "58": 0.49999999999998695, "59": 0.49999999999998, "60": 0.49999999999998007, "61": 0.49999999999996203, "62": 0.49999999999998257, "63": 0.49999999999997635, "64": 0.4999999999999728, "65": 0.49999999999997324, "66": 0.4999999999999682, "67": 0.49999999999998407, "68": 0.4999999999999803, "69": 0.4999999999999697, "70": 0.49999999999998196, "71": 0.4999999999999898, "72": 0.49999999999998346, "73": 0.4999999999999585, "74": 0.4999999999999861, "75": 0.49999999999997835, "76": 0.4999999999999612, "77": 0.4999999999999841, "78": 0.49999999999996136, "79": 0.4999999999999901, "80": 0.49999999999998274, "81": 0.49999999999997735, "82": 0.49999999999997546, "83": 0.4999999999999615, "84": 0.4999999999999807, "85": 0.4999999999999636, "86": 0.49999999999996203, "87": 0.4999999999999854, "88": 0.499999999999976, "89": 0.4999999999999597, "90": 0.49999999999997735, "91": 0.499999999999976, "92": 0.4999999999999864, "93": 0.04049462635386017, "94": 0.49999999999998623, "95": 0.499999999999982, "96": 0.4999999999999861, "97": 0.499999999999986, "98": 0.4999999999999846, "99": 0.499999999999971}, "3": {"0": 0.5000000000000225, "1": 0.5000000000000407, "2": 0.5000000000000169, "3": 0.5000000000000284, "4": 0.5000000000000359, "5": 0.5000000000000271,