{"0": {"0": 0.2593876552322537, "1": 0.23723804254671615, "2": 0.2437081698503391, "3": 0.2608827556395377, "4": 0.27097036256667584, "5": 0.25439670930833186, "6": 0.24786318881136357, "7": 0.2739494602626031, "8": 0.26859297435904295, "9": 0.21184140790654366, "10": 0.3141109250356367, "11": 0.22493762919775923, "12": 0.22703950203932885, "13": 0.26033471891235394, "14": 0.15388337626158025, "15": 0.25294917917859305, "16": 0.2435758427607443, "17": 0.32636292677731543, "18": 0.24181284447373524, "19": 0.2931698717544371, "20": 0.27835347424566237, "21": 0.25443955718710093, "22": 0.21575983415923516, "23": 0.20599516306142063, "24": 0.21317256713191063, "25": 0.2246819157142636, "26": 0.21064798149212288, "27": 0.15181505942432932, "28": 0.28532431028937183, "29": 0.266750297310257, "30": 0.2697108379778804, "31": 0.2233169404370962, "32": 0.3141109250356367, "33": 0.23088048760066357, "34": 0.2580556963987174, "35": 0.29259726767360195, "36": 0.2414855213486169, "37": 0.23135725393263082, "38": 0.2665345790351451, "39": 0.22703950203932885, "40": 0.25145279007327065, "41": 0.3785956593743738, "42": 0.25439670930833186, "43": 0.2725800280345158, "44": 0.25294917917859305, "45": 0.16417673712283118, "46": 0.36840456839870983, "47": 0.2811578152761697, "48": 0.22926820809114193, "49": 0.2477999740109887, "50": 0.19139485439498433, "51": 0.23769352148286516, "52": 0.22032344028138728, "53": 0.15323928272216353, "54": 0.2780513529051417, "55": 0.2878399424071156, "56": 0.26822923758824485, "57": 0.2627536755334111, "58": 0.26909128912800373, "59": 0.23816797315828697, "60": 0.1725367493590928, "61": 0.28372512513312487, "62": 0.3004011909770664, "63": 0.15809395073284724, "64": 0.19139485439498433, "65": 0.26618580994306884, "66": 0.23101453353013918, "67": 0.19330725510698216, "68": 0.29591981922772903, "69": 0.24609995105940818, "70": 0.28532431028937183, "71": 0.2931698717544371, "72": 0.2533530824530209, "73": 0.21317256713191063, "74": 0.36608341571255554, "75": 0.24986503495403342, "76": 0.2147675689819799, "77": 0.2414855213486169, "78": 0.24181284447373524, "79": 0.2878399424071156, "80": 0.23816797315828697, "81": 0.2233169404370962, "82": 0.16684070193655468, "83": 0.2739494602626031, "84": 0.21184140790654366, "85": 0.28372512513312487, "86": 0.24786318881136357, "87": 0.26831141878644615, "88": 0.2147675689819799, "89": 0.2435758427607443, "90": 0.32636292677731543, "91": 0.2697108379778804, "92": 0.2533530824530209, "93": 0.2593354794500292, "94": 0.38044137781976883, "95": 0.2617158986514001, "96": 0.2617158986514001, "97": 0.23135725393263082, "98": 0.24986503495403342, "99": 0.26618580994306884}, "1": {"0": 0.6343081245450539, "1": 0.7437069896274304, "2": 0.7117833741258326, "3": 0.7587379511873429, "4": 0.7433706324400882, "5": 0.7594430393459928, "6": 0.6608084738064435, "7": 0.7901296074221307, "8": 0.7482866303867717, "9": 0.7000584158501626, "10": 0.7454030608850133, "11": 0.7989476188741746, "12": 0.689985576349159, "13": 0.7412399589381142, "14": 0.7971102785130988, "15": 0.7217124648298305, "16": 0.7631039463393816, "17": 0.7446343100783623, "18": 0.7376453836070307, "19": 0.6128805998858623, "20": 0.7125286863960288, "21": 0.7428718163271015, "22": 0.7670449171157104, "23": 0.810976534364481, "24": 0.7483949347703253, "25": 0.7821374185718871, "26": 0.843583655063254, "27": 0.7164922261414054, "28": 0.7613580257531091, "29": 0.7416416427866587, "30": 0.7305456289327883, "31": 0.6985819849413192, "32": 0.7420433266352031, "33": 0.6963420806247695, "34": 0.7305456289327883, "35": 0.6315519731696908, "36": 0.6208208213933293, "37": 0.6402398555803147, "38": 0.7487565223408021, "39": 0.738817455693099, "40": 0.7374458104866047, "41": 0.7594430393459928, "42": 0.630804771071924, "43": 0.7613580257531091, "44": 0.7058699486656832, "45": 0.7533009246720461, "46": 0.7704025263289583, "47": 0.7426434603651504, "48": 0.7482149669220475, "49": 0.7597556253520299, "50": 0.710744367482117, "51": 0.7586254367561261, "52": 0.7415509283532102, "53": 0.7417284267587183, "54": 0.7786820906653764, "55": 0.7026156209660332, "56": 0.8276382803414868, "57": 0.7587379511873429, "58": 0.6635667791821831, "59": 0.7824602572193633, "60": 0.7547829499381198, "61": 0.7961226603041763, "62": 0.7056742017538398, "63": 0.7337448132652215, "64": 0.7915615372178113, "65": 0.7243581644507673, "66": 0.7670449171157104, "67": 0.7437069896274304, "68": 0.6757686948425959, "69": 0.7254124150119301, "70": 0.7482149669220475, "71": 0.7228756363714883, "72": 0.6757686948425959, "73": 0.837706207505965, "74": 0.7158153177563715, "75": 0.7064306063603236, "76": 0.8454145800193417, "77": 0.7824602572193633, "78": 0.7915615372178113, "79": 0.710744367482117, "80": 0.7587820805174759, "81": 0.6963420806247695, "82": 0.7533009246720461, "83": 0.7164922261414054, "84": 0.7125286863960288, "85": 0.6684238107652705, "86": 0.7597556253520299, "87": 0.810976534364481, "88": 0.7589387242788257, "89": 0.7971102785130988, "90": 0.7000584158501626, "91": 0.7587820805174759, "92": 0.8263078104830166, "93": 0.6635667791821831, "94": 0.8444087278465495, "95": 0.7646432137522269, "96": 0.7704025263289583, "97": 0.6985819849413192, "98": 0.7547829499381198, "99": 0.7989476188741746}, "2": {"0": 0.7450315715129188, "1": 0.7161036625748366, "2": 0.75633311313472, "3": 0.7232406644079095, "4": 0.7053309399641723, "5": 0.7154587334165833, "6": 0.7455620390856372, "7": 0.7383144152139717, "8": 0.7500884769557618, "9": 0.7218205490089787, "10": 0.7147736206394263, "11": 0.7198062593080216, "12": 0.7677954637488456, "13": 0.7636724090300887, "14": 0.7768325285270764, "15": 0.7253214471551741, "16": 0.6689870467437327, "17": 0.7315983061564346, "18": 0.7181505007891962, "19": 0.7245113071930598, "20": 0.7161036625748366, "21": 0.5791233082382755, "22": 0.8161892075932716, "23": 0.6788181253116229, "24": 0.6140101222163521, "25": 0.7775494420020379, "26": 0.7294772009494893, "27": 0.6658202825719342, "28": 0.7206057933347378, "29": 0.747577419908272, "30": 0.8308951461253362, "31": 0.7039072361276415, "32": 0.6021494205525848, "33": 0.7567255932172318, "34": 0.8043685582226273, "35": 0.7596946012368979, "36": 0.5870505362468773, "37": 0.7070053341191347, "38": 0.7114646140519514, "39": 0.7346018360758466, "40": 0.7713154762232548, "41": 0.7745406670532029, "42": 0.7449954730200589, "43": 0.7078097230255653, "44": 0.6155665257415357, "45": 0.7729727627029127, "46": 0.7047005915158615, "47": 0.7210891113280641, "48": 0.6689870467437327, "49": 0.7249055241020863, "50": 0.6760771028523458, "51": 0.7392107593601346, "52": 0.7181505007891962, "53": 0.6992123265171016, "54": 0.6448655202704615, "55": 0.7745406670532029, "56": 0.7303532326354116, "57": 0.8771842791113136, "58": 0.7136869441033011, "59": 0.7105295722352204, "60": 0.7070053341191347, "61": 0.7793746078780956, "62": 0.7676020928124881, "63": 0.6283708598321907, "64": 0.651744292399346, "65": 0.7549191137307314, "66": 0.7450315715129188, "67": 0.7185510243557937, "68": 0.638453427360966, "69": 0.6774057163058527, "70": 0.7669797719532796, "71": 0.7198062593080216, "72": 0.7335232807202754, "73": 0.7671798239239582, "74": 0.7768325285270764, "75": 0.6788181253116229, "76": 0.7249055241020863, "77": 0.7392107593601346, "78": 0.6992123265171016, "79": 0.7047005915158615, "80": 0.7210891113280641, "81": 0.7073519602036528, "82": 0.7703841132258791, "83": 0.6879868446321591, "84": 0.7174800492665675, "85": 0.7703841132258791, "86": 0.8241007063712985, "87": 0.6356577381116274, "88": 0.7772178242421779, "89": 0.8584898859766398, "90": 0.7232406644079095, "91": 0.6879868446321591, "92": 0.747577419908272, "93": 0.7206057933347378, "94": 0.7383144152139717, "95": 0.7567255932172318, "96": 0.7185510243557937, "97": 0.6052647861176101, "98": 0.6448655202704615, "99": 0.7335232807202754}, "3": {"0": 0.4999411944735085, "1": 0.4999438870077339, "2": 0.4999441674407595, "3": 0.4999417187338569, "4": 0.499939864143861, "5": 0.4999431082100357,