{"0": {"0": 3.842737670608811e-10, "1": 2.763187058547234e-10, "2": 2.3022532040713597e-10, "3": 0.6022834337499017, "4": 0.6022834337499017, "5": 2.3953573718547705e-10, "6": 3.4659987149236086e-10, "7": 0.6022834337499017, "8": 0.6022834337499017, "9": 2.8832374456272713e-10, "10": 3.0761300543694883e-10, "11": 0.6022834337499017, "12": 0.6022834337499017, "13": 2.8307118728477567e-10, "14": 2.383901246681311e-10, "15": 0.6022834337499017, "16": 0.6022834337499017, "17": 4.5974072415132854e-10, "18": 0.6022834337499017, "19": 0.6022834337499017, "20": 0.6022834337499017, "21": 0.6022834337499017, "22": 3.2343739626184877e-10, "23": 2.821656050536664e-10, "24": 0.6022834337499017, "25": 0.6022834337499017, "26": 0.6022834337499017, "27": 0.6022834337499017, "28": 2.889427206330808e-10, "29": 2.6457167404394384e-10, "30": 0.6022834337499017, "31": 1.1511266020356799e-10, "32": 0.6022834337499017, "33": 0.6022834337499017, "34": 0.6022834337499017, "35": 1.4046780341284805e-10, "36": 1.4416187228136356e-10, "37": 1.6950278936414663e-10, "38": 0.6022834337499017, "39": 0.6022834337499017, "40": 0.6022834337499017, "41": 0.6022834337499017, "42": 0.6022834337499017, "43": 0.6022834337499017, "44": 0.6022834337499017, "45": 0.6022834337499017, "46": 0.6022834337499017, "47": 2.829433685492952e-10, "48": 2.8307118728477567e-10, "49": 0.6022834337499017, "50": 0.6022834337499017, "51": 0.6022834337499017, "52": 0.6022834337499017, "53": 0.6022834337499017, "54": 0.6022834337499017, "55": 3.098282356427993e-10, "56": 0.6022834337499017, "57": 0.6022834337499017, "58": 3.137677391590285e-10, "59": 0.6022834337499017, "60": 0.6022834337499017, "61": 1.1919506233406554e-10, "62": 0.6022834337499017, "63": 0.6022834337499017, "64": 0.6022834337499017, "65": 0.6022834337499017, "66": 1.4701063760992087e-10, "67": 0.6022834337499017, "68": 1.4069392077901874e-10, "69": 0.6022834337499017, "70": 2.7977475149213955e-10, "71": 3.150149758166753e-10, "72": 0.6022834337499017, "73": 0.6022834337499017, "74": 2.763187058547234e-10, "75": 0.6022834337499017, "76": 3.137677391590285e-10, "77": 1.444713603165404e-10, "78": 0.6022834337499017, "79": 0.6022834337499017, "80": 0.6022834337499017, "81": 3.150149758166753e-10, "82": 0.6022834337499017, "83": 0.6022834337499017, "84": 1.6314103534827227e-10, "85": 0.6022834337499017, "86": 0.6022834337499017, "87": 1.410828025268332e-10, "88": 0.6022834337499017, "89": 0.6022834337499017, "90": 1.5380650271847442e-10, "91": 0.6022834337499017, "92": 0.6022834337499017, "93": 0.6022834337499017, "94": 0.6022834337499017, "95": 2.7977475149213955e-10, "96": 2.3953573718547705e-10, "97": 0.6022834337499017, "98": 0.6022834337499017, "99": 1.6171869813092439e-10}, "1": {"0": 0.6640235964037748, "1": 0.6640235964037748, "2": 0.6640235964037748, "3": 0.6640235964037748, "4": 1.184799111199264e-10, "5": 1.5653686897992723e-10, "6": 2.778949562094276e-10, "7": 0.6640235964037748, "8": 0.6640235964037748, "9": 2.260830263677825e-10, "10": 0.6640235964037748, "11": 2.542040415710117e-10, "12": 0.6640235964037748, "13": 0.6640235964037748, "14": 0.6640235964037748, "15": 0.6640235964037748, "16": 0.6640235964037748, "17": 0.6640235964037748, "18": 2.0632695006496135e-10, "19": 0.6640235964037748, "20": 1.6944962808045023e-10, "21": 0.6640235964037748, "22": 0.6640235964037748, "23": 0.6640235964037748, "24": 0.6640235964037748, "25": 0.6640235964037748, "26": 0.6640235964037748, "27": 0.6640235964037748, "28": 2.2417975811156267e-10, "29": 0.6640235964037748, "30": 0.6640235964037748, "31": 0.6640235964037748, "32": 0.6640235964037748, "33": 0.6640235964037748, "34": 1.1244095250715346e-10, "35": 0.6640235964037748, "36": 0.6640235964037748, "37": 0.6640235964037748, "38": 0.6640235964037748, "39": 1.2187586418787419e-10, "40": 0.6640235964037748, "41": 0.6640235964037748, "42": 0.6640235964037748, "43": 0.6640235964037748, "44": 0.6640235964037748, "45": 9.576248232930958e-11, "46": 0.6640235964037748, "47": 0.6640235964037748, "48": 0.6640235964037748, "49": 0.6640235964037748, "50": 0.6640235964037748, "51": 0.6640235964037748, "52": 1.0108223811184507e-10, "53": 0.6640235964037748, "54": 0.6640235964037748, "55": 1.1133644241185744e-10, "56": 0.6640235964037748, "57": 0.6640235964037748, "58": 0.6640235964037748, "59": 0.6640235964037748, "60": 0.6640235964037748, "61": 1.1975044147865635e-10, "62": 0.6640235964037748, "63": 9.040707636614592e-11, "64": 2.0693810532941103e-10, "65": 1.1975044147865635e-10, "66": 2.6341660551307033e-10, "67": 0.6640235964037748, "68": 1.701624106254484e-10, "69": 0.6640235964037748, "70": 2.3325777059895127e-10, "71": 0.6640235964037748, "72": 2.4591523547377936e-10, "73": 1.9850725596438733e-10, "74": 0.6640235964037748, "75": 0.6640235964037748, "76": 1.2295761773688968e-10, "77": 1.0316347503248067e-10, "78": 8.472481404022511e-11, "79": 0.6640235964037748, "80": 0.6640235964037748, "81": 2.398159970142767e-10, "82": 1.1208987905578134e-10, "83": 0.6640235964037748, "84": 0.6640235964037748, "85": 2.260830263677825e-10, "86": 0.6640235964037748, "87": 0.6640235964037748, "88": 0.6640235964037748, "89": 2.542040415710117e-10, "90": 1.701624106254484e-10, "91": 0.6640235964037748, "92": 0.6640235964037748, "93": 0.6640235964037748, "94": 0.6640235964037748, "95": 0.6640235964037748, "96": 0.6640235964037748, "97": 2.0693810532941103e-10, "98": 4.520353818307296e-11, "99": 2.398159970142767e-10}, "2": {"0": 0.6735915037715481, "1": 1.6141761498257334e-10, "2": 0.6735915037715481, "3": 0.6735915037715481, "4": 0.6735915037715481, "5": 0.6735915037715481, "6": 0.6735915037715481, "7": 0.6735915037715481, "8": 1.3064170496465852e-10, "9": 0.6735915037715481, "10": 1.666627269448918e-10, "11": 1.608333458340844e-10, "12": 0.6735915037715481, "13": 0.6735915037715481, "14": 5.475274885527315e-11, "15": 0.6735915037715481, "16": 8.705943976753246e-11, "17": 0.6735915037715481, "18": 0.6735915037715481, "19": 1.6777724003768017e-10, "20": 0.6735915037715481, "21": 1.8137100492086228e-10, "22": 0.6735915037715481, "23": 0.6735915037715481, "24": 1.8903813705593892e-10, "25": 0.6735915037715481, "26": 0.6735915037715481, "27": 0.6735915037715481, "28": 1.4344530018311732e-10, "29": 0.6735915037715481, "30": 0.6735915037715481, "31": 9.579482902825901e-11, "32": 7.67375482663961e-11, "33": 0.6735915037715481, "34": 0.6735915037715481, "35": 0.6735915037715481, "36": 1.3182772026655112e-10, "37": 0.6735915037715481, "38": 0.6735915037715481, "39": 0.6735915037715481, "40": 0.6735915037715481, "41": 1.8157850829550192e-10, "42": 0.6735915037715481, "43": 1.251581969509049e-10, "44": 0.6735915037715481, "45": 1.2028037494097801e-10, "46": 0.6735915037715481, "47": 6.475039515936142e-11, "48": 0.6735915037715481, "49": 0.6735915037715481, "50": 0.6735915037715481, "51": 0.6735915037715481, "52": 4.7897414514129506e-11, "53": 0.6735915037715481, "54": 1.0325554135349546e-10, "55": 0.6735915037715481, "56": 1.5531836118321437e-10, "57": 0.6735915037715481, "58": 0.6735915037715481, "59": 0.6735915037715481, "60": 0.6735915037715481, "61": 0.6735915037715481, "62": 0.6735915037715481, "63": 0.6735915037715481, "64": 1.3064170496465852e-10, "65": 1.7629088686562303e-10, "66": 6.552378048465949e-11, "67": 1.4344530018311732e-10, "68": 0.6735915037715481, "69": 0.6735915037715481, "70": 1.8137100492086228e-10, "71": 0.6735915037715481, "72": 0.6735915037715481, "73": 7.830650196276157e-11, "74": 0.6735915037715481, "75": 0.6735915037715481, "76": 0.6735915037715481, "77": 1.5613504868189427e-10, "78": 1.5613504868189427e-10, "79": 0.6735915037715481, "80": 0.6735915037715481, "81": 1.6777724003768017e-10, "82": 0.6735915037715481, "83": 0.6735915037715481, "84": 0.6735915037715481, "85": 7.765918059160719e-11, "86": 0.6735915037715481, "87": 1.4959092499331272e-10, "88": 5.162777067674773e-11, "89": 0.6735915037715481, "90": 0.6735915037715481, "91": 0.6735915037715481, "92": 7.15284485610615e-11,