{"0": {"0": 0.5921903599813267, "1": 0.5921903599813267, "2": 0.5921903599813267, "3": 0.5921903599813267, "4": 0.5921903599813267, "5": 3.3804993528179244e-08, "6": 0.5921903599813267, "7": 3.775120769925516e-08, "8": 3.4962629841159645e-08, "9": 0.5921903599813267, "10": 0.5921903599813267, "11": 0.5921903599813267, "12": 0.5921903599813267, "13": 0.5921903599813267, "14": 0.5921903599813267, "15": 3.1319780062527245e-08, "16": 1.7481314920579822e-08, "17": 3.775120769925516e-08, "18": 3.6063266670431033e-08, "19": 0.5921903599813267, "20": 0.5921903599813267, "21": 3.025757207762164e-08, "22": 2.996797600736925e-08, "23": 0.5921903599813267, "24": 1.9778204593319655e-08, "25": 0.5921903599813267, "26": 0.5921903599813267, "27": 0.5921903599813267, "28": 0.5921903599813267, "29": 0.5921903599813267, "30": 2.988530136546143e-08, "31": 2.3635375337642146e-08, "32": 2.8162906945334292e-08, "33": 0.5921903599813267, "34": 1.5886522534702103e-08, "35": 0.5921903599813267, "36": 0.5921903599813267, "37": 0.5921903599813267, "38": 1.6006395154723887e-08, "39": 0.5921903599813267, "40": 0.5921903599813267, "41": 0.5921903599813267, "42": 0.5921903599813267, "43": 4.137049625256395e-08, "44": 0.5921903599813267, "45": 0.5921903599813267, "46": 0.5921903599813267, "47": 0.5921903599813267, "48": 0.5921903599813267, "49": 0.5921903599813267, "50": 0.5921903599813267, "51": 0.5921903599813267, "52": 0.5921903599813267, "53": 0.5921903599813267, "54": 3.025757207762164e-08, "55": 0.5921903599813267, "56": 3.6720259845785976e-08, "57": 0.5921903599813267, "58": 2.6449584346543716e-08, "59": 2.996797600736925e-08, "60": 2.988654971262261e-08, "61": 0.5921903599813267, "62": 1.8619710883435688e-08, "63": 1.937811497201741e-08, "64": 2.6352314562034442e-08, "65": 1.4943274856311305e-08, "66": 0.5921903599813267, "67": 0.5921903599813267, "68": 0.5921903599813267, "69": 0.9846620860003343, "70": 0.5921903599813267, "71": 0.5921903599813267, "72": 0.5921903599813267, "73": 0.5921903599813267, "74": 0.5921903599813267, "75": 2.6449584346543716e-08, "76": 0.5921903599813267, "77": 0.5921903599813267, "78": 0.5921903599813267, "79": 0.5921903599813267, "80": 0.5921903599813267, "81": 0.5921903599813267, "82": 0.5921903599813267, "83": 0.5921903599813267, "84": 2.6352314562034442e-08, "85": 0.5921903599813267, "86": 0.5921903599813267, "87": 0.5921903599813267, "88": 0.5921903599813267, "89": 0.5921903599813267, "90": 0.5921903599813267, "91": 0.5921903599813267, "92": 0.5921903599813267, "93": 0.5921903599813267, "94": 0.5921903599813267, "95": 0.5921903599813267, "96": 0.5921903599813267, "97": 0.5921903599813267, "98": 0.5921903599813267, "99": 1.8360129922892988e-08}, "1": {"0": 0.735404672778039, "1": 3.901037470177939e-08, "2": 0.4253090791138938, "3": 0.735404672778039, "4": 3.945279711854276e-08, "5": 0.735404672778039, "6": 0.735404672778039, "7": 0.4253090791138938, "8": 0.735404672778039, "9": 0.4253090791138938, "10": 0.735404672778039, "11": 0.4253090791138938, "12": 0.4253090791138938, "13": 0.4253090791138938, "14": 4.545198693708378e-08, "15": 0.4253090791138938, "16": 2.510082669833272e-08, "17": 0.4253090791138938, "18": 2.6772609362498995e-08, "19": 0.4253090791138938, "20": 0.735404672778039, "21": 0.4253090791138938, "22": 0.735404672778039, "23": 0.4253090791138938, "24": 0.4253090791138938, "25": 0.4253090791138938, "26": 0.4253090791138938, "27": 4.766922485956843e-08, "28": 0.735404672778039, "29": 2.8479302238883905e-08, "30": 1.670995076589622e-08, "31": 1.895856763756145e-08, "32": 2.7453383635747048e-08, "33": 0.4253090791138938, "34": 3.170409083635317e-08, "35": 0.735404672778039, "36": 0.735404672778039, "37": 0.735404672778039, "38": 0.4253090791138938, "39": 0.4253090791138938, "40": 0.735404672778039, "41": 3.034922427899936e-08, "42": 0.735404672778039, "43": 0.735404672778039, "44": 3.3927736682089116e-08, "45": 0.735404672778039, "46": 0.4253090791138938, "47": 0.735404672778039, "48": 1.5571915218879734e-08, "49": 0.735404672778039, "50": 3.321362298787167e-08, "51": 0.4253090791138938, "52": 1.5167027417265594e-08, "53": 0.4253090791138938, "54": 0.735404672778039, "55": 0.735404672778039, "56": 0.4253090791138938, "57": 0.735404672778039, "58": 0.735404672778039, "59": 4.5666018845881524e-08, "60": 0.735404672778039, "61": 0.4253090791138938, "62": 0.4253090791138938, "63": 0.735404672778039, "64": 2.7453383635747048e-08, "65": 0.4253090791138938, "66": 0.735404672778039, "67": 3.945279711854276e-08, "68": 0.4253090791138938, "69": 3.481818190523131e-08, "70": 1.900001842010318e-08, "71": 0.4253090791138938, "72": 0.4253090791138938, "73": 0.4253090791138938, "74": 0.4253090791138938, "75": 0.735404672778039, "76": 0.4253090791138938, "77": 0.735404672778039, "78": 2.6772609362498995e-08, "79": 0.4253090791138938, "80": 0.4253090791138938, "81": 0.735404672778039, "82": 0.735404672778039, "83": 4.314660298529898e-08, "84": 3.901037470177939e-08, "85": 3.321362298787167e-08, "86": 0.4253090791138938, "87": 0.735404672778039, "88": 3.7145216711529224e-08, "89": 0.4253090791138938, "90": 0.4253090791138938, "91": 2.8479302238883905e-08, "92": 0.4253090791138938, "93": 0.735404672778039, "94": 3.3927736682089116e-08, "95": 3.170409083635317e-08, "96": 0.735404672778039, "97": 0.4253090791138938, "98": 0.735404672778039, "99": 0.4253090791138938}, "2": {"0": 0.3123325901128471, "1": 0.3123325901128471, "2": 0.3123325901128471, "3": 0.3123325901128471, "4": 0.3123325901128471, "5": 3.503678528897871e-08, "6": 0.3123325901128471, "7": 0.7782164642304026, "8": 0.7782164642304026, "9": 0.7782164642304026, "10": 3.503678528897871e-08, "11": 0.7782164642304026, "12": 0.3123325901128471, "13": 0.3123325901128471, "14": 2.9378135277703504e-08, "15": 0.7782164642304026, "16": 0.7782164642304026, "17": 2.5646133795472533e-08, "18": 0.3123325901128471, "19": 0.7782164642304026, "20": 1.2823066897736266e-08, "21": 0.3123325901128471, "22": 0.7782164642304026, "23": 1.1296410006334436e-08, "24": 3.399549606431581e-08, "25": 3.503678528897871e-08, "26": 0.7782164642304026, "27": 2.4460246506743563e-08, "28": 0.3123325901128471, "29": 0.3123325901128471, "30": 0.7782164642304026, "31": 0.3123325901128471, "32": 0.3123325901128471, "33": 0.3123325901128471, "34": 0.7782164642304026, "35": 0.7782164642304026, "36": 0.7782164642304026, "37": 0.7782164642304026, "38": 0.3123325901128471, "39": 0.7782164642304026, "40": 0.7782164642304026, "41": 0.7782164642304026, "42": 0.7782164642304026, "43": 0.3123325901128471, "44": 0.3123325901128471, "45": 0.3123325901128471, "46": 0.7782164642304026, "47": 0.7782164642304026, "48": 0.7782164642304026, "49": 0.3123325901128471, "50": 2.6012308611942695e-08, "51": 3.0987785287460245e-08, "52": 0.3123325901128471, "53": 0.7782164642304026, "54": 2.366444773914779e-08, "55": 0.3123325901128471, "56": 1.1832223869573895e-08, "57": 0.3123325901128471, "58": 1.2949564907501958e-08, "59": 0.7782164642304026, "60": 0.3123325901128471, "61": 0.7782164642304026, "62": 0.7782164642304026, "63": 0.3123325901128471, "64": 0.3123325901128471, "65": 0.3123325901128471, "66": 0.3123325901128471, "67": 0.3123325901128471, "68": 0.7782164642304026, "69": 1.2122987456918197e-08, "70": 0.7782164642304026, "71": 0.3123325901128471, "72": 0.3123325901128471, "73": 0.7782164642304026, "74": 0.7782164642304026, "75": 0.3123325901128471, "76": 0.3123325901128471, "77": 0.3123325901128471, "78": 0.7782164642304026, "79": 0.3123325901128471, "80": 0.3123325901128471, "81": 0.7782164642304026, "82": 2.4460246506743563e-08, "83": 0.3123325901128471, "84": 0.7782164642304026, "85": 0.3123325901128471, "86": 0.3123325901128471, "87": 1.3915147502632646e-08, "88": 0.7782164642304026, "89": 0.3123325901128471, "90": 0.7782164642304026, "91": 0.3123325901128471, "92": 0.7782164642304026, "93": 0.7782164642304026, "94": 0.3123325901128471, "95": 1.4689067638851752e-08, "96": 0.7782164642304026, "97": 0.3123325901128471, "98": 0.3123325901128471,