{"0": {"0": 0.050000000357290665, "1": 0.05000000069378724, "2": 0.9499999781789795, "3": 0.5249493850887672, "4": 0.050000000488345325, "5": 0.94999999093248, "6": 0.050000000337110315, "7": 0.050000000520220536, "8": 0.5249493850887673, "9": 0.05000000064330238, "10": 0.9499999789838396, "11": 0.05000000044106133, "12": 0.5249493850887672, "13": 0.9499999854813655, "14": 0.9499999763768721, "15": 0.05000000071144387, "16": 0.5249493850887673, "17": 0.5249493850887672, "18": 0.949999970845814, "19": 0.5249493850887672, "20": 0.949999981001012, "21": 0.050000000622813096, "22": 0.050000000498165685, "23": 0.050000000420316645, "24": 0.9499999913875374, "25": 0.5249493850887672, "26": 0.050000000435561326, "27": 0.9499999887647329, "28": 0.9499999599470983, "29": 0.050000000488345325, "30": 0.050000000473520254, "31": 0.9499999710488346, "32": 0.9499999817505398, "33": 0.9499999783009078, "34": 0.05000000069365322, "35": 0.05000000052000208, "36": 0.949999984019321, "37": 0.05000000025176149, "38": 0.9499999701063306, "39": 0.9499999757406516, "40": 0.9499999751407139, "41": 0.5249493850887672, "42": 0.949999979509745, "43": 0.9499999794356138, "44": 0.05000000065758306, "45": 0.9499999810209674, "46": 0.5249493850887672, "47": 0.949999975214049, "48": 0.5249493850887672, "49": 0.050000000357683066, "50": 0.05000000027930978, "51": 0.050000000567688586, "52": 0.949999979776414, "53": 0.9499999751407139, "54": 0.05000000035001763, "55": 0.9499999827351638, "56": 0.9499999739315144, "57": 0.05000000057504021, "58": 0.9499999850531653, "59": 0.5249493850887672, "60": 0.9499999782165776, "61": 0.9499999772178922, "62": 0.9499999783797843, "63": 0.05000000034682661, "64": 0.050000000520360424, "65": 0.5249493850887672, "66": 0.9499999810209674, "67": 0.050000000437711814, "68": 0.9499999796388106, "69": 0.9499999783009078, "70": 0.050000000622813096, "71": 0.949999981001012, "72": 0.05000000067015185, "73": 0.050000000357683066, "74": 0.05000000062898917, "75": 0.9499999896213775, "76": 0.050000000260180213, "77": 0.05000000064330238, "78": 0.05000000023676013, "79": 0.9499999732479876, "80": 0.05000000039631704, "81": 0.5249493850887672, "82": 0.9499999829399786, "83": 0.949999979509745, "84": 0.050000000175008816, "85": 0.05000000035707275, "86": 0.949999979215263, "87": 0.0500000003497144, "88": 0.050000000357290665, "89": 0.9499999878703258, "90": 0.9499999869657572, "91": 0.05000000028752011, "92": 0.9499999765122008, "93": 0.9499999702185726, "94": 0.05000000019815852, "95": 0.9499999828102448, "96": 0.050000000498165685, "97": 0.05000000052000208, "98": 0.9499999828102448, "99": 0.5249493850887672}, "1": {"0": 0.05000000030844908, "1": 0.050000000138803596, "2": 0.9499999985879651, "3": 0.05000000031306841, "4": 0.9499999980447622, "5": 0.9499999980855189, "6": 0.9499999982080914, "7": 0.9499999986069619, "8": 0.9499999985504415, "9": 0.050000000344272495, "10": 0.9499999976733937, "11": 0.9499999985354155, "12": 0.050000000325954905, "13": 0.9499999978040139, "14": 0.05000000039661917, "15": 0.9499999983044489, "16": 0.05000000041384116, "17": 0.9499999980429574, "18": 0.9499999985422236, "19": 0.9499999974489148, "20": 0.05000000033976691, "21": 0.9499999988346405, "22": 0.9499999984767469, "23": 0.05000000027919921, "24": 0.05000000017019418, "25": 0.949999997877476, "26": 0.05000000024245432, "27": 0.050000000198135316, "28": 0.9499999990772129, "29": 0.9499999987501975, "30": 0.9499999982329231, "31": 0.9499999990358865, "32": 0.050000000412419074, "33": 0.9499999979426106, "34": 0.05000000033555334, "35": 0.9499999979713902, "36": 0.9499999977774836, "37": 0.050000000303192266, "38": 0.9499999982329231, "39": 0.9499999982256835, "40": 0.9499999989438921, "41": 0.050000000360866645, "42": 0.05000000034624076, "43": 0.9499999990567232, "44": 0.05000000022509386, "45": 0.050000000299577727, "46": 0.05000000021672986, "47": 0.9499999982155076, "48": 0.9499999988346405, "49": 0.949999998067361, "50": 0.9499999990088757, "51": 0.9499999979566011, "52": 0.949999998308446, "53": 0.050000000303192266, "54": 0.05000000041954395, "55": 0.05000000038004204, "56": 0.05000000031306841, "57": 0.05000000033882346, "58": 0.05000000028227928, "59": 0.9499999992383734, "60": 0.05000000034942047, "61": 0.9499999978637583, "62": 0.9499999991443762, "63": 0.9499999993034809, "64": 0.9499999989291672, "65": 0.9499999991077538, "66": 0.05000000012122716, "67": 0.9499999982256835, "68": 0.9499999982056617, "69": 0.05000000018686475, "70": 0.9499999989095373, "71": 0.949999997877476, "72": 0.050000000157693195, "73": 0.050000000412419074, "74": 0.9499999981347822, "75": 0.05000000040714801, "76": 0.05000000029913814, "77": 0.05000000017312038, "78": 0.9499999981347822, "79": 0.050000000399263216, "80": 0.05000000030848295, "81": 0.9499999991744109, "82": 0.0500000003364762, "83": 0.9499999990214787, "84": 0.05000000013377272, "85": 0.05000000014956907, "86": 0.9499999985571128, "87": 0.9499999990627582, "88": 0.05000000039661917, "89": 0.05000000008509709, "90": 0.949999999154223, "91": 0.0500000003364762, "92": 0.9499999979426106, "93": 0.9499999983044489, "94": 0.9499999992711118, "95": 0.050000000141139644, "96": 0.9499999985571128, "97": 0.05000000030848295, "98": 0.9499999990627582, "99": 0.9499999988887418}, "2": {"0": 0.9499999992837178, "1": 0.5283480982414805, "2": 0.9499999996400534, "3": 0.9499999994898238, "4": 0.5283480982414805, "5": 0.050000000406321694, "6": 0.05000000028420673, "7": 0.05000000027404312, "8": 0.9499999993743369, "9": 0.9499999994047281, "10": 0.9499999997483575, "11": 0.0500000004206293, "12": 0.5283480982414805, "13": 0.05000000035384762, "14": 0.9499999996621831, "15": 0.05000000021031465, "16": 0.5283480982414805, "17": 0.9499999995566472, "18": 0.9499999994592465, "19": 0.9499999997236432, "20": 0.050000000337685147, "21": 0.050000000445463946, "22": 0.050000000425078614, "23": 0.9499999994708501, "24": 0.9499999993548682, "25": 0.9499999993245078, "26": 0.05000000042705399, "27": 0.9499999996002009, "28": 0.9499999991410082, "29": 0.05000000036755914, "30": 0.050000000406321694, "31": 0.9499999995525705, "32": 0.9499999993537794, "33": 0.050000000337471415, "34": 0.9499999994971022, "35": 0.9499999997055208, "36": 0.949999999682689, "37": 0.9499999993278488, "38": 0.05000000035040028, "39": 0.05000000025639223, "40": 0.050000000394975916, "41": 0.9499999994766999, "42": 0.9499999997880353, "43": 0.050000000321816784, "44": 0.05000000039068175, "45": 0.05000000019649904, "46": 0.05000000025639223, "47": 0.050000000370986605, "48": 0.05000000029349232, "49": 0.05000000024924216, "50": 0.5283480982414805, "51": 0.05000000009824952, "52": 0.9499999994495529, "53": 0.9499999997247764, "54": 0.9499999993186177, "55": 0.050000000216127716, "56": 0.9499999995064305, "57": 0.9499999996768898, "58": 0.050000000137021564, "59": 0.949999999735425, "60": 0.05000000019534087, "61": 0.9499999996583205, "62": 0.5283480982414805, "63": 0.9499999993389066, "64": 0.5283480982414805, "65": 0.5283480982414805, "66": 0.05000000016162226, "67": 0.9499999994898238, "68": 0.9499999998200267, "69": 0.9499999997485511, "70": 0.05000000017692381, "71": 0.9499999994078105, "72": 0.5283480982414805, "73": 0.05000000033009783, "74": 0.05000000026116086, "75": 0.9499999995031034, "76": 0.9499999996526971, "77": 0.9499999994578237, "78": 0.5283480982414805, "79": 0.05000000013058043, "80": 0.949999999668816, "81": 0.9499999993743369, "82": 0.05000000035040028, "83": 0.9499999993186177, "84": 0.9499999997025234, "85": 0.9499999996622539, "86": 0.9499999995031034, "87": 0.050000000321816784, "88": 0.5283480982414805, "89": 0.9499999995064305, "90": 0.5283480982414805, "91": 0.9499999997296232, "92": 0.05000000016873571, "93": 0.5283480982414805, "94": 0.9499999997289118, "95": 0.5283480982414805, "96": 0.05000000022336506, "97": 0.05000000011168253, "98": 0.050000000222731975, "99": 0.9499999998512616}, "3": {"0": 0.9499999979204483, "1": 0.949999998786502,