{"0": {"0": 0.4787340535402945, "1": 0.4787340535402945, "2": 0.4787340535402945, "3": 0.4787340535402945, "4": 0.4787340535402945, "5": 0.4787340535402945, "6": 0.4787340535402945, "7": 0.4787340535402945, "8": 0.4787340535402945, "9": 0.4787340535402945, "10": 0.4787340535402945, "11": 0.4787340535402945, "12": 0.4787340535402945, "13": 0.4787340535402945, "14": 0.4787340535402945, "15": 0.4787340535402945, "16": 0.4787340535402945, "17": 0.4787340535402945, "18": 0.4787340535402945, "19": 0.4787340535402945, "20": 0.4787340535402945, "21": 0.4787340535402945, "22": 0.4787340535402945, "23": 0.4787340535402945, "24": 0.4787340535402945, "25": 0.4787340535402945, "26": 0.4787340535402945, "27": 0.4787340535402945, "28": 0.4787340535402945, "29": 0.4787340535402945, "30": 0.4787340535402945, "31": 0.4787340535402945, "32": 0.4787340535402945, "33": 0.4787340535402945, "34": 0.4787340535402945, "35": 0.4787340535402945, "36": 0.4787340535402945, "37": 0.4787340535402945, "38": 0.4787340535402945, "39": 0.4787340535402945, "40": 0.4787340535402945, "41": 0.4787340535402945, "42": 0.4787340535402945, "43": 0.4787340535402945, "44": 0.4787340535402945, "45": 0.4787340535402945, "46": 0.4787340535402945, "47": 0.4787340535402945, "48": 0.4787340535402945, "49": 0.4787340535402945, "50": 0.4787340535402945, "51": 0.4787340535402945, "52": 0.4787340535402945, "53": 0.4787340535402945, "54": 0.4787340535402945, "55": 0.4787340535402945, "56": 0.4787340535402945, "57": 0.4787340535402945, "58": 0.4787340535402945, "59": 0.4787340535402945, "60": 0.4787340535402945, "61": 0.4787340535402945, "62": 0.4787340535402945, "63": 0.4787340535402945, "64": 0.4787340535402945, "65": 0.4787340535402945, "66": 0.4787340535402945, "67": 0.4787340535402945, "68": 0.4787340535402945, "69": 0.4787340535402945, "70": 0.4787340535402945, "71": 0.4787340535402945, "72": 0.4787340535402945, "73": 0.4787340535402945, "74": 0.4787340535402945, "75": 0.4787340535402945, "76": 0.4787340535402945, "77": 0.4787340535402945, "78": 0.4787340535402945, "79": 0.4787340535402945, "80": 0.4787340535402945, "81": 0.4787340535402945, "82": 0.4787340535402945, "83": 0.4787340535402945, "84": 0.4787340535402945, "85": 0.4787340535402945, "86": 0.4787340535402945, "87": 0.4787340535402945, "88": 0.4787340535402945, "89": 0.4787340535402945, "90": 0.4787340535402945, "91": 0.4787340535402945, "92": 0.4787340535402945, "93": 0.4787340535402945, "94": 0.4787340535402945, "95": 0.4787340535402945, "96": 0.4787340535402945, "97": 0.4787340535402945, "98": 0.4787340535402945, "99": 0.4787340535402945}, "1": {"0": 0.48324717093422287, "1": 0.48324717093422287, "2": 0.48324717093422287, "3": 0.48324717093422287, "4": 0.48324717093422287, "5": 0.48324717093422287, "6": 0.48324717093422287, "7": 0.48324717093422287, "8": 0.48324717093422287, "9": 0.48324717093422287, "10": 0.48324717093422287, "11": 0.48324717093422287, "12": 0.48324717093422287, "13": 0.48324717093422287, "14": 0.48324717093422287, "15": 0.48324717093422287, "16": 0.48324717093422287, "17": 0.48324717093422287, "18": 0.48324717093422287, "19": 0.48324717093422287, "20": 0.48324717093422287, "21": 0.48324717093422287, "22": 0.48324717093422287, "23": 0.48324717093422287, "24": 0.48324717093422287, "25": 0.48324717093422287, "26": 0.48324717093422287, "27": 0.48324717093422287, "28": 0.48324717093422287, "29": 0.48324717093422287, "30": 0.48324717093422287, "31": 0.48324717093422287, "32": 0.48324717093422287, "33": 0.48324717093422287, "34": 0.48324717093422287, "35": 0.48324717093422287, "36": 0.48324717093422287, "37": 0.48324717093422287, "38": 0.48324717093422287, "39": 0.48324717093422287, "40": 0.48324717093422287, "41": 0.48324717093422287, "42": 0.48324717093422287, "43": 0.48324717093422287, "44": 0.48324717093422287, "45": 0.48324717093422287, "46": 0.48324717093422287, "47": 0.48324717093422287, "48": 0.48324717093422287, "49": 0.48324717093422287, "50": 0.48324717093422287, "51": 0.48324717093422287, "52": 0.48324717093422287, "53": 0.48324717093422287, "54": 0.48324717093422287, "55": 0.48324717093422287, "56": 0.48324717093422287, "57": 0.48324717093422287, "58": 0.48324717093422287, "59": 0.48324717093422287, "60": 0.48324717093422287, "61": 0.48324717093422287, "62": 0.48324717093422287, "63": 0.48324717093422287, "64": 0.48324717093422287, "65": 0.48324717093422287, "66": 0.48324717093422287, "67": 0.48324717093422287, "68": 0.48324717093422287, "69": 0.48324717093422287, "70": 0.48324717093422287, "71": 0.48324717093422287, "72": 0.48324717093422287, "73": 0.48324717093422287, "74": 0.48324717093422287, "75": 0.48324717093422287, "76": 0.48324717093422287, "77": 0.48324717093422287, "78": 0.48324717093422287, "79": 0.48324717093422287, "80": 0.48324717093422287, "81": 0.48324717093422287, "82": 0.48324717093422287, "83": 0.48324717093422287, "84": 0.48324717093422287, "85": 0.48324717093422287, "86": 0.48324717093422287, "87": 0.48324717093422287, "88": 0.48324717093422287, "89": 0.48324717093422287, "90": 0.48324717093422287, "91": 0.48324717093422287, "92": 0.48324717093422287, "93": 0.48324717093422287, "94": 0.48324717093422287, "95": 0.48324717093422287, "96": 0.48324717093422287, "97": 0.48324717093422287, "98": 0.48324717093422287, "99": 0.48324717093422287}, "2": {"0": 0.4830403150750704, "1": 0.4830403150750704, "2": 0.4830403150750704, "3": 0.4830403150750704, "4": 0.4830403150750704, "5": 0.4830403150750704, "6": 0.4830403150750704, "7": 0.4830403150750704, "8": 0.4830403150750704, "9": 0.4830403150750704, "10": 0.4830403150750704, "11": 0.4830403150750704, "12": 0.4830403150750704, "13": 0.4830403150750704, "14": 0.4830403150750704, "15": 0.4830403150750704, "16": 0.4830403150750704, "17": 0.4830403150750704, "18": 0.4830403150750704, "19": 0.4830403150750704, "20": 0.4830403150750704, "21": 0.4830403150750704, "22": 0.4830403150750704, "23": 0.4830403150750704, "24": 0.4830403150750704, "25": 0.4830403150750704, "26": 0.4830403150750704, "27": 0.4830403150750704, "28": 0.4830403150750704, "29": 0.4830403150750704, "30": 0.4830403150750704, "31": 0.4830403150750704, "32": 0.4830403150750704, "33": 0.4830403150750704, "34": 0.4830403150750704, "35": 0.4830403150750704, "36": 0.4830403150750704, "37": 0.4830403150750704, "38": 0.4830403150750704, "39": 0.4830403150750704, "40": 0.4830403150750704, "41": 0.4830403150750704, "42": 0.4830403150750704, "43": 0.4830403150750704, "44": 0.4830403150750704, "45": 0.4830403150750704, "46": 0.4830403150750704, "47": 0.4830403150750704, "48": 0.4830403150750704, "49": 0.4830403150750704, "50": 0.4830403150750704, "51": 0.4830403150750704, "52": 0.4830403150750704, "53": 0.4830403150750704, "54": 0.4830403150750704, "55": 0.4830403150750704, "56": 0.4830403150750704, "57": 0.4830403150750704, "58": 0.4830403150750704, "59": 0.4830403150750704, "60": 0.4830403150750704, "61": 0.4830403150750704, "62": 0.4830403150750704, "63": 0.4830403150750704, "64": 0.4830403150750704, "65": 0.4830403150750704, "66": 0.4830403150750704, "67": 0.4830403150750704, "68": 0.4830403150750704, "69": 0.4830403150750704, "70": 0.4830403150750704, "71": 0.4830403150750704, "72": 0.4830403150750704, "73": 0.4830403150750704, "74": 0.4830403150750704, "75": 0.4830403150750704, "76": 0.4830403150750704, "77": 0.4830403150750704, "78": 0.4830403150750704, "79": 0.4830403150750704, "80": 0.4830403150750704, "81": 0.4830403150750704, "82": 0.4830403150750704, "83": 0.4830403150750704, "84": 0.4830403150750704, "85": 0.4830403150750704, "86": 0.4830403150750704, "87": 0.4830403150750704, "88": 0.4830403150750704, "89": 0.4830403150750704, "90": 0.4830403150750704, "91": 0.4830403150750704, "92": 0.4830403150750704, "93": 0.4830403150750704, "94": 0.4830403150750704, "95": 0.4830403150750704, "96": 0.4830403150750704, "97": 0.4830403150750704, "98": 0.4830403150750704, "99": 0.4830403150750704}, "3": {"0": 0.5574246616599361, "1": 0.5574246616599361, "2": 0.5574246616599361, "3": 0.5574246616599361,