{"0": {"0": 0.52648501268212, "1": 0.6006456736775496, "2": 0.36948583727496065, "3": 0.949971885053105, "4": 0.9499290039872808, "5": 0.05001281106301227, "6": 0.9499761530149063, "7": 0.05001321183625705, "8": 0.050013741819404156, "9": 0.9499390273404944, "10": 0.05001154995181731, "11": 0.52648501268212, "12": 0.36948583727496065, "13": 0.050011126974481124, "14": 0.9499059544435544, "15": 0.05001031826260152, "16": 0.9499256377431591, "17": 0.4953578531997691, "18": 0.36948583727496065, "19": 0.4253516257009169, "20": 0.9499602390262261, "21": 0.9499276990407215, "22": 0.5623075417059125, "23": 0.9499576644989729, "24": 0.5623075417059125, "25": 0.9499529687298769, "26": 0.050013718395163574, "27": 0.05001358391548809, "28": 0.05001310104225995, "29": 0.05001254167931611, "30": 0.4953578531997691, "31": 0.949918340865578, "32": 0.9499472735830724, "33": 0.9499462050463486, "34": 0.9499368485153752, "35": 0.9499204393397993, "36": 0.050008860923456924, "37": 0.5320833795738912, "38": 0.9499204393397993, "39": 0.49180254143415425, "40": 0.05000963965883663, "41": 0.9499162634755556, "42": 0.05001286857685716, "43": 0.050011126974481124, "44": 0.05000879658308712, "45": 0.5565549466669258, "46": 0.9499174560940088, "47": 0.9499276990407215, "48": 0.9499536471156674, "49": 0.9499768235578336, "50": 0.9499394328709201, "51": 0.05001321183625705, "52": 0.949966556512809, "53": 0.9499174560940088, "54": 0.050013038413334876, "55": 0.949971798421902, "56": 0.6006456736775496, "57": 0.9499560971819488, "58": 0.9499411795794033, "59": 0.050013569940454326, "60": 0.9499472735830724, "61": 0.4253516257009169, "62": 0.9499256377431591, "63": 0.9499686110319776, "64": 0.050008680754367214, "65": 0.9499462050463486, "66": 0.9499832782564045, "67": 0.05001384978564706, "68": 0.36948583727496065, "69": 0.05001278656239565, "70": 0.9499162634755556, "71": 0.4253516257009169, "72": 0.9499380157745729, "73": 0.05001278656239565, "74": 0.5078570623607432, "75": 0.4918025409874619, "76": 0.05001031826260152, "77": 0.050009969123509274, "78": 0.05001201875855075, "79": 0.5320833795738912, "80": 0.9499390273404944, "81": 0.050013307086030405, "82": 0.05000625656253429, "83": 0.5078570623607432, "84": 0.05000439829154356, "85": 0.4253516257009169, "86": 0.050005774975908655, "87": 0.9499857919939474, "88": 0.050008680754367214, "89": 0.49180254143415425, "90": 0.949933019094003, "91": 0.05001281106301227, "92": 0.9499560971819488, "93": 0.9499380157745729, "94": 0.5565549466669258, "95": 0.949933019094003, "96": 0.050013307086030405, "97": 0.05001286857685716, "98": 0.050009969123509274, "99": 0.5078570623607432}, "1": {"0": 0.9499712433677507, "1": 0.05000353771582005, "2": 0.5478329639359258, "3": 0.9499646183544708, "4": 0.05000566093897675, "5": 0.05000466832839537, "6": 0.05000523975634983, "7": 0.9499709795538005, "8": 0.05000540775331658, "9": 0.9499690488114305, "10": 0.9499791137685027, "11": 0.05000435843995482, "12": 0.05000261987817492, "13": 0.050002778300602985, "14": 0.050004619300384946, "15": 0.050002808085957494, "16": 0.5496710708527444, "17": 0.05000540775331658, "18": 0.9499872766094661, "19": 0.9499761814525022, "20": 0.05000217921997741, "21": 0.5015652218282175, "22": 0.9499688241394657, "23": 0.05000429427214162, "24": 0.9499760016132569, "25": 0.050005349467496005, "26": 0.050004493995980934, "27": 0.050004404112701295, "28": 0.05000479696367787, "29": 0.050004164509042874, "30": 0.9499747838991103, "31": 0.050004361425484846, "32": 0.05000353309164364, "33": 0.9499777804914242, "34": 0.9499690775797176, "35": 0.5197420971419233, "36": 0.5831987425381964, "37": 0.9499725029129483, "38": 0.05000443793981518, "39": 0.9499801836658135, "40": 0.9499725029129483, "41": 0.05000346752021076, "42": 0.050004654374490656, "43": 0.4294613551413495, "44": 0.05000339144790319, "45": 0.05000445678626328, "46": 0.4294613551413495, "47": 0.9499775608338568, "48": 0.5472757475655885, "49": 0.949988090726251, "50": 0.9499751269010528, "51": 0.9499722642284336, "52": 0.949963922234868, "53": 0.9499906221965934, "54": 0.9499760478781665, "55": 0.05000546686242546, "56": 0.9499689535685183, "57": 0.5516929801325567, "58": 0.050003564546690055, "59": 0.050003551965086025, "60": 0.9499699246935188, "61": 0.9499686093216434, "62": 0.5471048814147665, "63": 0.4613410137810951, "64": 0.5516929801325567, "65": 0.05000443262457414, "66": 0.05000427910295034, "67": 0.05000293129198432, "68": 0.05000444325505623, "69": 0.05000178227334503, "70": 0.05000371248226886, "71": 0.9499850642536707, "72": 0.05000443793981518, "73": 0.6374142983892946, "74": 0.9499690285878175, "75": 0.5197420971419233, "76": 0.050002411741459495, "77": 0.5015652218282175, "78": 0.9499844120697328, "79": 0.5448476796007381, "80": 0.9499708513631462, "81": 0.4613410137810951, "82": 0.05000146564599216, "83": 0.9499690775797176, "84": 0.5496710708527444, "85": 0.5472757475655885, "86": 0.050004493995980934, "87": 0.9499701359777841, "88": 0.9499880239390832, "89": 0.05000177598254302, "90": 0.9499844767842591, "91": 0.9499686093216434, "92": 0.05000346752021076, "93": 0.5471048814147665, "94": 0.9499872766094661, "95": 0.05000427910295034, "96": 0.5448476796007381, "97": 0.9499709795538005, "98": 0.6374142983892946, "99": 0.9499699246935188}, "2": {"0": 0.9499941284092892, "1": 0.050011725171303686, "2": 0.050007306453578516, "3": 0.050010505833473384, "4": 0.05000967130200538, "5": 0.05001036893046074, "6": 0.9499957222191837, "7": 0.9499950797988674, "8": 0.9499947714419777, "9": 0.9499936126289747, "10": 0.050010705122829326, "11": 0.9499944078165359, "12": 0.9499933063276729, "13": 0.9499945287073577, "14": 0.5532831843184918, "15": 0.05000946735833421, "16": 0.9499947229360108, "17": 0.050009580424566935, "18": 0.9499952405912033, "19": 0.9499962815007432, "20": 0.05000830639597378, "21": 0.9499937255646453, "22": 0.4598720694006384, "23": 0.05000988558898556, "24": 0.9499973990165712, "25": 0.05000934047518829, "26": 0.9499953607274841, "27": 0.5083910951593633, "28": 0.9499934213417365, "29": 0.9499984138848543, "30": 0.9499946658170887, "31": 0.050011244836315825, "32": 0.050010045247050744, "33": 0.9499943458523818, "34": 0.5020340401570947, "35": 0.949996389657624, "36": 0.05001118564607203, "37": 0.9499947841501226, "38": 0.05000844902974502, "39": 0.050010524670217264, "40": 0.4193986768005499, "41": 0.050008209560785596, "42": 0.050009168826058874, "43": 0.05001145540868786, "44": 0.050011244836315825, "45": 0.9499944736401287, "46": 0.9499962319756903, "47": 0.05000914717014968, "48": 0.5020340386990751, "49": 0.9499944309596826, "50": 0.9499938837393858, "51": 0.05000869508391716, "52": 0.4193986768005499, "53": 0.9499974078096536, "54": 0.050005252916736694, "55": 0.5532831843184934, "56": 0.05000983598225091, "57": 0.05001179883212564, "58": 0.05001006828795802, "59": 0.9499942243442465, "60": 0.9499952405912033, "61": 0.05001130291365851, "62": 0.9499973857209889, "63": 0.05000480386452693, "64": 0.40426994019124474, "65": 0.9499972643536788, "66": 0.05000967130200538, "67": 0.4598720694006384, "68": 0.05000830639597378, "69": 0.9499945756980969, "70": 0.05000589941606282, "71": 0.05000811283118012, "72": 0.9499947841501226, "73": 0.9499976540882475, "74": 0.5532831843184934, "75": 0.05000904757488558, "76": 0.9499950280642357, "77": 0.05000365322678926, "78": 0.4766762411608503, "79": 0.9499937255646453, "80": 0.9499942800958052, "81": 0.05000844902974502, "82": 0.050009580424566935, "83": 0.4766762411608503, "84": 0.9499944703217388, "85": 0.05001025451185059, "86": 0.9499942800958052, "87": 0.9499962319756903, "88": 0.9499950797988674, "89": 0.05000904757488558, "90": 0.050010045247050744, "91": 0.9499944309596826, "92": 0.050004584413029435, "93": 0.9499938837393858, "94": 0.5020340401570947, "95": 0.40426994019124474, "96": 0.9499944736401287, "97": 0.9499950280642357, "98": 0.5083910951593633, "99": 0.949996389657624}, "3": {"0": 0.05000748089425206, "1": 0.9499792482239917,