{"0": {"0": 0.500244606174689, "1": 0.9499131373112015, "2": 0.5003540850148842, "3": 0.5005302281626581, "4": 0.05000025576231476, "5": 0.500312283659875, "6": 0.5005368604852397, "7": 0.5002623294472877, "8": 0.949891825542348, "9": 0.05000019727888515, "10": 0.05000025783043788, "11": 0.05000012788115738, "12": 0.9498870506157788, "13": 0.5002533376273726, "14": 0.5001856166681149, "15": 0.500086782110063, "16": 0.5003542180136522, "17": 0.5005551103217046, "18": 0.05000021486946567, "19": 0.5004008811629228, "20": 0.5001330492665581, "21": 0.500100746600136, "22": 0.0500003736795175, "23": 0.05000012875403829, "24": 0.05000019374506183, "25": 0.5004365504036326, "26": 0.949960787887537, "27": 0.9499111132411304, "28": 0.949960787887537, "29": 0.050000117069757447, "30": 0.9499555338047352, "31": 0.05000025023754838, "32": 0.5002295556536704, "33": 0.5001414263597674, "34": 0.5002304353072061, "35": 0.5002775772904536, "36": 0.50034808275468, "37": 0.5001856166681149, "38": 0.5005302281626581, "39": 0.5004062744447222, "40": 0.05000009111053534, "41": 0.050000099412896334, "42": 0.05000024593383935, "43": 0.5001228991949487, "44": 0.05000019227405206, "45": 0.9498932582771755, "46": 0.9499027220464316, "47": 0.5003540850148842, "48": 0.05000021245352329, "49": 0.5002467616259108, "50": 0.500312283659875, "51": 0.5005822647637346, "52": 0.5000788917473733, "53": 0.9499829412389945, "54": 0.5001713056408471, "55": 0.5002094078975041, "56": 0.5000899063613996, "57": 0.9499562047630821, "58": 0.5002295556536704, "59": 0.9498054440928632, "60": 0.5001249840053901, "61": 0.0500002309780752, "62": 0.5003034800474836, "63": 0.050000097799708224, "64": 0.5001211615245881, "65": 0.9498934459870239, "66": 0.9497935341419589, "67": 0.0500002309780752, "68": 0.05000010622676165, "69": 0.0500002149820438, "70": 0.949947126618907, "71": 0.5004683514809845, "72": 0.5001047039487521, "73": 0.5002483648183456, "74": 0.5005932088406599, "75": 0.5005551103217046, "76": 0.9499131373112015, "77": 0.5004514672681925, "78": 0.500184469969815, "79": 0.05000024593383935, "80": 0.5001363421304226, "81": 0.949901491984976, "82": 0.5004062744447222, "83": 0.05000023435438877, "84": 0.5000929510753911, "85": 0.9499777669023676, "86": 0.5001414263597674, "87": 0.5001235408020608, "88": 0.5001363421304226, "89": 0.949891825542348, "90": 0.05000009111053534, "91": 0.5002304353072061, "92": 0.9497935341419589, "93": 0.5004599093745885, "94": 0.0500002149820438, "95": 0.949901491984976, "96": 0.5002911323818673, "97": 0.5001311647236438, "98": 0.5004365504036326, "99": 0.05000009613702603}, "1": {"0": 0.5000000576735706, "1": 0.5000000736988524, "2": 0.5000000570614541, "3": 0.5000000456908438, "4": 0.05000000789931078, "5": 0.5000000530487476, "6": 0.5000000291933377, "7": 0.5000000618250404, "8": 0.5000000708152522, "9": 0.050000012753974074, "10": 0.5000000354191906, "11": 0.9499999447422984, "12": 0.500000060845728, "13": 0.050000015912343626, "14": 0.5000000451278073, "15": 0.9499999126559333, "16": 0.5000000641719151, "17": 0.5000000346752945, "18": 0.5000000560957659, "19": 0.5000000421655597, "20": 0.5000000489494811, "21": 0.5000000771467115, "22": 0.5000000388608339, "23": 0.5000000676394121, "24": 0.5000000522434223, "25": 0.9499999405845614, "26": 0.5000000639291392, "27": 0.5000000547817883, "28": 0.9499999392842253, "29": 0.5000000262758749, "30": 0.5000000451278073, "31": 0.5000000738428556, "32": 0.5000000475339677, "33": 0.5000000317138684, "34": 0.5000000644416834, "35": 0.9499999333751589, "36": 0.050000016980135537, "37": 0.050000016237803674, "38": 0.05000000852349047, "39": 0.5000000676394121, "40": 0.5000000736973224, "41": 0.9499999392842253, "42": 0.9499999474317031, "43": 0.9499999130331112, "44": 0.5000000764187599, "45": 0.5000000382125734, "46": 0.500000050004711, "47": 0.5000000393963395, "48": 0.5000000618250404, "49": 0.9499999105159238, "50": 0.5000000421655597, "51": 0.500000051709403, "52": 0.5000000604806603, "53": 0.500000061700291, "54": 0.05000000637698704, "55": 0.5000000536976331, "56": 0.9499999251744121, "57": 0.5000000666954314, "58": 0.5000000735302264, "59": 0.5000000280478829, "60": 0.5000000412503962, "61": 0.050000015970855696, "62": 0.5000000489494811, "63": 0.500000057038114, "64": 0.5000000623034115, "65": 0.5000000641719151, "66": 0.5000000530487476, "67": 0.9499999273723296, "68": 0.5000000666954314, "69": 0.5000000566051974, "70": 0.9499999409001461, "71": 0.5000000738428556, "72": 0.5000000382125734, "73": 0.050000016237803674, "74": 0.5000000268488165, "75": 0.5000000576735706, "76": 0.5000000736988524, "77": 0.5000000764187599, "78": 0.9499999474317031, "79": 0.5000000522434223, "80": 0.5000000564977627, "81": 0.5000000398978858, "82": 0.5000000475339677, "83": 0.5000000547817883, "84": 0.500000060845728, "85": 0.5000000282488813, "86": 0.500000061700291, "87": 0.9499999409001461, "88": 0.5000000258637216, "89": 0.5000000228454219, "90": 0.5000000206251981, "91": 0.9499999672605, "92": 0.9499999672605, "93": 0.5000000623034115, "94": 0.500000051709403, "95": 0.5000000644416834, "96": 0.9499999223712794, "97": 0.5000000385733557, "98": 0.9499999405845614, "99": 0.9499999447422984}, "2": {"0": 0.4941936960198745, "1": 0.4924433927169889, "2": 0.1295937024196082, "3": 0.4985154393410759, "4": 0.06891159782635714, "5": 0.06891159782635714, "6": 0.49448613959059373, "7": 0.4987775835568557, "8": 0.05321837606498875, "9": 0.0538642607554914, "10": 0.4976836951739038, "11": 0.06641189126543623, "12": 0.43493605698411075, "13": 0.49539981590601195, "14": 0.4936900980707095, "15": 0.4971224437887607, "16": 0.4664862535269092, "17": 0.49640592194716915, "18": 0.9499971125353853, "19": 0.49709684800993725, "20": 0.9499975356124537, "21": 0.4976836951739038, "22": 0.05082875376467748, "23": 0.489914101117924, "24": 0.49095076639889357, "25": 0.23113546532037219, "26": 0.050751537663754794, "27": 0.1311946308159465, "28": 0.06983345049619838, "29": 0.4971224437887607, "30": 0.47190262160849156, "31": 0.4990552190579297, "32": 0.47190262160849156, "33": 0.49781524890559614, "34": 0.49848484378283675, "35": 0.4410192028152383, "36": 0.05066803045221498, "37": 0.1134602061915109, "38": 0.4740519750950614, "39": 0.4709109318792525, "40": 0.4410192028152383, "41": 0.49929308276226453, "42": 0.4956358887847338, "43": 0.4961839723785212, "44": 0.4883713346163895, "45": 0.4985018755591744, "46": 0.9499978618198112, "47": 0.23747763831683688, "48": 0.4883713346163895, "49": 0.47910734206599787, "50": 0.23747763831683688, "51": 0.05508956652972924, "52": 0.48842559952107834, "53": 0.4990552190579297, "54": 0.49087940080821757, "55": 0.23113546532037219, "56": 0.05508956652972924, "57": 0.49781524890559614, "58": 0.9499974580863044, "59": 0.49844179285082657, "60": 0.9499977261953388, "61": 0.4985303213447465, "62": 0.9499979943043733, "63": 0.49091508360355557, "64": 0.49448613959059373, "65": 0.05349150996180452, "66": 0.9499975356124537, "67": 0.498137767417623, "68": 0.49857688943181405, "69": 0.4961911038437546, "70": 0.05316741457302199, "71": 0.497699907953006, "72": 0.49848484378283675, "73": 0.43493605698411075, "74": 0.49640592194716915, "75": 0.0538642607554914, "76": 0.49866125778300807, "77": 0.48842559952107834, "78": 0.4853716429197017, "79": 0.1311946308159465, "80": 0.4709109318792525, "81": 0.49908440651981134, "82": 0.494957050558962, "83": 0.1134602061915109, "84": 0.05316741457302199, "85": 0.4853716429197017, "86": 0.49937811553906275, "87": 0.47910734206599787, "88": 0.05321837606498875, "89": 0.489914101117924, "90": 0.0503757688318774, "91": 0.06983345049619838, "92": 0.49908440651981134, "93": 0.4936622825730369, "94": 0.4924433927169889, "95": 0.4936900980707095, "96": 0.49929308276226453, "97": 0.4985018755591744, "98": 0.4961839723785212, "99": 0.9499988630976695}, "3": {"0": 0.9436048498022165, "1": 0.5214954172589814, "2": 0.5085999430862906, "3": 0.5044392591267128, "4": 0.5335281197865006, "5": 0.6435448559072489,