{"0": {"0": 0.9499991650084746, "1": 0.9499982476108183, "2": 0.9499989917457803, "3": 0.9499994871777053, "4": 0.05000009499834142, "5": 0.3647888099405757, "6": 0.050000291740411845, "7": 0.364788810011764, "8": 0.9499992048836267, "9": 0.36478880998687696, "10": 0.36478881002747954, "11": 0.9499986880403591, "12": 0.364788809956101, "13": 0.9499992547400516, "14": 0.36478880997661206, "15": 0.9499989682270747, "16": 0.9499992202198703, "17": 0.05000016843047227, "18": 0.9499984080272106, "19": 0.949998942868427, "20": 0.36478880995014884, "21": 0.9499986631133333, "22": 0.9499989747157297, "23": 0.3647888099820632, "24": 0.050000212755202784, "25": 0.3647888099906801, "26": 0.364788810015765, "27": 0.3647888100588924, "28": 0.9499992816852003, "29": 0.9499988841669234, "30": 0.949999697387176, "31": 0.36478881004866454, "32": 0.36478880996427054, "33": 0.9499986369467552, "34": 0.3647888099684918, "35": 0.9499989747157297, "36": 0.9499995239621774, "37": 0.36478880996439467, "38": 0.3647888100448371, "39": 0.0500000404765602, "40": 0.9499987915481205, "41": 0.3647888100194618, "42": 0.36478880996474095, "43": 0.3647888099985961, "44": 0.3647888100188581, "45": 0.9499992453741308, "46": 0.36478880998687696, "47": 0.3647888099651279, "48": 0.3647888099219264, "49": 0.9499987900905908, "50": 0.05000015120028255, "51": 0.949998971167118, "52": 0.9499983488378465, "53": 0.9499990417289634, "54": 0.9499992453741308, "55": 0.9499996227916341, "56": 0.9499992455832682, "57": 0.9499993461679421, "58": 0.3647888099970298, "59": 0.364788809957662, "60": 0.0500000344944346, "61": 0.9499989917457803, "62": 0.9499991198001553, "63": 0.05000027451094075, "64": 0.9499986369467552, "65": 0.36478880995014884, "66": 0.05000019338074102, "67": 0.9499984888479202, "68": 0.3647888099908214, "69": 0.9499992984195604, "70": 0.36478880996439467, "71": 0.36478880997029345, "72": 0.36478880997773033, "73": 0.949999440780124, "74": 0.949999485583559, "75": 0.9499985935662938, "76": 0.3647888098963208, "77": 0.05000017400627925, "78": 0.3647888099970298, "79": 0.9499987915481205, "80": 0.9499993440201795, "81": 0.9499989743554107, "82": 0.9499984888479202, "83": 0.9499996710650752, "84": 0.3647888099906801, "85": 0.9499994420834617, "86": 0.36478880997661206, "87": 0.05000019338074102, "88": 0.3647888099824505, "89": 0.9499992816852003, "90": 0.9499992202198703, "91": 0.36478880999253616, "92": 0.9499984291589749, "93": 0.36478881000232477, "94": 0.05000027451094075, "95": 0.3647888099824505, "96": 0.3647888099985961, "97": 0.3647888099684918, "98": 0.36478880996427054, "99": 0.949998881560248}, "1": {"0": 0.05000011281283735, "1": 0.5913886175981358, "2": 0.05000010356245608, "3": 0.9499989524005217, "4": 0.05000009068998947, "5": 0.050000342112628854, "6": 0.5913878751955509, "7": 0.5913882347764962, "8": 0.9499988024534607, "9": 0.05000007509242621, "10": 0.9499970894668258, "11": 0.949998702477798, "12": 0.9499982683063317, "13": 0.591388075371856, "14": 0.9499990820624165, "15": 0.5913879942542846, "16": 0.9499981297170271, "17": 0.9499982221265237, "18": 0.9499978404951276, "19": 0.5913878163329698, "20": 0.9499981726807478, "21": 0.0500001070024443, "22": 0.05000006358119485, "23": 0.5913888430464331, "24": 0.050000054627093865, "25": 0.050000335462959816, "26": 0.9499990369791371, "27": 0.9499992130244683, "28": 0.9499992130244683, "29": 0.9499992039769601, "30": 0.0500001665237751, "31": 0.05000009402560058, "32": 0.9499985356724208, "33": 0.9499986858203282, "34": 0.94999931590581, "35": 0.9499985153159338, "36": 0.05000017487842804, "37": 0.05000009068998947, "38": 0.9499992678362104, "39": 0.05000050787819519, "40": 0.9499985776774861, "41": 0.9499986895204603, "42": 0.5913870856521203, "43": 0.9499986858203282, "44": 0.5913874137028883, "45": 0.5913875254508887, "46": 0.050000087191407264, "47": 0.5913870856521203, "48": 0.5913884096488273, "49": 0.9499983631048037, "50": 0.9499989229247053, "51": 0.9499990396412807, "52": 0.9499983612628938, "53": 0.5913870886684776, "54": 0.05000006735364183, "55": 0.050000111613956656, "56": 0.5913874701570485, "57": 0.949999076210315, "58": 0.59138702062977, "59": 0.591386311209425, "60": 0.05000012376006051, "61": 0.05000007453571876, "62": 0.5913892117764303, "63": 0.050000067974492635, "64": 0.9499990405741219, "65": 0.591388415486795, "66": 0.9499982961056214, "67": 0.05000019714211387, "68": 0.9499985940676146, "69": 0.050000335462959816, "70": 0.9499982961056214, "71": 0.5913882347764962, "72": 0.9499994245238118, "73": 0.05000010211436163, "74": 0.050000097447300884, "75": 0.9499981726807478, "76": 0.5913869381800587, "77": 0.9499984707537557, "78": 0.5913871030794813, "79": 0.9499995578419134, "80": 0.591386311209425, "81": 0.9499986895204603, "82": 0.050000200685418564, "83": 0.050000237004513004, "84": 0.9499987415673772, "85": 0.591388075371856, "86": 0.5913888430464331, "87": 0.0500000639393784, "88": 0.9499992307017174, "89": 0.9499994238467158, "90": 0.9499982221265237, "91": 0.5913892117764303, "92": 0.9499979778141903, "93": 0.9499992970338073, "94": 0.9499981323413909, "95": 0.9499985706611578, "96": 0.5913855191797543, "97": 0.05000017487842804, "98": 0.9499984614034349, "99": 0.9499983612628938}, "2": {"0": 0.05000013155740332, "1": 0.5030878850641869, "2": 0.05000037646838161, "3": 0.050000196963958174, "4": 0.9499995948402189, "5": 0.9499997139935235, "6": 0.9499992146821665, "7": 0.9499991086751699, "8": 0.9499994218414758, "9": 0.05000031443868774, "10": 0.5030878832603921, "11": 0.9499995093024882, "12": 0.050000291312607956, "13": 0.5030878834808594, "14": 0.05000042195431462, "15": 0.05000004718936073, "16": 0.5030878854463527, "17": 0.9499997183817599, "18": 0.503087883790811, "19": 0.05000037189231295, "20": 0.5030878837226868, "21": 0.05000016522570774, "22": 0.05000039900356611, "23": 0.05000009867474308, "24": 0.9499988436829516, "25": 0.9499994038620613, "26": 0.9499993001714508, "27": 0.5030878826781369, "28": 0.5030878840857607, "29": 0.9499997183817599, "30": 0.5030878850641869, "31": 0.5030878840436139, "32": 0.05000042195431462, "33": 0.503087884119972, "34": 0.05000028646332384, "35": 0.05000045610617429, "36": 0.050000391920816366, "37": 0.5030878838543542, "38": 0.503087884119972, "39": 0.5030878836111958, "40": 0.05000016939945556, "41": 0.949999339804775, "42": 0.9499996912622876, "43": 0.5030878836757924, "44": 0.9499982636011457, "45": 0.5030878838543542, "46": 0.9499992146821665, "47": 0.05000021391608154, "48": 0.050000453906888384, "49": 0.05000028646332384, "50": 0.503087883052606, "51": 0.5030878837041528, "52": 0.05000023897805878, "53": 0.5030878833691913, "54": 0.5030878834540782, "55": 0.9499994513483337, "56": 0.050000320119261366, "57": 0.5030878837106082, "58": 0.0500002734639837, "59": 0.5030878849051519, "60": 0.05000021496832951, "61": 0.9499997875172466, "62": 0.949999476338453, "63": 0.5030878838022831, "64": 0.9499996002823878, "65": 0.503087883790811, "66": 0.949999339804775, "67": 0.5030878846903672, "68": 0.9499993549571586, "69": 0.050000502460675916, "70": 0.503087884646418, "71": 0.050000163363915114, "72": 0.9499999227398057, "73": 0.050000291312607956, "74": 0.9499997892209744, "75": 0.05000037189231295, "76": 0.05000029168083577, "77": 0.9499996002823878, "78": 0.9499994038620613, "79": 0.9499998495244764, "80": 0.5030878836757924, "81": 0.050000230868204903, "82": 0.9499998635925715, "83": 0.9499997821364529, "84": 0.5030878863260906, "85": 0.05000025123033796, "86": 0.5030878837041528, "87": 0.5030878834808594, "88": 0.0500002734639837, "89": 0.05000021391608154, "90": 0.5030878831935581, "91": 0.5030878837106082, "92": 0.5030878854463527, "93": 0.949999492269301, "94": 0.9499998205161373, "95": 0.0500004263677414, "96": 0.9499997461346505, "97": 0.9499997854095386, "98": 0.9499999395326406, "99": 0.9499993549571586}, "3": {"0": 0.47795903273067825, "1": 0.47795668960999427, "2": 0.05000026585828002, "3": 0.05000012993745646, "4": 0.050000222975727746,