{"0": {"0": 0.09868387422366343, "1": 0.49999999999991906, "2": 0.9236918398777576, "3": 0.49999999999993955, "4": 0.4999999999998723, "5": 0.49999999999985434, "6": 0.49999999999985617, "7": 0.9480847276989283, "8": 0.9236918398777576, "9": 0.4999999999999521, "10": 0.49999999999985467, "11": 0.1845838917026678, "12": 0.49999999999991523, "13": 0.49999999999988964, "14": 0.4999999999999085, "15": 0.4999999999999102, "16": 0.49999999999987316, "17": 0.4999999999998772, "18": 0.4999999999998509, "19": 0.49999999999986094, "20": 0.4999999999999047, "21": 0.4999999999999551, "22": 0.9665576369151464, "23": 0.4999999999998472, "24": 0.4999999999998755, "25": 0.4999999999998749, "26": 0.4999999999999093, "27": 0.4999999999999104, "28": 0.08426148077989026, "29": 0.49999999999996836, "30": 0.04480334169262573, "31": 0.4999999999998229, "32": 0.9665576369151464, "33": 0.1053235951001569, "34": 0.04480334169262573, "35": 0.8075508932220584, "36": 0.4999999999998771, "37": 0.49999999999990263, "38": 0.49999999999988465, "39": 0.9480847276989283, "40": 0.4999999999999304, "41": 0.4999999999999021, "42": 0.4999999999999269, "43": 0.49999999999985434, "44": 0.499999999999871, "45": 0.1845838917026678, "46": 0.9705810007635487, "47": 0.036599414049594936, "48": 0.1845838917026678, "49": 0.09868387422366343, "50": 0.4999999999999083, "51": 0.49999999999988315, "52": 0.9082605110587219, "53": 0.8075508932220584, "54": 0.4999999999998451, "55": 0.4999999999999386, "56": 0.49999999999991784, "57": 0.4999999999998829, "58": 0.4999999999999305, "59": 0.49999999999988987, "60": 0.49999999999994493, "61": 0.4999999999999258, "62": 0.4999999999999386, "63": 0.4999999999999629, "64": 0.49999999999993744, "65": 0.4999999999999472, "66": 0.49999999999993616, "67": 0.49999999999987954, "68": 0.4999999999999326, "69": 0.49999999999990263, "70": 0.49999999999992967, "71": 0.4999999999999194, "72": 0.4999999999998975, "73": 0.09868387422366343, "74": 0.499999999999934, "75": 0.11254096038870104, "76": 0.9705810007635487, "77": 0.9050795883234823, "78": 0.4999999999999104, "79": 0.49999999999992967, "80": 0.4999999999999415, "81": 0.11254096038870104, "82": 0.1758555284292321, "83": 0.49999999999992256, "84": 0.499999999999871, "85": 0.9050795883234823, "86": 0.1758555284292321, "87": 0.09868387422366343, "88": 0.8154645153690397, "89": 0.4999999999999448, "90": 0.08426148077989026, "91": 0.49999999999995237, "92": 0.49999999999995104, "93": 0.8154645153690397, "94": 0.1053235951001569, "95": 0.036599414049594936, "96": 0.4999999999999377, "97": 0.4999999999998975, "98": 0.9082605110587219, "99": 0.11254096038870104}, "1": {"0": 0.4999999999999357, "1": 0.9634717599333866, "2": 0.16125541708469315, "3": 0.4999999999999595, "4": 0.9195377773447412, "5": 0.9261090401748231, "6": 0.4999999999999291, "7": 0.49999999999992206, "8": 0.4999999999999304, "9": 0.49999999999992895, "10": 0.4999999999999461, "11": 0.4999999999999106, "12": 0.49999999999992917, "13": 0.4999999999999021, "14": 0.49999999999992284, "15": 0.0255625033706309, "16": 0.12205906577051043, "17": 0.10384430676790438, "18": 0.49999999999995337, "19": 0.49999999999991745, "20": 0.4999999999999404, "21": 0.1883899474284253, "22": 0.49999999999995837, "23": 0.49999999999994305, "24": 0.4999999999999216, "25": 0.49999999999991673, "26": 0.4999999999999198, "27": 0.49999999999995814, "28": 0.1556247324989763, "29": 0.4999999999999165, "30": 0.49999999999996203, "31": 0.4999999999999264, "32": 0.1556247324989763, "33": 0.49999999999995437, "34": 0.4999999999999715, "35": 0.4999999999999198, "36": 0.499999999999928, "37": 0.4999999999999478, "38": 0.1963421340103922, "39": 0.4999999999999233, "40": 0.16125541708469315, "41": 0.12205906577051043, "42": 0.49999999999992495, "43": 0.4999999999999563, "44": 0.4999999999999062, "45": 0.4999999999999543, "46": 0.49999999999997136, "47": 0.8361668698893783, "48": 0.1883899474284253, "49": 0.49999999999995204, "50": 0.49999999999997974, "51": 0.49999999999996164, "52": 0.4999999999999437, "53": 0.1845032673479603, "54": 0.4999999999999531, "55": 0.49999999999993483, "56": 0.1531897888226803, "57": 0.4999999999999306, "58": 0.49999999999994305, "59": 0.4999999999999457, "60": 0.4999999999999614, "61": 0.49999999999993683, "62": 0.1845032673479603, "63": 0.49999999999996164, "64": 0.0255625033706309, "65": 0.49999999999993683, "66": 0.4999999999999165, "67": 0.9195377773447412, "68": 0.49999999999997247, "69": 0.49999999999992606, "70": 0.4999999999999417, "71": 0.49999999999997086, "72": 0.4999999999999216, "73": 0.4999999999999457, "74": 0.0255625033706309, "75": 0.8361668698893783, "76": 0.4999999999999106, "77": 0.4999999999999197, "78": 0.49999999999996025, "79": 0.10384430676790438, "80": 0.4999999999999291, "81": 0.1531897888226803, "82": 0.4999999999999437, "83": 0.16125541708469315, "84": 0.1963421340103922, "85": 0.9081181451616946, "86": 0.4999999999999652, "87": 0.49999999999995104, "88": 0.9634717599333866, "89": 0.9081181451616946, "90": 0.49999999999993483, "91": 0.4999999999999739, "92": 0.49999999999993605, "93": 0.4999999999999653, "94": 0.9261090401748231, "95": 0.499999999999968, "96": 0.8729851287094854, "97": 0.8729851287094854, "98": 0.49999999999995204, "99": 0.4999999999999625}, "2": {"0": 0.4999999999999215, "1": 0.49999999999985634, "2": 0.49999999999992584, "3": 0.8529486917739486, "4": 0.839476937136952, "5": 0.49999999999982414, "6": 0.4999999999998812, "7": 0.9900468279917876, "8": 0.4999999999999025, "9": 0.49999999999992395, "10": 0.05308383023898845, "11": 0.4999999999999017, "12": 0.09661396613437362, "13": 0.49999999999989264, "14": 0.4999999999999292, "15": 0.19823719720292782, "16": 0.49999999999992095, "17": 0.4999999999998993, "18": 0.49999999999991124, "19": 0.8529486917739486, "20": 0.4999999999998699, "21": 0.19823719720292782, "22": 0.07018541171673662, "23": 0.49999999999982736, "24": 0.49999999999985534, "25": 0.1645464916177402, "26": 0.03560421228677581, "27": 0.4999999999999326, "28": 0.4999999999999147, "29": 0.8529486917739486, "30": 0.02466052286193659, "31": 0.9900468279917876, "32": 0.9069305668666205, "33": 0.4999999999999437, "34": 0.1645464916177402, "35": 0.0701854117150866, "36": 0.49999999999992073, "37": 0.49999999999984923, "38": 0.49999999999988665, "39": 0.8171363195502565, "40": 0.02927782623551231, "41": 0.49999999999988287, "42": 0.9900468279917876, "43": 0.9043834340855965, "44": 0.07018541171673662, "45": 0.07908458902949689, "46": 0.4999999999998873, "47": 0.49999999999988787, "48": 0.4999999999998891, "49": 0.4999999999999112, "50": 0.49999999999982414, "51": 0.8377000253345168, "52": 0.4999999999998987, "53": 0.4999999999999039, "54": 0.105753028439611, "55": 0.49999999999984246, "56": 0.07908458902949689, "57": 0.49999999999988287, "58": 0.49999999999989797, "59": 0.49999999999987155, "60": 0.49999999999992073, "61": 0.4999999999999299, "62": 0.4999999999999122, "63": 0.05308383023898845, "64": 0.839476937136952, "65": 0.4999999999998812, "66": 0.49999999999996897, "67": 0.03560421228677581, "68": 0.4999999999999071, "69": 0.4999999999999112, "70": 0.4999999999999326, "71": 0.8171363195502565, "72": 0.105753028439611, "73": 0.08270978671750767, "74": 0.9043834340855965, "75": 0.4999999999999629, "76": 0.08270978671750767, "77": 0.4999999999999508, "78": 0.02466052286193659, "79": 0.4999999999999021, "80": 0.4999999999999039, "81": 0.4999999999998158, "82": 0.4999999999999494, "83": 0.49999999999995354, "84": 0.49999999999992395, "85": 0.923034450513132, "86": 0.4999999999999433, "87": 0.49999999999989797, "88": 0.4999999999999021, "89": 0.02927782623551231, "90": 0.923034450513132, "91": 0.4999999999999299, "92": 0.49999999999985634, "93": 0.49999999999993094, "94": 0.15734593173452716, "95": 0.9069305668666205, "96": 0.15734593173452716, "97": 0.49999999999989264, "98": 0.09661396613437362, "99": 0.8377000253345168}, "3": {"0": 0.9307420577109542, "1": 0.5000000000000129, "2": 0.9096578522432817,