{"0": {"0": 0.2770448476158389, "1": 0.2770448476158389, "2": 0.8189274382884217, "3": 0.2770448476158389, "4": 0.2770448476158389, "5": 0.2770448476158389, "6": 0.2770448476158389, "7": 0.8189274382884217, "8": 0.8189274382884217, "9": 0.8189274382884217, "10": 0.2770448476158389, "11": 0.2770448476158389, "12": 0.2770448476158389, "13": 0.8189274382884217, "14": 0.2770448476158389, "15": 0.2770448476158389, "16": 0.8189274382884217, "17": 0.2770448476158389, "18": 0.8189274382884217, "19": 0.2770448476158389, "20": 0.8189274382884217, "21": 0.8189274382884217, "22": 0.8189274382884217, "23": 0.2770448476158389, "24": 0.8189274382884217, "25": 0.2770448476158389, "26": 0.8189274382884217, "27": 0.2770448476158389, "28": 0.2770448476158389, "29": 0.2770448476158389, "30": 0.2770448476158389, "31": 0.2770448476158389, "32": 0.2770448476158389, "33": 0.2770448476158389, "34": 0.2770448476158389, "35": 0.2770448476158389, "36": 0.2770448476158389, "37": 0.2770448476158389, "38": 0.8189274382884217, "39": 0.2770448476158389, "40": 0.8189274382884217, "41": 0.2770448476158389, "42": 0.2770448476158389, "43": 0.2770448476158389, "44": 0.2770448476158389, "45": 0.2770448476158389, "46": 0.8189274382884217, "47": 0.2770448476158389, "48": 0.2770448476158389, "49": 0.2770448476158389, "50": 0.2770448476158389, "51": 0.2770448476158389, "52": 0.8189274382884217, "53": 0.8189274382884217, "54": 0.8189274382884217, "55": 0.2770448476158389, "56": 0.2770448476158389, "57": 0.2770448476158389, "58": 0.8189274382884217, "59": 0.2770448476158389, "60": 0.2770448476158389, "61": 0.2770448476158389, "62": 0.8189274382884217, "63": 0.2770448476158389, "64": 0.2770448476158389, "65": 0.8189274382884217, "66": 0.2770448476158389, "67": 0.2770448476158389, "68": 0.8189274382884217, "69": 0.2770448476158389, "70": 0.2770448476158389, "71": 0.2770448476158389, "72": 0.2770448476158389, "73": 0.2770448476158389, "74": 0.8189274382884217, "75": 0.2770448476158389, "76": 0.8189274382884217, "77": 0.2770448476158389, "78": 0.8189274382884217, "79": 0.2770448476158389, "80": 0.8189274382884217, "81": 0.2770448476158389, "82": 0.2770448476158389, "83": 0.2770448476158389, "84": 0.2770448476158389, "85": 0.2770448476158389, "86": 0.8189274382884217, "87": 0.2770448476158389, "88": 0.2770448476158389, "89": 0.2770448476158389, "90": 0.2770448476158389, "91": 0.8189274382884217, "92": 0.2770448476158389, "93": 0.2770448476158389, "94": 0.2770448476158389, "95": 0.8189274382884217, "96": 0.8189274382884217, "97": 0.8189274382884217, "98": 0.2770448476158389, "99": 0.8189274382884217}, "1": {"0": 0.7174343723692587, "1": 0.7174343723692587, "2": 0.24070108376137916, "3": 0.7174343723692587, "4": 0.24070108376137916, "5": 0.24070108376137916, "6": 0.7174343723692587, "7": 0.7174343723692587, "8": 0.24070108376137916, "9": 0.7174343723692587, "10": 0.24070108376137916, "11": 0.7174343723692587, "12": 0.7174343723692587, "13": 0.24070108376137916, "14": 0.24070108376137916, "15": 0.7174343723692587, "16": 0.7174343723692587, "17": 0.24070108376137916, "18": 0.7174343723692587, "19": 0.24070108376137916, "20": 0.24070108376137916, "21": 0.24070108376137916, "22": 0.7174343723692587, "23": 0.7174343723692587, "24": 0.7174343723692587, "25": 0.24070108376137916, "26": 0.7174343723692587, "27": 0.7174343723692587, "28": 0.24070108376137916, "29": 0.24070108376137916, "30": 0.24070108376137916, "31": 0.24070108376137916, "32": 0.7174343723692587, "33": 0.7174343723692587, "34": 0.7174343723692587, "35": 0.7174343723692587, "36": 0.7174343723692587, "37": 0.7174343723692587, "38": 0.7174343723692587, "39": 0.24070108376137916, "40": 0.24070108376137916, "41": 0.7174343723692587, "42": 0.7174343723692587, "43": 0.24070108376137916, "44": 0.7174343723692587, "45": 0.24070108376137916, "46": 0.7174343723692587, "47": 0.7174343723692587, "48": 0.24070108376137916, "49": 0.24070108376137916, "50": 0.24070108376137916, "51": 0.7174343723692587, "52": 0.24070108376137916, "53": 0.24070108376137916, "54": 0.24070108376137916, "55": 0.24070108376137916, "56": 0.24070108376137916, "57": 0.7174343723692587, "58": 0.24070108376137916, "59": 0.24070108376137916, "60": 0.24070108376137916, "61": 0.7174343723692587, "62": 0.24070108376137916, "63": 0.24070108376137916, "64": 0.7174343723692587, "65": 0.24070108376137916, "66": 0.24070108376137916, "67": 0.7174343723692587, "68": 0.24070108376137916, "69": 0.7174343723692587, "70": 0.24070108376137916, "71": 0.24070108376137916, "72": 0.24070108376137916, "73": 0.24070108376137916, "74": 0.7174343723692587, "75": 0.24070108376137916, "76": 0.7174343723692587, "77": 0.7174343723692587, "78": 0.24070108376137916, "79": 0.7174343723692587, "80": 0.24070108376137916, "81": 0.7174343723692587, "82": 0.7174343723692587, "83": 0.7174343723692587, "84": 0.24070108376137916, "85": 0.24070108376137916, "86": 0.7174343723692587, "87": 0.7174343723692587, "88": 0.7174343723692587, "89": 0.7174343723692587, "90": 0.24070108376137916, "91": 0.24070108376137916, "92": 0.7174343723692587, "93": 0.7174343723692587, "94": 0.7174343723692587, "95": 0.7174343723692587, "96": 0.24070108376137916, "97": 0.24070108376137916, "98": 0.7174343723692587, "99": 0.7174343723692587}, "2": {"0": 0.5022815595404015, "1": 0.5022815595404015, "2": 0.5022815595404015, "3": 0.5022815595404015, "4": 0.5022815595404015, "5": 0.5022815595404015, "6": 0.5022815595404015, "7": 0.5022815595404015, "8": 0.5022815595404015, "9": 0.5022815595404015, "10": 0.5022815595404015, "11": 0.5022815595404015, "12": 0.5022815595404015, "13": 0.5022815595404015, "14": 0.5022815595404015, "15": 0.5022815595404015, "16": 0.5022815595404015, "17": 0.5022815595404015, "18": 0.5022815595404015, "19": 0.5022815595404015, "20": 0.5022815595404015, "21": 0.5022815595404015, "22": 0.5022815595404015, "23": 0.5022815595404015, "24": 0.5022815595404015, "25": 0.5022815595404015, "26": 0.5022815595404015, "27": 0.5022815595404015, "28": 0.5022815595404015, "29": 0.5022815595404015, "30": 0.5022815595404015, "31": 0.5022815595404015, "32": 0.5022815595404015, "33": 0.5022815595404015, "34": 0.5022815595404015, "35": 0.5022815595404015, "36": 0.5022815595404015, "37": 0.5022815595404015, "38": 0.5022815595404015, "39": 0.5022815595404015, "40": 0.5022815595404015, "41": 0.5022815595404015, "42": 0.5022815595404015, "43": 0.5022815595404015, "44": 0.5022815595404015, "45": 0.5022815595404015, "46": 0.5022815595404015, "47": 0.5022815595404015, "48": 0.5022815595404015, "49": 0.5022815595404015, "50": 0.5022815595404015, "51": 0.5022815595404015, "52": 0.5022815595404015, "53": 0.5022815595404015, "54": 0.5022815595404015, "55": 0.5022815595404015, "56": 0.5022815595404015, "57": 0.5022815595404015, "58": 0.5022815595404015, "59": 0.5022815595404015, "60": 0.5022815595404015, "61": 0.5022815595404015, "62": 0.5022815595404015, "63": 0.5022815595404015, "64": 0.5022815595404015, "65": 0.5022815595404015, "66": 0.5022815595404015, "67": 0.5022815595404015, "68": 0.5022815595404015, "69": 0.5022815595404015, "70": 0.5022815595404015, "71": 0.5022815595404015, "72": 0.5022815595404015, "73": 0.5022815595404015, "74": 0.5022815595404015, "75": 0.5022815595404015, "76": 0.5022815595404015, "77": 0.5022815595404015, "78": 0.5022815595404015, "79": 0.5022815595404015, "80": 0.5022815595404015, "81": 0.5022815595404015, "82": 0.5022815595404015, "83": 0.5022815595404015, "84": 0.5022815595404015, "85": 0.5022815595404015, "86": 0.5022815595404015, "87": 0.5022815595404015, "88": 0.5022815595404015, "89": 0.5022815595404015, "90": 0.5022815595404015, "91": 0.5022815595404015, "92": 0.5022815595404015, "93": 0.5022815595404015, "94": 0.5022815595404015, "95": 0.5022815595404015, "96": 0.5022815595404015, "97": 0.5022815595404015, "98": 0.5022815595404015, "99": 0.5022815595404015}, "3": {"0": 0.6592340299203767, "1": 0.24811844741140798, "2": 0.24811844741140798, "3": 0.24811844741140798, "4": 0.24811844741140798,