{"0": {"0": 0.4441055649693848, "1": 0.4441055649693848, "2": 0.4441055649693848, "3": 0.4441055649693848, "4": 0.4441055649693848, "5": 0.4441055649693848, "6": 0.4441055649693848, "7": 0.4441055649693848, "8": 0.4441055649693848, "9": 0.4441055649693848, "10": 0.4441055649693848, "11": 0.4441055649693848, "12": 0.4441055649693848, "13": 0.4441055649693848, "14": 0.4441055649693848, "15": 0.4441055649693848, "16": 0.4441055649693848, "17": 0.4441055649693848, "18": 0.4441055649693848, "19": 0.4441055649693848, "20": 0.4441055649693848, "21": 0.4441055649693848, "22": 0.4441055649693848, "23": 0.4441055649693848, "24": 0.4441055649693848, "25": 0.4441055649693848, "26": 0.4441055649693848, "27": 0.4441055649693848, "28": 0.4441055649693848, "29": 0.4441055649693848, "30": 0.4441055649693848, "31": 0.4441055649693848, "32": 0.4441055649693848, "33": 0.4441055649693848, "34": 0.4441055649693848, "35": 0.4441055649693848, "36": 0.4441055649693848, "37": 0.4441055649693848, "38": 0.4441055649693848, "39": 0.4441055649693848, "40": 0.4441055649693848, "41": 0.4441055649693848, "42": 0.4441055649693848, "43": 0.4441055649693848, "44": 0.4441055649693848, "45": 0.4441055649693848, "46": 0.4441055649693848, "47": 0.4441055649693848, "48": 0.4441055649693848, "49": 0.4441055649693848, "50": 0.4441055649693848, "51": 0.4441055649693848, "52": 0.4441055649693848, "53": 0.4441055649693848, "54": 0.4441055649693848, "55": 0.4441055649693848, "56": 0.4441055649693848, "57": 0.4441055649693848, "58": 0.4441055649693848, "59": 0.4441055649693848, "60": 0.4441055649693848, "61": 0.4441055649693848, "62": 0.4441055649693848, "63": 0.4441055649693848, "64": 0.4441055649693848, "65": 0.4441055649693848, "66": 0.4441055649693848, "67": 0.4441055649693848, "68": 0.4441055649693848, "69": 0.4441055649693848, "70": 0.4441055649693848, "71": 0.4441055649693848, "72": 0.4441055649693848, "73": 0.4441055649693848, "74": 0.4441055649693848, "75": 0.4441055649693848, "76": 0.4441055649693848, "77": 0.4441055649693848, "78": 0.4441055649693848, "79": 0.4441055649693848, "80": 0.4441055649693848, "81": 0.4441055649693848, "82": 0.4441055649693848, "83": 0.4441055649693848, "84": 0.4441055649693848, "85": 0.4441055649693848, "86": 0.4441055649693848, "87": 0.4441055649693848, "88": 0.4441055649693848, "89": 0.4441055649693848, "90": 0.4441055649693848, "91": 0.4441055649693848, "92": 0.4441055649693848, "93": 0.4441055649693848, "94": 0.4441055649693848, "95": 0.4441055649693848, "96": 0.4441055649693848, "97": 0.4441055649693848, "98": 0.4441055649693848, "99": 0.4441055649693848}, "1": {"0": 0.4712431212604482, "1": 0.4712431212604482, "2": 0.4712431212604482, "3": 0.4712431212604482, "4": 0.4712431212604482, "5": 0.4712431212604482, "6": 0.4712431212604482, "7": 0.4712431212604482, "8": 0.4712431212604482, "9": 0.4712431212604482, "10": 0.4712431212604482, "11": 0.4712431212604482, "12": 0.4712431212604482, "13": 0.4712431212604482, "14": 0.4712431212604482, "15": 0.4712431212604482, "16": 0.4712431212604482, "17": 0.4712431212604482, "18": 0.4712431212604482, "19": 0.4712431212604482, "20": 0.4712431212604482, "21": 0.4712431212604482, "22": 0.4712431212604482, "23": 0.4712431212604482, "24": 0.4712431212604482, "25": 0.4712431212604482, "26": 0.4712431212604482, "27": 0.4712431212604482, "28": 0.4712431212604482, "29": 0.4712431212604482, "30": 0.4712431212604482, "31": 0.4712431212604482, "32": 0.4712431212604482, "33": 0.4712431212604482, "34": 0.4712431212604482, "35": 0.4712431212604482, "36": 0.4712431212604482, "37": 0.4712431212604482, "38": 0.4712431212604482, "39": 0.4712431212604482, "40": 0.4712431212604482, "41": 0.4712431212604482, "42": 0.4712431212604482, "43": 0.4712431212604482, "44": 0.4712431212604482, "45": 0.4712431212604482, "46": 0.4712431212604482, "47": 0.4712431212604482, "48": 0.4712431212604482, "49": 0.4712431212604482, "50": 0.4712431212604482, "51": 0.4712431212604482, "52": 0.4712431212604482, "53": 0.4712431212604482, "54": 0.4712431212604482, "55": 0.4712431212604482, "56": 0.4712431212604482, "57": 0.4712431212604482, "58": 0.4712431212604482, "59": 0.4712431212604482, "60": 0.4712431212604482, "61": 0.4712431212604482, "62": 0.4712431212604482, "63": 0.4712431212604482, "64": 0.4712431212604482, "65": 0.4712431212604482, "66": 0.4712431212604482, "67": 0.4712431212604482, "68": 0.4712431212604482, "69": 0.4712431212604482, "70": 0.4712431212604482, "71": 0.4712431212604482, "72": 0.4712431212604482, "73": 0.4712431212604482, "74": 0.4712431212604482, "75": 0.4712431212604482, "76": 0.4712431212604482, "77": 0.4712431212604482, "78": 0.4712431212604482, "79": 0.4712431212604482, "80": 0.4712431212604482, "81": 0.4712431212604482, "82": 0.4712431212604482, "83": 0.4712431212604482, "84": 0.4712431212604482, "85": 0.4712431212604482, "86": 0.4712431212604482, "87": 0.4712431212604482, "88": 0.4712431212604482, "89": 0.4712431212604482, "90": 0.4712431212604482, "91": 0.4712431212604482, "92": 0.4712431212604482, "93": 0.4712431212604482, "94": 0.4712431212604482, "95": 0.4712431212604482, "96": 0.4712431212604482, "97": 0.4712431212604482, "98": 0.4712431212604482, "99": 0.4712431212604482}, "2": {"0": 0.45632683753277037, "1": 0.45632683753277037, "2": 0.45632683753277037, "3": 0.45632683753277037, "4": 0.45632683753277037, "5": 0.45632683753277037, "6": 0.45632683753277037, "7": 0.45632683753277037, "8": 0.45632683753277037, "9": 0.45632683753277037, "10": 0.45632683753277037, "11": 0.45632683753277037, "12": 0.45632683753277037, "13": 0.45632683753277037, "14": 0.45632683753277037, "15": 0.45632683753277037, "16": 0.45632683753277037, "17": 0.45632683753277037, "18": 0.45632683753277037, "19": 0.45632683753277037, "20": 0.45632683753277037, "21": 0.45632683753277037, "22": 0.45632683753277037, "23": 0.45632683753277037, "24": 0.45632683753277037, "25": 0.45632683753277037, "26": 0.45632683753277037, "27": 0.45632683753277037, "28": 0.45632683753277037, "29": 0.45632683753277037, "30": 0.45632683753277037, "31": 0.45632683753277037, "32": 0.45632683753277037, "33": 0.45632683753277037, "34": 0.45632683753277037, "35": 0.45632683753277037, "36": 0.45632683753277037, "37": 0.45632683753277037, "38": 0.45632683753277037, "39": 0.45632683753277037, "40": 0.45632683753277037, "41": 0.45632683753277037, "42": 0.45632683753277037, "43": 0.45632683753277037, "44": 0.45632683753277037, "45": 0.45632683753277037, "46": 0.45632683753277037, "47": 0.45632683753277037, "48": 0.45632683753277037, "49": 0.45632683753277037, "50": 0.45632683753277037, "51": 0.45632683753277037, "52": 0.45632683753277037, "53": 0.45632683753277037, "54": 0.45632683753277037, "55": 0.45632683753277037, "56": 0.45632683753277037, "57": 0.45632683753277037, "58": 0.45632683753277037, "59": 0.45632683753277037, "60": 0.45632683753277037, "61": 0.45632683753277037, "62": 0.45632683753277037, "63": 0.45632683753277037, "64": 0.45632683753277037, "65": 0.45632683753277037, "66": 0.45632683753277037, "67": 0.45632683753277037, "68": 0.45632683753277037, "69": 0.45632683753277037, "70": 0.45632683753277037, "71": 0.45632683753277037, "72": 0.45632683753277037, "73": 0.45632683753277037, "74": 0.45632683753277037, "75": 0.45632683753277037, "76": 0.45632683753277037, "77": 0.45632683753277037, "78": 0.45632683753277037, "79": 0.45632683753277037, "80": 0.45632683753277037, "81": 0.45632683753277037, "82": 0.45632683753277037, "83": 0.45632683753277037, "84": 0.45632683753277037, "85": 0.45632683753277037, "86": 0.45632683753277037, "87": 0.45632683753277037, "88": 0.45632683753277037, "89": 0.45632683753277037, "90": 0.45632683753277037, "91": 0.45632683753277037, "92": 0.45632683753277037, "93": 0.45632683753277037, "94": 0.45632683753277037, "95": 0.45632683753277037, "96": 0.45632683753277037, "97": 0.45632683753277037, "98": 0.45632683753277037, "99": 0.45632683753277037}, "3": {"0": 0.0074396216985207, "1": 0.006641697261734544, "2": 0.007298462878515186,