{"0": {"0": 0.6745589578232687, "1": 3.1481272901073317e-10, "2": 0.6745589578232694, "3": 0.6745589578232687, "4": 3.930748402914231e-11, "5": 2.2780805259319598e-10, "6": 1.495261662963111e-10, "7": 1.858569969270628e-10, "8": 0.6745589578232689, "9": 0.6745589578232687, "10": 3.8285726758238785e-10, "11": 0.6745589578232691, "12": 0.6745589578232687, "13": 1.5563201717073306e-10, "14": 0.6745589578232685, "15": 0.6745589578232691, "16": 0.6745589578232698, "17": 9.196758218583919e-11, "18": 0.6745589578232658, "19": 1.6765030157967827e-10, "20": 3.254207076625446e-10, "21": 0.6745589578232684, "22": 0.6745589578232685, "23": 1.0252139269249989e-10, "24": 0.6745589578232694, "25": 0.6745589578232678, "26": 0.6745589578232689, "27": 2.2168990987833615e-10, "28": 0.6745589578232694, "29": 1.6765030157967827e-10, "30": 0.6745589578232694, "31": 0.6745589578232685, "32": 9.42002974287665e-11, "33": 0.6745589578232685, "34": 2.243431595172518e-10, "35": 0.6745589578232692, "36": 3.1200734382623506e-10, "37": 0.6745589578232689, "38": 0.6745589578232689, "39": 1.1330987262269708e-10, "40": 0.6745589578232687, "41": 3.1200734382623506e-10, "42": 0.6745589578232682, "43": 2.3383960686671766e-10, "44": 2.7173079753006247e-10, "45": 8.425953049762142e-11, "46": 4.433798197566723e-10, "47": 0.6745589578232688, "48": 1.1691980343335883e-10, "49": 6.336393942734185e-11, "50": 1.8393516437167837e-10, "51": 1.5740636450536659e-10, "52": 0.6745589578232689, "53": 0.6745589578232694, "54": 3.8285726758238785e-10, "55": 0.6745589578232694, "56": 0.6745589578232692, "57": 0.6745589578232692, "58": 1.2665658682849814e-10, "59": 0.6745589578232694, "60": 0.6745589578232691, "61": 0.6745589578232689, "62": 0.6745589578232687, "63": 0.6745589578232689, "64": 7.789357324968323e-11, "65": 0.6745589578232689, "66": 0.6745589578232685, "67": 1.121715797586259e-10, "68": 1.627103538312723e-10, "69": 0.6745589578232687, "70": 0.6745589578232689, "71": 1.858569969270628e-10, "72": 0.6745589578232695, "73": 0.6745589578232682, "74": 4.205724638006859e-10, "75": 2.36948687878328e-10, "76": 0.6745589578232692, "77": 3.8038911381409706e-10, "78": 0.6745589578232695, "79": 0.6745589578232687, "80": 9.42002974287665e-11, "81": 0.6745589578232687, "82": 0.6745589578232692, "83": 0.6745589578232694, "84": 0.6745589578232678, "85": 0.6745589578232722, "86": 0.6745589578232688, "87": 0.6745589578232687, "88": 2.630046508775059e-10, "89": 0.674558957823268, "90": 1.3150232543875296e-10, "91": 0.6745589578232691, "92": 1.18474343939164e-10, "93": 0.6745589578232692, "94": 1.1330987262269708e-10, "95": 0.6745589578232682, "96": 2.8170721015544345e-10, "97": 0.6745589578232694, "98": 0.6745589578232694, "99": 0.6745589578232689}, "1": {"0": 1.132710165942389e-09, "1": 9.543313052152161e-10, "2": 8.943776209088383e-10, "3": 1.1350089165150874e-09, "4": 7.793802938847488e-10, "5": 1.0774251328691633e-09, "6": 8.6897862953208e-10, "7": 9.932907085522747e-10, "8": 1.0084336103435911e-09, "9": 6.059744448465373e-10, "10": 1.3011465239300672e-09, "11": 9.075783423886546e-10, "12": 9.819073071448612e-10, "13": 9.00954276754108e-10, "14": 1.0201452241459701e-09, "15": 9.740218465365802e-10, "16": 7.793239005451099e-10, "17": 1.269181255138099e-09, "18": 5.565322653920028e-10, "19": 7.445221944263662e-10, "20": 1.239514184401924e-09, "21": 4.840739387462609e-10, "22": 6.257652659453054e-10, "23": 1.3717039811287463e-09, "24": 1.1203129381504664e-09, "25": 7.396259007819485e-10, "26": 1.0089497182797198e-09, "27": 8.117620745985935e-10, "28": 1.0795720043323101e-09, "29": 7.124583277077829e-10, "30": 4.676212421015208e-10, "31": 7.188454576823168e-10, "32": 7.396259007819485e-10, "33": 9.80662387120702e-10, "34": 5.134590355149218e-10, "35": 1.117327197841638e-09, "36": 5.601564690752332e-10, "37": 2.8470939584030066e-10, "38": 1.0431736353599474e-09, "39": 1.0594424367749774e-09, "40": 6.068407621631681e-10, "41": 9.077743606877583e-10, "42": 1.1461530585046605e-09, "43": 3.199917795185193e-10, "44": 1.269181255138099e-09, "45": 8.309823833666793e-10, "46": 9.80662387120702e-10, "47": 6.339825086508499e-10, "48": 4.3448931476604e-10, "49": 1.1789223032715698e-09, "50": 1.0821015314293174e-09, "51": 8.944475079153924e-10, "52": 4.027805631323042e-10, "53": 5.07636163382713e-10, "54": 4.3906003656050407e-10, "55": 1.0084336103435911e-09, "56": 5.134590355149218e-10, "57": 6.655879713691928e-10, "58": 7.513290662653438e-10, "59": 9.543313052152161e-10, "60": 8.382758374039942e-10, "61": 3.722610972131831e-10, "62": 6.339825086508499e-10, "63": 4.968675648163288e-10, "64": 1.1913985495782622e-09, "65": 5.454507779534423e-10, "66": 8.309823833666793e-10, "67": 1.0468678202459118e-09, "68": 1.1154372285305479e-09, "69": 1.082656952356398e-09, "70": 7.793239005451099e-10, "71": 9.077743606877583e-10, "72": 5.397860021661551e-10, "73": 3.327939856845964e-10, "74": 6.762209433724107e-10, "75": 1.0821015314293174e-09, "76": 7.386352765488239e-10, "77": 6.762209433724107e-10, "78": 7.921956387635754e-10, "79": 1.1232239334476753e-09, "80": 1.0774251328691633e-09, "81": 6.195734261901384e-10, "82": 9.868509438188787e-10, "83": 7.386352765488239e-10, "84": 5.663550829711945e-10, "85": 3.128826329726527e-10, "86": 4.472237539576962e-10, "87": 5.577186142652739e-10, "88": 1.0468678202459118e-09, "89": 5.114805230068669e-10, "90": 1.108970450071314e-09, "91": 5.894611516357849e-10, "92": 1.1747672647826804e-09, "93": 1.0089497182797198e-09, "94": 5.07636163382713e-10, "95": 7.793802938847488e-10, "96": 1.108970450071314e-09, "97": 9.075783423886546e-10, "98": 8.382758374039942e-10, "99": 1.1232239334476753e-09}, "2": {"0": 5.320992678040442e-10, "1": 0.739725715455952, "2": 2.2214827597050198e-10, "3": 0.7397257154562241, "4": 0.7397257154559019, "5": 2.144746897552751e-10, "6": 3.014639536331904e-10, "7": 4.0660876252164775e-10, "8": 0.7397257154557749, "9": 0.7397257154545231, "10": 2.0774189743077845e-10, "11": 0.7397257154553085, "12": 2.7902566711393196e-10, "13": 0.7397257154545087, "14": 3.1657508842376226e-10, "15": 2.4782884403323936e-10, "16": 0.7397257154558965, "17": 0.7397257154565016, "18": 2.0330438126082388e-10, "19": 0.7397257154559628, "20": 0.7397257154553294, "21": 2.0851714808859477e-10, "22": 8.587892182341785e-11, "23": 1.2498347469302856e-10, "24": 2.0774189743077845e-10, "25": 0.7397257154562411, "26": 6.528945516742014e-10, "27": 0.73972571545569, "28": 8.419711570456441e-11, "29": 2.646069371450418e-10, "30": 0.7397257154545087, "31": 0.7397257154559677, "32": 0.7397257154559628, "33": 0.739725715454798, "34": 0.7397257154560639, "35": 6.528945516742014e-10, "36": 0.7397257154559019, "37": 4.025548539570904e-10, "38": 0.7397257154555528, "39": 0.7397257154560785, "40": 1.4005581958802114e-10, "41": 1.0425857404429738e-10, "42": 0.7397257154550092, "43": 0.7397257154552157, "44": 2.6900318350332414e-10, "45": 1.0637863763485808e-10, "46": 8.120867532255139e-11, "47": 0.7397257154562241, "48": 2.7196745141745303e-10, "49": 4.025548539570904e-10, "50": 1.8828974581319214e-10, "51": 1.712861118308674e-10, "52": 0.7397257154555019, "53": 1.5828754421188113e-10, "54": 2.7014645967580464e-10, "55": 0.7397257154569823, "56": 2.0732806488285743e-10, "57": 0.7397257154556098, "58": 0.7397257154555196, "59": 2.7554088884813595e-10, "60": 0.7397257154557968, "61": 2.6761658327631064e-10, "62": 3.1811950176913055e-10, "63": 0.7397257154551055, "64": 0.7397257154553085, "65": 1.1107413798525099e-10, "66": 2.506470531863725e-10, "67": 8.628073780043201e-11, "68": 6.266176329659313e-11, "69": 2.014946260629334e-10, "70": 0.7397257154565016, "71": 1.7918014928082306e-10, "72": 0.7397257154565736, "73": 0.7397257154555196, "74": 2.330158642032781e-10, "75": 9.796675765363602e-11, "76": 0.7397257154559677, "77": 0.7397257154565736, "78": 0.7397257154561766, "79": 0.7397257154559019, "80": 0.739725715455952, "81": 2.1613001489285806e-10, "82": 3.390453918651436e-10, "83": 0.739725715455587,