{"0": {"0": 0.08847923111006528, "1": 0.08923312611706934, "2": 0.09165347248256424, "3": 0.08979618626494243, "4": 0.09056414782543033, "5": 0.08568000806875302, "6": 0.09048927911388172, "7": 0.08684649667295327, "8": 0.09103466733399128, "9": 0.09179768476937113, "10": 0.07848879368025893, "11": 0.08878463434993056, "12": 0.09061585354405344, "13": 0.0881675897149011, "14": 0.0887984813414145, "15": 0.09169978456353302, "16": 0.09048927911388172, "17": 0.08943253056193584, "18": 0.08794090334860485, "19": 0.0865599719464584, "20": 0.0902949844096552, "21": 0.08611578757593201, "22": 0.08875382539236557, "23": 0.08847923111006528, "24": 0.08990107278573792, "25": 0.08904357974633176, "26": 0.08902679193360619, "27": 0.08424300781569136, "28": 0.09179768476937113, "29": 0.08779343941455851, "30": 0.0902191775444805, "31": 0.0902515445834718, "32": 0.08896145147409144, "33": 0.08975534124367959, "34": 0.0902819586074709, "35": 0.08987784767120312, "36": 0.08685506431032555, "37": 0.08568000806875302, "38": 0.09169978456353302, "39": 0.08929273750533262, "40": 0.08969654588968537, "41": 0.0848471837626479, "42": 0.08575021527345278, "43": 0.09011501340163099, "44": 0.08786542581903994, "45": 0.08348006817978829, "46": 0.08439376336847308, "47": 0.09038213091131372, "48": 0.0902949844096552, "49": 0.08867226547010557, "50": 0.08810273155380885, "51": 0.0871716372825303, "52": 0.09029873305668723, "53": 0.08875382539236557, "54": 0.09067886054977398, "55": 0.090847796101946, "56": 0.09041638467100484, "57": 0.09031372956117925, "58": 0.08696932703107003, "59": 0.09062704271515015, "60": 0.08986767571019498, "61": 0.9434562932982112, "62": 0.08934325721858465, "63": 0.07050851543217777, "64": 0.0915432546387184, "65": 0.08867144069577618, "66": 0.09037405185631225, "67": 0.0896418731480709, "68": 0.09075631477591192, "69": 0.09192429588221636, "70": 0.08855824704162178, "71": 0.08960537013026035, "72": 0.07018702592815612, "73": 0.09041638467100484, "74": 0.0896418731480709, "75": 0.09031708122355753, "76": 0.0848471837626479, "77": 0.09067886054977398, "78": 0.0871716372825303, "79": 0.08943253056193584, "80": 0.090847796101946, "81": 0.08653854947862508, "82": 0.09031708122355753, "83": 0.08696932703107003, "84": 0.08889079582670045, "85": 0.0902515445834718, "86": 0.09031372956117925, "87": 0.09004749623777013, "88": 0.08685506431032555, "89": 0.06712150390784569, "90": 0.08684649667295327, "91": 0.09004749623777013, "92": 0.08439376336847308, "93": 0.08810273155380885, "94": 0.08794090334860485, "95": 0.09103466733399128, "96": 0.08779343941455851, "97": 0.08867144069577618, "98": 0.08960537013026035, "99": 0.08986767571019498}, "1": {"0": 0.463537442636743, "1": 0.463537442636743, "2": 0.463537442636743, "3": 0.463537442636743, "4": 0.463537442636743, "5": 0.463537442636743, "6": 0.463537442636743, "7": 0.463537442636743, "8": 0.463537442636743, "9": 0.463537442636743, "10": 0.463537442636743, "11": 0.463537442636743, "12": 0.463537442636743, "13": 0.463537442636743, "14": 0.463537442636743, "15": 0.463537442636743, "16": 0.463537442636743, "17": 0.463537442636743, "18": 0.463537442636743, "19": 0.463537442636743, "20": 0.463537442636743, "21": 0.463537442636743, "22": 0.463537442636743, "23": 0.463537442636743, "24": 0.463537442636743, "25": 0.463537442636743, "26": 0.463537442636743, "27": 0.463537442636743, "28": 0.463537442636743, "29": 0.463537442636743, "30": 0.463537442636743, "31": 0.463537442636743, "32": 0.463537442636743, "33": 0.463537442636743, "34": 0.463537442636743, "35": 0.463537442636743, "36": 0.463537442636743, "37": 0.463537442636743, "38": 0.463537442636743, "39": 0.463537442636743, "40": 0.463537442636743, "41": 0.463537442636743, "42": 0.463537442636743, "43": 0.463537442636743, "44": 0.463537442636743, "45": 0.463537442636743, "46": 0.463537442636743, "47": 0.463537442636743, "48": 0.463537442636743, "49": 0.463537442636743, "50": 0.463537442636743, "51": 0.463537442636743, "52": 0.463537442636743, "53": 0.463537442636743, "54": 0.463537442636743, "55": 0.463537442636743, "56": 0.463537442636743, "57": 0.463537442636743, "58": 0.463537442636743, "59": 0.463537442636743, "60": 0.463537442636743, "61": 0.463537442636743, "62": 0.463537442636743, "63": 0.463537442636743, "64": 0.463537442636743, "65": 0.463537442636743, "66": 0.463537442636743, "67": 0.463537442636743, "68": 0.463537442636743, "69": 0.463537442636743, "70": 0.463537442636743, "71": 0.463537442636743, "72": 0.463537442636743, "73": 0.463537442636743, "74": 0.463537442636743, "75": 0.463537442636743, "76": 0.463537442636743, "77": 0.463537442636743, "78": 0.463537442636743, "79": 0.463537442636743, "80": 0.463537442636743, "81": 0.463537442636743, "82": 0.463537442636743, "83": 0.463537442636743, "84": 0.463537442636743, "85": 0.463537442636743, "86": 0.463537442636743, "87": 0.463537442636743, "88": 0.463537442636743, "89": 0.463537442636743, "90": 0.463537442636743, "91": 0.463537442636743, "92": 0.463537442636743, "93": 0.463537442636743, "94": 0.463537442636743, "95": 0.463537442636743, "96": 0.463537442636743, "97": 0.463537442636743, "98": 0.463537442636743, "99": 0.463537442636743}, "2": {"0": 0.9080131992724693, "1": 0.9056587468132731, "2": 0.9113281174421226, "3": 0.9051538400514213, "4": 0.9040176738008021, "5": 0.9111055166514261, "6": 0.9104799307160011, "7": 0.9075103525256525, "8": 0.9058681274641627, "9": 0.9116243035467497, "10": 0.9054905397992415, "11": 0.9052207324515569, "12": 0.9044777156198992, "13": 0.9122535408467956, "14": 0.9081646756867943, "15": 0.9050608342058264, "16": 0.9051177576741293, "17": 0.9071543563537794, "18": 0.9053023136645838, "19": 0.9102533804121455, "20": 0.9050608342058264, "21": 0.9080681331970153, "22": 0.9053833651670673, "23": 0.9056011007421135, "24": 0.9047553339505401, "25": 0.9056677922487566, "26": 0.9277532232592527, "27": 0.9068550328737427, "28": 0.9065349038377202, "29": 0.9047847175703244, "30": 0.9086892892410795, "31": 0.9122535408467956, "32": 0.9053833651670673, "33": 0.9113986026384739, "34": 0.9068646610830364, "35": 0.9073066645464384, "36": 0.9113048620571584, "37": 0.904729078688313, "38": 0.9052874306923508, "39": 0.907421544793727, "40": 0.9285943047889774, "41": 0.9071937932200482, "42": 0.9307727594202237, "43": 0.9046104685977887, "44": 0.905389620427973, "45": 0.9109040240790618, "46": 0.9076288917572045, "47": 0.9052617092906621, "48": 0.9064897650718255, "49": 0.9049799596180661, "50": 0.9066300636273277, "51": 0.9071937932200482, "52": 0.9056011007421135, "53": 0.9053288156942005, "54": 0.9273612985302502, "55": 0.9061605121788121, "56": 0.9047847175703244, "57": 0.9048750802891684, "58": 0.9052108010551638, "59": 0.9044990743431698, "60": 0.9056677922487566, "61": 0.9055679580773456, "62": 0.9058681274641627, "63": 0.9102533804121455, "64": 0.9060961666834997, "65": 0.9080681331970153, "66": 0.9080131992724693, "67": 0.908126538435148, "68": 0.9110423073938437, "69": 0.9058358666996604, "70": 0.9051485183828293, "71": 0.9080222965918087, "72": 0.9053533176406442, "73": 0.9075103525256525, "74": 0.9056587468132731, "75": 0.905752571958248, "76": 0.9086892892410795, "77": 0.9109040240790618, "78": 0.905752571958248, "79": 0.9076288917572045, "80": 0.9062016539116293, "81": 0.9056597057928792, "82": 0.908126538435148, "83": 0.9071543563537794, "84": 0.9065349038377202, "85": 0.9062587126360777, "86": 0.9110423073938437, "87": 0.9050444244611056, "88": 0.9052874306923508, "89": 0.9073269975975221, "90": 0.9074227049418897, "91": 0.9116243035467497, "92": 0.9111055166514261, "93": 0.9053533176406442, "94": 0.9068646610830364, "95": 0.9051485183828293, "96": 0.9052617092906621, "97": 0.927008836900401, "98": 0.9073269975975221, "99": 0.907421544793727}, "3": {"0": 0.5086070290828684, "1": 0.5086070290828684, "2": 0.5086070290828684, "3": 0.5086070290828684, "4": 0.5086070290828684, "5": 0.5086070290828684, "6": 0.5086070290828684, "7": 0.5086070290828684, "8": 0.5086070290828684,