{"0": {"0": 0.07390742232246511, "1": 0.01816580044160626, "2": 0.8475877820413502, "3": 0.5000000244985721, "4": 0.5000000230233865, "5": 0.5000000230233865, "6": 0.07390742232246511, "7": 0.924927251159305, "8": 0.8250777433431007, "9": 0.5000000264588953, "10": 0.5000000228923708, "11": 0.5000000249183005, "12": 0.9721223765103445, "13": 0.5000000109815256, "14": 0.5000000200559165, "15": 0.5000000256900188, "16": 0.09071146544497444, "17": 0.5000000151982522, "18": 0.5000000160616362, "19": 0.5000000268085191, "20": 0.8475877820413502, "21": 0.9432628048736189, "22": 0.5000000115774743, "23": 0.5000000226574752, "24": 0.5000000163277346, "25": 0.09356391645780808, "26": 0.5000000169956248, "27": 0.17353790980851014, "28": 0.11055707056825761, "29": 0.500000018402567, "30": 0.5000000168499278, "31": 0.5000000206705473, "32": 0.924927251159305, "33": 0.8250777433431007, "34": 0.13436447694897885, "35": 0.13436447694897885, "36": 0.18793819857986635, "37": 0.5000000130712599, "38": 0.5000000171588458, "39": 0.5000000164572196, "40": 0.5000000283009864, "41": 0.05291925759511773, "42": 0.5000000229127899, "43": 0.5000000179808214, "44": 0.5000000108334645, "45": 0.500000008579423, "46": 0.5000000160803574, "47": 0.5000000084249638, "48": 0.5000000223732837, "49": 0.5000000094503121, "50": 0.9655223154398375, "51": 0.5000000164459188, "52": 0.9432628048736189, "53": 0.5000000235410549, "54": 0.09356391645780808, "55": 0.5000000125775163, "56": 0.5000000250431231, "57": 0.5000000145083012, "58": 0.5000000173724253, "59": 0.5000000127565376, "60": 0.9432628048736189, "61": 0.8463563063694249, "62": 0.5000000225980852, "63": 0.5000000203986248, "64": 0.5000000063782688, "65": 0.09071146544497444, "66": 0.9721223765103445, "67": 0.5000000093266669, "68": 0.5000000164572196, "69": 0.5000000145083012, "70": 0.046482720169903735, "71": 0.5000000217048832, "72": 0.8250777433431007, "73": 0.5000000169956248, "74": 0.5000000217048832, "75": 0.5000000199996828, "76": 0.17353790980851014, "77": 0.07390742232246511, "78": 0.5000000065356299, "79": 0.14812598606578192, "80": 0.5000000189575587, "81": 0.5000000239891368, "82": 0.01816580044160626, "83": 0.17353790980851014, "84": 0.8098232574610666, "85": 0.046482720169903735, "86": 0.18793819857986635, "87": 0.5000000250431231, "88": 0.5000000113287376, "89": 0.5000000203986248, "90": 0.5000000246154879, "91": 0.9655223154398375, "92": 0.5000000229127899, "93": 0.8463563063694249, "94": 0.14812598606578192, "95": 0.5000000123077439, "96": 0.5000000093266669, "97": 0.8098232574610666, "98": 0.05291925759511773, "99": 0.11055707056825761}, "1": {"0": 0.8077964623433905, "1": 0.09130239282674363, "2": 0.18372556607704282, "3": 0.8947486951069689, "4": 0.8774012382456136, "5": 0.908903669033277, "6": 0.8551173422898157, "7": 0.5000000013912475, "8": 0.9201510039659482, "9": 0.14137745944718336, "10": 0.908903669033277, "11": 0.50000000127423, "12": 0.8480011729922731, "13": 0.8480011729922731, "14": 0.9201510039659482, "15": 0.5000000007113745, "16": 0.5000000011473402, "17": 0.500000001185434, "18": 0.1863406556349963, "19": 0.5000000008129449, "20": 0.5000000014548671, "21": 0.5000000010430505, "22": 0.8188011919452948, "23": 0.5000000012362844, "24": 0.022741447406942547, "25": 0.5000000011473402, "26": 0.5000000011468957, "27": 0.5000000015186313, "28": 0.5000000009371077, "29": 0.030665158754723865, "30": 0.5000000011024551, "31": 0.5000000013271284, "32": 0.5000000010325598, "33": 0.5000000011661234, "34": 0.17335170664623817, "35": 0.18372556607704282, "36": 0.5000000011900627, "37": 0.5000000011024551, "38": 0.5000000007789291, "39": 0.09130239282674363, "40": 0.022741447406942547, "41": 0.5000000007396483, "42": 0.9888447896038934, "43": 0.5000000012108266, "44": 0.5000000014370479, "45": 0.1482657236829077, "46": 0.18372556607704282, "47": 0.5000000005482147, "48": 0.5000000011900627, "49": 0.1482657236829077, "50": 0.5000000003643895, "51": 0.9942447903498981, "52": 0.8188011919452948, "53": 0.5000000012866781, "54": 0.8947486951069689, "55": 0.5000000010843082, "56": 0.08914991181226567, "57": 0.08914991181226567, "58": 0.06195998226823403, "59": 0.5000000013249539, "60": 0.5000000009017014, "61": 0.06195998226823403, "62": 0.500000001272723, "63": 0.5000000011232733, "64": 0.5000000015065689, "65": 0.9942447903498981, "66": 0.9888447896038934, "67": 0.8774012382456136, "68": 0.5000000007920776, "69": 0.5000000012700887, "70": 0.8077964623433905, "71": 0.8774012382456136, "72": 0.8551173422898157, "73": 0.14137745944718336, "74": 0.5000000009520273, "75": 0.5000000010040545, "76": 0.9201510039659482, "77": 0.5000000012911376, "78": 0.5000000011858907, "79": 0.5000000011312764, "80": 0.5000000015826058, "81": 0.9888447896038934, "82": 0.5000000006054133, "83": 0.5000000009017014, "84": 0.5000000007185239, "85": 0.5000000010430505, "86": 0.030665158754723865, "87": 0.08914991181226567, "88": 0.500000000662477, "89": 0.06195998226823403, "90": 0.5000000012911376, "91": 0.5000000012700887, "92": 0.17335170664623817, "93": 0.5000000014548671, "94": 0.1863406556349963, "95": 0.022741447406942547, "96": 0.5000000012362844, "97": 0.5000000010040545, "98": 0.5000000010175012, "99": 0.5000000010175012}, "2": {"0": 0.8232915996269141, "1": 0.49999999874942647, "2": 0.13383004696789527, "3": 0.8799129389827223, "4": 0.4999999985446605, "5": 0.4999999986122404, "6": 0.9819583595335084, "7": 0.1591532081547986, "8": 0.4999999989180418, "9": 0.49999999856945976, "10": 0.9819583595335084, "11": 0.4999999995737585, "12": 0.49999999893220964, "13": 0.4999999991164483, "14": 0.4999999985582305, "15": 0.8775094157896016, "16": 0.4999999990145672, "17": 0.07553638884731362, "18": 0.05280718953018304, "19": 0.49999999888569135, "20": 0.4999999986185981, "21": 0.49999999935994477, "22": 0.1738022497441718, "23": 0.4999999988368158, "24": 0.49999999858165867, "25": 0.499999999322989, "26": 0.07553638884731362, "27": 0.4999999986082913, "28": 0.8799129389827223, "29": 0.499999999071785, "30": 0.499999999005983, "31": 0.49999999940766277, "32": 0.4999999993655327, "33": 0.49999999885576796, "34": 0.49999999873364953, "35": 0.14338707331005318, "36": 0.4999999992797167, "37": 0.4999999992409568, "38": 0.4999999984643526, "39": 0.4999999989264009, "40": 0.010014457899741924, "41": 0.1315006293252406, "42": 0.49999999866669464, "43": 0.4999999995983202, "44": 0.4999999986336209, "45": 0.4999999985587823, "46": 0.4999999991520051, "47": 0.49999999893667413, "48": 0.4999999992888325, "49": 0.8955106351548345, "50": 0.8955106351548345, "51": 0.13383004696789527, "52": 0.4999999991585587, "53": 0.17334559212628597, "54": 0.4999999993041456, "55": 0.49999999925558913, "56": 0.05280718953018304, "57": 0.17334559212628597, "58": 0.8837849375888733, "59": 0.49999999885092206, "60": 0.49999999946970974, "61": 0.49999999943398976, "62": 0.07553638884731362, "63": 0.49999999899821285, "64": 0.8232915996269141, "65": 0.4999999993333473, "66": 0.9485026002599124, "67": 0.49999999931681044, "68": 0.8341456382582134, "69": 0.4999999994793265, "70": 0.8799129389827223, "71": 0.8775094157896016, "72": 0.14338707331005318, "73": 0.4999999992888325, "74": 0.49999999857793254, "75": 0.4999999989180418, "76": 0.4999999993224619, "77": 0.9819583595335084, "78": 0.4999999986185981, "79": 0.49999999857793254, "80": 0.499999999071785, "81": 0.4999999986323914, "82": 0.49999999946833706, "83": 0.49999999885092206, "84": 0.1591532081547986, "85": 0.8837849375888733, "86": 0.4999999991164483, "87": 0.4999999987699376, "88": 0.9485026002599124, "89": 0.8341456382582134, "90": 0.49999999856945976, "91": 0.4999999988164274, "92": 0.49999999874942647, "93": 0.010014457899741924, "94": 0.1738022497441718, "95": 0.4999999988164274, "96": 0.17334559212628597, "97": 0.1315006293252406, "98": 0.4999999988368158, "99": 0.49999999893220964}, "3": {"0": 0.5000000067634068, "1": 0.5000000027037693, "2": 0.013900638989209325, "3": 0.5000000084442922, "4": 0.5000000056139388,