{"0": {"0": 0.05000000046105758, "1": 0.05000000047614862, "2": 0.05000000046080183, "3": 0.4999999995596275, "4": 0.9499999993140749, "5": 0.4999999994877554, "6": 0.0500000003992792, "7": 0.49999999938279316, "8": 0.949999999506963, "9": 0.05000000043222663, "10": 0.050000000354633464, "11": 0.0500000001773629, "12": 0.050000000229800765, "13": 0.49999999969828945, "14": 0.9499999993337489, "15": 0.49999999945021417, "16": 0.499999999640666, "17": 0.4999999995282448, "18": 0.499999999379666, "19": 0.9499999994400876, "20": 0.4999999996150959, "21": 0.9499999992608501, "22": 0.9499999992250333, "23": 0.9499999995071415, "24": 0.4999999994940962, "25": 0.9499999993839655, "26": 0.9499999992333085, "27": 0.05000000043222663, "28": 0.4999999995387996, "29": 0.9499999994667567, "30": 0.4999999994426394, "31": 0.05000000035360447, "32": 0.49999999961217356, "33": 0.05000000042740845, "34": 0.9499999993060732, "35": 0.050000000243301354, "36": 0.4999999993767452, "37": 0.05000000046426244, "38": 0.949999999396691, "39": 0.949999999410521, "40": 0.05000000047614862, "41": 0.050000000241552746, "42": 0.05000000043551245, "43": 0.05000000030860852, "44": 0.49999999973769005, "45": 0.9499999996234416, "46": 0.4999999998060868, "47": 0.050000000176802235, "48": 0.9499999994969867, "49": 0.05000000046105758, "50": 0.4999999994719414, "51": 0.4999999993767452, "52": 0.9499999995522455, "53": 0.9499999995522455, "54": 0.9499999991548161, "55": 0.9499999994400876, "56": 0.9499999992646936, "57": 0.49999999934226447, "58": 0.49999999931199657, "59": 0.4999999996199227, "60": 0.4999999993535078, "61": 0.9499999992608501, "62": 0.9499999992906036, "63": 0.4999999995282448, "64": 0.9499999995104158, "65": 0.49999999957769903, "66": 0.4999999997604285, "67": 0.49999999956458296, "68": 0.05000000045354569, "69": 0.05000000032636123, "70": 0.949999999577408, "71": 0.9499999995962826, "72": 0.050000000223744935, "73": 0.05000000042082863, "74": 0.9499999994896693, "75": 0.9499999995104158, "76": 0.9499999992250333, "77": 0.05000000034054351, "78": 0.4999999994940962, "79": 0.949999999396691, "80": 0.05000000034054351, "81": 0.4999999995387996, "82": 0.499999999689833, "83": 0.49999999945021417, "84": 0.4999999994877554, "85": 0.050000000345517645, "86": 0.4999999996767539, "87": 0.4999999997822915, "88": 0.9499999992646936, "89": 0.49999999938279316, "90": 0.4999999995596275, "91": 0.050000000241552746, "92": 0.9499999995071415, "93": 0.9499999996453018, "94": 0.050000000210414314, "95": 0.9499999995962826, "96": 0.9499999992333085, "97": 0.49999999973769005, "98": 0.0500000001996396, "99": 0.4999999996199227}, "1": {"0": 0.9499999993332721, "1": 0.05000000016115724, "2": 0.05000000009999062, "3": 0.050000000091431435, "4": 0.9499999995632851, "5": 0.050000000215816354, "6": 0.5000000001844918, "7": 0.050000000179896906, "8": 0.05000000018444237, "9": 0.05000000018365261, "10": 0.500000000282089, "11": 0.5000000001143076, "12": 0.5000000002350938, "13": 0.5000000002362762, "14": 0.0500000002027679, "15": 0.05000000009267479, "16": 0.29002148400355526, "17": 0.5000000001862768, "18": 0.9499999990639504, "19": 0.5000000002255578, "20": 0.9499999993543902, "21": 0.5000000003370999, "22": 0.050000000187443876, "23": 0.9499999990626022, "24": 0.500000000171852, "25": 0.5000000001044588, "26": 0.9499999992542796, "27": 0.9499999989034511, "28": 0.5000000002275318, "29": 0.5000000002368699, "30": 0.05000000023461414, "31": 0.5000000002182929, "32": 0.50000000028256, "33": 0.5000000001978384, "34": 0.05000000008057862, "35": 0.5000000001295789, "36": 0.9499999991063577, "37": 0.5000000001555646, "38": 0.050000000179896906, "39": 0.5000000002319188, "40": 0.5000000002142373, "41": 0.5000000002489045, "42": 0.05000000014667527, "43": 0.050000000220169816, "44": 0.05000000010142415, "45": 0.9499999995313011, "46": 0.5000000001175469, "47": 0.05000000018749872, "48": 0.050000000136409456, "49": 0.9499999992533512, "50": 0.5000000001350661, "51": 0.500000000215001, "52": 0.5000000002186684, "53": 0.5000000001197902, "54": 0.9499999995893373, "55": 0.949999999510673, "56": 0.9499999990865464, "57": 0.5000000002057162, "58": 0.05000000011008491, "59": 0.500000000279579, "60": 0.05000000006208388, "61": 0.500000000255977, "62": 0.9499999992203416, "63": 0.5000000002564808, "64": 0.5000000002108009, "65": 0.5000000001799586, "66": 0.5000000001653533, "67": 0.5000000002630127, "68": 0.5000000000904208, "69": 0.5000000001729745, "70": 0.9499999991719357, "71": 0.5000000000989192, "72": 0.949999999666636, "73": 0.5000000001159595, "74": 0.9499999991373487, "75": 0.5000000001071186, "76": 0.05000000009267479, "77": 0.5000000001374278, "78": 0.5000000001799586, "79": 0.05000000022864677, "80": 0.05000000019645992, "81": 0.9499999994517255, "82": 0.5000000002108009, "83": 0.05000000007333764, "84": 0.9499999995859678, "85": 0.9499999990865464, "86": 0.5000000000826766, "87": 0.05000000011730707, "88": 0.5000000001137659, "89": 0.9499999990314077, "90": 0.5000000001295789, "91": 0.5000000001374278, "92": 0.9499999992203416, "93": 0.500000000255977, "94": 0.50000000028256, "95": 0.050000000136409456, "96": 0.9499999992542796, "97": 0.05000000010790818, "98": 0.5000000001091465, "99": 0.9499999991063577}, "2": {"0": 0.49999999995158984, "1": 0.4999999999580329, "2": 0.4999999999349227, "3": 0.9499999996947168, "4": 0.49999999997418487, "5": 0.05000000072061036, "6": 0.9499999996891924, "7": 0.949999999533703, "8": 0.05000000053587984, "9": 0.05000000059456074, "10": 0.4999999999565999, "11": 0.05000000054536889, "12": 0.9499999997323223, "13": 0.9499999997555937, "14": 0.4999999999574285, "15": 0.49999999996126177, "16": 0.9499999998796511, "17": 0.05000000024136413, "18": 0.49999999997901645, "19": 0.4999999999427964, "20": 0.4999999999505507, "21": 0.49999999995940053, "22": 0.9499999998232973, "23": 0.4999999999505507, "24": 0.05000000046022434, "25": 0.4999999999591958, "26": 0.9499999998441581, "27": 0.9499999996190824, "28": 0.4999999999782375, "29": 0.05000000060830981, "30": 0.49999999995258815, "31": 0.4999999999574285, "32": 0.05000000053587984, "33": 0.9499999997965203, "34": 0.05000000041969148, "35": 0.949999999654182, "36": 0.49999999996967825, "37": 0.05000000058462507, "38": 0.0500000005591569, "39": 0.49999999996759265, "40": 0.4999999999604996, "41": 0.050000000426974174, "42": 0.49999999997004874, "43": 0.949999999692374, "44": 0.4999999999632688, "45": 0.4999999999709232, "46": 0.0500000005591569, "47": 0.4999999999584368, "48": 0.49999999995707306, "49": 0.05000000050382585, "50": 0.49999999994867417, "51": 0.9499999997693389, "52": 0.4999999999723344, "53": 0.49999999996178657, "54": 0.4999999999609954, "55": 0.4999999999784515, "56": 0.949999999654182, "57": 0.9499999996398064, "58": 0.05000000036030518, "59": 0.4999999999782375, "60": 0.05000000021348709, "61": 0.9499999996501254, "62": 0.9499999996825474, "63": 0.050000000466732704, "64": 0.050000000432362884, "65": 0.9499999998979934, "66": 0.9499999997793267, "67": 0.9499999998250627, "68": 0.949999999738049, "69": 0.9499999997032568, "70": 0.4999999999506166, "71": 0.49999999998546163, "72": 0.9499999997555937, "73": 0.49999999995707306, "74": 0.9499999998690245, "75": 0.49999999995940053, "76": 0.9499999998445962, "77": 0.05000000054248655, "78": 0.050000000216181444, "79": 0.4999999999565999, "80": 0.4999999999630237, "81": 0.05000000046190793, "82": 0.49999999995258815, "83": 0.05000000046022434, "84": 0.49999999994955713, "85": 0.05000000054248655, "86": 0.4999999999604996, "87": 0.4999999999837963, "88": 0.4999999999753083, "89": 0.49999999994867417, "90": 0.9499999996903451, "91": 0.05000000023114141, "92": 0.9499999996825474, "93": 0.9499999997323223, "94": 0.9499999998451725, "95": 0.49999999996178657, "96": 0.050000000271438916, "97": 0.050000000251912924, "98": 0.05000000059456074, "99": 0.4999999999630237}, "3": {"0": 0.5000000000199875, "1": 0.05000000030533742, "2": 0.5000000000261506,