{"0": {"0": 0.9473275308749349, "1": 0.28873949190205256, "2": 0.7291946879874129, "3": 0.8748094637284455, "4": 0.7291946879874129, "5": 0.9320121746202479, "6": 0.902431387034764, "7": 0.3966515743165498, "8": 0.1474063223784035, "9": 0.8748094637284455, "10": 0.2950887364320164, "11": 0.7291946879874132, "12": 0.4955260979401021, "13": 0.16303900554565343, "14": 0.33431596454348056, "15": 0.04312689453130625, "16": 0.48976967484606804, "17": 0.5682708907582436, "18": 0.7291946879874132, "19": 0.8517730429916177, "20": 0.5470819914474048, "21": 0.16106695648334518, "22": 0.4718977694396471, "23": 0.06247259682537391, "24": 0.9600789858256482, "25": 0.4955260979401021, "26": 0.3805352559626607, "27": 0.44129027993071124, "28": 0.5967240501810344, "29": 0.3805352559626607, "30": 0.9473275308749349, "31": 0.182749487835294, "32": 0.1847316787683823, "33": 0.4262357269050532, "34": 0.41443774857091503, "35": 0.902431387034764, "36": 0.1474063223784035, "37": 0.19831303610131612, "38": 0.8829970776927545, "39": 0.4262357269050532, "40": 0.6870638692276966, "41": 0.3805352559626607, "42": 0.28873949190205256, "43": 0.876739432556422, "44": 0.9600789858256482, "45": 0.48976967484606804, "46": 0.7291946879874129, "47": 0.3966515743165498, "48": 0.3548274050183171, "49": 0.5526041193679427, "50": 0.9511783407677105, "51": 0.33431596454348056, "52": 0.04312689453130625, "53": 0.1160126147018144, "54": 0.1118869143564566, "55": 0.7746490460400832, "56": 0.7746490460400832, "57": 0.8829970776927545, "58": 0.1847316787683823, "59": 0.9320121746202479, "60": 0.6202536155526022, "61": 0.3548274050183171, "62": 0.5682708907582436, "63": 0.16106695648334518, "64": 0.876739432556422, "65": 0.6050478060607687, "66": 0.2950887364320164, "67": 0.1118869143564566, "68": 0.6859428287092444, "69": 0.6859428287092444, "70": 0.29926113933861526, "71": 0.29926113933861526, "72": 0.44129027993071124, "73": 0.5967240501810344, "74": 0.16303900554565343, "75": 0.06247259682537391, "76": 0.182749487835294, "77": 0.41443774857091503, "78": 0.04312689453130625, "79": 0.7291946879874132, "80": 0.44129027993071124, "81": 0.08640178321905784, "82": 0.3858071975999702, "83": 0.5526041193679427, "84": 0.5526041193679427, "85": 0.8517730429916177, "86": 0.9511783407677105, "87": 0.736462887982326, "88": 0.5470819914474048, "89": 0.6050478060607687, "90": 0.6870638692276966, "91": 0.6202536155526022, "92": 0.876739432556422, "93": 0.19831303610131612, "94": 0.4718977694396471, "95": 0.3858071975999702, "96": 0.06247259682537391, "97": 0.1160126147018144, "98": 0.08640178321905784, "99": 0.736462887982326}, "1": {"0": 0.18805183848577717, "1": 0.6999434754593521, "2": 0.5700844796893683, "3": 0.487426965335376, "4": 0.6012269025179302, "5": 0.49832484133933064, "6": 0.15855550104515473, "7": 0.5700844796893683, "8": 0.32869414738223335, "9": 0.46280171864641584, "10": 0.036690453708041415, "11": 0.4413490846022048, "12": 0.031247689835814496, "13": 0.9370261484537383, "14": 0.4449332355593266, "15": 0.8161850634458427, "16": 0.8192565207296294, "17": 0.13858694800359345, "18": 0.6892454161564434, "19": 0.12816865397276722, "20": 0.7105528463090827, "21": 0.46280171864641584, "22": 0.1027132379338481, "23": 0.6489354535777137, "24": 0.1027132379338481, "25": 0.07119528493102807, "26": 0.37925727956652844, "27": 0.3077892874424623, "28": 0.9370261484537383, "29": 0.07065728288626216, "30": 0.2779858830218702, "31": 0.6999434754593521, "32": 0.3906126905081591, "33": 0.8253647858901215, "34": 0.6264523400869997, "35": 0.5700844796893683, "36": 0.4449332355593266, "37": 0.9843792911869731, "38": 0.6264523400869997, "39": 0.07065728288626216, "40": 0.8214808931186167, "41": 0.25886799767117186, "42": 0.6264523400869997, "43": 0.18805183848577717, "44": 0.3906126905081591, "45": 0.8750342318516491, "46": 0.64514312464076, "47": 0.10805923242473059, "48": 0.9723388243778393, "49": 0.07119528493102807, "50": 0.4413490846022048, "51": 0.9723388243778393, "52": 0.9843792911869731, "53": 0.13858694800359345, "54": 0.64514312464076, "55": 0.6012269025179302, "56": 0.6113611657404514, "57": 0.32869414738223335, "58": 0.6892454161564434, "59": 0.1659902491516074, "60": 0.1659902491516074, "61": 0.031247689835814496, "62": 0.11307607216473714, "63": 0.25886799767117186, "64": 0.18805183848577717, "65": 0.041512562578542744, "66": 0.6419540203813658, "67": 0.8214808931186167, "68": 0.4668874925821831, "69": 0.2779858830218702, "70": 0.4668874925821831, "71": 0.9723388243778393, "72": 0.11307607216473714, "73": 0.036690453708041415, "74": 0.6113611657404514, "75": 0.041512562578542744, "76": 0.7105528463090827, "77": 0.49832484133933064, "78": 0.8750342318516491, "79": 0.30827105888673545, "80": 0.2865393693597562, "81": 0.8192565207296294, "82": 0.487426965335376, "83": 0.07119528493102807, "84": 0.6419540203813658, "85": 0.8253647858901215, "86": 0.2779858830218702, "87": 0.30778928704864517, "88": 0.46280171864641584, "89": 0.2865393693597562, "90": 0.8161850634458427, "91": 0.15855550104515473, "92": 0.6489354535777137, "93": 0.30778928704864517, "94": 0.487426965335376, "95": 0.37925727956652844, "96": 0.12816865397276722, "97": 0.30827105888673545, "98": 0.10805923242473059, "99": 0.6012269025179302}, "2": {"0": 0.20207010807591175, "1": 0.9717360656048228, "2": 0.9096850946027626, "3": 0.8096690421395827, "4": 0.2813185550238495, "5": 0.888041260682132, "6": 0.777395767412968, "7": 0.2813185550238495, "8": 0.10456169495411337, "9": 0.2845418358404026, "10": 0.20207010807591175, "11": 0.18112580676239015, "12": 0.6010944163404401, "13": 0.06117873198726617, "14": 0.430347979844511, "15": 0.6780170821132712, "16": 0.7525489217232288, "17": 0.45732052331314715, "18": 0.15918246626960342, "19": 0.03550166332015872, "20": 0.19057173937098665, "21": 0.9623108509934959, "22": 0.9047041522911923, "23": 0.6122983012840552, "24": 0.7074232014682937, "25": 0.039777825444780104, "26": 0.1817431353495726, "27": 0.31641126951931503, "28": 0.039777825444780104, "29": 0.861165275483009, "30": 0.5767484954602375, "31": 0.8838310574665303, "32": 0.3203894880594015, "33": 0.18112580676239015, "34": 0.19057173937098665, "35": 0.8096690421395827, "36": 0.12341863570370636, "37": 0.6780170821132712, "38": 0.4956837870626337, "39": 0.4819511958187105, "40": 0.5236439212774648, "41": 0.4862938526028133, "42": 0.35294065369019634, "43": 0.6010944163404401, "44": 0.233349370701684, "45": 0.9096850946027626, "46": 0.4956837870626337, "47": 0.2845418358404026, "48": 0.45732052331314715, "49": 0.7792288548608237, "50": 0.7792288548608237, "51": 0.4819511958187105, "52": 0.233349370701684, "53": 0.021906131748328492, "54": 0.29606842479300965, "55": 0.6030013911490801, "56": 0.7525489217232288, "57": 0.4862938526028133, "58": 0.18112580676239015, "59": 0.7997917774509881, "60": 0.777395767412968, "61": 0.9623108509934959, "62": 0.3203894880594015, "63": 0.9717360656048228, "64": 0.7839880905137777, "65": 0.06117873198726617, "66": 0.10456169495411337, "67": 0.7839880905137777, "68": 0.7642592797117878, "69": 0.861165275483009, "70": 0.7997917774509881, "71": 0.9047041522911923, "72": 0.888041260682132, "73": 0.35294065369019634, "74": 0.5767484954602375, "75": 0.92698746863599, "76": 0.31641126951931503, "77": 0.9623108509934959, "78": 0.6030013911490801, "79": 0.233349370701684, "80": 0.021906131748328492, "81": 0.6122983012840552, "82": 0.33926236561572115, "83": 0.6010944163404401, "84": 0.15918246626960342, "85": 0.03550166332015872, "86": 0.5236439212774648, "87": 0.430347979844511, "88": 0.92698746863599, "89": 0.12341863570370636, "90": 0.4819511958187105, "91": 0.7642592797117878, "92": 0.7642592797117878, "93": 0.7074232014682937, "94": 0.33926236561572115, "95": 0.29606842479300965, "96": 0.861165275483009, "97": 0.1817431353495726, "98": 0.20207010807591175, "99": 0.8838310574665303}, "3": {"0": 0.030431545555228104, "1": 0.5370687147119317, "2": 0.7235500263886858, "3": 0.215481150109314, "4": 0.25269417227134766,