{"0": {"0": 0.9407492720481891, "1": 0.0939429253248458, "2": 0.3408780312577294, "3": 0.3408780312577294, "4": 0.0370722908266021, "5": 0.30407509236192287, "6": 0.9407492720481891, "7": 0.05193461763004598, "8": 0.9766622103537148, "9": 0.25227171714691754, "10": 0.28236187539848245, "11": 0.056709514688559594, "12": 0.3631722129438785, "13": 0.9849948503873156, "14": 0.34860086167861076, "15": 0.23581686836143073, "16": 0.30407509236192287, "17": 0.056709514688559594, "18": 0.0370722908266021, "19": 0.03498632784925687, "20": 0.25227171714691754, "21": 0.10508691573391862, "22": 0.5117752119111798, "23": 0.7591059182242579, "24": 0.9849948503873156, "25": 0.6079441664335823, "26": 0.5962582558703653, "27": 0.6079441664335823, "28": 0.046541050644036075, "29": 0.0939429253248458, "30": 0.8518383455036884, "31": 0.6424133649110223, "32": 0.29274983537334553, "33": 0.5557885082285203, "34": 0.4485495248399196, "35": 0.7591059182242579, "36": 0.05193461763004598, "37": 0.6496374944601349, "38": 0.9803190873529739, "39": 0.14395034261255404, "40": 0.6424133649110223, "41": 0.28236187539848245, "42": 0.18990245277156922, "43": 0.8518383455036884, "44": 0.4485495248399196, "45": 0.06415847513001319, "46": 0.8984467918369745, "47": 0.25227171714691754, "48": 0.27359129560476547, "49": 0.5557885082285203, "50": 0.6213176520884447, "51": 0.34860086167861076, "52": 0.6213176520884447, "53": 0.06415847513001319, "54": 0.27359129560476547, "55": 0.9520799023868813, "56": 0.3631722129438785, "57": 0.9407492720481891, "58": 0.5962582558703653, "59": 0.03331491684958866, "60": 0.10508691573391862, "61": 0.9803190873529739, "62": 0.8764841375912404, "63": 0.7634540128368735, "64": 0.8764841375912404, "65": 0.688063514426162, "66": 0.8764841375912404, "67": 0.6496374944601349, "68": 0.6213176520884447, "69": 0.7634540128368735, "70": 0.03498632784925687, "71": 0.3014808369767563, "72": 0.28236187539848245, "73": 0.5117752119111798, "74": 0.03331491684958866, "75": 0.3014808369767563, "76": 0.25227171714691754, "77": 0.4911105941617371, "78": 0.9766622103537148, "79": 0.5117752119111798, "80": 0.9520799023868813, "81": 0.28236187539848245, "82": 0.30407509236192287, "83": 0.23581686836143073, "84": 0.14395034261255404, "85": 0.3408780312577294, "86": 0.29274983537334553, "87": 0.5117752119111798, "88": 0.06415847513001319, "89": 0.18990245277156922, "90": 0.6079441664335823, "91": 0.5962582558703653, "92": 0.046541050644036075, "93": 0.8518383455036884, "94": 0.9803190873529739, "95": 0.5962582558703653, "96": 0.8984467918369745, "97": 0.4485495248399196, "98": 0.4911105941617371, "99": 0.688063514426162}, "1": {"0": 0.48651051239359067, "1": 0.3859271565912721, "2": 0.20172048387216196, "3": 0.28410622610997105, "4": 0.31166460393653417, "5": 0.22192198858564516, "6": 0.659292159024442, "7": 0.9405145343902164, "8": 0.5308315945398498, "9": 0.24177022640737306, "10": 0.8562320810649094, "11": 0.5373280523884449, "12": 0.9405145343902164, "13": 0.7151017429066016, "14": 0.07179542851619958, "15": 0.4311102642558273, "16": 0.5762626398167109, "17": 0.9405145343902164, "18": 0.22192198858564516, "19": 0.06814851806257571, "20": 0.4793606971958674, "21": 0.28410622610997105, "22": 0.17340974769150908, "23": 0.7949694302229932, "24": 0.659292159024442, "25": 0.443547279965554, "26": 0.31166460392859574, "27": 0.8579605299395152, "28": 0.671553781639668, "29": 0.36869370261485346, "30": 0.06814851806257571, "31": 0.22210682840688856, "32": 0.21446840274616796, "33": 0.4793606974449321, "34": 0.28911874981264374, "35": 0.36869370261485346, "36": 0.8579605299395152, "37": 0.09560001864439024, "38": 0.671553781639668, "39": 0.3036025681722489, "40": 0.21446840274616796, "41": 0.02446815656115526, "42": 0.2581377320194823, "43": 0.8562320810649094, "44": 0.9405145343902164, "45": 0.659292159024442, "46": 0.35773152074919956, "47": 0.12398494037763819, "48": 0.5462329762257502, "49": 0.24177022640737306, "50": 0.09227409972712589, "51": 0.5373280523884449, "52": 0.31166460392859574, "53": 0.3036025681722489, "54": 0.34097576557312215, "55": 0.35773152074919956, "56": 0.995471840850688, "57": 0.38985237821187424, "58": 0.3859271565912721, "59": 0.28410622610997105, "60": 0.4793606974449321, "61": 0.7151017429066016, "62": 0.995471840850688, "63": 0.671553781639668, "64": 0.20172048387216196, "65": 0.2581377320194823, "66": 0.8657181425222733, "67": 0.5972671022246685, "68": 0.5308315945398498, "69": 0.12398494037763819, "70": 0.19983881098483475, "71": 0.07179542851619958, "72": 0.22210682840688856, "73": 0.28410622610997105, "74": 0.5373280523884449, "75": 0.34097576557312215, "76": 0.5972671022246685, "77": 0.17340974769150908, "78": 0.5762626398167109, "79": 0.19393531632396144, "80": 0.09227409972712589, "81": 0.3859271565912721, "82": 0.8657181425222733, "83": 0.34097576557312215, "84": 0.09560001864439024, "85": 0.07525916396522625, "86": 0.5462329762257502, "87": 0.02446815656115526, "88": 0.4311102642558273, "89": 0.443547279965554, "90": 0.19393531632396144, "91": 0.7949694302229932, "92": 0.4311102642558273, "93": 0.07525916396522625, "94": 0.36869370261485346, "95": 0.38985237821187424, "96": 0.5308315945398498, "97": 0.28911874981264374, "98": 0.19983881098483475, "99": 0.48651051239359067}, "2": {"0": 0.06046045294394532, "1": 0.7694177355866982, "2": 0.5999713769591839, "3": 0.309612928021623, "4": 0.334578372079016, "5": 0.9459304492028711, "6": 0.014539639080007804, "7": 0.6739031705334289, "8": 0.334578372079016, "9": 0.6739031705334289, "10": 0.9557706712177629, "11": 0.5308225730701693, "12": 0.309612928021623, "13": 0.9459304492028711, "14": 0.9194244860886864, "15": 0.34415969166006805, "16": 0.40754565629654066, "17": 0.32470963878164505, "18": 0.5434912201350762, "19": 0.8390705169602104, "20": 0.7694177355866982, "21": 0.28144690324182886, "22": 0.7489257185754482, "23": 0.72306157638514, "24": 0.34415969166006805, "25": 0.8458598566958755, "26": 0.3633292262155893, "27": 0.9908060244159027, "28": 0.6490055908712562, "29": 0.32470963878164505, "30": 0.7098802663970629, "31": 0.5822693655628528, "32": 0.17295706450637455, "33": 0.24752245109587195, "34": 0.6434695670150479, "35": 0.10826753399022433, "36": 0.5434912201350762, "37": 0.5064690409553119, "38": 0.4901579116711161, "39": 0.4724709933988934, "40": 0.5822693655628528, "41": 0.9557706712177629, "42": 0.7098802663970629, "43": 0.17295706450637455, "44": 0.1360593240069573, "45": 0.40163784870910363, "46": 0.09149254754333958, "47": 0.24752245109587195, "48": 0.8458598566958755, "49": 0.7353111593121848, "50": 0.5999713769591839, "51": 0.72306157638514, "52": 0.5308225730701693, "53": 0.7489257185754482, "54": 0.06447698291122533, "55": 0.06046045294394532, "56": 0.6490055908712562, "57": 0.3633292262155893, "58": 0.5064690409553119, "59": 0.1360593240069573, "60": 0.5039552542061689, "61": 0.4724709933988934, "62": 0.4427837973419515, "63": 0.40754565629654066, "64": 0.395926810763248, "65": 0.21295990541705984, "66": 0.4427837973419515, "67": 0.3259557899499005, "68": 0.7856171245218598, "69": 0.7353111593121848, "70": 0.06447698291122533, "71": 0.72306157638514, "72": 0.9557706712177629, "73": 0.7694177355866982, "74": 0.24752245109587195, "75": 0.015637311102719424, "76": 0.395926810763248, "77": 0.21295990541705984, "78": 0.6490055908712562, "79": 0.9194244860886864, "80": 0.1360593240069573, "81": 0.6434695670150479, "82": 0.10826753399022433, "83": 0.40163784870910363, "84": 0.09149254754333958, "85": 0.4901579116711161, "86": 0.015637311102719424, "87": 0.5999713769591839, "88": 0.28144690324182886, "89": 0.7098802663970629, "90": 0.8390705169602104, "91": 0.015637311102719424, "92": 0.9908060244159027, "93": 0.014539639080007804, "94": 0.7856171245218598, "95": 0.22152796706710892, "96": 0.5039552542061689, "97": 0.3259557899499005, "98": 0.22152796706710892, "99": 0.5822693655628528}, "3": {"0": 0.6221008583118963, "1": 0.38288648594746194, "2": 0.9499443091609361,