{"0": {"0": 0.5228035731668477, "1": 0.3056739894511713, "2": 0.5228035731668477, "3": 0.05000000000060063, "4": 0.5228035731668477, "5": 0.5228035731668477, "6": 0.949999999999781, "7": 0.050000000000400696, "8": 0.949999999999769, "9": 0.05000000000053288, "10": 0.5228035731668477, "11": 0.9499999999997126, "12": 0.5228035731668477, "13": 0.9499999999998555, "14": 0.5228035731668477, "15": 0.5228035731668477, "16": 0.5228035731668477, "17": 0.5228035731668477, "18": 0.9499999999996303, "19": 0.05000000000022402, "20": 0.05000000000056135, "21": 0.5228035731668477, "22": 0.05000000000047716, "23": 0.5228035731668477, "24": 0.050000000000360464, "25": 0.05000000000036875, "26": 0.5228035731668477, "27": 0.05000000000031973, "28": 0.05000000000029807, "29": 0.9499999999998561, "30": 0.9499999999998373, "31": 0.5228035731668477, "32": 0.5228035731668477, "33": 0.9499999999998308, "34": 0.9499999999996982, "35": 0.050000000000414824, "36": 0.3056739894511713, "37": 0.5228035731668477, "38": 0.050000000000149036, "39": 0.050000000000626085, "40": 0.05000000000041003, "41": 0.9499999999996855, "42": 0.05000000000070788, "43": 0.5228035731668477, "44": 0.5228035731668477, "45": 0.5228035731668477, "46": 0.05000000000028491, "47": 0.9499999999998523, "48": 0.5228035731668477, "49": 0.05000000000030032, "50": 0.5228035731668477, "51": 0.9499999999997434, "52": 0.05000000000034227, "53": 0.05000000000052045, "54": 0.5228035731668477, "55": 0.5228035731668477, "56": 0.9499999999996771, "57": 0.5228035731668477, "58": 0.5228035731668477, "59": 0.9499999999997759, "60": 0.5228035731668477, "61": 0.5228035731668477, "62": 0.05000000000014246, "63": 0.5228035731668477, "64": 0.9499999999997145, "65": 0.9499999999998563, "66": 0.5228035731668477, "67": 0.5228035731668477, "68": 0.05000000000020502, "69": 0.05000000000017114, "70": 0.9499999999998168, "71": 0.9499999999996771, "72": 0.9499999999999084, "73": 0.9499999999997939, "74": 0.050000000000313044, "75": 0.5228035731668477, "76": 0.5228035731668477, "77": 0.9499999999998879, "78": 0.5228035731668477, "79": 0.5228035731668477, "80": 0.9499999999998572, "81": 0.5228035731668477, "82": 0.5228035731668477, "83": 0.5228035731668477, "84": 0.9499999999998857, "85": 0.05000000000022402, "86": 0.05000000000024932, "87": 0.5228035731668477, "88": 0.5228035731668477, "89": 0.5228035731668477, "90": 0.9499999999997939, "91": 0.3056739894511713, "92": 0.05000000000026644, "93": 0.05000000000012466, "94": 0.9499999999998427, "95": 0.5228035731668477, "96": 0.05000000000056135, "97": 0.5228035731668477, "98": 0.5228035731668477, "99": 0.5228035731668477}, "1": {"0": 0.5432212074990099, "1": 0.05000000000051459, "2": 0.050000000001532256, "3": 0.5432212074990099, "4": 0.05000000000139123, "5": 0.05000000000189282, "6": 0.0500000000017662, "7": 0.5432212074990099, "8": 0.5432212074990099, "9": 0.5432212074990099, "10": 0.050000000001581654, "11": 0.5432212074990099, "12": 0.5432212074990099, "13": 0.05000000000194871, "14": 0.9499999999977998, "15": 0.9499999999987133, "16": 0.5432212074990099, "17": 0.0500000000006414, "18": 0.5432212074990099, "19": 0.5432212074990099, "20": 0.5432212074990099, "21": 0.9499999999985922, "22": 0.5432212074990099, "23": 0.5432212074990099, "24": 0.05000000000120369, "25": 0.5432212074990099, "26": 0.05000000000091645, "27": 0.0500000000013785, "28": 0.9499999999975985, "29": 0.949999999998919, "30": 0.9499999999968785, "31": 0.9499999999973658, "32": 0.5432212074990099, "33": 0.05000000000114639, "34": 0.9499999999957256, "35": 0.9499999999979667, "36": 0.9499999999988165, "37": 0.5432212074990099, "38": 0.05000000000114639, "39": 0.5432212074990099, "40": 0.05000000000120099, "41": 0.5432212074990099, "42": 0.5432212074990099, "43": 0.5432212074990099, "44": 0.9499999999973088, "45": 0.5432212074990099, "46": 0.050000000000557904, "47": 0.949999999997966, "48": 0.9499999999973753, "49": 0.5432212074990099, "50": 0.949999999997942, "51": 0.5432212074990099, "52": 0.050000000001266164, "53": 0.9499999999988082, "54": 0.5432212074990099, "55": 0.05000000000097325, "56": 0.05000000000189282, "57": 0.5432212074990099, "58": 0.9499999999990063, "59": 0.5432212074990099, "60": 0.5432212074990099, "61": 0.9499999999990295, "62": 0.5432212074990099, "63": 0.9499999999982458, "64": 0.5432212074990099, "65": 0.9499999999990327, "66": 0.05000000000082992, "67": 0.949999999998971, "68": 0.5432212074990099, "69": 0.0500000000016237, "70": 0.949999999998913, "71": 0.050000000002096784, "72": 0.5432212074990099, "73": 0.5432212074990099, "74": 0.05000000000068838, "75": 0.050000000000944685, "76": 0.949999999997863, "77": 0.0500000000016237, "78": 0.5432212074990099, "79": 0.5432212074990099, "80": 0.05000000000068925, "81": 0.9499999999981792, "82": 0.050000000001463, "83": 0.05000000000088822, "84": 0.949999999998327, "85": 0.05000000000079083, "86": 0.5432212074990099, "87": 0.5432212074990099, "88": 0.9499999999990896, "89": 0.949999999997966, "90": 0.5432212074990099, "91": 0.9499999999982458, "92": 0.050000000000458227, "93": 0.5432212074990099, "94": 0.050000000000696335, "95": 0.5432212074990099, "96": 0.9499999999987992, "97": 0.9499999999968785, "98": 0.050000000001463, "99": 0.05000000000048663}, "2": {"0": 0.4964676097709114, "1": 0.050000000002321215, "2": 0.4964676097709114, "3": 0.9499999999995281, "4": 0.050000000002725725, "5": 0.4964676097709114, "6": 0.050000000003483785, "7": 0.4964676097709114, "8": 0.9499999999993087, "9": 0.9499999999994295, "10": 0.4964676097709114, "11": 0.05000000000186549, "12": 0.050000000002385275, "13": 0.4964676097709114, "14": 0.05000000000228065, "15": 0.9499999999995676, "16": 0.05000000000217822, "17": 0.9499999999992352, "18": 0.4964676097709114, "19": 0.9499999999992943, "20": 0.949999999999465, "21": 0.9499999999997235, "22": 0.05000000000258675, "23": 0.05000000000129139, "24": 0.4964676097709114, "25": 0.4964676097709114, "26": 0.05000000000152763, "27": 0.050000000002147924, "28": 0.05000000000265206, "29": 0.05000000000102733, "30": 0.4964676097709114, "31": 0.05000000000362779, "32": 0.9499999999992751, "33": 0.4964676097709114, "34": 0.4964676097709114, "35": 0.9499999999992588, "36": 0.4964676097709114, "37": 0.9499999999994745, "38": 0.9499999999997619, "39": 0.4964676097709114, "40": 0.0500000000028138, "41": 0.050000000001366465, "42": 0.4964676097709114, "43": 0.050000000002147924, "44": 0.4964676097709114, "45": 0.05000000000155508, "46": 0.05000000000346264, "47": 0.4964676097709114, "48": 0.050000000001014414, "49": 0.4964676097709114, "50": 0.4964676097709114, "51": 0.05000000000217822, "52": 0.05000000000320855, "53": 0.050000000001681304, "54": 0.9499999999995532, "55": 0.05000000000171015, "56": 0.9499999999993118, "57": 0.050000000001328926, "58": 0.4964676097709114, "59": 0.050000000000968714, "60": 0.05000000000252379, "61": 0.05000000000277521, "62": 0.05000000000084065, "63": 0.4964676097709114, "64": 0.9499999999994357, "65": 0.4964676097709114, "66": 0.4964676097709114, "67": 0.9499999999996471, "68": 0.9499999999997796, "69": 0.4964676097709114, "70": 0.05000000000096968, "71": 0.4964676097709114, "72": 0.4964676097709114, "73": 0.4964676097709114, "74": 0.9499999999997766, "75": 0.9499999999996942, "76": 0.4964676097709114, "77": 0.4964676097709114, "78": 0.4964676097709114, "79": 0.4964676097709114, "80": 0.4964676097709114, "81": 0.4964676097709114, "82": 0.4964676097709114, "83": 0.4964676097709114, "84": 0.05000000000320855, "85": 0.050000000001741894, "86": 0.050000000002385275, "87": 0.4964676097709114, "88": 0.05000000000129338, "89": 0.9499999999997325, "90": 0.4964676097709114, "91": 0.05000000000277521, "92": 0.4964676097709114, "93": 0.9499999999997178, "94": 0.4964676097709114, "95": 0.9499999999996559, "96": 0.4964676097709114, "97": 0.4964676097709114, "98": 0.9499999999992751, "99": 0.050000000002725725}, "3": {"0": 0.05000000000074851, "1": 0.484012190847831, "2": 0.0500000000006488,