{"0": {"0": 3.251482643542159e-13, "1": 7.717473831821577e-13, "2": 3.278978703333167e-13, "3": 0.5036834097921989, "4": 3.0953192867375487e-13, "5": 0.9247049721716957, "6": 4.1672336046682256e-13, "7": 0.8489080721824684, "8": 0.8249813484479, "9": 7.090516734551595e-13, "10": 0.5036486253744834, "11": 0.7598973679019655, "12": 0.5887013926908309, "13": 2.940694214941166e-13, "14": 0.8010273957473331, "15": 6.078493820642662e-13, "16": 5.166757681404054e-13, "17": 0.8489080721824684, "18": 5.396333729325502e-13, "19": 6.482689447371938e-13, "20": 0.6416113404461335, "21": 2.386996794110774e-13, "22": 0.7465332210439087, "23": 0.6808101394569643, "24": 0.8010273957473331, "25": 0.7132975853010186, "26": 2.1656709659588137e-13, "27": 0.9245807298019094, "28": 4.59026200812523e-13, "29": 6.933930542740217e-13, "30": 0.9247049721716957, "31": 0.9244835200394601, "32": 7.767150135922271e-13, "33": 3.1331945738557743e-13, "34": 3.251482643542159e-13, "35": 0.7132975853010186, "36": 0.6416113404461335, "37": 4.2419915090612786e-13, "38": 5.396333729325502e-13, "39": 0.6755996681698817, "40": 4.321249641062748e-13, "41": 0.5128038604818399, "42": 5.231298210443255e-13, "43": 0.7132975853010186, "44": 0.6755996681698817, "45": 1.470347107470583e-13, "46": 4.685748790163265e-13, "47": 2.814170758898372e-13, "48": 4.124846682547348e-13, "49": 0.6869161040234657, "50": 0.8249813484479, "51": 4.914613881226871e-13, "52": 0.9244835200394601, "53": 5.301859082682503e-13, "54": 3.20694166659046e-13, "55": 3.5452583672757974e-13, "56": 4.569189411690315e-13, "57": 2.969122100006949e-13, "58": 3.7427487412703695e-13, "59": 0.7598973679019655, "60": 3.1331945738557743e-13, "61": 2.7568001554137085e-13, "62": 0.9248400719001664, "63": 2.114047153616244e-13, "64": 2.545058927268794e-13, "65": 0.5571273179332352, "66": 0.5301183183919498, "67": 0.8279243704995198, "68": 0.6395467120794863, "69": 0.5226739725055141, "70": 0.7869270708779599, "71": 0.6834153751005156, "72": 0.7649921925485186, "73": 3.7427487412703695e-13, "74": 0.8279243704995198, "75": 0.5887013926908309, "76": 0.7132975853010186, "77": 2.4573069406134353e-13, "78": 0.6395467120794863, "79": 0.5037008020010567, "80": 0.5571273179332352, "81": 6.982174166278346e-13, "82": 0.48760002463746066, "83": 0.9245807298019094, "84": 0.5128038604818399, "85": 5.301859082682503e-13, "86": 0.5037008020010567, "87": 0.48760002463746066, "88": 0.5301183183919498, "89": 0.7465332210439087, "90": 0.6869161040234657, "91": 2.2845947058451576e-13, "92": 2.583378840702027e-13, "93": 2.295131004062615e-13, "94": 0.7869270708779599, "95": 0.6834153751005156, "96": 0.5226739725055141, "97": 2.923233512440326e-13, "98": 0.7649921925485186, "99": 2.160624820531374e-13}, "1": {"0": 0.7578709639197758, "1": 7.337752123828288e-13, "2": 2.1853150860285213e-13, "3": 6.330488563188355e-13, "4": 8.038880241000202e-13, "5": 0.7578709639197758, "6": 0.7654055279584464, "7": 0.6564764438194681, "8": 0.6716189278758469, "9": 0.5977117052491234, "10": 0.7901718155965705, "11": 3.3602043733324987e-13, "12": 4.007712517248615e-13, "13": 0.946962561798983, "14": 0.7531128726777628, "15": 4.4655299244842834e-13, "16": 0.6391455212816475, "17": 0.9706754472204868, "18": 0.6565649568137655, "19": 0.4338564417773153, "20": 0.7063566004418914, "21": 0.671634768124816, "22": 0.5748158626361433, "23": 0.5977117052491234, "24": 3.955202622679213e-13, "25": 0.8249697265754534, "26": 0.8708007427041686, "27": 0.7557489659591724, "28": 0.8970669089014984, "29": 0.72780750624691, "30": 0.6721800841202283, "31": 0.8708007427041686, "32": 0.8970669089014984, "33": 0.6984379823554847, "34": 4.87252196729149e-13, "35": 0.7901718155965705, "36": 4.602794386199856e-13, "37": 3.381424021742217e-13, "38": 1.9776013113396064e-13, "39": 2.2594703993329659e-13, "40": 0.7112686017869168, "41": 0.7514331591675834, "42": 2.7154807753932683e-13, "43": 1.7340115118318875e-13, "44": 0.7224847847484512, "45": 0.7738438923699268, "46": 3.2278443906805343e-13, "47": 4.731663157574014e-13, "48": 2.757563949287304e-13, "49": 0.72780750624691, "50": 0.671634768124816, "51": 0.5426867879247708, "52": 0.6296844674427327, "53": 7.337752123828288e-13, "54": 2.3794958924300635e-13, "55": 2.9795562530786656e-13, "56": 0.7063566004418914, "57": 4.756358741000099e-13, "58": 0.6296844674419196, "59": 0.7030030962607706, "60": 2.301397193099928e-13, "61": 0.7531128726777628, "62": 6.203064336563116e-13, "63": 2.2060595251513178e-13, "64": 0.7591364115100663, "65": 0.7030030962607706, "66": 0.6984379823554847, "67": 0.8249697265754534, "68": 0.9706754472204868, "69": 1.6139221953402672e-13, "70": 0.6296844674419196, "71": 0.6957914804346553, "72": 6.23943397637468e-13, "73": 0.666178946578367, "74": 0.6957914804346553, "75": 1.6907120108711085e-13, "76": 6.23943397637468e-13, "77": 0.7514331591675834, "78": 0.5402758754231427, "79": 0.5402758754231427, "80": 0.946962561798983, "81": 0.6721800841202283, "82": 0.7738468908340397, "83": 2.9795562530786656e-13, "84": 0.7224847847484512, "85": 2.2327649622421417e-13, "86": 0.666178946578367, "87": 3.3602043733324987e-13, "88": 0.7591364115100663, "89": 0.6565649568137655, "90": 4.731663157574014e-13, "91": 4.459272555978192e-13, "92": 4.459272555978192e-13, "93": 0.4338564417773153, "94": 0.5426867879247708, "95": 0.5748158626361433, "96": 0.7112686017869168, "97": 0.7557489659591724, "98": 0.7654055279584464, "99": 0.7738438923699268}, "2": {"0": 0.7018963836251351, "1": 0.656523293095067, "2": 5.223884460532514e-13, "3": 0.6016031388644001, "4": 3.352958204082264e-13, "5": 0.5553115640863885, "6": 0.7219858926948906, "7": 0.6906181992091416, "8": 0.690377926243076, "9": 0.649015996719162, "10": 0.6066943116201208, "11": 2.9957536376570515e-13, "12": 4.369636710054611e-13, "13": 4.306279446608916e-13, "14": 6.223080848085244e-13, "15": 0.7698766416926953, "16": 0.7219858926948906, "17": 0.5542717464447544, "18": 5.158579795535021e-13, "19": 0.5824664027708253, "20": 0.6066884532705785, "21": 0.7562749924221827, "22": 0.6305991551582686, "23": 4.773498322337301e-13, "24": 5.986034095432892e-13, "25": 0.6894176618961878, "26": 0.6625336429822644, "27": 0.6518625988011351, "28": 2.1095803827968055e-13, "29": 8.129103677502898e-13, "30": 0.6066884532705785, "31": 0.6371788108652419, "32": 0.6482115835979558, "33": 5.158579795535021e-13, "34": 3.6943873510369166e-13, "35": 5.180902848969408e-13, "36": 0.7698766416926953, "37": 0.6483438576066068, "38": 4.656114100887032e-13, "39": 1.9983932372293338e-13, "40": 0.5542717464447544, "41": 0.5814674005739475, "42": 0.7562749924221827, "43": 1.9930735915499013e-13, "44": 0.6305991551582686, "45": 0.6647076226899551, "46": 0.7698766416926953, "47": 0.7212866973213266, "48": 0.7160499999606638, "49": 0.7698766416926953, "50": 2.5156337653037134e-13, "51": 0.5814674005739475, "52": 0.5843262233381299, "53": 0.6894176618961878, "54": 0.7212866973213266, "55": 0.7160499999606638, "56": 0.6625336429822644, "57": 0.47958542837059015, "58": 0.6647076226899551, "59": 0.6452255936793444, "60": 0.6016031388644001, "61": 0.6489735195435844, "62": 0.6518625988011351, "63": 3.536165272888214e-13, "64": 0.6483438576066068, "65": 0.6906181992091416, "66": 0.7018963836251351, "67": 0.5814674005739475, "68": 0.5553115640863885, "69": 0.6489876786021103, "70": 0.5655309523810934, "71": 0.5750467502791639, "72": 2.017207095355495e-13, "73": 4.064551838751449e-13, "74": 4.4039562565241455e-13, "75": 1.8471936755184583e-13, "76": 0.5750467502791639, "77": 0.47958542837059015, "78": 0.5655309523810934, "79": 0.6565809426967704, "80": 1.8688709229571148e-13, "81": 0.5967231079996255, "82": 2.7082506952288e-13, "83": 2.590451424484704e-13, "84": 1.9782223961654e-13, "85": 1.768082636444107e-13, "86": 0.5967231079996255, "87": 0.47958542837059015, "88": 0.6489735195435844, "89": 1.0547901913984028e-13, "90": 0.6371788108652419, "91": 0.7562749924221827, "92": 2.153139723304458e-13, "93": 0.5824664027708253,