{"0": {"0": 0.050041119424070635, "1": 0.050038835705281254, "2": 0.05003288426959667, "3": 0.05003951931554608, "4": 0.05003976827091179, "5": 0.05003448931505039, "6": 0.0500347345008816, "7": 0.05004300035174372, "8": 0.0500319251408679, "9": 0.05002270661494146, "10": 0.05004044151031561, "11": 0.05002919774993008, "12": 0.05002891621293759, "13": 0.050022148005326575, "14": 0.05003572218536202, "15": 0.050031301866075, "16": 0.05002655932427524, "17": 0.05003765257576521, "18": 0.050033952952872815, "19": 0.050029085746241514, "20": 0.05003650033433142, "21": 0.050034393056947575, "22": 0.0500359454872206, "23": 0.05003603550137942, "24": 0.05003509473422831, "25": 0.05002603295216289, "26": 0.050037404340261105, "27": 0.050036220842806164, "28": 0.0500272913715747, "29": 0.05002199912077332, "30": 0.050040997925193224, "31": 0.05002376897110071, "32": 0.05001842672943908, "33": 0.05003219437506998, "34": 0.0500343902459747, "35": 0.050014241426192846, "36": 0.05001786109268101, "37": 0.050031061524364866, "38": 0.050014874064855316, "39": 0.05004353256428232, "40": 0.05003963066293386, "41": 0.05002664222531939, "42": 0.05003693434531373, "43": 0.050037255071684834, "44": 0.05003463502543792, "45": 0.05001553076218243, "46": 0.05003678502588039, "47": 0.05003859966432253, "48": 0.05002384446900319, "49": 0.0500281297669133, "50": 0.05003489993438392, "51": 0.050031301866075, "52": 0.050035966029118806, "53": 0.05004222757947466, "54": 0.05003221470494386, "55": 0.050033200196976976, "56": 0.050033680986464366, "57": 0.050042691723849696, "58": 0.05003992897511669, "59": 0.05003799252268753, "60": 0.05003347363649573, "61": 0.0500376209281396, "62": 0.05004346834362618, "63": 0.050035620989025587, "64": 0.05002664222531939, "65": 0.050032315359315155, "66": 0.05003990246987142, "67": 0.05003471983280727, "68": 0.05003076847730891, "69": 0.05002173417181309, "70": 0.0500376209281396, "71": 0.05003799252268753, "72": 0.05001727419612971, "73": 0.050025866069321925, "74": 0.050017603364356476, "75": 0.05003762047280616, "76": 0.05003219437506998, "77": 0.05003762047280616, "78": 0.050032315359315155, "79": 0.050029085746241514, "80": 0.050035620989025587, "81": 0.05003288426959667, "82": 0.050029091231497014, "83": 0.05001660009848849, "84": 0.05003603550137942, "85": 0.05002655932427524, "86": 0.0500281297669133, "87": 0.05002049896259661, "88": 0.050012158841899135, "89": 0.050035989617503246, "90": 0.050036821716235844, "91": 0.050017994808751624, "92": 0.050029091231497014, "93": 0.05001842672943908, "94": 0.050036220842806164, "95": 0.050041119424070635, "96": 0.050030569700017055, "97": 0.05001941785264063, "98": 0.0500272913715747, "99": 0.05003678502588039}, "1": {"0": 0.050006761315039075, "1": 0.9499902721224301, "2": 0.9499859253795226, "3": 0.9499889835083736, "4": 0.050005460916751884, "5": 0.050004372241955246, "6": 0.9499880990746711, "7": 0.9499830203619513, "8": 0.050007049749981256, "9": 0.050006472151885785, "10": 0.9499856209668078, "11": 0.050006761315039075, "12": 0.9499840185576435, "13": 0.05000769999575761, "14": 0.05000686605971706, "15": 0.9499863158872079, "16": 0.050008846621191136, "17": 0.05000874448391049, "18": 0.050003971498701186, "19": 0.9499871726639962, "20": 0.9499781452531391, "21": 0.949977790406267, "22": 0.050007954198313706, "23": 0.050005350740169534, "24": 0.9499844238095638, "25": 0.05000818917010809, "26": 0.05000488000252344, "27": 0.050002693165334795, "28": 0.05000692653841368, "29": 0.9499848099076076, "30": 0.05000781375278443, "31": 0.05000408403427781, "32": 0.05000618272109919, "33": 0.05000670051407244, "34": 0.9499822773150507, "35": 0.05000794213105782, "36": 0.05000730712423135, "37": 0.9499893852449377, "38": 0.9499862452655252, "39": 0.05000950407227418, "40": 0.05000626140756466, "41": 0.05000857871959087, "42": 0.05000857871959087, "43": 0.9499870616270262, "44": 0.9499889835083736, "45": 0.9499817013091112, "46": 0.9499945363132847, "47": 0.9499838786144086, "48": 0.9499823730679786, "49": 0.9499946478806058, "50": 0.05000758821614495, "51": 0.050007049749981256, "52": 0.05001038517792892, "53": 0.949977790406267, "54": 0.9499873266087248, "55": 0.050008314872424506, "56": 0.9499844238095638, "57": 0.05000781375278443, "58": 0.0500084051194964, "59": 0.050006472151885785, "60": 0.05000591088971454, "61": 0.05000441327198073, "62": 0.9499679512475541, "63": 0.050005429847919156, "64": 0.05000292876156228, "65": 0.9499779599226312, "66": 0.05000488000252344, "67": 0.9499869589176795, "68": 0.9499812279472541, "69": 0.05000335025703622, "70": 0.05000453695895822, "71": 0.05000758821614495, "72": 0.05000806211018402, "73": 0.05000769999575761, "74": 0.0500084051194964, "75": 0.05000730712423135, "76": 0.05000152801309081, "77": 0.05000453695895822, "78": 0.9499800053368437, "79": 0.9499778088684029, "80": 0.9499943274230958, "81": 0.9499876262124143, "82": 0.9499876262124143, "83": 0.9499838786144086, "84": 0.9499836494298453, "85": 0.9499873266087248, "86": 0.05000806211018402, "87": 0.9499848099076076, "88": 0.9499812279472541, "89": 0.05000909304699663, "90": 0.050005408283382506, "91": 0.9499709485553665, "92": 0.949983271547726, "93": 0.050008846621191136, "94": 0.050007084634962125, "95": 0.050005408283382506, "96": 0.949983271547726, "97": 0.9499822773150507, "98": 0.9499863158872079, "99": 0.9499870057819849}, "2": {"0": 0.9499737505269075, "1": 0.9499744909149103, "2": 0.9499756600998553, "3": 0.9499835372313352, "4": 0.05001029608595409, "5": 0.05001370105112518, "6": 0.05002389377662607, "7": 0.9499750253352354, "8": 0.9499769223884744, "9": 0.05001760886195029, "10": 0.05001387241850257, "11": 0.9499748571268334, "12": 0.949977462671943, "13": 0.05001400169838165, "14": 0.9499737505269075, "15": 0.9499801756874461, "16": 0.05001423739874687, "17": 0.9499779439602297, "18": 0.05001370105112518, "19": 0.9499735025296392, "20": 0.05001966179396486, "21": 0.05001003161493754, "22": 0.050013012139573945, "23": 0.050019823487993165, "24": 0.9499772632434151, "25": 0.05001254061224586, "26": 0.9499721170128985, "27": 0.9499774493092255, "28": 0.9499840036191933, "29": 0.9499882572794093, "30": 0.05001758341537233, "31": 0.9499717874846638, "32": 0.050017794916696334, "33": 0.05000857286939437, "34": 0.050022240401321284, "35": 0.05001576913002578, "36": 0.050014335654912256, "37": 0.949981734917406, "38": 0.949980247648903, "39": 0.9499750253352354, "40": 0.9499917686156676, "41": 0.05001730400851427, "42": 0.9499868871320472, "43": 0.05001423739874687, "44": 0.9499916671537105, "45": 0.05001370105112518, "46": 0.9499744909149103, "47": 0.05002574098502817, "48": 0.949983198742947, "49": 0.05001966179396486, "50": 0.9499935067299724, "51": 0.050019208242326745, "52": 0.0500151848754444, "53": 0.9499762289544578, "54": 0.05001567753565603, "55": 0.0500122522606145, "56": 0.05001008478993113, "57": 0.05001730400851427, "58": 0.050019823487993165, "59": 0.05001636063552951, "60": 0.05000912369074952, "61": 0.05001866175240456, "62": 0.05001839701594662, "63": 0.05001003161493754, "64": 0.05001008478993113, "65": 0.05001470411438871, "66": 0.050005653078121826, "67": 0.050010409778156566, "68": 0.9499692230711787, "69": 0.949977086010696, "70": 0.05000879170768617, "71": 0.9499823116951596, "72": 0.05001470411438871, "73": 0.9499824304361029, "74": 0.05001370105112518, "75": 0.9499879510968343, "76": 0.9499824304361029, "77": 0.9499717892014168, "78": 0.9499870134599449, "79": 0.949983198742947, "80": 0.05001254061224586, "81": 0.05001839701594662, "82": 0.94999477888956, "83": 0.9499850283327183, "84": 0.9499874534875028, "85": 0.949977086010696, "86": 0.05002059217190818, "87": 0.9499936932636305, "88": 0.9499868089929466, "89": 0.949987386527261, "90": 0.9499762289544578, "91": 0.050007838767828015, "92": 0.9499756600998553, "93": 0.9499789140376644, "94": 0.9499840036191933, "95": 0.05001066827233283, "96": 0.050024409514823426, "97": 0.9499833343074212, "98": 0.9499879510968343,