{"0": {"0": 0.9497015434517894, "1": 0.05040728341439845, "2": 0.05044459649154711, "3": 0.9497153520049404, "4": 0.9496474698329371, "5": 0.05088800069016961, "6": 0.9496474698329371, "7": 0.49973096750667534, "8": 0.7477716286624012, "9": 0.94874653473471, "10": 0.7477716286624012, "11": 0.949300829478336, "12": 0.5007253480795084, "13": 0.9493335786934067, "14": 0.05077519461001143, "15": 0.05058557517139094, "16": 0.500168158257251, "17": 0.5005698272997813, "18": 0.5001630764786944, "19": 0.05014104990182336, "20": 0.49968758749571174, "21": 0.2979473493767073, "22": 0.2538659245626256, "23": 0.9484354871024487, "24": 0.949875530676298, "25": 0.9492924512654389, "26": 0.500609112035604, "27": 0.5001656173679727, "28": 0.5002682240863211, "29": 0.05045356114414368, "30": 0.5005891218977788, "31": 0.9489471154392697, "32": 0.05088167321662875, "33": 0.5001656173679727, "34": 0.5000468242019896, "35": 0.49962194673222843, "36": 0.49998240311274084, "37": 0.05045879163107353, "38": 0.9484282330573516, "39": 0.9496877348986383, "40": 0.05055218861449057, "41": 0.5003623929514962, "42": 0.050588351763847295, "43": 0.050588351763847295, "44": 0.05014018936805271, "45": 0.5008803044585721, "46": 0.9497015434517894, "47": 0.2538659245626256, "48": 0.500267874785777, "49": 0.4985904104870283, "50": 0.05119593513272026, "51": 0.05037904049262439, "52": 0.9484354871024487, "53": 0.94874653473471, "54": 0.2979473493767073, "55": 0.5000081937958072, "56": 0.9492844954956748, "57": 0.05040728341439845, "58": 0.949300829478336, "59": 0.5026592123828726, "60": 0.050425061550872986, "61": 0.48518951150200706, "62": 0.5003629500013478, "63": 0.2979473493767073, "64": 0.5026592123828726, "65": 0.5005891218977788, "66": 0.4999770578541541, "67": 0.949875530676298, "68": 0.050379231745303205, "69": 0.49961949385209375, "70": 0.05045879163107353, "71": 0.4992952052435141, "72": 0.5000495111038896, "73": 0.5007253480795084, "74": 0.05119593513272026, "75": 0.500316539069966, "76": 0.050425061550872986, "77": 0.05088800069016961, "78": 0.5003154123935624, "79": 0.48518951150200706, "80": 0.05014104990182336, "81": 0.4999151487690906, "82": 0.5005698272997813, "83": 0.5004401522292861, "84": 0.5001577061967812, "85": 0.9493090370945407, "86": 0.050191252612252615, "87": 0.5000468242019896, "88": 0.050192984978193037, "89": 0.05038096399815329, "90": 0.05058557517139094, "91": 0.050191252612252615, "92": 0.500316539069966, "93": 0.49968758749571174, "94": 0.499988528927077, "95": 0.49961949385209375, "96": 0.9489471154392697, "97": 0.050379231745303205, "98": 0.4999575743845453, "99": 0.9496462256327194}, "1": {"0": 0.050147751517493795, "1": 0.4978129730329174, "2": 0.49990518332673595, "3": 0.05139553106590608, "4": 0.26709701075082265, "5": 0.5029020485914337, "6": 0.5001442706129218, "7": 0.05214517430195412, "8": 0.9498085215086471, "9": 0.9488669019866901, "10": 0.05039867958932573, "11": 0.49991102958786415, "12": 0.050202887368876535, "13": 0.9497999456530781, "14": 0.9498085215086471, "15": 0.5000243939272155, "16": 0.9498259686703232, "17": 0.2855462420618974, "18": 0.49988275723513187, "19": 0.05277577381827067, "20": 0.2855462420618974, "21": 0.9463977375935575, "22": 0.5013700212826278, "23": 0.050384436519692405, "24": 0.9490943637946636, "25": 0.9493718983598729, "26": 0.7165795542318896, "27": 0.050213290786591286, "28": 0.9497928217576301, "29": 0.49780388943525933, "30": 0.49989933706560774, "31": 0.4993405457074061, "32": 0.05013638145252495, "33": 0.05214517430173797, "34": 0.05006627427341909, "35": 0.5001434207498823, "36": 0.05039867958932573, "37": 0.9496856991068423, "38": 0.49805154033942645, "39": 0.49851951942237455, "40": 0.49851951942237455, "41": 0.9488669019866901, "42": 0.49868977454372665, "43": 0.5003068802437796, "44": 0.5013700213966955, "45": 0.5001434207498823, "46": 0.26709701075082265, "47": 0.49460172038665856, "48": 0.050094456926274386, "49": 0.9486455266915927, "50": 0.7165795542318896, "51": 0.9472543878441606, "52": 0.4973008601933293, "53": 0.4992660209261447, "54": 0.5000243939272155, "55": 0.050094456926274386, "56": 0.4993626851360276, "57": 0.4978123243386123, "58": 0.7165795542318896, "59": 0.4997841892095958, "60": 0.49862537882286606, "61": 0.7265152088802354, "62": 0.050213290786591286, "63": 0.05014017147418123, "64": 0.49990518332673595, "65": 0.5014510242957169, "66": 0.9495471818973318, "67": 0.4993593919815571, "68": 0.05038801769395847, "69": 0.4997841753494269, "70": 0.05071790867708069, "71": 0.05013638145252495, "72": 0.9472543878441606, "73": 0.9493711481405905, "74": 0.9463977375935575, "75": 0.4996813425680138, "76": 0.5003068802437796, "77": 0.49988275723513187, "78": 0.05139579227231488, "79": 0.05071801362547186, "80": 0.9497856978621821, "81": 0.49862537882286606, "82": 0.9498321031106657, "83": 0.9498558468529832, "84": 0.49868977454372665, "85": 0.7265152088802354, "86": 0.9497928217576301, "87": 0.9493711481405905, "88": 0.9498558468529832, "89": 0.05277577381827067, "90": 0.49805154033942645, "91": 0.05139579227231488, "92": 0.05071790867708069, "93": 0.5013700212826278, "94": 0.2855462420618974, "95": 0.050384436519692405, "96": 0.4978123243386123, "97": 0.4992660209261447, "98": 0.05214517430173797, "99": 0.4997841892095958}, "2": {"0": 0.5009446749748123, "1": 0.4998237624583911, "2": 0.9497383904358327, "3": 0.9471875095175976, "4": 0.5000595308824041, "5": 0.05036173270472784, "6": 0.9492987284179324, "7": 0.5000698420669856, "8": 0.05018953357279741, "9": 0.0503269691625351, "10": 0.050641916208150416, "11": 0.5009677174707573, "12": 0.49969537414159376, "13": 0.05130862317866045, "14": 0.9485160070058429, "15": 0.5000123507062584, "16": 0.5001104329381865, "17": 0.500651393623097, "18": 0.5003096439629511, "19": 0.9494446664867175, "20": 0.050078798347444, "21": 0.5001723099302039, "22": 0.050641916208150416, "23": 0.5001709606522584, "24": 0.05136206222479278, "25": 0.5000166057779919, "26": 0.05073847229616129, "27": 0.5007391928000453, "28": 0.050277162874380235, "29": 0.9493141982260811, "30": 0.5003318951794222, "31": 0.49969537414159376, "32": 0.7125483860100963, "33": 0.050833793634774985, "34": 0.05042976413054208, "35": 0.05031525939735667, "36": 0.05130862317866045, "37": 0.050833793634774985, "38": 0.4998237624583911, "39": 0.947199314277793, "40": 0.947199314277793, "41": 0.728479517821842, "42": 0.05031525939735667, "43": 0.949734342018725, "44": 0.5004537504530324, "45": 0.9496368258847163, "46": 0.5000092375629908, "47": 0.9494656583046397, "48": 0.5000392354468036, "49": 0.050310206919767425, "50": 0.9492987284179324, "51": 0.5017793690896792, "52": 0.5017793690896792, "53": 0.9475006343405219, "54": 0.9493500848328609, "55": 0.949734342018725, "56": 0.05034373140530278, "57": 0.5002129886773962, "58": 0.05042976413054208, "59": 0.05034373140530278, "60": 0.5004907709354477, "61": 0.5000392354468036, "62": 0.9475006343405219, "63": 0.5009600366387756, "64": 0.5002605319990843, "65": 0.7125483860100963, "66": 0.9493141982260811, "67": 0.5002683661464539, "68": 0.5000092375629908, "69": 0.9494239910913951, "70": 0.9496861882341034, "71": 0.5000083028889959, "72": 0.05131632543796189, "73": 0.9495396541901715, "74": 0.7125483860100963, "75": 0.5000595308824041, "76": 0.5004393904909878, "77": 0.5002453854677238, "78": 0.5006246198393874, "79": 0.05073847229616129, "80": 0.9481977836747639, "81": 0.9485160070058429, "82": 0.5004393904909878, "83": 0.28303982835493136, "84": 0.5002129886773962, "85": 0.5001723099302039, "86": 0.28303982835493136, "87": 0.9481977836747639, "88": 0.5009677174707573, "89": 0.5002605319990843, "90": 0.9494239910913951, "91": 0.5003123099196938, "92": 0.728479517821842, "93": 0.05018953357279741, "94": 0.9495396541901715, "95": 0.05034373140530278, "96": 0.0503269691625351, "97": 0.9496861882341034, "98": 0.05131632543796189, "99": 0.9498184129423581}, "3": {"0": 0.728864652863999, "1": 0.49979834150665914, "2": 0.9497722559215634,