{"0": {"0": 0.4999999999943577, "1": 0.06929004417850429, "2": 0.49999999999451605, "3": 0.2042538353924141, "4": 0.16264189190338035, "5": 0.08490041554861472, "6": 0.29152701616054777, "7": 0.9285835385227574, "8": 0.7911845568174245, "9": 0.29674183546634425, "10": 0.9937962828511997, "11": 0.7494917320000689, "12": 0.8522940546053503, "13": 0.2277055633186505, "14": 0.16264189190338035, "15": 0.4999999999957223, "16": 0.29152701616054777, "17": 0.10847543541641269, "18": 0.7911845568174245, "19": 0.29674183546634425, "20": 0.4999999999926713, "21": 0.7644278009997325, "22": 0.29674183546634425, "23": 0.2172135457779751, "24": 0.9720711962186004, "25": 0.49999999999245376, "26": 0.4999999999937812, "27": 0.49999999999248984, "28": 0.49999999999165284, "29": 0.08490041554861472, "30": 0.4999999999916422, "31": 0.10847543541641269, "32": 0.7494917320000689, "33": 0.4999999999906283, "34": 0.9937962828511997, "35": 0.49999999999275735, "36": 0.49999999999381045, "37": 0.49999999999151956, "38": 0.49999999999165284, "39": 0.8930673214385267, "40": 0.1219739030351416, "41": 0.17121650129700916, "42": 0.4999999999927309, "43": 0.49999999999590655, "44": 0.4999999999940751, "45": 0.8522940546053503, "46": 0.49999999999124395, "47": 0.10847543541641269, "48": 0.49999999998880185, "49": 0.49999999999364475, "50": 0.49999999999163025, "51": 0.4999999999955339, "52": 0.02394968937952624, "53": 0.49999999999499223, "54": 0.4999999999937812, "55": 0.49999999999708167, "56": 0.06929004417850429, "57": 0.4999999999962269, "58": 0.4999999999911624, "59": 0.11944429520906402, "60": 0.7978926777086626, "61": 0.08490041554861472, "62": 0.49999999999142003, "63": 0.9285835385227574, "64": 0.2172135457779751, "65": 0.4999999999945949, "66": 0.7494917320000689, "67": 0.4999999999919125, "68": 0.70336114829785, "69": 0.49999999999499223, "70": 0.49999999999388495, "71": 0.49999999999370887, "72": 0.49999999999636546, "73": 0.9720711962186004, "74": 0.02394968937952624, "75": 0.7911845568174245, "76": 0.11944429520906402, "77": 0.49999999999124395, "78": 0.4999999999914577, "79": 0.8930673214385267, "80": 0.4999999999965675, "81": 0.9494154348115893, "82": 0.2277055633186505, "83": 0.9494154348115893, "84": 0.7644278009997325, "85": 0.49999999999690525, "86": 0.1219739030351416, "87": 0.2042538353924141, "88": 0.4999999999955812, "89": 0.4999999999926713, "90": 0.4999999999968224, "91": 0.08490041554861472, "92": 0.2277055633186505, "93": 0.70336114829785, "94": 0.1754089782601697, "95": 0.17121650129700916, "96": 0.9937962828511997, "97": 0.7978926777086626, "98": 0.1754089782601697, "99": 0.4999999999962449}, "1": {"0": 0.8081190611390576, "1": 0.8471823020352909, "2": 0.49999999999957756, "3": 0.49999999999947853, "4": 0.8208112313232139, "5": 0.49999999999923833, "6": 0.2407224985071221, "7": 0.703724518709008, "8": 0.16869094498524828, "9": 0.4999999999994905, "10": 0.9386251049233314, "11": 0.49999999999919986, "12": 0.24670867185165635, "13": 0.4999999999997116, "14": 0.49999999999951317, "15": 0.703724518709008, "16": 0.9386251049233314, "17": 0.8595403135776556, "18": 0.29841077638502966, "19": 0.8081190611390576, "20": 0.8208112313232139, "21": 0.9566005830246892, "22": 0.4999999999996361, "23": 0.2262439492779207, "24": 0.2262439492779207, "25": 0.8471823020352909, "26": 0.49999999999970723, "27": 0.49999999999952216, "28": 0.954800224892088, "29": 0.7410409701046492, "30": 0.49999999999941536, "31": 0.4999999999993955, "32": 0.031858830886312695, "33": 0.703724518709008, "34": 0.031858830886312695, "35": 0.7410409701046492, "36": 0.9151063063915694, "37": 0.4999999999993433, "38": 0.4999999999997072, "39": 0.4999999999992556, "40": 0.9566005830246892, "41": 0.4999999999993666, "42": 0.10443619430335986, "43": 0.4999999999996062, "44": 0.935498936013281, "45": 0.49999999999960454, "46": 0.8395555692099016, "47": 0.8471823020352909, "48": 0.49999999999940714, "49": 0.8081190611390576, "50": 0.7991337529452169, "51": 0.4999999999996052, "52": 0.4999999999995693, "53": 0.49999999999968436, "54": 0.07481032327947741, "55": 0.2144872151088812, "56": 0.2763933566353096, "57": 0.4999999999992816, "58": 0.4999999999993666, "59": 0.4999999999995812, "60": 0.2144872151088812, "61": 0.16869094498524828, "62": 0.24670867185165635, "63": 0.4999999999997077, "64": 0.2407224985071221, "65": 0.19607646622124106, "66": 0.9151063063915694, "67": 0.7991337529452169, "68": 0.4999999999992816, "69": 0.49999999999974526, "70": 0.11212090035434595, "71": 0.49999999999923833, "72": 0.4999999999998031, "73": 0.4999999999996412, "74": 0.10443619430335986, "75": 0.2938182639534799, "76": 0.09315712596404009, "77": 0.49999999999957756, "78": 0.7410409701046492, "79": 0.09315712596404009, "80": 0.935498936013281, "81": 0.07481032327947741, "82": 0.2763933566353096, "83": 0.9151063063915694, "84": 0.9476158970802748, "85": 0.9151063063915694, "86": 0.2144872151088812, "87": 0.2763933566353096, "88": 0.16869094498524828, "89": 0.19607646622124106, "90": 0.8595403135776556, "91": 0.11212090035434595, "92": 0.2938182639534799, "93": 0.8395555692099016, "94": 0.4999999999996355, "95": 0.9476158970802748, "96": 0.954800224892088, "97": 0.29841077638502966, "98": 0.49999999999940714, "99": 0.4999999999995812}, "2": {"0": 0.8711284931090377, "1": 0.5000000000303984, "2": 0.887172033361002, "3": 0.5000000000119448, "4": 0.9239680968646995, "5": 0.5000000000456689, "6": 0.8465987221287212, "7": 0.5000000000560239, "8": 0.500000000041031, "9": 0.5000000000214366, "10": 0.273392756257545, "11": 0.5000000000346968, "12": 0.9304556512703492, "13": 0.7393105834045277, "14": 0.273392756257545, "15": 0.5000000000209242, "16": 0.8711284931090377, "17": 0.5000000000570506, "18": 0.06408240799187148, "19": 0.500000000037108, "20": 0.7567206523665801, "21": 0.5000000000340943, "22": 0.2813841129870482, "23": 0.5000000000199881, "24": 0.5000000000394782, "25": 0.25646120170012165, "26": 0.5000000000509874, "27": 0.984097603116109, "28": 0.07240125880257808, "29": 0.5000000000538763, "30": 0.500000000044714, "31": 0.5000000000220488, "32": 0.23444914180465437, "33": 0.5000000000597873, "34": 0.11466844315718341, "35": 0.045300429972807976, "36": 0.7088438839051672, "37": 0.24828521674547527, "38": 0.5000000000223521, "39": 0.5000000000202641, "40": 0.9934240180843075, "41": 0.5000000000218059, "42": 0.7393105834045277, "43": 0.984097603116109, "44": 0.5000000000381488, "45": 0.5000000000508917, "46": 0.749764584493585, "47": 0.273392756257545, "48": 0.24828521674547527, "49": 0.5000000000266653, "50": 0.5000000000311526, "51": 0.23444914180465437, "52": 0.7088438839051672, "53": 0.8202780982383271, "54": 0.8023444913437588, "55": 0.045300429972807976, "56": 0.8465987221287212, "57": 0.5000000000372795, "58": 0.07240125880257808, "59": 0.5000000000294055, "60": 0.887172033361002, "61": 0.5000000000508917, "62": 0.11466844315718341, "63": 0.8202780982383271, "64": 0.5000000000414778, "65": 0.17826660837031746, "66": 0.5000000000298936, "67": 0.06408240799187148, "68": 0.9304556512703492, "69": 0.7088438839051672, "70": 0.5000000000365699, "71": 0.2813841129870482, "72": 0.12657530093161212, "73": 0.5000000000182849, "74": 0.887172033361002, "75": 0.5000000000372795, "76": 0.5000000000437386, "77": 0.25646120170012165, "78": 0.11291290136456075, "79": 0.749764584493585, "80": 0.9239680968646995, "81": 0.9582787706682088, "82": 0.500000000022357, "83": 0.5000000000269382, "84": 0.5000000000440138, "85": 0.17826660837031746, "86": 0.11291290136456075, "87": 0.9934240180843075, "88": 0.5000000000440138, "89": 0.5000000000441631, "90": 0.5000000000170471, "91": 0.23345074229227075, "92": 0.8465987221287212, "93": 0.5000000000294055, "94": 0.5000000000280119, "95": 0.12657530093161212, "96": 0.9582787706682088, "97": 0.7567206523665801, "98": 0.8023444913437588, "99": 0.23345074229227075}, "3": {"0": 0.499999999991782, "1": 0.10250443486116945, "2": 0.4999999999938687, "3": 0.49999999999235656,