{"0": {"0": 0.41540847812431037, "1": 0.41540847812183335, "2": 0.4154084781236377, "3": 0.7864901324798047, "4": 3.416062450755871e-11, "5": 0.41540847812183335, "6": 4.653852282473486e-11, "7": 0.41540847812243475, "8": 0.7864901380991839, "9": 0.41540847812165216, "10": 1.6538667078947605e-11, "11": 1.7566092899814124e-11, "12": 0.4154084781224756, "13": 0.41540847812190906, "14": 0.7864901357232421, "15": 0.4154084781221187, "16": 0.41540847812302073, "17": 0.41540847812431037, "18": 0.41540847812232573, "19": 0.7864901368106619, "20": 0.7864901384244162, "21": 0.4154084781221126, "22": 0.41540847812300874, "23": 0.41540847812283865, "24": 0.4154084781229127, "25": 0.4154084781229127, "26": 0.41540847812190906, "27": 0.4154084781224756, "28": 7.521318023782714e-11, "29": 0.786490138554438, "30": 0.4154084781223641, "31": 1.6538667078947605e-11, "32": 3.718796386420942e-11, "33": 2.969038291762663e-11, "34": 0.41540847812247556, "35": 0.41540847812355375, "36": 0.7864901342369872, "37": 0.7864901368106619, "38": 0.41540847812163895, "39": 0.4154084781227756, "40": 0.7864901380991839, "41": 0.41540847812185966, "42": 0.4154084781218166, "43": 0.7864901409046813, "44": 7.766714045255181e-12, "45": 0.7864901367823469, "46": 0.415408478122475, "47": 0.41540847812250503, "48": 0.41540847812249543, "49": 0.7864901380052518, "50": 0.7864901235364358, "51": 0.41540847812176185, "52": 3.21149674979295e-11, "53": 0.41540847812163895, "54": 0.41540847812324766, "55": 0.786490138752739, "56": 0.7864901401566334, "57": 3.21149674979295e-11, "58": 0.4154084781218166, "59": 0.7864901419403136, "60": 0.41540847812176185, "61": 0.4154084781226476, "62": 0.41540847812399206, "63": 0.7864901365287229, "64": 0.41540847812176135, "65": 0.7864901367823469, "66": 0.7864901356508406, "67": 0.7864901388435805, "68": 0.786490138305272, "69": 0.41540847812204157, "70": 0.7864901364983687, "71": 0.4154084781216367, "72": 0.7864901415451058, "73": 3.420644704839429e-11, "74": 0.7864901444724899, "75": 0.4154084781227756, "76": 0.4154084781216697, "77": 0.7864901370303523, "78": 3.420644704839429e-11, "79": 0.4154084781223641, "80": 0.7864901384244162, "81": 0.4154084781236377, "82": 0.41540847812165216, "83": 0.41540847812202214, "84": 0.41540847812204157, "85": 0.7864901353340188, "86": 0.786490138554438, "87": 0.7864901401566334, "88": 0.7864901412486986, "89": 1.1107327275583059e-11, "90": 0.41540847812195847, "91": 0.786490138752739, "92": 0.41540847812249543, "93": 0.7864901391047165, "94": 2.1929759634940354e-11, "95": 0.7864901371005941, "96": 3.416062450755871e-11, "97": 1.1107327275583059e-11, "98": 0.7864901433926808, "99": 0.7864901412486986}, "1": {"0": 2.681756487045361e-11, "1": 0.6545899997721756, "2": 0.6545899997721756, "3": 5.821299665466439e-11, "4": 0.6545899997721756, "5": 0.27656664429400263, "6": 0.6545899997721756, "7": 0.6545899997721756, "8": 0.2765531549274739, "9": 1.2155761789433827e-11, "10": 0.2765471705945952, "11": 0.6545899997721756, "12": 0.6545899997721756, "13": 0.2765862102755344, "14": 3.180224847191307e-11, "15": 0.6545899997721756, "16": 0.6545899997721756, "17": 0.6545899997721756, "18": 1.3071021553271788e-11, "19": 0.6545899997721756, "20": 0.6545899997721756, "21": 0.6545899997721756, "22": 0.6545899997721756, "23": 0.6545899997721756, "24": 0.6545899997721756, "25": 0.6545899997721756, "26": 0.6545899997721756, "27": 0.6545899997721756, "28": 0.6545899997721756, "29": 0.6545899997721756, "30": 0.6545899997721756, "31": 0.6545899997721756, "32": 0.27653941928200654, "33": 2.681756487045361e-11, "34": 1.976271227520715e-11, "35": 4.2536386174944574e-11, "36": 0.6545899997721756, "37": 0.6545899997721756, "38": 0.6545899997721756, "39": 0.6545899997721756, "40": 0.6545899997721756, "41": 0.6545899997721756, "42": 0.2765471705945952, "43": 0.6545899997721756, "44": 2.6142043106543577e-11, "45": 0.6545899997721756, "46": 0.6545899997721756, "47": 0.6545899997721756, "48": 0.6545899997721756, "49": 0.6545899997721756, "50": 0.6545899997721756, "51": 0.6545899997721756, "52": 0.6545899997721756, "53": 0.6545899997721756, "54": 0.6545899997721756, "55": 0.6545899997721756, "56": 0.6545899997721756, "57": 0.27654707831247083, "58": 0.6545899997721756, "59": 2.606755787997374e-11, "60": 0.6545899997721756, "61": 0.6545899997721756, "62": 0.6545899997721756, "63": 0.6545899997721756, "64": 0.6545899997721756, "65": 0.6545899997721756, "66": 0.6545899997721756, "67": 0.27652769689518786, "68": 0.6545899997721756, "69": 0.2765711072466926, "70": 0.6545899997721756, "71": 5.108095317148427e-11, "72": 0.6545899997721756, "73": 0.6545899997721756, "74": 0.6545899997721756, "75": 0.6545899997721756, "76": 0.6545899997721756, "77": 0.6545899997721756, "78": 0.6545899997721756, "79": 4.905726282715005e-11, "80": 0.6545899997721756, "81": 0.6545899997721756, "82": 0.2765357281401627, "83": 0.6545899997721756, "84": 0.6545899997721756, "85": 0.6545899997721756, "86": 0.6545899997721756, "87": 0.6545899997721756, "88": 0.6545899997721756, "89": 1.2770238292871067e-11, "90": 0.6545899997721756, "91": 0.6545899997721756, "92": 0.6545899997721756, "93": 0.2765356987738453, "94": 0.2765531549274739, "95": 4.083561701230292e-12, "96": 0.6545899997721756, "97": 0.6545899997721756, "98": 0.6545899997721756, "99": 1.5901124235956534e-11}, "2": {"0": 0.399214838980344, "1": 1.3623325682399325e-10, "2": 0.8344973996483984, "3": 0.39921483897833043, "4": 5.415141673702774e-11, "5": 1.200788516796023e-10, "6": 0.39921483898534016, "7": 0.39921483897268206, "8": 0.39921483895434007, "9": 0.8344973986562382, "10": 0.3992148389663184, "11": 0.8344973980685825, "12": 0.8344973981267197, "13": 0.3992148389690452, "14": 7.958044887884229e-11, "15": 0.39921483895583887, "16": 0.8344973963312822, "17": 4.786134966207731e-11, "18": 0.39921483898086124, "19": 9.297717504563876e-11, "20": 0.8344974005964396, "21": 0.39921483895929977, "22": 0.8344973959674747, "23": 0.8344974016069744, "24": 0.8344973973615686, "25": 0.3992148389621457, "26": 0.8344973988113905, "27": 0.39921483898534016, "28": 0.39921483899225985, "29": 0.8344973976315615, "30": 0.8344973989204623, "31": 0.834497396764198, "32": 9.297717504563876e-11, "33": 2.331151729533379e-11, "34": 0.39921483896741394, "35": 0.8344974009423201, "36": 5.962055588426923e-11, "37": 1.0830283347405548e-10, "38": 0.39921483898589566, "39": 3.2531578855942564e-11, "40": 0.3992148389779743, "41": 0.39921483897268206, "42": 0.39921483896015325, "43": 0.39921483896447274, "44": 0.8344974009423201, "45": 0.3992148389924125, "46": 0.3992148389669956, "47": 0.8344973989204623, "48": 0.3992148389699514, "49": 0.8344974016069744, "50": 0.3992148389720581, "51": 0.3992148389415684, "52": 0.8344973987556623, "53": 3.88094690412883e-11, "54": 1.1924111176853847e-10, "55": 0.3992148389415684, "56": 0.3992148389665555, "57": 0.39921483899225985, "58": 0.39921483896447274, "59": 0.3992148389756641, "60": 5.600646806187311e-11, "61": 0.834497396980597, "62": 0.8344973975536584, "63": 0.3992148389924125, "64": 0.8344973970801122, "65": 0.8344973975536584, "66": 0.3992148389699514, "67": 5.578183083418689e-11, "68": 0.8344973976315615, "69": 0.3992148389662316, "70": 0.8344973973615686, "71": 0.39921483897566973, "72": 0.3992148389662316, "73": 7.749211268254657e-11, "74": 7.749211268254657e-11, "75": 1.0217212597631735e-10, "76": 0.3992148389808422, "77": 0.3992148389663184, "78": 3.2531578855942564e-11, "79": 0.8344973980685825, "80": 0.8344973998551918, "81": 0.3992148389669956, "82": 0.8344973959855826, "83": 2.7177292271040963e-11, "84": 0.39921483898589566, "85": 0.3992148389621457, "86": 1.940473452064415e-11, "87": 0.39921483895300236, "88": 0.3992148389756641, "89": 3.9790224439421146e-11, "90": 3.4956583448443445e-11, "91": 0.8344973995521954, "92": 0.39921483897197374, "93": 3.6044007084147706e-11, "94": 3.37473254155031e-11, "95": 5.600646806187311e-11, "96": 0.834497396764198, "97": 0.8344973995521954,