{"0": {"0": 0.05019010426602402, "1": 0.05009366024062671, "2": 0.050150901320041096, "3": 0.05019622787748439, "4": 0.9498449288769175, "5": 0.050167107144037035, "6": 0.05011670811926215, "7": 0.9498917888278997, "8": 0.050198959283384983, "9": 0.9498600412396476, "10": 0.050090612315609996, "11": 0.050152650707018145, "12": 0.05022583808688473, "13": 0.9498248983942719, "14": 0.050206588041387896, "15": 0.9498093998408712, "16": 0.9497893643101639, "17": 0.05019066191921657, "18": 0.05022766735748556, "19": 0.050226286243296975, "20": 0.9498727961452001, "21": 0.9498786493518476, "22": 0.9498263875425306, "23": 0.9499479468696108, "24": 0.9499170443788282, "25": 0.9498471130943409, "26": 0.5117487687749841, "27": 0.05017306471190186, "28": 0.9498993631272419, "29": 0.050107775974426075, "30": 0.05016394268284967, "31": 0.050209321740279964, "32": 0.9498208143546905, "33": 0.9498248983942719, "34": 0.9499316704363848, "35": 0.050170321712390546, "36": 0.050093099611281805, "37": 0.050087397280079035, "38": 0.9497974707456371, "39": 0.949923894821819, "40": 0.05021228030523377, "41": 0.9499458944139498, "42": 0.05011021491056909, "43": 0.05005388798721304, "44": 0.949885656849337, "45": 0.0502233697236813, "46": 0.050220776077129756, "47": 0.05019821984365931, "48": 0.050149943461508056, "49": 0.050156785724086134, "50": 0.9499062131451352, "51": 0.050208639356668264, "52": 0.05010888485703395, "53": 0.05011021491056909, "54": 0.05017910810923098, "55": 0.9498545368169176, "56": 0.9498055762723772, "57": 0.9497893643101639, "58": 0.9498820834015994, "59": 0.9499344806222219, "60": 0.050155295504614235, "61": 0.9498792143703783, "62": 0.05009722520551544, "63": 0.05022583808688473, "64": 0.050175234658681185, "65": 0.05017993626201593, "66": 0.9499428284246685, "67": 0.05021615127248574, "68": 0.949936036060382, "69": 0.05017263434500613, "70": 0.9498887215647512, "71": 0.9498055762723772, "72": 0.9497974707456371, "73": 0.9499079343231869, "74": 0.9498545368169176, "75": 0.05021615127248574, "76": 0.05013481993912196, "77": 0.05017690755293935, "78": 0.05016394268284967, "79": 0.05015630719675971, "80": 0.9498786493518476, "81": 0.05008653235595093, "82": 0.0500963867274019, "83": 0.05008355357201852, "84": 0.050155828669433286, "85": 0.9498208143546905, "86": 0.05015630719675971, "87": 0.9498494949674631, "88": 0.05017910810923098, "89": 0.9498863566199924, "90": 0.05018117059357205, "91": 0.05013481993912196, "92": 0.9498887215647512, "93": 0.050209071260251724, "94": 0.5117487687749841, "95": 0.9498792143703783, "96": 0.05010453563012586, "97": 0.050170321712390546, "98": 0.9498471130943409, "99": 0.9498093998408712}, "1": {"0": 0.9499197990804307, "1": 0.9499521841065348, "2": 0.0500108237483264, "3": 0.9499483308361328, "4": 0.050010862444889066, "5": 0.9499236105220701, "6": 0.05001036904829809, "7": 0.9499220972600706, "8": 0.9499291363995988, "9": 0.9499277882303063, "10": 0.9499166272312555, "11": 0.9499676034024338, "12": 0.05001075861320054, "13": 0.9499154687688331, "14": 0.9499090121095033, "15": 0.9499241521798295, "16": 0.05001027957179158, "17": 0.050009667233988815, "18": 0.9499206830438602, "19": 0.05000478615400691, "20": 0.9499285935019828, "21": 0.0500093283782899, "22": 0.9499411475480783, "23": 0.9499320723246705, "24": 0.05000796601998574, "25": 0.9499293349547241, "26": 0.050009854773127166, "27": 0.9499166822501959, "28": 0.9499270033369043, "29": 0.050004205919819925, "30": 0.949924801691827, "31": 0.05000942253837479, "32": 0.9499533991013625, "33": 0.9499166272312555, "34": 0.9499488474792035, "35": 0.05000908842161185, "36": 0.05001101926861862, "37": 0.9499635016684521, "38": 0.9499139185853758, "39": 0.9499177225768248, "40": 0.05000407322884228, "41": 0.9499660361623352, "42": 0.9499655357394416, "43": 0.05000744456704999, "44": 0.05001041118119075, "45": 0.05000443400000695, "46": 0.9499488474792035, "47": 0.050008114881604865, "48": 0.9499400641200774, "49": 0.050006921348453484, "50": 0.05000821443293998, "51": 0.05001032019551665, "52": 0.05000518262575116, "53": 0.050010320414586695, "54": 0.9499321412700172, "55": 0.050010822201353645, "56": 0.050004711269187395, "57": 0.9499411475480783, "58": 0.9499545757208322, "59": 0.050004784089048265, "60": 0.05001032431004483, "61": 0.9499422635667354, "62": 0.9499293500715664, "63": 0.05000849310569484, "64": 0.05000885808847867, "65": 0.9499139185853758, "66": 0.9499473353359071, "67": 0.9499251710748702, "68": 0.050003722283524996, "69": 0.05000796601998574, "70": 0.9499483308361328, "71": 0.05000550963430931, "72": 0.9499241521798295, "73": 0.9499438445628586, "74": 0.05001075861320054, "75": 0.9499333754702661, "76": 0.050006921348453484, "77": 0.9499264921195184, "78": 0.9499328654107794, "79": 0.05000945520508244, "80": 0.9499111804687391, "81": 0.9499219458889445, "82": 0.050010417304470034, "83": 0.9499197990804307, "84": 0.9499438445628586, "85": 0.05001041118119075, "86": 0.9499272975562818, "87": 0.9499545757208322, "88": 0.9499236341674704, "89": 0.050010320414586695, "90": 0.9499264921195184, "91": 0.05000945520508244, "92": 0.050004664189144954, "93": 0.05000737167473106, "94": 0.9499321412700172, "95": 0.05001032019551665, "96": 0.9499154687688331, "97": 0.050008114881604865, "98": 0.9499473353359071, "99": 0.9499277882303063}, "2": {"0": 0.9499782287452578, "1": 0.9499816568208181, "2": 0.050126186990924776, "3": 0.949984362024373, "4": 0.9499882158198429, "5": 0.9499812249503743, "6": 0.05009133650546055, "7": 0.05011834732504232, "8": 0.05015235559226568, "9": 0.9499851480346249, "10": 0.9499867145950049, "11": 0.05011954295993245, "12": 0.0501415921409193, "13": 0.949989855585369, "14": 0.050092778715828706, "15": 0.05013754914854911, "16": 0.0500643921160281, "17": 0.05008634167210288, "18": 0.9499792241489942, "19": 0.050125831537375695, "20": 0.9499786531258065, "21": 0.05008767307825122, "22": 0.9499798031901863, "23": 0.05005917366252116, "24": 0.05014413800021363, "25": 0.05014811984957684, "26": 0.9499843901162871, "27": 0.050139613338100096, "28": 0.9499809317347103, "29": 0.05008634167210288, "30": 0.05014990704881116, "31": 0.9499806138423882, "32": 0.9499813909903922, "33": 0.9499801508125916, "34": 0.9499856278908139, "35": 0.9499909150066543, "36": 0.949983652044165, "37": 0.9499899266104075, "38": 0.05014526671852791, "39": 0.9499887948705908, "40": 0.949985933932004, "41": 0.9499807624202838, "42": 0.949989855585369, "43": 0.050140260939609896, "44": 0.9499842783475229, "45": 0.05009245922017866, "46": 0.9499843158420842, "47": 0.9499866058450674, "48": 0.05006451548676949, "49": 0.9499868233449424, "50": 0.9499825320951949, "51": 0.05009068901088645, "52": 0.050131760839507294, "53": 0.9499852574589687, "54": 0.949981113058473, "55": 0.9499933572975024, "56": 0.9499817680721797, "57": 0.9499913487635633, "58": 0.9499809629886625, "59": 0.0501007760617977, "60": 0.9499814944862746, "61": 0.9499802691565069, "62": 0.05013993713885499, "63": 0.050057918114432595, "64": 0.9499811524340743, "65": 0.9499851480346249, "66": 0.9499922041033309, "67": 0.050145687693580535, "68": 0.9499842783475229, "69": 0.9499811524340743, "70": 0.05005270617787654, "71": 0.05007079607045965, "72": 0.05008767307825122, "73": 0.9499838002049354, "74": 0.9499921810121865, "75": 0.949983500959395, "76": 0.9499825320951949, "77": 0.05007757302407054, "78": 0.05007757302407054, "79": 0.949983670451443, "80": 0.05015235559226568, "81": 0.9499822835457876, "82": 0.9499908840360898, "83": 0.9499814944862746, "84": 0.050151866867669544, "85": 0.05014526671852791, "86": 0.9499843901162871, "87": 0.9499861391572271, "88": 0.05014413800021363, "89": 0.949983670451443, "90": 0.949983500959395, "91": 0.9499906954951961, "92": 0.05009133650546055, "93": 0.9499903069211941, "94": 0.0501007760617977, "95": 0.05014990704881116, "96": 0.9499903812101419, "97": 0.9499809317347103, "98": 0.9499852574589687, "99": 0.9499861391572271}, "3": {"0": 0.050023356054003015,