{"0": {"0": 0.8593997630518968, "1": 0.49999863099086195, "2": 0.4999993203236562, "3": 0.49999875049517695, "4": 0.8593997630518968, "5": 0.4999984282089188, "6": 0.14061675031114518, "7": 0.4999993752475885, "8": 0.4999988002646739, "9": 0.8593997630518968, "10": 0.499999315495431, "11": 0.4999986762603561, "12": 0.14061675031114518, "13": 0.49999893071324625, "14": 0.14061675031114518, "15": 0.8593997630518968, "16": 0.4999986693263682, "17": 0.14061675031114518, "18": 0.14061675031114518, "19": 0.14061675031114518, "20": 0.14061675031114518, "21": 0.4999989430879278, "22": 0.4999983003589825, "23": 0.8593997630518968, "24": 0.49999851105122806, "25": 0.8593997630518968, "26": 0.14061675031114518, "27": 0.49999922793495655, "28": 0.8593997630518968, "29": 0.49999848845188627, "30": 0.8593997630518968, "31": 0.49999885546530054, "32": 0.49999846264056025, "33": 0.4999985482586127, "34": 0.49999846527954983, "35": 0.14061675031114518, "36": 0.14061675031114518, "37": 0.8593997630518968, "38": 0.8593997630518968, "39": 0.8593997630518968, "40": 0.4999986734520535, "41": 0.14061675031114518, "42": 0.4999984282089188, "43": 0.49999885188219784, "44": 0.14061675031114518, "45": 0.8593997630518968, "46": 0.49999850603521, "47": 0.49999879109847223, "48": 0.8593997630518968, "49": 0.4999986210134929, "50": 0.8593997630518968, "51": 0.14061675031114518, "52": 0.8593997630518968, "53": 0.49999855076092214, "54": 0.14061675031114518, "55": 0.4999987338108428, "56": 0.8593997630518968, "57": 0.8593997630518968, "58": 0.4999986208663366, "59": 0.8593997630518968, "60": 0.8593997630518968, "61": 0.14061675031114518, "62": 0.49999889503843187, "63": 0.14061675031114518, "64": 0.499998401227008, "65": 0.14061675031114518, "66": 0.49999846264056025, "67": 0.4999988002646739, "68": 0.49999849705541166, "69": 0.49999844221212375, "70": 0.8593997630518968, "71": 0.14061675031114518, "72": 0.8593997630518968, "73": 0.14061675031114518, "74": 0.8593997630518968, "75": 0.8593997630518968, "76": 0.499999253017605, "77": 0.49999928117389136, "78": 0.49999857888912724, "79": 0.4999992211060619, "80": 0.4999987678210168, "81": 0.49999933672602676, "82": 0.14061675031114518, "83": 0.49999846527954983, "84": 0.8593997630518968, "85": 0.49999876578070046, "86": 0.4999990018166558, "87": 0.14061675031114518, "88": 0.8593997630518968, "89": 0.14061675031114518, "90": 0.4999990018166558, "91": 0.8593997630518968, "92": 0.14061675031114518, "93": 0.4999986762603561, "94": 0.14061675031114518, "95": 0.4999987338108428, "96": 0.4999986208663366, "97": 0.49999944751921593, "98": 0.8593997630518968, "99": 0.49999855076092214}, "1": {"0": 0.49999862415966057, "1": 0.15738191438345112, "2": 0.15738191438345112, "3": 0.15738191438345112, "4": 0.15738191438345112, "5": 0.8496312750244996, "6": 0.8496312750244996, "7": 0.4999987785965664, "8": 0.4999993757604279, "9": 0.4999987220035713, "10": 0.15738191438345112, "11": 0.8496312750244996, "12": 0.4999987508136453, "13": 0.15738191438345112, "14": 0.4999990112282451, "15": 0.15738191438345112, "16": 0.8496312750244996, "17": 0.49999875863893894, "18": 0.15738191438345112, "19": 0.15738191438345112, "20": 0.4999987508136453, "21": 0.4999986636365189, "22": 0.4999995009710012, "23": 0.49999876888899675, "24": 0.15738191438345112, "25": 0.49999878074252346, "26": 0.49999878074252346, "27": 0.4999990112282451, "28": 0.8496312750244996, "29": 0.8496312750244996, "30": 0.15738191438345112, "31": 0.8496312750244996, "32": 0.15738191438345112, "33": 0.4999990384060121, "34": 0.8496312750244996, "35": 0.15738191438345112, "36": 0.4999988005924843, "37": 0.49999902400504115, "38": 0.49999896906829, "39": 0.8496312750244996, "40": 0.8496312750244996, "41": 0.8496312750244996, "42": 0.15738191438345112, "43": 0.8496312750244996, "44": 0.49999945744476915, "45": 0.4999989810593329, "46": 0.499998989507765, "47": 0.4999994838785111, "48": 0.49999884073400497, "49": 0.49999897037955776, "50": 0.8496312750244996, "51": 0.4999984988235704, "52": 0.4999988529759598, "53": 0.8496312750244996, "54": 0.15738191438345112, "55": 0.8496312750244996, "56": 0.4999989147447231, "57": 0.15738191438345112, "58": 0.8496312750244996, "59": 0.8496312750244996, "60": 0.15738191438345112, "61": 0.15738191438345112, "62": 0.4999986664019238, "63": 0.15738191438345112, "64": 0.15738191438345112, "65": 0.8496312750244996, "66": 0.4999987118656902, "67": 0.8496312750244996, "68": 0.8496312750244996, "69": 0.8496312750244996, "70": 0.49999884073400497, "71": 0.4999986587827341, "72": 0.8496312750244996, "73": 0.499999323267319, "74": 0.8496312750244996, "75": 0.15738191438345112, "76": 0.8496312750244996, "77": 0.499998989507765, "78": 0.4999987220035713, "79": 0.49999877719674246, "80": 0.4999988005924843, "81": 0.8496312750244996, "82": 0.8496312750244996, "83": 0.4999991208834303, "84": 0.4999987118656902, "85": 0.49999870757868736, "86": 0.49999870757868736, "87": 0.8496312750244996, "88": 0.15738191438345112, "89": 0.15738191438345112, "90": 0.4999986664019238, "91": 0.4999986587827341, "92": 0.8496312750244996, "93": 0.8496312750244996, "94": 0.49999875863893894, "95": 0.4999989147447231, "96": 0.15738191438345112, "97": 0.4999989810593329, "98": 0.8496312750244996, "99": 0.15738191438345112}, "2": {"0": 0.8125903381137802, "1": 0.4999990221005711, "2": 0.4999984314839695, "3": 0.8125903381137802, "4": 0.17209513753287897, "5": 0.4999990012925116, "6": 0.17209513753287897, "7": 0.17209513753287897, "8": 0.8125903381137802, "9": 0.49999878356226674, "10": 0.17209513753287897, "11": 0.8125903381137802, "12": 0.49999907754006667, "13": 0.4999991168471214, "14": 0.17209513753287897, "15": 0.17209513753287897, "16": 0.8125903381137802, "17": 0.8125903381137802, "18": 0.17209513753287897, "19": 0.49999859046150885, "20": 0.17209513753287897, "21": 0.8125903381137802, "22": 0.8125903381137802, "23": 0.17209513753287897, "24": 0.17209513753287897, "25": 0.8125903381137802, "26": 0.8125903381137802, "27": 0.4999986734760958, "28": 0.8125903381137802, "29": 0.499998620074662, "30": 0.8125903381137802, "31": 0.17209513753287897, "32": 0.4999988981004929, "33": 0.49999860745635366, "34": 0.4999993944296445, "35": 0.17209513753287897, "36": 0.8125903381137802, "37": 0.17209513753287897, "38": 0.8125903381137802, "39": 0.4999987174302867, "40": 0.8125903381137802, "41": 0.4999990221005711, "42": 0.4999986326929704, "43": 0.17209513753287897, "44": 0.17209513753287897, "45": 0.17209513753287897, "46": 0.49999889052588964, "47": 0.49999859926794954, "48": 0.17209513753287897, "49": 0.17209513753287897, "50": 0.8125903381137802, "51": 0.17209513753287897, "52": 0.49999897610078015, "53": 0.8125903381137802, "54": 0.8125903381137802, "55": 0.17209513753287897, "56": 0.8125903381137802, "57": 0.8125903381137802, "58": 0.8125903381137802, "59": 0.4999987269751446, "60": 0.8125903381137802, "61": 0.4999993917811334, "62": 0.8125903381137802, "63": 0.17209513753287897, "64": 0.4999989661209172, "65": 0.4999991168471214, "66": 0.17209513753287897, "67": 0.4999989649611435, "68": 0.49999897610078015, "69": 0.49999907754006667, "70": 0.17209513753287897, "71": 0.17209513753287897, "72": 0.8125903381137802, "73": 0.8125903381137802, "74": 0.49999878894026323, "75": 0.8125903381137802, "76": 0.8125903381137802, "77": 0.17209513753287897, "78": 0.17209513753287897, "79": 0.8125903381137802, "80": 0.4999993634875723, "81": 0.49999889185382007, "82": 0.8125903381137802, "83": 0.4999989661209172, "84": 0.4999993080570384, "85": 0.17209513753287897, "86": 0.17209513753287897, "87": 0.8125903381137802, "88": 0.4999995648429245, "89": 0.17209513753287897, "90": 0.17209513753287897, "91": 0.17209513753287897, "92": 0.17209513753287897, "93": 0.8125903381137802, "94": 0.17209513753287897, "95": 0.49999889052588964, "96": 0.8125903381137802, "97": 0.4999987174302867, "98": 0.17209513753287897, "99": 0.17209513753287897}, "3": {"0": 0.8521843766176749, "1": 0.4999979644273429, "2": 0.8521843766176749,