{"0": {"0": 0.33264294873477507, "1": 0.33264294873477507, "2": 0.33264294873477507, "3": 0.33264294873477507, "4": 0.33264294873477507, "5": 0.33264294873477507, "6": 0.33264294873477507, "7": 0.33264294873477507, "8": 0.33264294873477507, "9": 0.33264294873477507, "10": 0.33264294873477507, "11": 0.8418956597785254, "12": 0.33264294873477507, "13": 0.8418956597785254, "14": 0.8418956597785254, "15": 0.8418956597785254, "16": 0.33264294873477507, "17": 0.33264294873477507, "18": 0.33264294873477507, "19": 0.8418956597785254, "20": 0.8418956597785254, "21": 0.8418956597785254, "22": 0.8418956597785254, "23": 0.33264294873477507, "24": 0.33264294873477507, "25": 0.8418956597785254, "26": 0.8418956597785254, "27": 0.33264294873477507, "28": 0.8418956597785254, "29": 0.33264294873477507, "30": 0.33264294873477507, "31": 0.33264294873477507, "32": 0.8418956597785254, "33": 0.8418956597785254, "34": 0.33264294873477507, "35": 0.8418956597785254, "36": 0.33264294873477507, "37": 0.33264294873477507, "38": 0.33264294873477507, "39": 0.33264294873477507, "40": 0.8418956597785254, "41": 0.8418956597785254, "42": 0.33264294873477507, "43": 0.33264294873477507, "44": 0.8418956597785254, "45": 0.8418956597785254, "46": 0.33264294873477507, "47": 0.33264294873477507, "48": 0.8418956597785254, "49": 0.33264294873477507, "50": 0.33264294873477507, "51": 0.8418956597785254, "52": 0.8418956597785254, "53": 0.33264294873477507, "54": 0.33264294873477507, "55": 0.8418956597785254, "56": 0.33264294873477507, "57": 0.8418956597785254, "58": 0.8418956597785254, "59": 0.8418956597785254, "60": 0.33264294873477507, "61": 0.33264294873477507, "62": 0.33264294873477507, "63": 0.33264294873477507, "64": 0.33264294873477507, "65": 0.33264294873477507, "66": 0.33264294873477507, "67": 0.8418956597785254, "68": 0.8418956597785254, "69": 0.33264294873477507, "70": 0.33264294873477507, "71": 0.33264294873477507, "72": 0.33264294873477507, "73": 0.33264294873477507, "74": 0.8418956597785254, "75": 0.33264294873477507, "76": 0.33264294873477507, "77": 0.33264294873477507, "78": 0.8418956597785254, "79": 0.33264294873477507, "80": 0.8418956597785254, "81": 0.8418956597785254, "82": 0.33264294873477507, "83": 0.33264294873477507, "84": 0.33264294873477507, "85": 0.33264294873477507, "86": 0.33264294873477507, "87": 0.8418956597785254, "88": 0.8418956597785254, "89": 0.8418956597785254, "90": 0.33264294873477507, "91": 0.8418956597785254, "92": 0.33264294873477507, "93": 0.33264294873477507, "94": 0.33264294873477507, "95": 0.33264294873477507, "96": 0.33264294873477507, "97": 0.8418956597785254, "98": 0.33264294873477507, "99": 0.33264294873477507}, "1": {"0": 0.23704139614598185, "1": 0.23704139614598185, "2": 0.23704139614598185, "3": 0.7539896587845041, "4": 0.23704139614598185, "5": 0.7539896587845041, "6": 0.23704139614598185, "7": 0.23704139614598185, "8": 0.23704139614598185, "9": 0.7539896587845041, "10": 0.7539896587845041, "11": 0.7539896587845041, "12": 0.7539896587845041, "13": 0.23704139614598185, "14": 0.7539896587845041, "15": 0.23704139614598185, "16": 0.23704139614598185, "17": 0.23704139614598185, "18": 0.7539896587845041, "19": 0.7539896587845041, "20": 0.23704139614598185, "21": 0.7539896587845041, "22": 0.23704139614598185, "23": 0.23704139614598185, "24": 0.23704139614598185, "25": 0.7539896587845041, "26": 0.7539896587845041, "27": 0.7539896587845041, "28": 0.23704139614598185, "29": 0.23704139614598185, "30": 0.7539896587845041, "31": 0.7539896587845041, "32": 0.23704139614598185, "33": 0.7539896587845041, "34": 0.23704139614598185, "35": 0.7539896587845041, "36": 0.7539896587845041, "37": 0.48183936916707726, "38": 0.23704139614598185, "39": 0.7539896587845041, "40": 0.23704139614598185, "41": 0.23704139614598185, "42": 0.23704139614598185, "43": 0.7539896587845041, "44": 0.23704139614598185, "45": 0.7539896587845041, "46": 0.23704139614598185, "47": 0.23704139614598185, "48": 0.23704139614598185, "49": 0.23704139614598185, "50": 0.23704139614598185, "51": 0.7539896587845041, "52": 0.23704139614598185, "53": 0.7539896587845041, "54": 0.23704139614598185, "55": 0.7539896587845041, "56": 0.7539896587845041, "57": 0.23704139614598185, "58": 0.23704139614598185, "59": 0.7539896587845041, "60": 0.23704139614598185, "61": 0.7539896587845041, "62": 0.23704139614598185, "63": 0.7539896587845041, "64": 0.7539896587845041, "65": 0.23704139614598185, "66": 0.7539896587845041, "67": 0.23704139614598185, "68": 0.7539896587845041, "69": 0.7539896587845041, "70": 0.7539896587845041, "71": 0.7539896587845041, "72": 0.23704139614598185, "73": 0.7539896587845041, "74": 0.23704139614598185, "75": 0.7539896587845041, "76": 0.23704139614598185, "77": 0.23704139614598185, "78": 0.7539896587845041, "79": 0.23704139614598185, "80": 0.23704139614598185, "81": 0.7539896587845041, "82": 0.7539896587845041, "83": 0.7539896587845041, "84": 0.7539896587845041, "85": 0.23704139614598185, "86": 0.7539896587845041, "87": 0.7539896587845041, "88": 0.23704139614598185, "89": 0.23704139614598185, "90": 0.7539896587845041, "91": 0.23704139614598185, "92": 0.7539896587845041, "93": 0.23704139614598185, "94": 0.23704139614598185, "95": 0.7539896587845041, "96": 0.7539896587845041, "97": 0.23704139614598185, "98": 0.7539896587845041, "99": 0.23704139614598185}, "2": {"0": 0.4500647497435363, "1": 0.4500647497435363, "2": 0.4500647497435363, "3": 0.1603223124293104, "4": 0.4500647497435363, "5": 0.4500647497435363, "6": 0.8256399463626085, "7": 0.4500647497435363, "8": 0.8256399463626085, "9": 0.1603223124293104, "10": 0.4500647497435363, "11": 0.8256399463626085, "12": 0.1603223124293104, "13": 0.8256399463626085, "14": 0.4500647497435363, "15": 0.8256399463626085, "16": 0.1603223124293104, "17": 0.4500647497435363, "18": 0.4500647497435363, "19": 0.4500647497435363, "20": 0.1603223124293104, "21": 0.4500647497435363, "22": 0.8256399463626085, "23": 0.4500647497435363, "24": 0.1603223124293104, "25": 0.4500647497435363, "26": 0.8256399463626085, "27": 0.1603223124293104, "28": 0.1603223124293104, "29": 0.8256399463626085, "30": 0.8256399463626085, "31": 0.8256399463626085, "32": 0.4500647497435363, "33": 0.1603223124293104, "34": 0.4500647497435363, "35": 0.8256399463626085, "36": 0.1603223124293104, "37": 0.4500647497435363, "38": 0.8256399463626085, "39": 0.8256399463626085, "40": 0.8256399463626085, "41": 0.8256399463626085, "42": 0.1603223124293104, "43": 0.8256399463626085, "44": 0.4500647497435363, "45": 0.8256399463626085, "46": 0.1603223124293104, "47": 0.4500647497435363, "48": 0.8256399463626085, "49": 0.8256399463626085, "50": 0.4500647497435363, "51": 0.4500647497435363, "52": 0.4500647497435363, "53": 0.4500647497435363, "54": 0.4500647497435363, "55": 0.8256399463626085, "56": 0.4500647497435363, "57": 0.8256399463626085, "58": 0.8256399463626085, "59": 0.4500647497435363, "60": 0.4500647497435363, "61": 0.1603223124293104, "62": 0.1603223124293104, "63": 0.1603223124293104, "64": 0.1603223124293104, "65": 0.4500647497435363, "66": 0.1603223124293104, "67": 0.4500647497435363, "68": 0.1603223124293104, "69": 0.1603223124293104, "70": 0.1603223124293104, "71": 0.8256399463626085, "72": 0.8256399463626085, "73": 0.1603223124293104, "74": 0.8256399463626085, "75": 0.8256399463626085, "76": 0.4500647497435363, "77": 0.8256399463626085, "78": 0.1603223124293104, "79": 0.1603223124293104, "80": 0.8256399463626085, "81": 0.8256399463626085, "82": 0.8256399463626085, "83": 0.8256399463626085, "84": 0.4500647497435363, "85": 0.4500647497435363, "86": 0.8256399463626085, "87": 0.1603223124293104, "88": 0.8256399463626085, "89": 0.8256399463626085, "90": 0.8256399463626085, "91": 0.4500647497435363, "92": 0.1603223124293104, "93": 0.4500647497435363, "94": 0.4500647497435363, "95": 0.4500647497435363, "96": 0.1603223124293104, "97": 0.8256399463626085, "98": 0.8256399463626085, "99": 0.1603223124293104}, "3": {"0": 0.6778794098119125, "1": 0.6778794098119125, "2": 0.17515061302145174,