{"0": {"0": 0.1591864494579992, "1": 0.5000032624291555, "2": 0.8424079744265175, "3": 0.15918644763497408, "4": 0.15918644782164326, "5": 0.15918644913055477, "6": 0.5000032907183534, "7": 0.5000025555882519, "8": 0.15918644767295065, "9": 0.5000035265254987, "10": 0.842407777827378, "11": 0.5000020173027312, "12": 0.1591864459883099, "13": 0.8424078229822854, "14": 0.5000018387719442, "15": 0.5000019417056006, "16": 0.1591864464540711, "17": 0.5000030186634993, "18": 0.8424076387931808, "19": 0.15918644704359525, "20": 0.5000019473777557, "21": 0.5000027473304778, "22": 0.1591864475930123, "23": 0.5000028177963791, "24": 0.8424078982317001, "25": 0.500001718226931, "26": 0.8424080260018061, "27": 0.842407777827378, "28": 0.1591864479373744, "29": 0.5000009367862128, "30": 0.8424079945668224, "31": 0.8424079737505914, "32": 0.1591864465687308, "33": 0.8424077882493495, "34": 0.5000013553752913, "35": 0.8424080260018061, "36": 0.8424080934528434, "37": 0.8424079387439151, "38": 0.5000020328847231, "39": 0.15918644782934238, "40": 0.500002411355261, "41": 0.5000013372956419, "42": 0.5000027047965394, "43": 0.5000019417056006, "44": 0.15918644707437457, "45": 0.8424079640817573, "46": 0.8424080934528434, "47": 0.5000012367700217, "48": 0.15918644763497408, "49": 0.15918644588966496, "50": 0.842407801158483, "51": 0.15918644588966496, "52": 0.15918644757965134, "53": 0.5000019473777557, "54": 0.500003144982845, "55": 0.5000007693619105, "56": 0.1591864460804768, "57": 0.15918644913055477, "58": 0.8424082784858813, "59": 0.1591864483532696, "60": 0.8424079544129233, "61": 0.15918645111862578, "62": 0.1591864475662904, "63": 0.1591864480225831, "64": 0.5000023789565398, "65": 0.15918644741467175, "66": 0.15918644901034126, "67": 0.1591864465687308, "68": 0.5000030005545772, "69": 0.842408308708002, "70": 0.15918644651646338, "71": 0.5000030005545772, "72": 0.5000028177963791, "73": 0.50000238454272, "74": 0.8424073388424466, "75": 0.5000024068575679, "76": 0.15918644704359525, "77": 0.5000027047965394, "78": 0.15918644757965134, "79": 0.1591864486976868, "80": 0.15918644825708209, "81": 0.5000010623686009, "82": 0.15918644767295065, "83": 0.5000027573734255, "84": 0.8424079744265175, "85": 0.5000016453591767, "86": 0.5000013303397028, "87": 0.5000010086513655, "88": 0.8424084676967453, "89": 0.15918644741467175, "90": 0.5000010486168369, "91": 0.8424081015713485, "92": 0.500001203428784, "93": 0.5000023789565398, "94": 0.15918644957934155, "95": 0.5000013736652389, "96": 0.159186449422096, "97": 0.5000031078754371, "98": 0.842407680743207, "99": 0.8424079640817573}, "1": {"0": 0.8815329764595716, "1": 0.49999536466570305, "2": 0.49999481507119997, "3": 0.49999553514751344, "4": 0.8815331559648513, "5": 0.49999701260339124, "6": 0.49999744663505197, "7": 0.8815330563798915, "8": 0.8815329427761714, "9": 0.17735556805450936, "10": 0.4999961421181796, "11": 0.17735573759681245, "12": 0.17735579748646368, "13": 0.49999465051320724, "14": 0.49999538173026414, "15": 0.49999768507240844, "16": 0.8815330500597078, "17": 0.8815330038946321, "18": 0.4999965819696342, "19": 0.4999952366678976, "20": 0.4999936198332591, "21": 0.49999545212127955, "22": 0.49999537418425766, "23": 0.49999706891496304, "24": 0.8815330846089595, "25": 0.49999685987173886, "26": 0.1773556084630752, "27": 0.1773555199359421, "28": 0.8815330563798915, "29": 0.49999493318107757, "30": 0.8815330290073797, "31": 0.4999992609100016, "32": 0.17735541531366486, "33": 0.4999961320821229, "34": 0.49999660713888106, "35": 0.8815329787266215, "36": 0.1773555926909496, "37": 0.1773555926909496, "38": 0.49999590326730414, "39": 0.4999952559962178, "40": 0.49999851871302886, "41": 0.499995974748744, "42": 0.8815330290073797, "43": 0.8815330779752732, "44": 0.4999970512973477, "45": 0.49999335495004066, "46": 0.8815330038946321, "47": 0.4999960374512695, "48": 0.49999716020128215, "49": 0.4999959475102371, "50": 0.49999797375511856, "51": 0.17735556302272487, "52": 0.4999959856470314, "53": 0.8815330290626426, "54": 0.17735556302272487, "55": 0.1773556084630752, "56": 0.4999962204417241, "57": 0.4999962345697674, "58": 0.1773556406785307, "59": 0.49999685987173886, "60": 0.881533089904831, "61": 0.49999844030253493, "62": 0.49999545212127955, "63": 0.881533101204425, "64": 0.8815330272174224, "65": 0.1773556266070654, "66": 0.17735560339248713, "67": 0.8815331277417137, "68": 0.1773555199359421, "69": 0.8815331013667331, "70": 0.4999962345697674, "71": 0.49999537418425766, "72": 0.4999965121206497, "73": 0.1773554838705977, "74": 0.881533089904831, "75": 0.17735556805450936, "76": 0.4999965819696342, "77": 0.49999332627767046, "78": 0.49999561035516116, "79": 0.17735541531366486, "80": 0.4999952559962178, "81": 0.4999957170054448, "82": 0.49999785906542715, "83": 0.49999590326730414, "84": 0.1773555323411323, "85": 0.8815330563798915, "86": 0.17735524930266375, "87": 0.4999976183339488, "88": 0.4999961421181796, "89": 0.49999801872563476, "90": 0.49999716020128215, "91": 0.8815330363315068, "92": 0.17735524930266375, "93": 0.17735564743390614, "94": 0.8815330749917525, "95": 0.4999965121206497, "96": 0.49999493318107757, "97": 0.8815330453585785, "98": 0.49999725981723453, "99": 0.8815330272174224}, "2": {"0": 0.5000013912738446, "1": 0.5000026090863174, "2": 0.5000017623253371, "3": 0.1794718370778873, "4": 0.5000008066305035, "5": 0.5000035900310147, "6": 0.5000007144464184, "7": 0.8955666166329579, "8": 0.5000016132610069, "9": 0.5000015907774972, "10": 0.5000026833874669, "11": 0.8955666166329579, "12": 0.5000023886717541, "13": 0.895565695395496, "14": 0.17947179213197562, "15": 0.8955654360098433, "16": 0.17947186376599497, "17": 0.17947179091834242, "18": 0.500001833772111, "19": 0.5000025882228167, "20": 0.5000012488571421, "21": 0.8955649822556573, "22": 0.17947179091834242, "23": 0.5000016157949775, "24": 0.8955657502383971, "25": 0.1794718526230877, "26": 0.5000010918263582, "27": 0.5000018499099266, "28": 0.5000024921940547, "29": 0.5000022806623735, "30": 0.5000015599358492, "31": 0.1794718526230877, "32": 0.5000014975902982, "33": 0.5000019981634339, "34": 0.8955657571705959, "35": 0.17947174579980074, "36": 0.5000020060001739, "37": 0.17947184507838154, "38": 0.5000022806623735, "39": 0.895565672110044, "40": 0.500001492165164, "41": 0.895565695395496, "42": 0.5000020485188186, "43": 0.8955653578218903, "44": 0.17947179435618668, "45": 0.5000017730330362, "46": 0.5000025191960511, "47": 0.17947172180908752, "48": 0.1794718370778873, "49": 0.8955658834065533, "50": 0.5000012800966324, "51": 0.8955661572058615, "52": 0.8955657315700978, "53": 0.5000025857677552, "54": 0.1794717549298806, "55": 0.5000016481043132, "56": 0.5000015599358492, "57": 0.17947186376599497, "58": 0.5000025857677552, "59": 0.5000023406835004, "60": 0.5000014031981259, "61": 0.5000013912738446, "62": 0.5000015521390306, "63": 0.17947184507838154, "64": 0.8955653578218903, "65": 0.17947179435618668, "66": 0.5000019981634339, "67": 0.5000022070535979, "68": 0.5000017346459145, "69": 0.8955665596114168, "70": 0.5000022713117591, "71": 0.5000005583801437, "72": 0.17947184244580364, "73": 0.5000013596608882, "74": 0.1794717665905909, "75": 0.8955667048044781, "76": 0.5000015907774972, "77": 0.179471758677267, "78": 0.8955657237924926, "79": 0.17947182618861565, "80": 0.5000014546839479, "81": 0.8955657237924926, "82": 0.5000020060001739, "83": 0.5000018499099266, "84": 0.8955658834065533, "85": 0.5000022713117591, "86": 0.17947183575543657, "87": 0.500001131632763, "88": 0.1794718642958955, "89": 0.1794718628930653, "90": 0.5000020485188186, "91": 0.8955657315700978, "92": 0.5000015521390306, "93": 0.5000025347851681, "94": 0.5000025882228167, "95": 0.17947184291257262, "96": 0.1794718628930653, "97": 0.8955657502383971, "98": 0.5000012419037645, "99": 0.5000016481043132}, "3": {"0": 0.17797204612155026, "1": 0.177972193812774, "2": 0.4999977520485458, "3": 0.17797213991440114, "4": 0.177972193812774,