{"0": {"0": 0.0693863469932599, "1": 0.06398253754114959, "2": 0.07092001654544583, "3": 0.06257371759643628, "4": 0.06107975871706527, "5": 0.059693173496629955, "6": 0.07266401794280783, "7": 0.06372476367490117, "8": 0.06976597171433496, "9": 0.061158870014356874, "10": 0.07199189335782538, "11": 0.0613573938377497, "12": 0.060797790909509014, "13": 0.07005196141032605, "14": 0.06949997232125052, "15": 0.0728247013373666, "16": 0.06387355685253644, "17": 0.07294333305762346, "18": 0.07059618379659181, "19": 0.0635396362107381, "20": 0.06387355685253644, "21": 0.07078150545647292, "22": 0.07207287317958232, "23": 0.07024707049013407, "24": 0.06845312529759828, "25": 0.06607502854694453, "26": 0.07024707049013407, "27": 0.0717817659967749, "28": 0.06944662622429701, "29": 0.07029677654166858, "30": 0.06502515037528692, "31": 0.07285047698677766, "32": 0.07108395136046629, "33": 0.07060307674470792, "34": 0.06310690472149094, "35": 0.06003773068218243, "36": 0.07054946542710239, "37": 0.06951708931776937, "38": 0.07090323659892259, "39": 0.0664441914917952, "40": 0.07016117081821785, "41": 0.07141854378688538, "42": 0.06108235164871124, "43": 0.07054119000545112, "44": 0.07074330651095034, "45": 0.05429852180721877, "46": 0.07285047698677766, "47": 0.06561401543158144, "48": 0.07100696434821599, "49": 0.06744178995752913, "50": 0.07188819490645926, "51": 0.07164440420380397, "52": 0.07087743544533412, "53": 0.07054946542710239, "54": 0.07159804931090491, "55": 0.06720690341391446, "56": 0.061225289803467635, "57": 0.06678534362049265, "58": 0.07087743544533412, "59": 0.06678534362049265, "60": 0.06364774242147883, "61": 0.06003773068218243, "62": 0.07198636628672257, "63": 0.06458838319539072, "64": 0.0704357129914491, "65": 0.061957462542843886, "66": 0.07029677654166858, "67": 0.06827806698988198, "68": 0.060460008272722916, "69": 0.07159804931090491, "70": 0.07236568723547386, "71": 0.06744178995752913, "72": 0.07114737540802782, "73": 0.07168462488460889, "74": 0.0704357129914491, "75": 0.07072038559400928, "76": 0.07005196141032605, "77": 0.06845312529759828, "78": 0.06010658758903825, "79": 0.07103609027700829, "80": 0.06711610949187631, "81": 0.07187577496518562, "82": 0.07103609027700829, "83": 0.07016117081821785, "84": 0.07187577496518562, "85": 0.06951708931776937, "86": 0.06204053047138161, "87": 0.06607502854694453, "88": 0.06720690341391446, "89": 0.06070927189344269, "90": 0.07100696434821599, "91": 0.07060307674470792, "92": 0.0664441914917952, "93": 0.07148805488925244, "94": 0.055978731271421944, "95": 0.06827806698988198, "96": 0.06257371759643628, "97": 0.07164440420380397, "98": 0.06711610949187631, "99": 0.06949997232125052}, "1": {"0": 0.5048490866182243, "1": 0.5048490866182243, "2": 0.5048490866182243, "3": 0.5048490866182243, "4": 0.5048490866182243, "5": 0.5048490866182243, "6": 0.5048490866182243, "7": 0.5048490866182243, "8": 0.5048490866182243, "9": 0.5048490866182243, "10": 0.5048490866182243, "11": 0.5048490866182243, "12": 0.5048490866182243, "13": 0.5048490866182243, "14": 0.5048490866182243, "15": 0.5048490866182243, "16": 0.5048490866182243, "17": 0.5048490866182243, "18": 0.5048490866182243, "19": 0.5048490866182243, "20": 0.5048490866182243, "21": 0.5048490866182243, "22": 0.5048490866182243, "23": 0.5048490866182243, "24": 0.5048490866182243, "25": 0.5048490866182243, "26": 0.5048490866182243, "27": 0.5048490866182243, "28": 0.5048490866182243, "29": 0.5048490866182243, "30": 0.5048490866182243, "31": 0.5048490866182243, "32": 0.5048490866182243, "33": 0.5048490866182243, "34": 0.5048490866182243, "35": 0.5048490866182243, "36": 0.5048490866182243, "37": 0.5048490866182243, "38": 0.5048490866182243, "39": 0.5048490866182243, "40": 0.5048490866182243, "41": 0.5048490866182243, "42": 0.5048490866182243, "43": 0.5048490866182243, "44": 0.5048490866182243, "45": 0.5048490866182243, "46": 0.5048490866182243, "47": 0.5048490866182243, "48": 0.5048490866182243, "49": 0.5048490866182243, "50": 0.5048490866182243, "51": 0.5048490866182243, "52": 0.5048490866182243, "53": 0.5048490866182243, "54": 0.5048490866182243, "55": 0.5048490866182243, "56": 0.5048490866182243, "57": 0.5048490866182243, "58": 0.5048490866182243, "59": 0.5048490866182243, "60": 0.5048490866182243, "61": 0.5048490866182243, "62": 0.5048490866182243, "63": 0.5048490866182243, "64": 0.5048490866182243, "65": 0.5048490866182243, "66": 0.5048490866182243, "67": 0.5048490866182243, "68": 0.5048490866182243, "69": 0.5048490866182243, "70": 0.5048490866182243, "71": 0.5048490866182243, "72": 0.5048490866182243, "73": 0.5048490866182243, "74": 0.5048490866182243, "75": 0.5048490866182243, "76": 0.5048490866182243, "77": 0.5048490866182243, "78": 0.5048490866182243, "79": 0.5048490866182243, "80": 0.5048490866182243, "81": 0.5048490866182243, "82": 0.5048490866182243, "83": 0.5048490866182243, "84": 0.5048490866182243, "85": 0.5048490866182243, "86": 0.5048490866182243, "87": 0.5048490866182243, "88": 0.5048490866182243, "89": 0.5048490866182243, "90": 0.5048490866182243, "91": 0.5048490866182243, "92": 0.5048490866182243, "93": 0.5048490866182243, "94": 0.5048490866182243, "95": 0.5048490866182243, "96": 0.5048490866182243, "97": 0.5048490866182243, "98": 0.5048490866182243, "99": 0.5048490866182243}, "2": {"0": 0.9433393587899824, "1": 0.05493790106309311, "2": 0.05435615525649699, "3": 0.9421205963484158, "4": 0.9426932203416072, "5": 0.9417749984744666, "6": 0.054994094892458975, "7": 0.05194962075554393, "8": 0.9428365528521563, "9": 0.054871858305792394, "10": 0.9419893015234315, "11": 0.052939423496147685, "12": 0.05411539102768651, "13": 0.9419734479517297, "14": 0.941906367003508, "15": 0.9428365528521563, "16": 0.054725414649914844, "17": 0.9419885715671622, "18": 0.9419508254195192, "19": 0.9419601374914877, "20": 0.05488019585911107, "21": 0.05226465927525366, "22": 0.9440667005893337, "23": 0.0548154404359743, "24": 0.05389924151108785, "25": 0.054382314492256396, "26": 0.9419734479517297, "27": 0.944213292662627, "28": 0.9419557163242495, "29": 0.9418610937033358, "30": 0.9419935461682334, "31": 0.055279597095414884, "32": 0.9419798595710543, "33": 0.9422838932764613, "34": 0.9419410288946635, "35": 0.9418610937033358, "36": 0.05452219437251703, "37": 0.9419508254195192, "38": 0.05448050713829519, "39": 0.0548766707495337, "40": 0.9421767627500028, "41": 0.9465245964259186, "42": 0.9452888785136488, "43": 0.054670566278242565, "44": 0.05486352075247372, "45": 0.053690599863638305, "46": 0.9443224836221379, "47": 0.941644298814214, "48": 0.053733632043023005, "49": 0.9420946805619268, "50": 0.9429359101238464, "51": 0.9419602977923499, "52": 0.9418712829536295, "53": 0.9422341724439947, "54": 0.05490264933714724, "55": 0.9432410369161967, "56": 0.9429359101238464, "57": 0.9422147451933474, "58": 0.05464079100700121, "59": 0.9443684509829772, "60": 0.05224184009836892, "61": 0.9421205963484158, "62": 0.05398741003682263, "63": 0.055139359628907696, "64": 0.05471133045791214, "65": 0.9463725380511696, "66": 0.9419885715671622, "67": 0.05483133623090016, "68": 0.9443684509829772, "69": 0.053690599863638305, "70": 0.9447419244809825, "71": 0.055114282235908696, "72": 0.9443224836221379, "73": 0.05485159726834628, "74": 0.9419602977923499, "75": 0.9419889365452969, "76": 0.05415477960607562, "77": 0.05506858929932276, "78": 0.9422147451933474, "79": 0.9432410369161967, "80": 0.05413508531688106, "81": 0.054024264856626675, "82": 0.05490264933714724, "83": 0.052939423496147685, "84": 0.053733632043023005, "85": 0.9418712829536295, "86": 0.9452888785136488, "87": 0.9419410288946635, "88": 0.9434058883458365, "89": 0.055114282235908696, "90": 0.941644298814214, "91": 0.05485159726834628, "92": 0.054725414649914844, "93": 0.9419601374914877, "94": 0.05522706409789255, "95": 0.9434058883458365, "96": 0.9419935461682334, "97": 0.054024264856626675, "98": 0.05206754265844053, "99": 0.05452219437251703}, "3": {"0": 0.48389672698556185,