{"0": {"0": 0.5035897719314737, "1": 0.9159948279565788, "2": 0.50001501609142, "3": 0.5001972342092106, "4": 0.5001203047967886, "5": 0.5005232132767075, "6": 0.49960852287625407, "7": 0.5031670943631754, "8": 0.4999037271665693, "9": 0.0925234852437776, "10": 0.5026907256714679, "11": 0.9311658205882599, "12": 0.5000165404771136, "13": 0.5008474175497002, "14": 0.08382531974771253, "15": 0.5003961662607659, "16": 0.500124254752305, "17": 0.5004099969046496, "18": 0.4998633158101428, "19": 0.5002917965069456, "20": 0.49993396926305955, "21": 0.0925234852437776, "22": 0.500891073103717, "23": 0.5009121571845717, "24": 0.500096049990585, "25": 0.5008699301740768, "26": 0.5026907256714679, "27": 0.5003918915177836, "28": 0.5035628455241564, "29": 0.5002014415400321, "30": 0.5002334130138544, "31": 0.0110915083506852, "32": 0.5001993378746213, "33": 0.5005299512045746, "34": 0.49993396926305955, "35": 0.5000161481157523, "36": 0.5002387630307528, "37": 0.5001220565238256, "38": 0.08382531974771253, "39": 0.50084801654052, "40": 0.5004938345459201, "41": 0.5003961662607659, "42": 0.5000045920739025, "43": 0.5000048323374668, "44": 0.5000868817663079, "45": 0.5000690771676147, "46": 0.5031670943631754, "47": 0.5000656002132285, "48": 0.5000656002132285, "49": 0.5015412900752142, "50": 0.9159948279565788, "51": 0.5004068116043491, "52": 0.5000808761375322, "53": 0.04799185128562905, "54": 0.9159948279565788, "55": 0.5000817765794071, "56": 0.49989085424732327, "57": 0.4996139739754684, "58": 0.5001099293355771, "59": 0.5000102460778781, "60": 0.5000113514945144, "61": 0.5001993378746213, "62": 0.500124254752305, "63": 0.5002395370361321, "64": 0.49980153588851983, "65": 0.49980426143812706, "66": 0.5001146554254767, "67": 0.5004530954458869, "68": 0.4999258147374906, "69": 0.5015412900752142, "70": 0.5002395370361321, "71": 0.50001501609142, "72": 0.5000243496662503, "73": 0.5001145703065387, "74": 0.0110915083506852, "75": 0.5000808761375322, "76": 0.922025377192016, "77": 0.4999083344924069, "78": 0.5017100339449683, "79": 0.922025377192016, "80": 0.5008699301740768, "81": 0.04799185128562905, "82": 0.5001146554254767, "83": 0.5000165404771136, "84": 0.5000161481157523, "85": 0.9311658205882599, "86": 0.5004745722822959, "87": 0.5017100339449683, "88": 0.5005003741988542, "89": 0.5001121242855127, "90": 0.5004530954458869, "91": 0.50047822639557, "92": 0.0925234852437776, "93": 0.5000048323374668, "94": 0.500096049990585, "95": 0.5004553100186717, "96": 0.4998633158101428, "97": 0.5008474175497002, "98": 0.5004745722822959, "99": 0.5035628455241564}, "1": {"0": 0.5001287556174078, "1": 0.0377588637936043, "2": 0.4993936661016958, "3": 0.4998926700497552, "4": 0.4999022789139159, "5": 0.9530180785078439, "6": 0.500053834082202, "7": 0.5003109340137628, "8": 0.0377588637936043, "9": 0.5000430804052451, "10": 0.4999688468355613, "11": 0.49951481892800764, "12": 0.054606618454809686, "13": 0.4895846195558326, "14": 0.4996528821661674, "15": 0.49967098365481233, "16": 0.4895846195558326, "17": 0.500041318349122, "18": 0.4991003551553487, "19": 0.49899109639576417, "20": 0.5005859821354808, "21": 0.49930083124375463, "22": 0.49979623580762733, "23": 0.4999281320090231, "24": 0.49988584985866863, "25": 0.4987494410747727, "26": 0.4981261127974492, "27": 0.500060517316449, "28": 0.500091625819729, "29": 0.5000166551975016, "30": 0.054606618454809686, "31": 0.4997815566560604, "32": 0.4997592550686737, "33": 0.5000312018769149, "34": 0.49937781069816317, "35": 0.4999918494572776, "36": 0.5000515267861592, "37": 0.5002733350898596, "38": 0.5000134290356841, "39": 0.49951481892800764, "40": 0.5005859821354808, "41": 0.4999281320090231, "42": 0.4997177407374627, "43": 0.4981261127974492, "44": 0.5000049821278274, "45": 0.5000049821278274, "46": 0.4993565189626678, "47": 0.500041318349122, "48": 0.4985241595922432, "49": 0.5004158759783115, "50": 0.5001105061266752, "51": 0.4975960938963681, "52": 0.022219239267588675, "53": 0.49933577517606687, "54": 0.4992620797961216, "55": 0.5002733350898596, "56": 0.49937781069816317, "57": 0.4984656996124996, "58": 0.9443235158884846, "59": 0.4999619224622943, "60": 0.4999196507570234, "61": 0.500053834082202, "62": 0.5001694969577473, "63": 0.5001742696943031, "64": 0.5000727455127828, "65": 0.022219239267588675, "66": 0.49989455562547547, "67": 0.5000871348471516, "68": 0.49820350456188556, "69": 0.5004616048766896, "70": 0.4991003551553487, "71": 0.4996800343991348, "72": 0.5000312018769149, "73": 0.4993936661016958, "74": 0.5004158759783115, "75": 0.9530180785078439, "76": 0.4955813538251683, "77": 0.5001196308720415, "78": 0.49988584985866863, "79": 0.4955813538251683, "80": 0.5001150684993583, "81": 0.5000183641282796, "82": 0.4997177407374627, "83": 0.500091625819729, "84": 0.5000134290356841, "85": 0.5001150684993583, "86": 0.4998907783280302, "87": 0.4999022789139159, "88": 0.4986218287562836, "89": 0.4985437641843916, "90": 0.4975960938963681, "91": 0.4991003551553487, "92": 0.49966788758803343, "93": 0.5000166551975016, "94": 0.9443235158884846, "95": 0.4999918494572776, "96": 0.4991031289543669, "97": 0.0377588637936043, "98": 0.4991031289543669, "99": 0.4985437641843916}, "2": {"0": 0.49991448238997427, "1": 0.031155215360581863, "2": 0.5000411944245204, "3": 0.4997563546575363, "4": 0.4976967593355465, "5": 0.9620999234302181, "6": 0.5001439842020959, "7": 0.49878265687715984, "8": 0.4990818550428036, "9": 0.5003653468424816, "10": 0.5003447332102198, "11": 0.5001339774404845, "12": 0.4997420830090866, "13": 0.49997326500500583, "14": 0.9772136431716869, "15": 0.4993590133234777, "16": 0.5010881228517028, "17": 0.49955371070532106, "18": 0.49995070847820455, "19": 0.4995214724344166, "20": 0.5001061004718228, "21": 0.9423546799581564, "22": 0.5003642170171666, "23": 0.9620999234302181, "24": 0.031155215360581863, "25": 0.4999260403321456, "26": 0.499925680963157, "27": 0.5000724424519443, "28": 0.4987751955920306, "29": 0.4997824345140564, "30": 0.4998305588504152, "31": 0.4976967593355465, "32": 0.5000331217472851, "33": 0.49991448238997427, "34": 0.4998514544659387, "35": 0.49978401459757327, "36": 0.0879604491750362, "37": 0.5000278054121554, "38": 0.4998496655004764, "39": 0.5003516079569424, "40": 0.4985915053337, "41": 0.4985915053337, "42": 0.49907512826327083, "43": 0.4989373671669823, "44": 0.5003643953805996, "45": 0.9772136431716869, "46": 0.49975721061890255, "47": 0.4996588806298811, "48": 0.5000247036291098, "49": 0.4989360490454179, "50": 0.49984425092047846, "51": 0.5001339774404845, "52": 0.5000165558201863, "53": 0.49884304203103214, "54": 0.49991448238997427, "55": 0.4976967593355465, "56": 0.4987767622359507, "57": 0.5000247036291098, "58": 0.9772136431716869, "59": 0.0879604491750362, "60": 0.4999608015280058, "61": 0.49975721061890255, "62": 0.5001367735205651, "63": 0.4999557550031052, "64": 0.9423546799581564, "65": 0.4997563546575363, "66": 0.499824214567624, "67": 0.4990818550428036, "68": 0.5013816658045485, "69": 0.4976967593355465, "70": 0.4993072144955095, "71": 0.4997115495989083, "72": 0.4997855206174663, "73": 0.4999557550031052, "74": 0.5001061004718228, "75": 0.5001027804258886, "76": 0.031155215360581863, "77": 0.5010881228517028, "78": 0.5013816658045485, "79": 0.5002211934775587, "80": 0.499824214567624, "81": 0.5003447332102198, "82": 0.4995665657120891, "83": 0.49978401459757327, "84": 0.49907512826327083, "85": 0.49964053949258325, "86": 0.4995665657120891, "87": 0.4998305588504152, "88": 0.5001394773150062, "89": 0.5001027804258886, "90": 0.500130372099719, "91": 0.49964053949258325, "92": 0.5003643953805996, "93": 0.5000411944245204, "94": 0.4997612694535115, "95": 0.5000651860498595, "96": 0.5002211934775587, "97": 0.4997612694535115, "98": 0.4987751955920306, "99": 0.4987767622359507}, "3": {"0": 0.5022313549900799, "1": 0.5000003329690501, "2": 0.49982591431844325, "3": 0.502768838949015, "4": 0.9347561911986879, "5": 0.4991515421537377, "6": 0.5021106475929069,