{"0": {"0": 0.5128966770788856, "1": 0.9466168458433133, "2": 5.678892507007034e-08, "3": 0.4327310171545402, "4": 0.6478631010961444, "5": 0.8426310274787536, "6": 0.8228237638427924, "7": 3.6482939286575096e-08, "8": 0.8102776786029114, "9": 5.04869110285601e-08, "10": 0.45573204830975456, "11": 0.7020121111562933, "12": 2.8768868427144073e-08, "13": 0.9673196682036249, "14": 0.8228237638427924, "15": 0.9569682570234691, "16": 0.6791762286390362, "17": 5.716938295946482e-08, "18": 0.6791762286390362, "19": 0.7962743243744638, "20": 0.7020121111562933, "21": 0.6478631010961444, "22": 0.6854498121587742, "23": 5.591343225990658e-08, "24": 0.44292619197498395, "25": 0.4327310171545402, "26": 0.6791762286390362, "27": 5.8763342953583066e-08, "28": 0.609541893757124, "29": 0.45573204830975456, "30": 3.8244533550321616e-08, "31": 3.4428845078568675e-08, "32": 4.7986645166979695e-08, "33": 2.1267021442072393e-08, "34": 5.310557380974821e-08, "35": 4.651047695635244e-08, "36": 4.621837046946454e-08, "37": 0.6522101313689465, "38": 0.5128966770788856, "39": 0.9034577740890459, "40": 0.5461558778876794, "41": 0.7634992279922487, "42": 6.629636887187269e-08, "43": 0.8426310274787536, "44": 4.7986645166979695e-08, "45": 0.9466168458433133, "46": 0.5461558778876794, "47": 0.44292619197498395, "48": 0.6854498121587742, "49": 0.4264432508409047, "50": 5.176808737119747e-08, "51": 0.47510363999593774, "52": 0.7359983155962564, "53": 4.066865356773161e-08, "54": 0.47510363999593774, "55": 0.6522101313689465, "56": 0.4656162190933149, "57": 0.8842204166965699, "58": 1.4384434213572036e-08, "59": 0.7359983155962564, "60": 0.4024603740760843, "61": 0.7634992279922487, "62": 0.8228237638427924, "63": 0.9673196682036249, "64": 0.7829052027767496, "65": 0.5128966770788856, "66": 0.5497192591059241, "67": 0.4717301498376796, "68": 0.8842204166965699, "69": 0.5497192591059241, "70": 3.8120146150659216e-08, "71": 0.9034577740890459, "72": 3.8120146150659216e-08, "73": 0.8426310274787536, "74": 0.7962743243744638, "75": 5.98416396983166e-08, "76": 0.9569682570234691, "77": 2.9381671476791533e-08, "78": 3.980460492502826e-08, "79": 3.396923812428233e-08, "80": 0.6854498121587742, "81": 0.4264432508409047, "82": 0.609541893757124, "83": 0.9034577740890459, "84": 0.7829052027767496, "85": 0.49532569418892536, "86": 0.8102776786029114, "87": 4.135065487801982e-08, "88": 3.396923812428233e-08, "89": 0.4024603740760843, "90": 0.4656162190933149, "91": 3.3148184435936345e-08, "92": 0.49532569418892536, "93": 0.4717301498376796, "94": 4.105699095112592e-08, "95": 4.0430797938077096e-08, "96": 2.325523847817622e-08, "97": 4.135065487801982e-08, "98": 4.0430797938077096e-08, "99": 0.609541893757124}, "1": {"0": 0.7472858573362512, "1": 0.6487645390463057, "2": 1.551297375692648e-08, "3": 0.9764903696467193, "4": 0.6487645390463057, "5": 1.9344289954379263e-08, "6": 0.4527908200561288, "7": 0.8150657771261286, "8": 0.9020147612484606, "9": 0.5335483184486257, "10": 0.47254815927807364, "11": 0.5980133623028538, "12": 0.9278539141512574, "13": 1.3377782122767485e-08, "14": 0.8471567513597937, "15": 0.7160849796303026, "16": 0.8471567513597937, "17": 0.7018343480119328, "18": 0.6021690654010133, "19": 2.3709481513904774e-08, "20": 0.8862545794620318, "21": 0.7472858573362512, "22": 2.77635930104887e-08, "23": 0.8150657771261286, "24": 2.2153302670930453e-08, "25": 0.5424099810466607, "26": 0.6199203742359274, "27": 0.6199203742359274, "28": 0.7160849796303026, "29": 1.6114103777544582e-08, "30": 2.77635930104887e-08, "31": 0.7018343480119328, "32": 0.5424099810466607, "33": 1.1159699160958503e-08, "34": 0.9764903696467193, "35": 0.4527908200561288, "36": 1.7549681350101676e-08, "37": 2.3464664466955795e-08, "38": 0.5233251226289408, "39": 0.7205687075481948, "40": 1.0379787997709206e-08, "41": 1.924699668220459e-08, "42": 0.7492187448148253, "43": 0.47254815927807364, "44": 1.5296946102873042e-08, "45": 7.4052606906079055e-09, "46": 2.0572643753215423e-08, "47": 0.8471567513597937, "48": 0.5233251226289408, "49": 0.7205687075481948, "50": 9.636546679763005e-09, "51": 2.0785300021012294e-08, "52": 0.5874739391934323, "53": 0.6763241126326656, "54": 0.6487645390463057, "55": 0.8862545794620318, "56": 0.5335483184486257, "57": 0.9278539141512574, "58": 1.5296946102873042e-08, "59": 1.152371086989877e-08, "60": 0.8862545794620318, "61": 2.3083230972252934e-08, "62": 2.309628681253691e-08, "63": 2.0749291047751426e-08, "64": 0.9137259540103697, "65": 2.257230590696162e-08, "66": 2.215429214112359e-08, "67": 0.9020147612484606, "68": 1.9052803447044348e-08, "69": 2.257230590696162e-08, "70": 1.1732332233477897e-08, "71": 0.7205687075481948, "72": 2.412450374715297e-08, "73": 0.5874739391934323, "74": 1.4365736513939363e-08, "75": 7.744052434268577e-09, "76": 1.9560805651340073e-08, "77": 0.6763241126326656, "78": 1.2003075887666442e-08, "79": 9.828750673532879e-09, "80": 1.9385636156103016e-08, "81": 0.6021690654010133, "82": 0.7492187448148253, "83": 2.0785300021012294e-08, "84": 0.7205687075481948, "85": 9.623498341102295e-09, "86": 1.9560805651340073e-08, "87": 0.9137259540103697, "88": 0.5372760410514867, "89": 0.5424099810466607, "90": 0.5980133623028538, "91": 2.3083230972252934e-08, "92": 0.9764903696467193, "93": 1.0374645523875713e-08, "94": 1.7549681350101676e-08, "95": 0.5372760410514867, "96": 1.054901841073767e-08, "97": 0.4527908200561288, "98": 1.9385636156103016e-08, "99": 1.6114103777544582e-08}, "2": {"0": 3.633559289708166e-08, "1": 0.7138994228961222, "2": 0.7779398083221482, "3": 0.7193722571985219, "4": 0.8389478613166903, "5": 1.5233132484193398e-08, "6": 0.5209498787724014, "7": 0.8970904419200882, "8": 0.5492273658066265, "9": 0.6199028196964231, "10": 3.98111362640333e-08, "11": 0.8870284755643579, "12": 3.800088022637557e-08, "13": 0.5387609035321068, "14": 0.9428255547123111, "15": 0.9602914091442452, "16": 0.5261406342899287, "17": 0.9116624967744678, "18": 2.9396874001254417e-08, "19": 0.8021117262485306, "20": 3.8015918694576104e-08, "21": 4.541556691065893e-08, "22": 0.9461875274382534, "23": 3.8059176695399716e-08, "24": 3.98111362640333e-08, "25": 0.5492273658066265, "26": 0.46276089979224133, "27": 0.6988016272619522, "28": 0.7779398083221482, "29": 0.9116624967744678, "30": 0.9602914091442452, "31": 0.456487792490221, "32": 3.934678869765463e-08, "33": 0.4666339914837905, "34": 3.300429187728348e-08, "35": 4.147961600066521e-08, "36": 0.7138994228961222, "37": 0.5692782364580773, "38": 0.6199028196964231, "39": 0.5209498787724014, "40": 0.8398503088200437, "41": 0.5692782364580773, "42": 0.5209498787724014, "43": 0.6199028196964231, "44": 3.4420122557283946e-08, "45": 0.5620979237924024, "46": 3.340983651012835e-08, "47": 0.8970904419200882, "48": 3.771738320876147e-08, "49": 0.6799202210495496, "50": 3.4655267099587216e-08, "51": 0.5620979237924024, "52": 0.456487792490221, "53": 0.5261406342899287, "54": 4.3365016853432635e-08, "55": 0.7401628224574439, "56": 0.46276089979224133, "57": 2.9963702030428e-08, "58": 3.0781068419168175e-08, "59": 0.8252255817568277, "60": 0.7193722571985219, "61": 0.6254584410766935, "62": 0.8021117262485306, "63": 3.074854901661255e-08, "64": 0.5209498787724014, "65": 0.9461875274382534, "66": 0.796311823645973, "67": 0.8398503088200437, "68": 0.6254584410766935, "69": 0.9461875274382534, "70": 0.659282001880442, "71": 2.9655611398236288e-08, "72": 0.7868160404262179, "73": 0.7868160404262179, "74": 3.4420122557283946e-08, "75": 3.633559289708166e-08, "76": 0.8398503088200437, "77": 0.659282001880442, "78": 0.8870284755643579, "79": 0.8252255817568277, "80": 0.796311823645973, "81": 3.800088022637557e-08, "82": 0.6988016272619522, "83": 0.9428255547123111, "84": 0.7401628224574439, "85": 0.4666339914837905, "86": 2.8492806155941618e-08, "87": 1.650214593864174e-08, "88": 0.6799202210495496, "89": 3.340983651012835e-08, "90": 0.456487792490221, "91": 0.9602914091442452, "92": 2.4993556273636084e-08,