{"0": {"0": 0.05000016707560044, "1": 0.050000176347310764, "2": 0.05000014513340665, "3": 0.9499998312888254, "4": 0.949999681677577, "5": 0.9499995532130874, "6": 0.9499996593291427, "7": 0.9499995406720707, "8": 0.949999695857422, "9": 0.050000181682916464, "10": 0.05000015056813785, "11": 0.9499997537761982, "12": 0.9499996136484203, "13": 0.05000015412433978, "14": 0.9499996772684666, "15": 0.9499995806851287, "16": 0.949999580477565, "17": 0.05000018666572814, "18": 0.9499994930184028, "19": 0.05000011956419147, "20": 0.9499995201841095, "21": 0.05000017070378121, "22": 0.9499996383585119, "23": 0.9499995534959134, "24": 0.9499995912243899, "25": 0.9499997147449233, "26": 0.05000012068941118, "27": 0.9499995166249691, "28": 0.05000012068941118, "29": 0.9499996289767976, "30": 0.05000016285437724, "31": 0.9499995716433799, "32": 0.9499994943057508, "33": 0.9499996660536599, "34": 0.9499995541173791, "35": 0.9499995328765849, "36": 0.47152361618879446, "37": 0.47152361618879446, "38": 0.47152361618879446, "39": 0.949999523567891, "40": 0.9499996003100888, "41": 0.05000015967960604, "42": 0.05000015846534587, "43": 0.05000011328112641, "44": 0.9499996813104006, "45": 0.05000016809830426, "46": 0.05000011004399144, "47": 0.9499997291818669, "48": 0.05000012383490296, "49": 0.05000008014700357, "50": 0.05000006369424201, "51": 0.9499995657368244, "52": 0.050000129401009605, "53": 0.05000014513340665, "54": 0.9499995402566619, "55": 0.05000008353780022, "56": 0.9499997478619493, "57": 0.47152361618879446, "58": 0.9499996157661622, "59": 0.9499995657368244, "60": 0.050000129401009605, "61": 0.050000181682916464, "62": 0.9499995773107804, "63": 0.05000012383490296, "64": 0.949999695857422, "65": 0.05000006734917027, "66": 0.949999526592084, "67": 0.050000059782095735, "68": 0.9499998271759889, "69": 0.9499998686132868, "70": 0.9499995848041453, "71": 0.050000157280657195, "72": 0.9499995402566619, "73": 0.9499996315002954, "74": 0.9499995877112004, "75": 0.9499997956121949, "76": 0.9499997986566954, "77": 0.9499997803704229, "78": 0.949999681677577, "79": 0.47152361618879446, "80": 0.9499998573724616, "81": 0.9499998157501477, "82": 0.47152361618879446, "83": 0.9499998993283476, "84": 0.05000015710820733, "85": 0.9499995532130874, "86": 0.9499998078830811, "87": 0.9499997478619493, "88": 0.9499995854206609, "89": 0.050000176347310764, "90": 0.050000157280657195, "91": 0.9499996780412132, "92": 0.9499996660536599, "93": 0.9499998645909334, "94": 0.9499995854206609, "95": 0.05000008142718862, "96": 0.9499996593291427, "97": 0.9499998768880991, "98": 0.9499996813104006, "99": 0.05000006734917027}, "1": {"0": 0.949999650759226, "1": 0.9499998731522125, "2": 0.9499997182268587, "3": 0.949999714438893, "4": 0.9499995968484657, "5": 0.9499995727502384, "6": 0.9499997938135006, "7": 0.05000017847150705, "8": 0.05000023216884063, "9": 0.9499997070090682, "10": 0.9499997576845485, "11": 0.9499995997909163, "12": 0.05000018550081768, "13": 0.949999654452522, "14": 0.9499998539060163, "15": 0.050000187885816685, "16": 0.050000126471827895, "17": 0.9499996377631026, "18": 0.05000010866575237, "19": 0.9499998112847606, "20": 0.05000009227417638, "21": 0.9499996669657131, "22": 0.9499996004660465, "23": 0.05000015576202507, "24": 0.9499995457507796, "25": 0.949999714438893, "26": 0.05000020248047121, "27": 0.4678155373030338, "28": 0.9499998114445557, "29": 0.05000020670245016, "30": 0.05000021335707853, "31": 0.05000008993548875, "32": 0.9499995937755209, "33": 0.05000012806365285, "34": 0.05000018148777989, "35": 0.9499996658521541, "36": 0.9499998515041957, "37": 0.05000016812989963, "38": 0.050000182323711756, "39": 0.05000018274963366, "40": 0.050000205976756036, "41": 0.9499997788122181, "42": 0.05000009884336004, "43": 0.9499996353510847, "44": 0.9499997402936133, "45": 0.05000018274963366, "46": 0.05000008358236896, "47": 0.949999718942129, "48": 0.9499997653570461, "49": 0.05000023757725666, "50": 0.9499997437982776, "51": 0.05000020274827624, "52": 0.05000008919920651, "53": 0.05000020985019932, "54": 0.9499995869507171, "55": 0.05000016625012463, "56": 0.050000094021283276, "57": 0.9499996205958094, "58": 0.0500000911050687, "59": 0.9499997701020162, "60": 0.050000192448264855, "61": 0.05000020985019932, "62": 0.050000187885816685, "63": 0.05000016658713903, "64": 0.94999984272677, "65": 0.9499996351095183, "66": 0.05000015381548851, "67": 0.9499998188815513, "68": 0.050000098081839126, "69": 0.05000016172380528, "70": 0.9499995727502384, "71": 0.9499998535045341, "72": 0.05000012178000735, "73": 0.05000016658713903, "74": 0.05000008419159935, "75": 0.9499996117610313, "76": 0.9499998701468066, "77": 0.05000014997853981, "78": 0.05000015701980848, "79": 0.9499995937755209, "80": 0.9499996664089336, "81": 0.9499998539060163, "82": 0.9499997788122181, "83": 0.949999628960303, "84": 0.05000018550081768, "85": 0.949999650759226, "86": 0.9499997234033346, "87": 0.05000019942197105, "88": 0.9499996294305877, "89": 0.9499997701020162, "90": 0.05000015381548851, "91": 0.05000018836839754, "92": 0.05000014997853981, "93": 0.9499997182268587, "94": 0.9499996205958094, "95": 0.949999628960303, "96": 0.050000182323711756, "97": 0.05000018148777989, "98": 0.05000010321251133, "99": 0.05000009622413243}, "2": {"0": 0.050000160388846394, "1": 0.9499994331622315, "2": 0.9499995777324937, "3": 0.9499994387950419, "4": 0.9499997301321896, "5": 0.9499995461837557, "6": 0.9499995532820648, "7": 0.9499994577221258, "8": 0.05000016939999142, "9": 0.050000073020892113, "10": 0.9499994312080074, "11": 0.9499995527146858, "12": 0.949999470235001, "13": 0.05000014673722698, "14": 0.9499996730869444, "15": 0.9499994697161833, "16": 0.949999724110743, "17": 0.9499997227068004, "18": 0.05000012570953835, "19": 0.05000018461877158, "20": 0.05000015944241548, "21": 0.9499995441429883, "22": 0.9499995053262291, "23": 0.415851688673034, "24": 0.9499995485697051, "25": 0.9499997690262291, "26": 0.050000142433903466, "27": 0.050000084355887445, "28": 0.9499994758887746, "29": 0.9499994334771851, "30": 0.05000012949783483, "31": 0.9499995979403211, "32": 0.050000162458920736, "33": 0.9499994182076923, "34": 0.9499994868554871, "35": 0.050000137978461805, "36": 0.9499997383669355, "37": 0.05000016939999142, "38": 0.9499995512865054, "39": 0.9499996196691527, "40": 0.050000135286520975, "41": 0.9499996443757144, "42": 0.9499996447124054, "43": 0.9499996116471956, "44": 0.05000008942839174, "45": 0.9499996273391567, "46": 0.9499997383669355, "47": 0.050000162458920736, "48": 0.949999724677558, "49": 0.05000014963319921, "50": 0.05000014844955294, "51": 0.050000148914171705, "52": 0.9499995641061656, "53": 0.949999820519267, "54": 0.9499996567721624, "55": 0.9499998463942282, "56": 0.949999724677558, "57": 0.9499995465189229, "58": 0.05000015528933493, "59": 0.9499995833394286, "60": 0.9499997588464406, "61": 0.9499995532820648, "62": 0.9499997396128552, "63": 0.05000005888702041, "64": 0.9499995053262291, "65": 0.05000013777180458, "66": 0.9499995512172656, "67": 0.050000142433903466, "68": 0.9499995485697051, "69": 0.9499995877097223, "70": 0.9499995611051283, "71": 0.05000014844955294, "72": 0.9499998058235978, "73": 0.9499997763573429, "74": 0.05000015279900114, "75": 0.9499994855230289, "76": 0.05000012949783483, "77": 0.050000135286520975, "78": 0.9499997352039073, "79": 0.050000137978461805, "80": 0.949999724110743, "81": 0.9499995826714677, "82": 0.9499998039918063, "83": 0.9499996341983005, "84": 0.9499997808302166, "85": 0.9499995512865054, "86": 0.9499998170991502, "87": 0.9499995877097223, "88": 0.05000014673722698, "89": 0.050000073020892113, "90": 0.9499998070628348, "91": 0.9499999112264224, "92": 0.9499997588464406, "93": 0.9499996443757144, "94": 0.949999671593117, "95": 0.9499998357965584, "96": 0.9499995826714677, "97": 0.9499995441429883, "98": 0.9499995777324937, "99": 0.05000015944241548}, "3": {"0": 0.9499989457539748, "1": 0.9499985480578661, "2": 0.9499988374108261,