{"0": {"0": 0.4461148038957776, "1": 0.33872876966364207, "2": 0.9339581491532943, "3": 0.48458134996087104, "4": 0.9422437200915804, "5": 0.46367676217324993, "6": 0.5073910165449399, "7": 0.9350434332037227, "8": 0.4637556868468749, "9": 0.4285340612750245, "10": 0.40010778935969493, "11": 0.48688998095433034, "12": 0.49061007358909825, "13": 0.9391995654919075, "14": 0.48581647969662545, "15": 0.9259578569289757, "16": 0.28523698761661453, "17": 0.40147067259648234, "18": 0.48276341743738943, "19": 0.43783329764698853, "20": 0.943981652269525, "21": 0.46906351892842413, "22": 0.29614358414945313, "23": 0.3833090536831073, "24": 0.4689900838759592, "25": 0.945246447383039, "26": 0.48689947563027813, "27": 0.4938871098225974, "28": 0.9409036984142561, "29": 0.9348291735187386, "30": 0.3187136747071093, "31": 0.49391816772840397, "32": 0.48585359970991315, "33": 0.9206581965585467, "34": 0.4853558696382786, "35": 0.410421809707217, "36": 0.2071280155608537, "37": 0.16761849380830726, "38": 0.34142277810461474, "39": 0.9346436237162838, "40": 0.4929220525169827, "41": 0.4675154391138254, "42": 0.4767990036095869, "43": 0.9422437200915804, "44": 0.376726446776083, "45": 0.4860792164474697, "46": 0.47496129972977436, "47": 0.24118423904698086, "48": 0.3775949209899041, "49": 0.4620846886223676, "50": 0.49390939918688725, "51": 0.46552683487477886, "52": 0.4860792164474697, "53": 0.5088147468289623, "54": 0.3833090536831073, "55": 0.5079778196403604, "56": 0.49391816772840397, "57": 0.9476232236915194, "58": 0.4868066130637847, "59": 0.33872876966364207, "60": 0.920138744037818, "61": 0.4929220525169827, "62": 0.9348291735187386, "63": 0.4637556868468749, "64": 0.4926779348191393, "65": 0.4734092012248703, "66": 0.5073910165449399, "67": 0.943045460890301, "68": 0.32099044435416324, "69": 0.42740228572991834, "70": 0.43783329764698853, "71": 0.4285340612750245, "72": 0.943045460890301, "73": 0.4765133982346784, "74": 0.41559028611160226, "75": 0.49061007358909825, "76": 0.4689900838759592, "77": 0.9259578569289757, "78": 0.47496129972977436, "79": 0.376726446776083, "80": 0.9350434332037227, "81": 0.48120798117354413, "82": 0.9346436237162838, "83": 0.48458134996087104, "84": 0.46370114286495917, "85": 0.9409036984142561, "86": 0.3775949209899041, "87": 0.4868066130637847, "88": 0.4675154391138254, "89": 0.920138744037818, "90": 0.5079778196403604, "91": 0.6079791625631148, "92": 0.48276341743738943, "93": 0.40010778935969493, "94": 0.2071280155608537, "95": 0.32099044435416324, "96": 0.6079791625631148, "97": 0.3187136747071093, "98": 0.410421809707217, "99": 0.45779514305580116}, "1": {"0": 0.9264988105283051, "1": 0.45747836623724414, "2": 0.9364539571676385, "3": 0.4584342226889776, "4": 0.48289882078784613, "5": 0.4910430524559538, "6": 0.49899100522518586, "7": 0.4937169917503775, "8": 0.46991464282510115, "9": 0.4961946806380822, "10": 0.4989830674390911, "11": 0.4846830215572052, "12": 0.48778910193035874, "13": 0.42895415607505766, "14": 0.689279364218454, "15": 0.4827365552773438, "16": 0.6033389595711076, "17": 0.4826117025757965, "18": 0.4118214697042091, "19": 0.44952828058373506, "20": 0.46991464282510115, "21": 0.49859676525912844, "22": 0.4827365552773438, "23": 0.37854135992273413, "24": 0.41182415097855163, "25": 0.49385666097079317, "26": 0.933992132668964, "27": 0.46632538965562026, "28": 0.49382917762687584, "29": 0.37854135992273413, "30": 0.48778910193035874, "31": 0.4799563240376216, "32": 0.494234333741328, "33": 0.49382917762687584, "34": 0.44952828058373506, "35": 0.4975710487621256, "36": 0.4584342226889776, "37": 0.4826117025757965, "38": 0.48415813734302005, "39": 0.4927914808660031, "40": 0.941996066334482, "41": 0.494223058167785, "42": 0.45747836623724414, "43": 0.27402480194649326, "44": 0.49275692483917477, "45": 0.49050129695944217, "46": 0.491386386296608, "47": 0.49301927688027897, "48": 0.4914798595110796, "49": 0.4912545779131635, "50": 0.49050129695944217, "51": 0.4927914808660031, "52": 0.4841214447744906, "53": 0.49439398050012984, "54": 0.49859676525912844, "55": 0.48415813734302005, "56": 0.4933542490407292, "57": 0.4136532797283825, "58": 0.48648096387279516, "59": 0.4928867039244792, "60": 0.4930316128187492, "61": 0.4862809772487745, "62": 0.27402480194649326, "63": 0.48648096387279516, "64": 0.4584342226889776, "65": 0.5912971840835566, "66": 0.9264103155595718, "67": 0.4654729919815042, "68": 0.5448487787664131, "69": 0.49302338885976904, "70": 0.49108716728929525, "71": 0.3966945155403596, "72": 0.49787689206827507, "73": 0.4928994708810557, "74": 0.494234333741328, "75": 0.5224243893832066, "76": 0.6033389595711076, "77": 0.4752601097835849, "78": 0.9382494052641526, "79": 0.4912545779131635, "80": 0.4136532797283825, "81": 0.4975710487621256, "82": 0.49787689206827507, "83": 0.4752601097835849, "84": 0.4933542490407292, "85": 0.4799563240376216, "86": 0.49301927688027897, "87": 0.3966945155403596, "88": 0.4118214697042091, "89": 0.4910430524559538, "90": 0.689279364218454, "91": 0.49108716728929525, "92": 0.42895415607505766, "93": 0.494223058167785, "94": 0.4928867039244792, "95": 0.491386386296608, "96": 0.49899100522518586, "97": 0.9371937061351712, "98": 0.5912971840835566, "99": 0.4654729919815042}, "2": {"0": 0.46825678366630774, "1": 0.49871788283280155, "2": 0.4953071685104244, "3": 0.48595714786829036, "4": 0.5005558055390431, "5": 0.49963573618959933, "6": 0.5014509247548609, "7": 0.4816273470778858, "8": 0.4955715564607582, "9": 0.6392759497551115, "10": 0.48434418732365675, "11": 0.49963573618959933, "12": 0.42073932967830563, "13": 0.4833943495584416, "14": 0.48850097688501737, "15": 0.9426719916928206, "16": 0.4973008334315794, "17": 0.9394098661154797, "18": 0.49702056554764884, "19": 0.5088055998089115, "20": 0.9358746200449293, "21": 0.504162380629654, "22": 0.49265382037595684, "23": 0.46864767201545116, "24": 0.4965860744487519, "25": 0.49982393951507853, "26": 0.4989082998171491, "27": 0.4919295910481355, "28": 0.4854742160223291, "29": 0.4954828774936414, "30": 0.473224005154139, "31": 0.5017698978305914, "32": 0.46959871011570026, "33": 0.5007045125559715, "34": 0.46864767201545116, "35": 0.49691492728435244, "36": 0.4750076645720125, "37": 0.49779178118950723, "38": 0.504162380629654, "39": 0.507158313689217, "40": 0.4942578802601051, "41": 0.4955715564607582, "42": 0.43219431568325084, "43": 0.49745074382897947, "44": 0.9425017878350755, "45": 0.49047607257214143, "46": 0.49106177095116776, "47": 0.48238485932360575, "48": 0.8220520245182688, "49": 0.473224005154139, "50": 0.5011628516848172, "51": 0.4590445911185462, "52": 0.485400932822505, "53": 0.48595714786829036, "54": 0.4854742160223291, "55": 0.4985854446880862, "56": 0.46825678366630774, "57": 0.6392759497551115, "58": 0.4904918393159964, "59": 0.49982393951507853, "60": 0.48850097688501737, "61": 0.44042373935570023, "62": 0.8789357975629788, "63": 0.9451450215176658, "64": 0.5011628516848172, "65": 0.4942578802601051, "66": 0.47211235789901074, "67": 0.49779178118950723, "68": 0.9417958785941742, "69": 0.47211235789901074, "70": 0.49265382037595684, "71": 0.5014509247548609, "72": 0.4919295910481355, "73": 0.507158313689217, "74": 0.4973008334315794, "75": 0.47164039581292166, "76": 0.4918045245930591, "77": 0.49745074382897947, "78": 0.9451450215176658, "79": 0.43219431568325084, "80": 0.4904918393159964, "81": 0.4833943495584416, "82": 0.5088055998089115, "83": 0.42376558658918595, "84": 0.4918045245930591, "85": 0.9394098661154797, "86": 0.9417958785941742, "87": 0.4989082998171491, "88": 0.8789357975629788, "89": 0.49691492728435244, "90": 0.5002073038425626, "91": 0.48238485932360575, "92": 0.5001036519212814, "93": 0.4750076645720125, "94": 0.47164039581292166, "95": 0.9358746200449293, "96": 0.4965860744487519, "97": 0.49106177095116776, "98": 0.8220520245182688, "99": 0.42376558658918595}, "3": {"0": 0.6640764256300951, "1": 0.5102560148964383, "2": 0.5142189148714584, "3": 0.5281104121928386,