{"0": {"0": 0.2838011455583655, "1": 0.2869092223102659, "2": 0.2703077090864946, "3": 0.27350917713535006, "4": 0.19110690375072992, "5": 0.26164220414318545, "6": 0.3177768608215337, "7": 0.27443779584358297, "8": 0.30076350902783233, "9": 0.2736549590179149, "10": 0.3290857798271495, "11": 0.2713062906237045, "12": 0.2563407127855085, "13": 0.27822913889421685, "14": 0.2178164565349556, "15": 0.2817443219059475, "16": 0.2711852626869472, "17": 0.2803826188963858, "18": 0.26607215197769307, "19": 0.2706519710289194, "20": 0.2703077090864946, "21": 0.31463632039036704, "22": 0.2344671908193506, "23": 0.28169008930078476, "24": 0.30357539694958435, "25": 0.27785446853888857, "26": 0.2843289306927429, "27": 0.28301102632914454, "28": 0.28404018213602866, "29": 0.2672526918839795, "30": 0.2685536198733803, "31": 0.35175940872803235, "32": 0.3919005727791828, "33": 0.2944866364780015, "34": 0.2848546786129616, "35": 0.3010090547401021, "36": 0.2482305862073565, "37": 0.28606440226416757, "38": 0.278741414153056, "39": 0.2972276672283616, "40": 0.2752994106917034, "41": 0.3252459681499925, "42": 0.22295496489546524, "43": 0.26501414383569066, "44": 0.2781525145238197, "45": 0.31406801323926176, "46": 0.29216222833714944, "47": 0.24702600723050305, "48": 0.2853305324994518, "49": 0.2228667517740589, "50": 0.30153592530287054, "51": 0.2918577846266079, "52": 0.2178164565349556, "53": 0.25559875721099373, "54": 0.3256998295812537, "55": 0.2802529747564013, "56": 0.2919196508458476, "57": 0.24220759870822703, "58": 0.25857744856699966, "59": 0.2876746623551747, "60": 0.2913310131320873, "61": 0.29730802662387645, "62": 0.27352076750203425, "63": 0.41280523097900546, "64": 0.30357539694958435, "65": 0.18388843041076686, "66": 0.3290857798271495, "67": 0.28343256504758685, "68": 0.27822913889421685, "69": 0.28083275940949, "70": 0.24702600723050305, "71": 0.2120029895176172, "72": 0.164975491658705, "73": 0.3960811141685747, "74": 0.2799754295181952, "75": 0.26892460836975596, "76": 0.2667885602476672, "77": 0.2873817890898371, "78": 0.28301102632914454, "79": 0.22419476727029078, "80": 0.2949788894754092, "81": 0.27352076750203425, "82": 0.28083275940949, "83": 0.26164220414318545, "84": 0.3252459681499925, "85": 0.28606440226416757, "86": 0.27494729842577226, "87": 0.3010090547401021, "88": 0.40703400661963085, "89": 0.2972276672283616, "90": 0.27443779584358297, "91": 0.319095177267697, "92": 0.2627694321329664, "93": 0.35175940872803235, "94": 0.19110690375072992, "95": 0.2949788894754092, "96": 0.319095177267697, "97": 0.25857744856699966, "98": 0.39383733117758735, "99": 0.3901913094481929}, "1": {"0": 0.6611126335557842, "1": 0.737224351766071, "2": 0.7164664146907574, "3": 0.7115602838491315, "4": 0.6853026279950902, "5": 0.7169826869766494, "6": 0.7034265042857453, "7": 0.7028584305515837, "8": 0.71638467840644, "9": 0.773049316484789, "10": 0.6801549089259304, "11": 0.7094644827212805, "12": 0.7258966210025312, "13": 0.7509681909325308, "14": 0.706858978225523, "15": 0.7179258387341122, "16": 0.7162106516208356, "17": 0.7761738606632742, "18": 0.7132861346589139, "19": 0.7239893216548009, "20": 0.7404207557091181, "21": 0.7057186408061582, "22": 0.7079615482435841, "23": 0.784219213291613, "24": 0.7064435590418875, "25": 0.7100918688996676, "26": 0.731560486384301, "27": 0.6927639091609826, "28": 0.7138466200829017, "29": 0.7145988661860757, "30": 0.7119135445333971, "31": 0.7342580837188717, "32": 0.7064922067750283, "33": 0.7109691936973278, "34": 0.7726036347640052, "35": 0.6872645945814637, "36": 0.6887870767048756, "37": 0.7615833120683233, "38": 0.8010474964068826, "39": 0.7135206006751817, "40": 0.7136642749177078, "41": 0.7281152450334057, "42": 0.7615833120683233, "43": 0.7153709410363466, "44": 0.7114413691153625, "45": 0.7071684772776168, "46": 0.7050735857879654, "47": 0.7135206006751817, "48": 0.7079113295850533, "49": 0.7680570290677236, "50": 0.6674271798809513, "51": 0.731560486384301, "52": 0.6656685291864974, "53": 0.7003918178973487, "54": 0.7578233481886575, "55": 0.784219213291613, "56": 0.7049448534858557, "57": 0.7033152224237729, "58": 0.7063628087721614, "59": 0.7761738606632742, "60": 0.6997253145271536, "61": 0.7509681909325308, "62": 0.6706818986544839, "63": 0.7063628087721614, "64": 0.6016576112118864, "65": 0.8010474964068826, "66": 0.6801549089259304, "67": 0.7050735857879654, "68": 0.7168328195426326, "69": 0.7049448534858557, "70": 0.7011263146245352, "71": 0.7115622073406866, "72": 0.6887870767048756, "73": 0.7069654493458228, "74": 0.7077534736450268, "75": 0.7138466200829017, "76": 0.7820923942145672, "77": 0.6779217463581086, "78": 0.7289773727382773, "79": 0.7432407241301087, "80": 0.7259286836342206, "81": 0.6927639091609826, "82": 0.7373415848438383, "83": 0.7092628665974772, "84": 0.6706818986544839, "85": 0.7432407241301087, "86": 0.8252129818140975, "87": 0.7164664146907574, "88": 0.7138158254754134, "89": 0.7114413691153625, "90": 0.7064435590418875, "91": 0.7289773727382773, "92": 0.706858978225523, "93": 0.6997253145271536, "94": 0.7138158254754134, "95": 0.7003918178973487, "96": 0.7162106516208356, "97": 0.7115622073406866, "98": 0.7092628665974772, "99": 0.6872645945814637}, "2": {"0": 0.1752420512617375, "1": 0.27187838746005455, "2": 0.2602067489427278, "3": 0.2709032037028381, "4": 0.27408368749103507, "5": 0.26316775914271323, "6": 0.31741539286885057, "7": 0.2635374472011562, "8": 0.27807247857075224, "9": 0.2084120964116013, "10": 0.2399679326144495, "11": 0.28525204907137425, "12": 0.27811614261956585, "13": 0.3276256453497636, "14": 0.2678740634614276, "15": 0.2746822316995005, "16": 0.24854672918111265, "17": 0.26127922887036703, "18": 0.3455214138723283, "19": 0.28532080176521446, "20": 0.32140372519032856, "21": 0.22044228077728112, "22": 0.34113380624982426, "23": 0.24077145448572299, "24": 0.2716708183511635, "25": 0.29896205232927586, "26": 0.2674872623702421, "27": 0.3045421327783387, "28": 0.2953527418982521, "29": 0.3455214138723283, "30": 0.27654096067678813, "31": 0.27286517414222655, "32": 0.24315512913532208, "33": 0.2748623589527505, "34": 0.2781195997117978, "35": 0.28469170569564906, "36": 0.27531355194782553, "37": 0.2730396179024025, "38": 0.27716204956881263, "39": 0.2710573901528525, "40": 0.2610334761802784, "41": 0.16823722998773363, "42": 0.2587677340350078, "43": 0.2746822316995005, "44": 0.29613632791715727, "45": 0.3045421327783387, "46": 0.2619235505102052, "47": 0.28496957336287404, "48": 0.28013655779730406, "49": 0.2602067489427278, "50": 0.4107018625951643, "51": 0.39266040088260723, "52": 0.29290866575493435, "53": 0.2587677340350078, "54": 0.2867165172677424, "55": 0.2730396179024025, "56": 0.2690372489804887, "57": 0.24353428115251868, "58": 0.27546757324089943, "59": 0.28422336500944345, "60": 0.27811614261956585, "61": 0.2881292255285458, "62": 0.2801912297954998, "63": 0.23726306232240998, "64": 0.2785326712080381, "65": 0.28282253357719545, "66": 0.2925267331025785, "67": 0.2399679326144495, "68": 0.29290866575493435, "69": 0.2710573901528525, "70": 0.2824274066683158, "71": 0.2895596196436629, "72": 0.29155535826849344, "73": 0.2610334761802784, "74": 0.2617973660350467, "75": 0.22068873301154152, "76": 0.2398162586035374, "77": 0.23384702136627109, "78": 0.27873041726932135, "79": 0.2644332549693207, "80": 0.24854672918111265, "81": 0.27001927543295634, "82": 0.2777964412386767, "83": 0.39006827889865203, "84": 0.28422336500944345, "85": 0.27807247857075224, "86": 0.2953527418982521, "87": 0.17306816395857863, "88": 0.2084120964116013, "89": 0.15721662748466034, "90": 0.2895596196436629, "91": 0.3699081293017687, "92": 0.26316775914271323, "93": 0.2716708183511635, "94": 0.28364038730490515, "95": 0.22068873301154152, "96": 0.22044228077728112, "97": 0.28525204907137425, "98": 0.2786448828105331, "99": 0.16432244140526656}, "3": {"0": 0.2934731758851285, "1": 0.30570042785900486, "2": 0.2750336623505945, "3": 0.2806596422383587, "4": 0.272855851517656,