{"0": {"0": 0.6509333532832942, "1": 6.904609047896148e-13, "2": 8.367718336043333e-13, "3": 9.864425676804277e-13, "4": 6.839054957710546e-13, "5": 4.028736573907602e-13, "6": 9.33269694464872e-13, "7": 0.6509333532832497, "8": 0.6509333532832703, "9": 1.1259671632125071e-12, "10": 0.6509333532829502, "11": 0.6509333532833728, "12": 0.6509333532832292, "13": 1.3523544190848946e-12, "14": 6.057016759449087e-13, "15": 7.771639390432566e-13, "16": 9.29154206692373e-13, "17": 0.6509333532831956, "18": 6.79120114021576e-13, "19": 4.932212838402138e-13, "20": 6.403435693146475e-13, "21": 2.661542300528138e-13, "22": 0.6509333532832305, "23": 5.950025014910104e-13, "24": 0.6509333532832292, "25": 0.6509333532831683, "26": 4.285326666914915e-13, "27": 0.6509333532832673, "28": 0.6509333532831371, "29": 0.6509333532829884, "30": 0.6509333532831371, "31": 6.627334659784299e-13, "32": 7.66288160546065e-13, "33": 1.3523544190848946e-12, "34": 0.6509333532832811, "35": 0.6509333532832953, "36": 0.6509333532834729, "37": 0.6509333532832284, "38": 0.6509333532831877, "39": 0.6509333532832143, "40": 8.147160495271673e-13, "41": 0.6509333532833314, "42": 4.3760388203246857e-13, "43": 0.6509333532831787, "44": 0.6509333532831791, "45": 7.552022281268446e-13, "46": 0.6509333532832959, "47": 0.6509333532831973, "48": 4.917508814937171e-13, "49": 0.6509333532832615, "50": 0.6509333532831976, "51": 0.6509333532832644, "52": 0.6509333532833496, "53": 1.7648047252480946e-12, "54": 8.64451126291435e-13, "55": 0.6509333532832959, "56": 2.6255681080372304e-13, "57": 0.6509333532833836, "58": 0.6509333532832942, "59": 8.853364628387827e-13, "60": 4.645771033461865e-13, "61": 7.66288160546065e-13, "62": 0.6509333532831916, "63": 0.6509333532829884, "64": 0.650933353283325, "65": 0.6509333532834056, "66": 0.6509333532832615, "67": 4.028736573907602e-13, "68": 0.6509333532835797, "69": 3.2017178465732376e-13, "70": 0.6509333532833836, "71": 3.173897774822752e-13, "72": 0.6509333532832673, "73": 0.6509333532833004, "74": 6.696417694178778e-13, "75": 0.6509333532833421, "76": 1.6168316214499935e-13, "77": 0.6509333532832731, "78": 2.994094796500856e-13, "79": 5.402436420347833e-13, "80": 1.0804872840695665e-12, "81": 5.988189593001712e-13, "82": 4.4266823141939134e-13, "83": 4.4120118131202366e-13, "84": 3.4653065544222997e-13, "85": 7.727388352448107e-13, "86": 0.6509333532831976, "87": 3.885819695216283e-13, "88": 0.6509333532833076, "89": 0.6509333532833421, "90": 0.6509333532833635, "91": 2.1426633334574575e-13, "92": 0.6509333532833728, "93": 6.434430501934361e-13, "94": 6.434430501934361e-13, "95": 0.6509333532832566, "96": 3.8636941762240537e-13, "97": 0.6509333532832497, "98": 3.1698639880921776e-13, "99": 0.6509333532833477}, "1": {"0": 1.1747859689454145e-11, "1": 2.978858849779109e-11, "2": 1.717336443792752e-11, "3": 2.1741684692439357e-11, "4": 1.5297045521171147e-11, "5": 2.118307581577901e-11, "6": 2.4633393787227928e-11, "7": 1.4436416686193898e-11, "8": 2.050802314548778e-11, "9": 2.463658648409119e-11, "10": 1.6630368635663606e-11, "11": 2.016510236965153e-11, "12": 3.0483919768195806e-11, "13": 8.658833799308937e-12, "14": 2.0402669298711516e-11, "15": 2.2990328638779764e-11, "16": 2.111378211904495e-11, "17": 2.3114763792191494e-11, "18": 1.9861879667173634e-11, "19": 2.966662549126096e-11, "20": 1.4394167172943806e-11, "21": 1.540474624243832e-11, "22": 2.5610682488368153e-11, "23": 2.956312154221318e-11, "24": 3.0220308799276486e-11, "25": 2.8061229518653097e-11, "26": 2.2732706099713166e-11, "27": 2.265559149346656e-11, "28": 1.5241959884097903e-11, "29": 1.915334796070092e-11, "30": 2.0066843745239527e-11, "31": 3.2085644645101165e-11, "32": 1.748301431024214e-11, "33": 2.0066843745239527e-11, "34": 2.3982928768222385e-11, "35": 2.4446966846179594e-11, "36": 1.4962202915445292e-11, "37": 3.742604914820616e-11, "38": 9.97142571303533e-12, "39": 2.508442569137521e-11, "40": 2.5467108252883836e-11, "41": 1.4894294248895545e-11, "42": 2.6745808560693723e-11, "43": 2.2080187536281587e-11, "44": 1.5441368754081164e-11, "45": 1.1529440562501247e-11, "46": 1.2805341244184077e-11, "47": 1.3224250020314037e-11, "48": 1.5042486478216287e-11, "49": 3.568542167551286e-11, "50": 1.636965066489007e-11, "51": 1.483331274563048e-11, "52": 9.106109118302904e-12, "53": 1.9639987144696768e-11, "54": 2.333268396460993e-11, "55": 2.6365942201455332e-11, "56": 2.979128766086619e-11, "57": 2.8061229518653097e-11, "58": 2.2727590644193695e-11, "59": 2.173126195919116e-11, "60": 1.9873797421183972e-11, "61": 1.1825062171579965e-11, "62": 2.0463821367058394e-11, "63": 2.016510236965153e-11, "64": 1.017657496188182e-11, "65": 2.943993381810617e-11, "66": 2.072834242415436e-11, "67": 7.521243239108144e-12, "68": 5.873929844727073e-12, "69": 7.720684377040582e-12, "70": 1.7441193238495377e-11, "71": 1.132779574673328e-11, "72": 1.086563097959558e-11, "73": 2.2907230766727047e-11, "74": 2.050802314548778e-11, "75": 1.9507613813937277e-11, "76": 2.2732706099713166e-11, "77": 1.727009647409067e-11, "78": 1.0231910683529197e-11, "79": 1.1739652791290436e-11, "80": 9.819993572348384e-12, "81": 3.1215894800862993e-11, "82": 1.036417121207718e-11, "83": 2.3114763792191494e-11, "84": 2.07877289511866e-11, "85": 2.085371396658197e-11, "86": 2.463658648409119e-11, "87": 2.4446966846179594e-11, "88": 1.9499973593896203e-11, "89": 8.58668221896376e-12, "90": 2.942271857102401e-11, "91": 1.4484448525592817e-11, "92": 2.085371396658197e-11, "93": 3.2085644645101165e-11, "94": 1.748301431024214e-11, "95": 3.0220308799276486e-11, "96": 1.0556891059522475e-11, "97": 3.742604914820616e-11, "98": 1.9507613813937277e-11, "99": 2.956312154221318e-11}, "2": {"0": 3.626376491119263e-13, "1": 3.88138129386606e-13, "2": 5.995290638017812e-13, "3": 5.241496149687956e-13, "4": 0.755029565792616, "5": 2.6205079726695177e-13, "6": 3.6197773344859986e-13, "7": 3.537595910932883e-13, "8": 2.8358079003662487e-13, "9": 3.4025780622644616e-13, "10": 9.07669939068452e-13, "11": 4.4025570058606516e-13, "12": 0.7550295624119877, "13": 0.7550295564281777, "14": 7.446165630745932e-13, "15": 0.755029570992964, "16": 0.7550295967016645, "17": 6.817547213336581e-13, "18": 2.8011766573827173e-13, "19": 5.934934607287257e-13, "20": 0.755029565792616, "21": 5.743395922980297e-13, "22": 6.572983666274854e-13, "23": 6.800878484342666e-13, "24": 2.689302432782745e-13, "25": 2.267613056250474e-13, "26": 4.187705877339693e-13, "27": 3.1370134714879884e-13, "28": 0.7550295880742205, "29": 0.7550295319448381, "30": 0.7550295624119877, "31": 0.7550295811314309, "32": 0.7550295961234259, "33": 3.116890133714789e-13, "34": 6.035195764476527e-13, "35": 0.755029511615043, "36": 2.845651437651678e-13, "37": 5.250578971010392e-13, "38": 3.1499583679826295e-13, "39": 6.022328921453569e-13, "40": 6.274026942975977e-13, "41": 3.2078359461766256e-13, "42": 2.0353482828907679e-13, "43": 0.7550295522746332, "44": 6.120016840629843e-13, "45": 1.215570966327754e-12, "46": 8.130831248900613e-13, "47": 3.325207072311973e-13, "48": 0.7550295845838171, "49": 8.423161983055419e-13, "50": 3.080507486339111e-13, "51": 7.221553709590918e-13, "52": 4.67119134572621e-13, "53": 6.572983666274854e-13, "54": 2.625289485505196e-13, "55": 2.2012785029303258e-13, "56": 3.1678826682600624e-13, "57": 2.9674673036436285e-13, "58": 2.997645319008906e-13, "59": 6.900829905184056e-13, "60": 0.7550295564281777, "61": 2.837307269434924e-13, "62": 1.741194049052471e-13, "63": 2.0938529386698465e-13, "64": 2.431967553548625e-13, "65": 3.959878984887086e-13, "66": 0.7550295817405756, "67": 6.120016840629843e-13, "68": 0.7550295961234259, "69": 8.008069954170676e-13, "70": 3.531724103671246e-13, "71": 6.810398330965518e-13, "72": 5.837334561014841e-13, "73": 6.900829905184056e-13, "74": 0.7550295325426746, "75": 4.2858156161935923e-13, "76": 6.811513631975794e-13, "77": 2.9186672805074204e-13, "78": 0.7550295799662301, "79": 3.0690365042834023e-13, "80": 6.800878484342666e-13,