{"0": {"0": 0.9499997512359601, "1": 0.9499996055750384, "2": 0.9499996722138079, "3": 0.05000005192866945, "4": 0.05000006449292092, "5": 0.9499996958009846, "6": 0.9499997784948178, "7": 0.05000004486467794, "8": 0.9499997682986583, "9": 0.05000009229968455, "10": 0.050000045988441585, "11": 0.9499998601680288, "12": 0.9499996703421886, "13": 0.9499996723523942, "14": 0.9499996748693711, "15": 0.050000070559254865, "16": 0.9499997512359601, "17": 0.050000052331173675, "18": 0.05000005564391383, "19": 0.9499997118437198, "20": 0.050000071103171215, "21": 0.050000066916380155, "22": 0.050000059992516194, "23": 0.050000094894801506, "24": 0.05000010330092052, "25": 0.9499996703421886, "26": 0.9499998687173571, "27": 0.05000010986538332, "28": 0.9499997034420715, "29": 0.9499996748693711, "30": 0.05000008687057675, "31": 0.05000007434971009, "32": 0.05000009846314288, "33": 0.05000007947549262, "34": 0.050000072977217355, "35": 0.05000010415734858, "36": 0.05000007194109303, "37": 0.05000005849747263, "38": 0.05000009198605999, "39": 0.9499998278726326, "40": 0.0500000798948223, "41": 0.05000009304751744, "42": 0.94999965502306, "43": 0.05000007434971009, "44": 0.050000034114603464, "45": 0.050000061608405796, "46": 0.9499997034420715, "47": 0.05000009133189897, "48": 0.9499996248129412, "49": 0.9499996142384471, "50": 0.05000009124894387, "51": 0.9499997741098667, "52": 0.05000003056709185, "53": 0.9499996780827151, "54": 0.9499998388844901, "55": 0.05000003313820488, "56": 0.05000006796245368, "57": 0.05000008316229807, "58": 0.9499998641139478, "59": 0.9499997001165752, "60": 0.050000070559254865, "61": 0.9499996790271825, "62": 0.9499996612636732, "63": 0.9499997101283999, "64": 0.050000104185091834, "65": 0.9499997682986583, "66": 0.050000101512597345, "67": 0.9499996723523942, "68": 0.9499997921271915, "69": 0.9499997412296174, "70": 0.05000009229968455, "71": 0.05000007633555749, "72": 0.05000003056709185, "73": 0.9499997477378228, "74": 0.9499996727867248, "75": 0.050000072977217355, "76": 0.9499997175060828, "77": 0.9499998299515382, "78": 0.05000005849747263, "79": 0.9499997921271915, "80": 0.9499996142384471, "81": 0.05000007082896202, "82": 0.050000065691103275, "83": 0.050000061608405796, "84": 0.9499996663449006, "85": 0.9499997458079747, "86": 0.05000004923157144, "87": 0.9499997458079747, "88": 0.05000006796245368, "89": 0.9499997101283999, "90": 0.05000009217257835, "91": 0.050000038167778746, "92": 0.05000008681704607, "93": 0.05000010415734858, "94": 0.05000007082896202, "95": 0.9499997477378228, "96": 0.9499996722138079, "97": 0.050000101512597345, "98": 0.94999982751153, "99": 0.050000043408523036}, "1": {"0": 0.949999864377062, "1": 0.05000019128770093, "2": 0.9499999099564608, "3": 0.05000017057308115, "4": 0.05000020323356803, "5": 0.05000020193691778, "6": 0.05000017863916083, "7": 0.9499998744123266, "8": 0.050000218654809435, "9": 0.9499998667896157, "10": 0.9499998803549603, "11": 0.050000207840629834, "12": 0.05000015871807779, "13": 0.9499998441365961, "14": 0.050000143267365016, "15": 0.05000006833060083, "16": 0.050000247727957, "17": 0.050000236397678276, "18": 0.9499998441365961, "19": 0.050000139239667216, "20": 0.050000203777672725, "21": 0.9499998957445229, "22": 0.9499999316548584, "23": 0.05000018851002808, "24": 0.9499999018027179, "25": 0.9499998927861971, "26": 0.9499999323417023, "27": 0.05000021046656997, "28": 0.050000155521329415, "29": 0.05000006881022501, "30": 0.050000193514460174, "31": 0.9499998886617693, "32": 0.9499999362156958, "33": 0.050000182326291255, "34": 0.9499998927861971, "35": 0.050000140418122514, "36": 0.05000021735772034, "37": 0.05000015235162848, "38": 0.05000015850412109, "39": 0.050000211649914625, "40": 0.050000193514460174, "41": 0.9499999456577033, "42": 0.050000247727957, "43": 0.050000113779595026, "44": 0.05000008940055664, "45": 0.05000019209265551, "46": 0.05000021735772034, "47": 0.9499999237593286, "48": 0.9499998937873724, "49": 0.9499998627753159, "50": 0.9499998684042268, "51": 0.9499999244391089, "52": 0.050000144922874315, "53": 0.9499998917467349, "54": 0.05000007163368251, "55": 0.05000014513407895, "56": 0.9499999011097889, "57": 0.050000101888836364, "58": 0.050000150457761204, "59": 0.9499998769419409, "60": 0.9499999011097889, "61": 0.05000020974810112, "62": 0.05000013574644551, "63": 0.05000015235162848, "64": 0.9499999622195544, "65": 0.050000159565368144, "66": 0.949999889963505, "67": 0.9499998974874987, "68": 0.9499998769419409, "69": 0.05000018738289261, "70": 0.05000015393044838, "71": 0.0500001314393038, "72": 0.9499999658274292, "73": 0.9499998917467349, "74": 0.0500000793590389, "75": 0.9499998775405049, "76": 0.9499999099564608, "77": 0.9499998953649509, "78": 0.05000010096845889, "79": 0.050000150457761204, "80": 0.05000020323356803, "81": 0.9499998741173785, "82": 0.05000018032974539, "83": 0.05000010523328499, "84": 0.9499998803549603, "85": 0.9499998775405049, "86": 0.05000015850412109, "87": 0.05000017863916083, "88": 0.0500001672971283, "89": 0.05000015393044838, "90": 0.9499998974874987, "91": 0.050000155521329415, "92": 0.050000144922874315, "93": 0.9499998688958268, "94": 0.0500001314393038, "95": 0.9499998667896157, "96": 0.05000018851002808, "97": 0.05000020974810112, "98": 0.05000013574644551, "99": 0.9499998953649509}, "2": {"0": 0.9499998279686537, "1": 0.9499998605361856, "2": 0.9499998805842245, "3": 0.05000009328263743, "4": 0.05000010043113386, "5": 0.05000010144083936, "6": 0.9499998259386999, "7": 0.05000012176250311, "8": 0.9499998367735817, "9": 0.9499998523909834, "10": 0.9499998546779037, "11": 0.9499998398437947, "12": 0.050000093107927704, "13": 0.9499998811686399, "14": 0.050000125232732985, "15": 0.050000111129745145, "16": 0.05000011836888384, "17": 0.9499998659723228, "18": 0.9499998598470784, "19": 0.05000008896308479, "20": 0.050000083667903934, "21": 0.9499998876339235, "22": 0.05000006574444011, "23": 0.9499998853386361, "24": 0.9499998010640321, "25": 0.9499998714640527, "26": 0.05000004139676595, "27": 0.9499998421620657, "28": 0.05000011004102884, "29": 0.05000013020701019, "30": 0.05000013591759686, "31": 0.9499998546779037, "32": 0.05000005333550224, "33": 0.05000004199942338, "34": 0.050000133062303526, "35": 0.05000008896308479, "36": 0.9499998835908583, "37": 0.9499998641170013, "38": 0.9499998398613738, "39": 0.9499998636175602, "40": 0.9499998049927432, "41": 0.9499998286511562, "42": 0.05000011037870977, "43": 0.050000047588082144, "44": 0.05000008039734427, "45": 0.05000006064178007, "46": 0.9499998281564708, "47": 0.050000120532704605, "48": 0.9499999139843268, "49": 0.05000011836888384, "50": 0.949999822459624, "51": 0.9499998216765873, "52": 0.9499998273109669, "53": 0.9499999042926193, "54": 0.9499998246093951, "55": 0.9499997965306014, "56": 0.05000009912963489, "57": 0.9499998049927432, "58": 0.9499998224174306, "59": 0.9499998830195169, "60": 0.9499999244525829, "61": 0.9499999405843199, "62": 0.9499998759106673, "63": 0.0500001025664281, "64": 0.9499998259386999, "65": 0.9499998678276441, "66": 0.9499998573053169, "67": 0.9499999199306869, "68": 0.05000003785184802, "69": 0.05000005666837563, "70": 0.05000008492698984, "71": 0.9499998835908583, "72": 0.9499998805842245, "73": 0.050000117350691986, "74": 0.05000010144083936, "75": 0.9499999129853887, "76": 0.9499998853386361, "77": 0.05000010824485299, "78": 0.050000083667903934, "79": 0.05000009912963489, "80": 0.050000125232732985, "81": 0.05000008634092333, "82": 0.050000117350691986, "83": 0.9499998982653006, "84": 0.05000003018177734, "85": 0.9499998398437947, "86": 0.050000120532704605, "87": 0.9499999151082328, "88": 0.9499998200630548, "89": 0.9499999318087801, "90": 0.05000008039734427, "91": 0.949999864034702, "92": 0.9499998511796612, "93": 0.9499998759106673, "94": 0.9499998273109669, "95": 0.05000004664131871, "96": 0.949999864034702, "97": 0.9499998830195169, "98": 0.05000008634092333, "99": 0.9499998511796612},