{"0": {"0": 0.343715695886875, "1": 0.949993989872417, "2": 0.49993024724065893, "3": 0.9499923996058595, "4": 0.5680716870863525, "5": 0.05000800663645699, "6": 0.05000732077935369, "7": 0.05000659209298673, "8": 0.6833284877047185, "9": 0.744345833215331, "10": 0.05000479661389369, "11": 0.4871132228937005, "12": 0.46020377532853485, "13": 0.050006042139602566, "14": 0.6898326561534609, "15": 0.9499930534553656, "16": 0.744345833215331, "17": 0.3897061154496618, "18": 0.7090499613003219, "19": 0.5652531049782614, "20": 0.9499922704686243, "21": 0.3897061154496618, "22": 0.9499960179654733, "23": 0.050007378849167325, "24": 0.949994641738499, "25": 0.05000566953654867, "26": 0.05000770277985534, "27": 0.26542197677208756, "28": 0.9499935824500282, "29": 0.26542197677208756, "30": 0.05000734661976789, "31": 0.38296803578086613, "32": 0.050005139898057424, "33": 0.050006070406802675, "34": 0.6577524722372688, "35": 0.050002899006595256, "36": 0.5680716870863525, "37": 0.9499968321303474, "38": 0.744345833215331, "39": 0.9499925419990117, "40": 0.744345833215331, "41": 0.050004118219163424, "42": 0.05000294733795146, "43": 0.4516539256688795, "44": 0.05000479661389369, "45": 0.949992103633577, "46": 0.7090499613003219, "47": 0.9499925419990117, "48": 0.38460375125329793, "49": 0.6308338456334963, "50": 0.6308338456334963, "51": 0.0500065769274236, "52": 0.9499927512888742, "53": 0.9499928129330732, "54": 0.6577524722372688, "55": 0.9499932077747846, "56": 0.050004782028612624, "57": 0.3631786918539531, "58": 0.38460375125329793, "59": 0.5652531049782614, "60": 0.4148384923760782, "61": 0.9499923498887267, "62": 0.05000728951007055, "63": 0.395764713330988, "64": 0.9499926485359014, "65": 0.9499964487329715, "66": 0.6898326561534609, "67": 0.05000188302201737, "68": 0.46010240758080445, "69": 0.343715695886875, "70": 0.05000337553093882, "71": 0.4516539256688795, "72": 0.0500067287874998, "73": 0.3631786918539531, "74": 0.9499924793779618, "75": 0.744345833215331, "76": 0.05000555047914605, "77": 0.744345833215331, "78": 0.05000555047914605, "79": 0.0500066528574617, "80": 0.4871132228937005, "81": 0.4148384923760782, "82": 0.47809739970408516, "83": 0.9499922267611518, "84": 0.050006042139602566, "85": 0.395764713330988, "86": 0.050007378849167325, "87": 0.949994641738499, "88": 0.26542197677208756, "89": 0.9499932077747846, "90": 0.49993024724065893, "91": 0.47809739970408516, "92": 0.05000770277985534, "93": 0.05000239101430631, "94": 0.46010240758080445, "95": 0.05000659209298673, "96": 0.38296803578086613, "97": 0.9499924793779618, "98": 0.6833284877047185, "99": 0.949993989872417}, "1": {"0": 0.4324003654260614, "1": 0.050008136991713636, "2": 0.9499995382851301, "3": 0.05000838949040258, "4": 0.9499991616172474, "5": 0.05000942318315847, "6": 0.05000988273950345, "7": 0.05000582880305762, "8": 0.5497915369920473, "9": 0.6084469487253654, "10": 0.46096773442017075, "11": 0.6714256040026394, "12": 0.48127804479941694, "13": 0.05000616736946023, "14": 0.5276944195973059, "15": 0.9499992740463021, "16": 0.9499988324998253, "17": 0.949999637023151, "18": 0.9499987981025259, "19": 0.4897745476725526, "20": 0.6822713461076699, "21": 0.6822713461076699, "22": 0.39471731800565457, "23": 0.31453945910297776, "24": 0.05000964604309631, "25": 0.4324000994658603, "26": 0.3354766049818245, "27": 0.9499990249194133, "28": 0.05001016852309967, "29": 0.29421951637660326, "30": 0.5110117991131309, "31": 0.6084469487253654, "32": 0.6822713461076699, "33": 0.05000908095325867, "34": 0.9499991476820598, "35": 0.5276944195973059, "36": 0.2823057943045384, "37": 0.05000855294424071, "38": 0.4826597679827509, "39": 0.46096773442017075, "40": 0.48133437719714944, "41": 0.7381698830449748, "42": 0.432400150218175, "43": 0.6714256040026394, "44": 0.3354766049818245, "45": 0.949999289954738, "46": 0.05000537077723828, "47": 0.9499996849907613, "48": 0.6820096274440995, "49": 0.2823057943045384, "50": 0.29421951637660326, "51": 0.4897745476725526, "52": 0.505232915005601, "53": 0.05000565475954507, "54": 0.432400150218175, "55": 0.5276944195973059, "56": 0.9499997010724344, "57": 0.45218669518195515, "58": 0.05000564312216739, "59": 0.9499991544503935, "60": 0.39471731800565457, "61": 0.4826597679827509, "62": 0.05000537077723828, "63": 0.9499990158349734, "64": 0.9499992089899211, "65": 0.45218669518195515, "66": 0.05000599557078113, "67": 0.6084469487253654, "68": 0.05000633916813933, "69": 0.7381698830449748, "70": 0.43804139778621526, "71": 0.6822713461076699, "72": 0.9499993710367605, "73": 0.9499988324998253, "74": 0.6820096274440995, "75": 0.050002821561083696, "76": 0.9499992238035103, "77": 0.6084469487253654, "78": 0.31453945910297776, "79": 0.05000955527735365, "80": 0.5276944195973059, "81": 0.9499996119017551, "82": 0.43804139778621526, "83": 0.39471731800565457, "84": 0.05000846838839919, "85": 0.48127804479941694, "86": 0.9499996033216586, "87": 0.5110117991131309, "88": 0.05000406849585682, "89": 0.949999289954738, "90": 0.9499991476820598, "91": 0.505232915005601, "92": 0.5497915369920473, "93": 0.05000908095325867, "94": 0.05000846838839919, "95": 0.05000616736946023, "96": 0.9499991544503935, "97": 0.05000721239844844, "98": 0.2823057943045384, "99": 0.05000582880305762}, "2": {"0": 0.37924375810778227, "1": 0.6329057845504023, "2": 0.36197367757262733, "3": 0.050001851821189575, "4": 0.41932365074563815, "5": 0.44763323223202434, "6": 0.050002114419189, "7": 0.05000224482578111, "8": 0.3531105534589515, "9": 0.0500023392330501, "10": 0.3723731638467255, "11": 0.9499934240526797, "12": 0.05000200803562904, "13": 0.6797994503265821, "14": 0.05000216288239441, "15": 0.4733111538066408, "16": 0.46907241272242817, "17": 0.4733111538066408, "18": 0.05000195218664946, "19": 0.37924375810778227, "20": 0.41932365074563815, "21": 0.9499887166955272, "22": 0.36763249703090695, "23": 0.9499891077164374, "24": 0.949988155247165, "25": 0.9499907504714151, "26": 0.6797994503265821, "27": 0.9499948831128195, "28": 0.050002114419189, "29": 0.9499890252830674, "30": 0.42072409970067587, "31": 0.05000173131094031, "32": 0.36197367757262733, "33": 0.6795706014898497, "34": 0.548181130159421, "35": 0.05000157590002233, "36": 0.6046539070820864, "37": 0.050001851821189575, "38": 0.548181130159421, "39": 0.9499904862187841, "40": 0.9499899068907133, "41": 0.05000210552666676, "42": 0.9499949671964396, "43": 0.9499887214099806, "44": 0.36763249703090695, "45": 0.2519076022017249, "46": 0.949995400285961, "47": 0.05000223420006082, "48": 0.6046539070820864, "49": 0.3723731638467255, "50": 0.39463311657730754, "51": 0.9499897464101851, "52": 0.050001982755500565, "53": 0.05000195218664946, "54": 0.35888460967543967, "55": 0.3679314886511378, "56": 0.3127699814560577, "57": 0.949995400285961, "58": 0.6960817493108978, "59": 0.9499952485889058, "60": 0.42072409970067587, "61": 0.9499891077164374, "62": 0.358889132468847, "63": 0.6046539070820864, "64": 0.46907241272227695, "65": 0.9499907868620732, "66": 0.6783940744161783, "67": 0.949988155247165, "68": 0.9499907798754778, "69": 0.5317372090486452, "70": 0.39463311657730754, "71": 0.5317372090486452, "72": 0.6789541527243997, "73": 0.9499907504714151, "74": 0.6789541527243997, "75": 0.4468227518803737, "76": 0.4468227518803737, "77": 0.3127699814560577, "78": 0.2519076022017249, "79": 0.9499885892916544, "80": 0.9499949534453567, "81": 0.05000216288239441, "82": 0.6789541527243997, "83": 0.35888460967543967, "84": 0.6789541527243997, "85": 0.6605363597946676, "86": 0.9499890252830674, "87": 0.6960817493108978, "88": 0.46907241272242817, "89": 0.6795706014898497, "90": 0.05000224482578111, "91": 0.9499907798754778, "92": 0.4733111538066408, "93": 0.3531105534589515, "94": 0.9499942946458272, "95": 0.9499904862187841, "96": 0.6329057845504023, "97": 0.3679314886511378, "98": 0.05000210552666676, "99": 0.6605363597946676}, "3": {"0": 0.050002440139523416, "1": 0.9499985317229527, "2": 0.9499984910678035, "3": 0.9499985511554168,