{"0": {"0": 0.5000057160027119, "1": 0.050002264652921666, "2": 0.5000107004582125, "3": 0.5000075344067283, "4": 0.9499944564143549, "5": 0.05000298713880705, "6": 0.5000112099599638, "7": 0.5000106623096086, "8": 0.9499951574868346, "9": 0.5000081842798174, "10": 0.9499943825436556, "11": 0.05000349735937061, "12": 0.0500024881455064, "13": 0.5000053418591276, "14": 0.5000113110684932, "15": 0.5000082186181553, "16": 0.9499941214136034, "17": 0.949993966859135, "18": 0.9499943928515006, "19": 0.5000110270706907, "20": 0.05000345182402257, "21": 0.5000119460887569, "22": 0.5000048969478808, "23": 0.9499959268009355, "24": 0.9499954705409288, "25": 0.05000218495055033, "26": 0.9499956325252914, "27": 0.0500016152987201, "28": 0.5000082608285831, "29": 0.5000092982469428, "30": 0.5000104596377004, "31": 0.5000093320201813, "32": 0.5000105418809437, "33": 0.9499944037172285, "34": 0.5000081842798174, "35": 0.5000075252477474, "36": 0.05000178902757702, "37": 0.5000073022528246, "38": 0.5000103117759742, "39": 0.050003298638312405, "40": 0.9499940431794717, "41": 0.5000099537867966, "42": 0.5000110356819465, "43": 0.9499944037172285, "44": 0.500010083879324, "45": 0.5000036511264123, "46": 0.5000075362850412, "47": 0.5000104207786655, "48": 0.05000209230966892, "49": 0.05000299043206265, "50": 0.5000095913972552, "51": 0.9499949396695508, "52": 0.500005325369418, "53": 0.05000300125214831, "54": 0.5000102171895359, "55": 0.5000075252477474, "56": 0.5000093969849044, "57": 0.5000041093090777, "58": 0.9499952869157493, "59": 0.5000041128958681, "60": 0.9499942112029032, "61": 0.05000221491616632, "62": 0.5000102171895359, "63": 0.05000231125253845, "64": 0.500011252299115, "65": 0.05000298713880705, "66": 0.05000249551603079, "67": 0.9499950241072694, "68": 0.050002753197730385, "69": 0.9499949396695508, "70": 0.5000052107261395, "71": 0.5000041304142915, "72": 0.5000105418809437, "73": 0.050002264652921666, "74": 0.05000213555662773, "75": 0.5000099562205366, "76": 0.050002315536329264, "77": 0.5000096766027204, "78": 0.5000104207786655, "79": 0.5000071499804059, "80": 0.050002315536329264, "81": 0.5000093766500572, "82": 0.5000093766500572, "83": 0.500011252299115, "84": 0.5000096766027204, "85": 0.9499978536309243, "86": 0.5000047956986275, "87": 0.050003298638312405, "88": 0.9499951574868346, "89": 0.9499944037172285, "90": 0.05000218495055033, "91": 0.9499956325252914, "92": 0.050002435939652534, "93": 0.5000071499804059, "94": 0.05000209230966892, "95": 0.9499950241072694, "96": 0.9499976434578746, "97": 0.05000110745808316, "98": 0.05000300125214831, "99": 0.9499942112029032}, "1": {"0": 0.05001562894042797, "1": 0.4998843645745691, "2": 0.4999497388226919, "3": 0.49987632335761434, "4": 0.4999570233961013, "5": 0.49991165249005226, "6": 0.49994125096719044, "7": 0.05001689365973641, "8": 0.499953127759612, "9": 0.9499943452980226, "10": 0.9499979919944564, "11": 0.9499945893377275, "12": 0.499966126899112, "13": 0.9499960624377207, "14": 0.050012930203794145, "15": 0.49997866111170675, "16": 0.4999729282291567, "17": 0.4999587931360003, "18": 0.49993678793323704, "19": 0.9499949217812313, "20": 0.4999649437951558, "21": 0.4999733195627585, "22": 0.4999768099855596, "23": 0.9499960327784271, "24": 0.050015306596773244, "25": 0.4999102290312358, "26": 0.9499950363588762, "27": 0.4997760375939997, "28": 0.49977442394381577, "29": 0.49994290747931225, "30": 0.4998618602949497, "31": 0.4999737210139701, "32": 0.9499957813052002, "33": 0.9499966500609607, "34": 0.4999527931722184, "35": 0.499722744629911, "36": 0.49997161905871484, "37": 0.49917279750170085, "38": 0.9499958886501942, "39": 0.49989782307870023, "40": 0.4998638920747424, "41": 0.4999587931360003, "42": 0.499893727762942, "43": 0.9499946923541861, "44": 0.4997177051103372, "45": 0.499722744629911, "46": 0.05001431436735194, "47": 0.49993816167880717, "48": 0.9499957334029774, "49": 0.050015070662409955, "50": 0.050015070662409955, "51": 0.49987242217201255, "52": 0.4999733195627585, "53": 0.9499960327784271, "54": 0.49998922250882377, "55": 0.49965326276703353, "56": 0.05001446803119029, "57": 0.4998578374555031, "58": 0.4999535305230527, "59": 0.49989149986861425, "60": 0.9499960946973272, "61": 0.49991831762112715, "62": 0.49988547500864317, "63": 0.050006342357971474, "64": 0.49996916820903936, "65": 0.49998580952935745, "66": 0.9499950265368025, "67": 0.05001431436735194, "68": 0.49993093014747486, "69": 0.49992758602302123, "70": 0.050016692138200466, "71": 0.4999546783840394, "72": 0.49992758602302123, "73": 0.4995698305159533, "74": 0.9499963894644272, "75": 0.4998792071129058, "76": 0.9499966500609607, "77": 0.9499946923541861, "78": 0.05001446803119029, "79": 0.4999668635302057, "80": 0.9499956407172406, "81": 0.4999394859943761, "82": 0.4999546783840394, "83": 0.949998068291574, "84": 0.9499944248203558, "85": 0.9499960946973272, "86": 0.4999395402247223, "87": 0.49965326276703353, "88": 0.050016692138200466, "89": 0.9499958886501942, "90": 0.49987242217201255, "91": 0.9499943452980226, "92": 0.49988547500864317, "93": 0.4999845841045197, "94": 0.49978491525797664, "95": 0.4999457499343071, "96": 0.05001689365973641, "97": 0.499976563879806, "98": 0.9499949217812313, "99": 0.9499950363588762}, "2": {"0": 0.4999963884923908, "1": 0.050024938692232124, "2": 0.4999968480072454, "3": 0.4999970699445314, "4": 0.49999662142005785, "5": 0.4999967111227568, "6": 0.05004611767388263, "7": 0.050016310141046835, "8": 0.49999639547112296, "9": 0.05002743137443874, "10": 0.4999965893177565, "11": 0.49999841031592995, "12": 0.4999975182896613, "13": 0.4999973523153878, "14": 0.4999974282325975, "15": 0.4999964119978899, "16": 0.9499930919532826, "17": 0.05002730574011173, "18": 0.050041931219168535, "19": 0.4999966019582166, "20": 0.949992750280356, "21": 0.9499902711155161, "22": 0.49999675991092674, "23": 0.49999752395933, "24": 0.49999742773280004, "25": 0.499996521574553, "26": 0.9499930241176557, "27": 0.050022666177127084, "28": 0.49999753835810634, "29": 0.4999968324950703, "30": 0.05002224246678382, "31": 0.9499904449501164, "32": 0.49999745673954143, "33": 0.9499883436840688, "34": 0.4999974282325975, "35": 0.050021654439791764, "36": 0.050027372154497235, "37": 0.4999976944666985, "38": 0.49999657420165877, "39": 0.9499919994366728, "40": 0.9499935995229288, "41": 0.05002378972070928, "42": 0.05003152150825466, "43": 0.05003118926722226, "44": 0.9499958590930334, "45": 0.4999969380349323, "46": 0.49999667599508535, "47": 0.05002356299615428, "48": 0.4999968838232579, "49": 0.49999708067927573, "50": 0.9499956301014748, "51": 0.49999674982529674, "52": 0.49999762135223613, "53": 0.49999712573808475, "54": 0.49999769963274004, "55": 0.05004611767388263, "56": 0.4999966929498967, "57": 0.9499952224750582, "58": 0.9499909448732189, "59": 0.9499925671134904, "60": 0.4999984730945971, "61": 0.05000870521605395, "62": 0.49999699597812797, "63": 0.4999968480072454, "64": 0.9499914971732456, "65": 0.9499954633791025, "66": 0.4999964119978899, "67": 0.4999967098666871, "68": 0.49999649819048786, "69": 0.05001775962763474, "70": 0.9499907656592329, "71": 0.9499912787530645, "72": 0.05003152150825466, "73": 0.499998229089552, "74": 0.9499953828296164, "75": 0.49999685485166, "76": 0.49999769963274004, "77": 0.4999968324950703, "78": 0.4999973624362222, "79": 0.49999762135223613, "80": 0.49999751696664085, "81": 0.949992750280356, "82": 0.49999708067927573, "83": 0.4999965317353874, "84": 0.4999973624362222, "85": 0.0500119562591152, "86": 0.4999973523153878, "87": 0.4999983923305059, "88": 0.9499914971732456, "89": 0.4999975182896613, "90": 0.05001775962763474, "91": 0.4999968838232579, "92": 0.9499954724366094, "93": 0.49999712573808475, "94": 0.49999657420165877, "95": 0.05001953243594984, "96": 0.4999983555613784, "97": 0.05001953243594984, "98": 0.49999649819048786, "99": 0.49999662142005785}, "3": {"0": 0.05000494486116127, "1": 0.050004878468605116, "2": 0.050004637174614494,