{"0": {"0": 0.49999999795828853, "1": 0.4999999985959314, "2": 0.4999999983953942, "3": 0.49999999828982716, "4": 0.49999999901652437, "5": 0.4999999979996528, "6": 0.4999999985360891, "7": 0.49999999883976476, "8": 0.4999999983838946, "9": 0.4999999984389778, "10": 0.4999999985360891, "11": 0.4999999986152943, "12": 0.4999999978772297, "13": 0.49999999919744276, "14": 0.49999999805277007, "15": 0.4999999984537621, "16": 0.4999999983900585, "17": 0.4999999986039436, "18": 0.4999999978839679, "19": 0.49999999850085197, "20": 0.49999999861626887, "21": 0.4999999980322814, "22": 0.4999999983328085, "23": 0.4999999979628376, "24": 0.49999999860586314, "25": 0.4999999982582558, "26": 0.49999999860707045, "27": 0.4999999984485995, "28": 0.4999999989418486, "29": 0.4999999982558163, "30": 0.4999999989248539, "31": 0.49999999918628, "32": 0.4999999994946288, "33": 0.4999999979957618, "34": 0.4999999983447426, "35": 0.4999999983503593, "36": 0.49999999864488776, "37": 0.49999999816148616, "38": 0.4999999979621306, "39": 0.49999999873221823, "40": 0.4999999981946356, "41": 0.4999999984620703, "42": 0.49999999802735545, "43": 0.4999999991751797, "44": 0.49999999881757184, "45": 0.49999999877881673, "46": 0.4999999992065056, "47": 0.4999999987656243, "48": 0.4999999985904457, "49": 0.49999999832412445, "50": 0.4999999992194889, "51": 0.499999998948209, "52": 0.4999999981946356, "53": 0.49999999850085197, "54": 0.49999999852347177, "55": 0.49999999802735545, "56": 0.49999999865634837, "57": 0.4999999987234617, "58": 0.4999999985904457, "59": 0.4999999986039436, "60": 0.4999999989743754, "61": 0.49999999852347177, "62": 0.4999999986593838, "63": 0.4999999987570793, "64": 0.07331723301580925, "65": 0.4999999984620703, "66": 0.07331723301580925, "67": 0.4999999989418486, "68": 0.49999999823866237, "69": 0.4999999984436647, "70": 0.4999999994087859, "71": 0.4999999994071265, "72": 0.4999999979621306, "73": 0.499999998688553, "74": 0.9947274631639139, "75": 0.4999999992675852, "76": 0.4999999984047684, "77": 0.4999999986707919, "78": 0.4999999989530248, "79": 0.4999999986152943, "80": 0.4999999993281742, "81": 0.4999999982191731, "82": 0.4999999993442765, "83": 0.4999999983838946, "84": 0.49999999904946435, "85": 0.4999999985707615, "86": 0.49999999936173084, "87": 0.49999999919502924, "88": 0.4999999986042576, "89": 0.49999999930813444, "90": 0.4999999984485995, "91": 0.4999999993021288, "92": 0.49999999893861485, "93": 0.4999999990807431, "94": 0.4999999982558163, "95": 0.4999999995724142, "96": 0.4999999991723713, "97": 0.4999999983328085, "98": 0.49999999795828853, "99": 0.4999999989784637}, "1": {"0": 0.5000000040664989, "1": 0.5000000053623785, "2": 0.5000000062124879, "3": 0.5000000072647649, "4": 0.5000000038324663, "5": 0.5000000035494299, "6": 0.5000000064040884, "7": 0.5000000026778655, "8": 0.5000000050935405, "9": 0.500000003412696, "10": 0.5000000055095521, "11": 0.5000000056060661, "12": 0.5000000053404079, "13": 0.9909411965726813, "14": 0.5000000053816782, "15": 0.5000000035817678, "16": 0.5000000065582781, "17": 0.5000000023973228, "18": 0.5000000054082878, "19": 0.5000000035690917, "20": 0.5000000061640015, "21": 0.5000000041593742, "22": 0.5000000037985297, "23": 0.5000000072474983, "24": 0.5000000063952896, "25": 0.5000000047786662, "26": 0.5000000027750636, "27": 0.5000000061640015, "28": 0.5000000020796871, "29": 0.5000000030967311, "30": 0.5000000058918106, "31": 0.5000000041504009, "32": 0.5000000048501146, "33": 0.5000000049265643, "34": 0.5000000026811893, "35": 0.5000000020412163, "36": 0.5000000055911265, "37": 0.5000000043400037, "38": 0.5000000035297703, "39": 0.5000000053420242, "40": 0.5000000027606839, "41": 0.5000000050063202, "42": 0.5000000028203702, "43": 0.5000000048047573, "44": 0.5000000054163578, "45": 0.5000000041216439, "46": 0.500000005809984, "47": 0.5000000033397201, "48": 0.5000000033669266, "49": 0.5000000027465143, "50": 0.5000000068974604, "51": 0.5000000039042503, "52": 0.5000000053404079, "53": 0.5000000025619973, "54": 0.5000000018343758, "55": 0.5000000054067897, "56": 0.5000000054163578, "57": 0.5000000040323592, "58": 0.5000000028701302, "59": 0.5000000063311074, "60": 0.5000000037873181, "61": 0.5000000035388281, "62": 0.5000000029025173, "63": 0.5000000049139373, "64": 0.5000000039360197, "65": 0.5000000035690917, "66": 0.5000000015483655, "67": 0.5000000049989541, "68": 0.5000000056060661, "69": 0.5000000041644762, "70": 0.5000000040664989, "71": 0.5000000052772586, "72": 0.5000000028755701, "73": 0.5000000060379064, "74": 0.500000004300821, "75": 0.5000000040323592, "76": 0.5000000039360197, "77": 0.5000000025838247, "78": 0.5000000053452256, "79": 0.5000000019521251, "80": 0.5000000039161095, "81": 0.5000000057898977, "82": 0.5000000053420242, "83": 0.5000000024023786, "84": 0.5000000049770079, "85": 0.500000001893659, "86": 0.5000000063952896, "87": 0.5000000024569686, "88": 0.5000000055911265, "89": 0.5000000027547761, "90": 0.5000000018992649, "91": 0.5000000045106321, "92": 0.5000000032020442, "93": 0.5000000057898977, "94": 0.5000000028970721, "95": 0.5000000021504105, "96": 0.5000000041644762, "97": 0.5000000028970721, "98": 0.5000000012809986, "99": 0.5000000012919124}, "2": {"0": 0.49999999910523696, "1": 0.4999999980243697, "2": 0.4999999990433889, "3": 0.4999999977233599, "4": 0.4999999974463408, "5": 0.4999999976898202, "6": 0.4999999973032075, "7": 0.49999999752000734, "8": 0.49999999767324843, "9": 0.49999999759620517, "10": 0.4999999988306987, "11": 0.49999999788048, "12": 0.4999999976099586, "13": 0.49999999870699896, "14": 0.4999999974849333, "15": 0.4999999981321889, "16": 0.4999999981134006, "17": 0.49999999904061126, "18": 0.4999999978242208, "19": 0.49999999802538286, "20": 0.499999997477505, "21": 0.4999999977790898, "22": 0.49999999851844373, "23": 0.49999999804861295, "24": 0.49999999751872626, "25": 0.4999999977599545, "26": 0.4999999976897251, "27": 0.49999999764645, "28": 0.49999999783986493, "29": 0.49999999744634227, "30": 0.49999999714380816, "31": 0.49999999819386076, "32": 0.4999999979451357, "33": 0.4999999978222317, "34": 0.49999999883610236, "35": 0.49999999744634227, "36": 0.49999999791845967, "37": 0.4999999984083479, "38": 0.49999999840664133, "39": 0.49999999759773284, "40": 0.49999999755188784, "41": 0.499999997831633, "42": 0.49999999776246506, "43": 0.49999999772591175, "44": 0.4999999987619811, "45": 0.49999999767324843, "46": 0.49999999718325466, "47": 0.4999999974059497, "48": 0.49999999755188784, "49": 0.4999999986516037, "50": 0.49999999798503947, "51": 0.4999999976383388, "52": 0.499999997477505, "53": 0.4999999978720692, "54": 0.49999999887997726, "55": 0.49999999750145063, "56": 0.4999999976753551, "57": 0.4999999990243065, "58": 0.49999999883441504, "59": 0.49999999920332067, "60": 0.49999999834344544, "61": 0.49999999783986493, "62": 0.49999999750158275, "63": 0.49999999914908294, "64": 0.4999999978222317, "65": 0.4999999991431372, "66": 0.49999999865031985, "67": 0.499999997801144, "68": 0.49999999791063754, "69": 0.4999999978242208, "70": 0.4999999979451357, "71": 0.49999999874246664, "72": 0.49999999920417393, "73": 0.4999999984972604, "74": 0.49999999870699896, "75": 0.4999999982210104, "76": 0.4999999973306309, "77": 0.4999999986653154, "78": 0.4999999980243697, "79": 0.49999999834344544, "80": 0.4999999992148476, "81": 0.4999999976887339, "82": 0.49999999798503947, "83": 0.499999998190503, "84": 0.4999999988629559, "85": 0.4999999976383388, "86": 0.4999999987231704, "87": 0.4999999977525998, "88": 0.49999999802538286, "89": 0.4999999976887339, "90": 0.49999999819386076, "91": 0.49999999796492817, "92": 0.49999999886167995, "93": 0.4999999976282043, "94": 0.4999999993251599, "95": 0.499999998190503, "96": 0.49999999792460736, "97": 0.05896578876150427, "98": 0.49999999895922986, "99": 0.4999999989623037}, "3": {"0": 0.49999999928794514, "1": 0.49999999933184536, "2": 0.008096837164925264, "3": 0.4999999991640257, "4": 0.49999999927837574,