{"0": {"0": 0.05000000000287881, "1": 0.49999999999815925, "2": 0.9499999999951847, "3": 0.4999999999955531, "4": 0.49999999999826056, "5": 0.49999999999630684, "6": 0.4999999999969333, "7": 0.4999999999971453, "8": 0.49999999999724953, "9": 0.49999999999839495, "10": 0.49999999999756173, "11": 0.4999999999982929, "12": 0.49999999999768663, "13": 0.4999999999979029, "14": 0.49999999999711153, "15": 0.4999999999972742, "16": 0.49999999999733946, "17": 0.4999999999984207, "18": 0.05000000000132144, "19": 0.4999999999982563, "20": 0.9499999999886825, "21": 0.05000000000480839, "22": 0.4999999999967786, "23": 0.4999999999991518, "24": 0.49999999999659483, "25": 0.4999999999981925, "26": 0.9499999999884976, "27": 0.4999999999970898, "28": 0.4999999999983987, "29": 0.49999999999648653, "30": 0.9499999999940547, "31": 0.949999999995318, "32": 0.4999999999972391, "33": 0.4999999999957915, "34": 0.9499999999896286, "35": 0.4999999999975125, "36": 0.4999999999981814, "37": 0.9499999999948143, "38": 0.4999999999985449, "39": 0.4999999999962859, "40": 0.9499999999940567, "41": 0.4999999999961524, "42": 0.4999999999971685, "43": 0.4999999999960857, "44": 0.4999999999964544, "45": 0.050000000002768566, "46": 0.05000000000367589, "47": 0.49999999999593414, "48": 0.49999999999739286, "49": 0.4999999999973159, "50": 0.4999999999965664, "51": 0.0500000000024042, "52": 0.4999999999972391, "53": 0.4999999999955531, "54": 0.4999999999984256, "55": 0.49999999999878086, "56": 0.4999999999957915, "57": 0.499999999997822, "58": 0.9499999999943411, "59": 0.9499999999901934, "60": 0.4999999999970193, "61": 0.4999999999981054, "62": 0.49999999999729494, "63": 0.49999999999855577, "64": 0.4999999999981925, "65": 0.49999999999850625, "66": 0.49999999999864747, "67": 0.4999999999969333, "68": 0.4999999999981534, "69": 0.9499999999942488, "70": 0.4999999999977355, "71": 0.49999999999886774, "72": 0.49999999999857264, "73": 0.9499999999970283, "74": 0.05000000000267048, "75": 0.949999999993383, "76": 0.49999999999865796, "77": 0.050000000002768566, "78": 0.050000000001626965, "79": 0.05000000000402753, "80": 0.4999999999972339, "81": 0.05000000000402753, "82": 0.49999999999869643, "83": 0.050000000001534574, "84": 0.4999999999981054, "85": 0.49999999999850625, "86": 0.4999999999980762, "87": 0.05000000000297398, "88": 0.05000000000325392, "89": 0.9499999999908371, "90": 0.4999999999979696, "91": 0.4999999999979029, "92": 0.49999999999655387, "93": 0.05000000000077133, "94": 0.4999999999982272, "95": 0.9499999999970273, "96": 0.49999999999861694, "97": 0.05000000000183795, "98": 0.9499999999950967, "99": 0.05000000000267048}, "1": {"0": 0.9499999999967421, "1": 0.5000000000299021, "2": 0.05000000000294991, "3": 0.05000000000416562, "4": 0.5000000000313598, "5": 0.5000000000267951, "6": 0.5000000000372489, "7": 0.05000000000233093, "8": 0.500000000028842, "9": 0.5000000000324711, "10": 0.5000000000379908, "11": 0.9499999999974046, "12": 0.05000000000275422, "13": 0.5000000000408527, "14": 0.5000000000216107, "15": 0.050000000002324935, "16": 0.5000000000189249, "17": 0.05000000000406356, "18": 0.5000000000376089, "19": 0.050000000003015625, "20": 0.5000000000169291, "21": 0.5000000000183606, "22": 0.5000000000214181, "23": 0.5000000000357342, "24": 0.05000000000254967, "25": 0.05000000000116247, "26": 0.5000000000141673, "27": 0.5000000000330436, "28": 0.5000000000080052, "29": 0.05000000000448837, "30": 0.5000000000233232, "31": 0.5000000000155269, "32": 0.5000000000300484, "33": 0.05000000000330597, "34": 0.5000000000340644, "35": 0.05000000000257143, "36": 0.5000000000293969, "37": 0.5000000000302818, "38": 0.5000000000189249, "39": 0.05000000000374165, "40": 0.5000000000324946, "41": 0.05000000000250396, "42": 0.5000000000238423, "43": 0.5000000000342879, "44": 0.050000000002987904, "45": 0.5000000000133975, "46": 0.500000000027554, "47": 0.5000000000187013, "48": 0.5000000000340644, "49": 0.5000000000422608, "50": 0.050000000002908856, "51": 0.5000000000324711, "52": 0.5000000000290917, "53": 0.050000000001747195, "54": 0.5000000000170699, "55": 0.05000000000380952, "56": 0.5000000000360314, "57": 0.5000000000174946, "58": 0.5000000000290917, "59": 0.5000000000234841, "60": 0.9499999999982411, "61": 0.5000000000375703, "62": 0.5000000000202582, "63": 0.050000000002908856, "64": 0.9499999999963973, "65": 0.050000000001493954, "66": 0.500000000012745, "67": 0.5000000000180157, "68": 0.5000000000306678, "69": 0.05000000000374165, "70": 0.050000000001596476, "71": 0.5000000000299021, "72": 0.5000000000222757, "73": 0.500000000027554, "74": 0.500000000011742, "75": 0.5000000000187013, "76": 0.9499999999963973, "77": 0.05000000000128572, "78": 0.500000000008535, "79": 0.05000000000150781, "80": 0.5000000000251315, "81": 0.5000000000139306, "82": 0.5000000000355573, "83": 0.05000000000125198, "84": 0.5000000000138085, "85": 0.5000000000146022, "86": 0.500000000028842, "87": 0.5000000000168114, "88": 0.5000000000202582, "89": 0.5000000000084057, "90": 0.05000000000137711, "91": 0.5000000000108054, "92": 0.9499999999967421, "93": 0.5000000000150242, "94": 0.50000000001287, "95": 0.5000000000251315, "96": 0.05000000000254967, "97": 0.500000000015334, "98": 0.5000000000165218, "99": 0.50000000001287}, "2": {"0": 0.49999999998490086, "1": 0.49999999997128197, "2": 0.4999999999842808, "3": 0.4999999999730348, "4": 0.9499999999888997, "5": 0.4999999999741399, "6": 0.4999999999741529, "7": 0.9499999999906628, "8": 0.9499999999874162, "9": 0.9499999999926478, "10": 0.4999999999788787, "11": 0.4999999999698379, "12": 0.4999999999815772, "13": 0.4999999999813489, "14": 0.4999999999705681, "15": 0.4999999999764337, "16": 0.49999999996754296, "17": 0.49999999998306943, "18": 0.499999999968295, "19": 0.4999999999786509, "20": 0.9499999999919391, "21": 0.9499999999900426, "22": 0.49999999997613004, "23": 0.4999999999863878, "24": 0.9499999999874162, "25": 0.49999999997384015, "26": 0.49999999997075695, "27": 0.9499999999869614, "28": 0.49999999997518974, "29": 0.9499999999954084, "30": 0.9499999999885549, "31": 0.9499999999887574, "32": 0.9499999999869614, "33": 0.9499999999865485, "34": 0.4999999999738716, "35": 0.49999999998480243, "36": 0.4999999999801102, "37": 0.49999999997331085, "38": 0.05000000000000006, "39": 0.49999999998858635, "40": 0.49999999997100314, "41": 0.9499999999898194, "42": 0.4999999999751673, "43": 0.4999999999856537, "44": 0.9499999999904831, "45": 0.4999999999876742, "46": 0.9499999999910471, "47": 0.9499999999959692, "48": 0.49999999997677225, "49": 0.9499999999912982, "50": 0.4999999999685155, "51": 0.4999999999704386, "52": 0.9499999999955235, "53": 0.49999999999067446, "54": 0.4999999999883861, "55": 0.4999999999796386, "56": 0.4999999999628948, "57": 0.9499999999955226, "58": 0.49999999997183797, "59": 0.49999999997685257, "60": 0.49999999998759487, "61": 0.4999999999898193, "62": 0.49999999998842626, "63": 0.49999999998793376, "64": 0.49999999997029143, "65": 0.4999999999780066, "66": 0.49999999997100314, "67": 0.4999999999814474, "68": 0.4999999999793475, "69": 0.49999999998967376, "70": 0.9499999999948053, "71": 0.49999999998707645, "72": 0.49999999997613004, "73": 0.4999999999751673, "74": 0.9499999999924261, "75": 0.499999999985641, "76": 0.9499999999914055, "77": 0.9499999999910457, "78": 0.4999999999867208, "79": 0.49999999997743055, "80": 0.9499999999921527, "81": 0.9499999999953314, "82": 0.4999999999869201, "83": 0.4999999999815772, "84": 0.4999999999708492, "85": 0.9499999999948928, "86": 0.49999999998521927, "87": 0.4999999999938371, "88": 0.9499999999956491, "89": 0.4999999999867208, "90": 0.9499999999865485, "91": 0.49999999998480243, "92": 0.9499999999950213, "93": 0.4999999999741399, "94": 0.499999999985919, "95": 0.49999999998665545, "96": 0.949999999996213, "97": 0.9499999999919391, "98": 0.9499999999960763, "99": 0.49999999998821687}, "3": {"0": 0.9499999999992148, "1": 0.05000000005899362, "2": 0.499999999964196, "3": 0.05000000007765351,