{"0": {"0": 0.5623247980302892, "1": 0.6125975297699439, "2": 0.5581007724964102, "3": 0.5256982447182832, "4": 0.0009681900240533143, "5": 0.33267730507235016, "6": 0.3960397453750789, "7": 0.59602244381649, "8": 0.796275726524756, "9": 0.8404614264434669, "10": 0.3528281368982697, "11": 0.7153478711750467, "12": 0.33267730507235016, "13": 0.7153478711750467, "14": 0.0013380349185792366, "15": 0.0009641055021917442, "16": 0.8404614264434669, "17": 0.8614894914675313, "18": 0.003646674889439743, "19": 0.7038007929810327, "20": 0.0004520795367330045, "21": 0.3528281368982697, "22": 0.001203211565171115, "23": 0.5256982447182832, "24": 0.5282198275073802, "25": 0.000377609384328237, "26": 0.37378192381242026, "27": 0.3315475355812096, "28": 0.3960397453750789, "29": 0.37378192381242026, "30": 0.3315475355812096, "31": 0.3494843153212732, "32": 0.0034650939213561925, "33": 0.9659275250626379, "34": 0.6278478678721808, "35": 0.0005976093152596663, "36": 0.8614894914675313, "37": 0.0024487663874218643, "38": 0.0004128666574705238, "39": 0.00021927691715924617, "40": 0.0035557420382326824, "41": 0.4524070083361883, "42": 0.9659275250626379, "43": 0.33267730507235016, "44": 0.8602647284505187, "45": 0.5581007724964102, "46": 0.0008189585596511458, "47": 0.0004797644265133898, "48": 0.796275726524756, "49": 0.0002999179843611914, "50": 0.4524070083361883, "51": 0.7038007929810327, "52": 0.6477971957041582, "53": 0.0029058755444680675, "54": 0.5702729141263478, "55": 0.5702729141263478, "56": 0.0013380349185792366, "57": 0.3494843153212732, "58": 0.0024699380159616813, "59": 0.4883257127122463, "60": 0.00021927691715924617, "61": 0.6719964547763503, "62": 0.8684020178831298, "63": 0.0005976093152596663, "64": 0.0008121230869688553, "65": 0.4883257127122463, "66": 0.59602244381649, "67": 0.8602647284505187, "68": 0.6278478678721808, "69": 0.5922576221653137, "70": 0.6125975297699439, "71": 0.5623247980302892, "72": 0.0034650939213561925, "73": 0.6477971957041582, "74": 0.0009620632412609591, "75": 0.0008121230869688553, "76": 0.7979919063785288, "77": 0.5282198275073802, "78": 0.5922576221653137, "79": 0.7503279735832178, "80": 0.0009620632412609591, "81": 0.8303863073458329, "82": 0.0035557420382326824, "83": 0.0002999179843611914, "84": 0.33267730507235016, "85": 0.6719964547763503, "86": 0.7979919063785288, "87": 0.7979919063785288, "88": 0.8404614264434669, "89": 0.0004520795367330045, "90": 0.001531495470607455, "91": 0.0024699380159616813, "92": 0.6477971957041582, "93": 0.8684020178831298, "94": 0.0016100531689808763, "95": 0.0007657477353037275, "96": 0.8684020178831298, "97": 0.8303863073458329, "98": 0.3315475355812096, "99": 0.7503279735832178}, "1": {"0": 0.8562129235124316, "1": 0.003202462242950225, "2": 0.8962788581404157, "3": 0.475447131644917, "4": 0.5040616129652686, "5": 0.7260746189650626, "6": 0.8890256619742947, "7": 0.7785045143875553, "8": 0.8986412627482003, "9": 0.0003135267545302197, "10": 0.5102114730306767, "11": 0.3178410471846079, "12": 0.7260746189650626, "13": 0.6851351190148653, "14": 0.0005407613263565875, "15": 0.7230087359812073, "16": 0.9659268341576364, "17": 0.814511959362382, "18": 0.30431684002666054, "19": 0.3186551065642146, "20": 0.0012502561495999532, "21": 0.6851351190148653, "22": 0.0006044946249980787, "23": 0.00048403914697524216, "24": 0.4543991610576069, "25": 0.46439942022272984, "26": 0.9659268341576364, "27": 0.8355230721267761, "28": 0.8890256619742947, "29": 0.8962788581404157, "30": 0.001432452130964369, "31": 0.0009004952644544687, "32": 0.0005379179167810475, "33": 0.0003863621260231847, "34": 0.0003883932262092663, "35": 0.00434725681456727, "36": 0.923948997806197, "37": 0.3186551065642146, "38": 0.8225325915158259, "39": 0.5040616129652686, "40": 0.0008330554908583835, "41": 0.590696304051403, "42": 0.5102114730306767, "43": 0.6851351190148653, "44": 0.38057578947474346, "45": 0.7230087359812073, "46": 0.0006598160306768635, "47": 0.7785045143875553, "48": 0.003202462242950225, "49": 0.6186946457862599, "50": 0.4384430349246562, "51": 0.4384430349246562, "52": 0.0008269331906637733, "53": 0.9498271244276386, "54": 0.0012502561495999532, "55": 0.8778672319684677, "56": 0.590696304051403, "57": 0.000958679959808673, "58": 0.46439942022272984, "59": 0.5416990579750747, "60": 0.00039245542658142946, "61": 0.3789243568793953, "62": 0.38057578947474346, "63": 0.5986545802879637, "64": 0.40565281940372244, "65": 0.0003863621260231847, "66": 0.002173628407283635, "67": 0.590696304051403, "68": 0.0008330554908583835, "69": 0.814511959362382, "70": 0.8225325915158259, "71": 0.3789243568793953, "72": 0.8355230721267761, "73": 0.0005407613263565875, "74": 0.5416990579750747, "75": 0.30431684002666054, "76": 0.8986412627482003, "77": 0.8056681111497166, "78": 0.8056681111497166, "79": 0.8562129235124316, "80": 0.8986412627482003, "81": 0.0009004952644544687, "82": 0.5986545802879637, "83": 0.9498271244276386, "84": 0.40565281940372244, "85": 0.005431818554592422, "86": 0.8562129235124316, "87": 0.0006479813941171552, "88": 0.8986412627482003, "89": 0.4543991610576069, "90": 0.9498271244276386, "91": 0.3178410471846079, "92": 0.923948997806197, "93": 0.005431818554592422, "94": 0.8778672319684677, "95": 0.000958679959808673, "96": 0.475447131644917, "97": 0.6186946457862599, "98": 0.001432452130964369, "99": 0.0006479813941171552}, "2": {"0": 0.6377567978254413, "1": 0.00016301865911373843, "2": 0.8552035672733121, "3": 0.5933266276162481, "4": 0.00035872236079808814, "5": 0.5211993505658497, "6": 0.3042772294499672, "7": 0.554707465940091, "8": 0.9898644639419103, "9": 0.3162584103227431, "10": 0.9228377200069062, "11": 0.5933266276162481, "12": 0.0006104118373974892, "13": 0.0016527434586290444, "14": 0.7578259410018707, "15": 0.554707465940091, "16": 0.672579306341515, "17": 0.6049727938037799, "18": 0.38785360499923627, "19": 0.00045289339715237035, "20": 0.00018310674632894013, "21": 0.003444791287393565, "22": 0.0002871158320945784, "23": 0.8170010758985602, "24": 0.7578259410018707, "25": 0.3085987002231825, "26": 0.00016761641013795278, "27": 0.9827116548545003, "28": 0.638504204197524, "29": 0.9209556762835028, "30": 0.0005379053754337015, "31": 0.554707465940091, "32": 0.6049727938037799, "33": 0.9079343494191494, "34": 0.3162584103227431, "35": 0.8170010758985602, "36": 0.8967569810664957, "37": 0.0021288095124930443, "38": 0.00016301865911373843, "39": 0.00028755523575041484, "40": 0.6377567978254413, "41": 0.0018249064459621481, "42": 0.6764390787039799, "43": 0.922934235069645, "44": 0.8660516111040251, "45": 0.607610306224178, "46": 0.0006361732230033488, "47": 0.607610306224178, "48": 0.9079343494191494, "49": 0.004546141103492692, "50": 0.6764390787039799, "51": 0.0021288095124930443, "52": 0.9827116548545003, "53": 0.479472710922693, "54": 0.0006009273904395696, "55": 0.672579306341515, "56": 0.004546141103492692, "57": 0.0005656815578757904, "58": 0.3085987002231825, "59": 0.8967569810664957, "60": 0.00016732152386440921, "61": 0.7762176384266976, "62": 0.9079343494191494, "63": 0.5367304502897273, "64": 0.38785360499923627, "65": 0.5211993505658497, "66": 0.8660516111040251, "67": 0.7762176384266976, "68": 0.6454038750101287, "69": 0.48646640830536836, "70": 0.0006009273904395696, "71": 0.8660516111040251, "72": 0.9209556762835028, "73": 0.8452819816810311, "74": 0.8552035672733121, "75": 0.9228859775382756, "76": 0.638504204197524, "77": 0.3468167050861619, "78": 0.48646640830536836, "79": 0.0016527434586290444, "80": 0.0008139185939429285, "81": 0.003444791287393565, "82": 0.9228859775382756, "83": 0.00016732152386440921, "84": 0.00035872236079808814, "85": 0.9898644639419103, "86": 0.3468167050861619, "87": 0.45257644126832974, "88": 0.0005379053754337015, "89": 0.0018249064459621481, "90": 0.00018310674632894013, "91": 0.6454038750101287, "92": 0.45257644126832974, "93": 0.00045289339715237035, "94": 0.8452819816810311, "95": 0.9827116548545003, "96": 0.5367304502897273,