{"0": {"0": 0.26780597127978406, "1": 0.5416571129808213, "2": 0.7812200603282121, "3": 0.6017423745058407, "4": 0.8162344577672218, "5": 2.5318045774816628e-06, "6": 0.8162344577672218, "7": 2.2523086019932382e-06, "8": 2.642021117177499e-06, "9": 0.46056647021467323, "10": 0.3116057996673327, "11": 2.7736301209598298e-06, "12": 0.6615025480421655, "13": 2.642021117177499e-06, "14": 0.7844302374744054, "15": 0.41397167759068976, "16": 1.230657379375797e-06, "17": 0.3267002476600949, "18": 0.6829443742741994, "19": 0.8897594041273008, "20": 0.5421117769140411, "21": 2.265637521652126e-06, "22": 0.441028735075209, "23": 0.42903265168172444, "24": 0.3116057996673327, "25": 0.6663712878840242, "26": 2.2729299034839146e-06, "27": 0.7760544452516778, "28": 0.8270767863745697, "29": 0.8270767863745697, "30": 0.8307929902410003, "31": 0.9619166716766425, "32": 0.7828251489013087, "33": 1.5577689967540267e-06, "34": 0.8611783488538363, "35": 1.230657379375797e-06, "36": 0.34481664507151455, "37": 0.7828251489013087, "38": 0.46262881382973875, "39": 0.8944210613668764, "40": 0.47898346002159176, "41": 0.42903265168172444, "42": 0.8611783488538363, "43": 0.6017423745058407, "44": 0.26780597127978406, "45": 2.433337801842677e-06, "46": 0.41682421675224185, "47": 0.46262881382973875, "48": 0.31403192951983405, "49": 0.8579453779119484, "50": 2.54760320302089e-06, "51": 1.898253178365841e-06, "52": 0.34308527789462206, "53": 0.4596359835129237, "54": 2.5778826526278823e-06, "55": 1.2038532219588295e-06, "56": 2.76455318125005e-06, "57": 0.34477081279719496, "58": 2.516588053115126e-06, "59": 0.3267002476600949, "60": 2.6559906071662086e-06, "61": 2.5318045774816628e-06, "62": 0.4597148540092627, "63": 0.9619166716766425, "64": 0.5128950950955475, "65": 0.8162344577672218, "66": 7.788844983770134e-07, "67": 0.441028735075209, "68": 0.5421117769140411, "69": 2.277121892766025e-06, "70": 2.5778826526278823e-06, "71": 0.8897594041273008, "72": 0.34308527789462206, "73": 0.4597148540092627, "74": 0.9619166716766425, "75": 2.2729299034839146e-06, "76": 0.41682421675224185, "77": 0.6615025480421655, "78": 0.7812200603282121, "79": 2.76455318125005e-06, "80": 0.7760544452516778, "81": 0.732738622332179, "82": 0.5416116465874994, "83": 0.6829443742741994, "84": 0.8020571721927165, "85": 0.8020571721927165, "86": 0.41397167759068976, "87": 0.3447478966600352, "88": 0.3447478966600352, "89": 0.47898346002159176, "90": 0.6663712878840242, "91": 0.46056647021467323, "92": 0.9619166716766425, "93": 0.8579453779119484, "94": 0.5128950950955475, "95": 0.732738622332179, "96": 0.8944210613668764, "97": 0.5416116465874994, "98": 0.8307929902410003, "99": 0.4596359835129237}, "1": {"0": 0.35371230074866455, "1": 0.651848894253581, "2": 0.45453389964400737, "3": 4.410318085667443e-06, "4": 0.8154385669971791, "5": 0.8109425749238972, "6": 4.063215684946163e-06, "7": 0.748584763648517, "8": 0.5482761895991048, "9": 0.8512083121899461, "10": 0.7699774837083933, "11": 0.8058203780129554, "12": 0.43709700782925043, "13": 0.5207125803133853, "14": 0.45258034374565453, "15": 0.7585169036936705, "16": 0.6520337446926829, "17": 0.7695560853168695, "18": 4.394208036361925e-06, "19": 0.36964030710841006, "20": 0.2246105023486018, "21": 0.748619517677879, "22": 0.7288383203197631, "23": 0.4355646893700732, "24": 0.55907691494938, "25": 0.6727213717702636, "26": 0.9225673361200017, "27": 0.5995403897332887, "28": 0.2246105023486018, "29": 4.8911869378195495e-06, "30": 0.7585169036936705, "31": 0.8329957698953556, "32": 0.43709700782925043, "33": 0.5590769225508527, "34": 0.5671216741444578, "35": 0.4538883190975287, "36": 4.713981365158166e-06, "37": 0.5995403897332887, "38": 4.819225663208139e-06, "39": 4.063215684946163e-06, "40": 5.0836083023873225e-06, "41": 0.8154385669971791, "42": 0.7697667845126314, "43": 3.2500084283714433e-06, "44": 4.251640280227069e-06, "45": 4.365926228507219e-06, "46": 0.6906965839123875, "47": 0.7697667845126314, "48": 0.8058203780129554, "49": 0.748584763648517, "50": 0.2933144435283024, "51": 0.40514402598326843, "52": 0.4823540331874927, "53": 0.4355281327620284, "54": 4.457937065877208e-06, "55": 0.5590769225508527, "56": 0.69851828729106, "57": 0.35371230074866455, "58": 3.9126267938063e-06, "59": 4.867402289235657e-06, "60": 0.36964030710841006, "61": 0.8109425749238972, "62": 0.6528401046706367, "63": 0.5615823384770042, "64": 0.43550985445800594, "65": 0.43550985445800594, "66": 0.8000876850807226, "67": 0.4823540331874927, "68": 0.7288383203197631, "69": 0.9411644156936396, "70": 0.6520337446926829, "71": 0.6770286232910376, "72": 0.651848894253581, "73": 4.457937065877208e-06, "74": 0.9225673361200017, "75": 0.5615823384770042, "76": 0.2651024134953751, "77": 0.7168567566768285, "78": 0.45389232772898946, "79": 0.6906965839123875, "80": 0.4456507156958692, "81": 0.6770286232910376, "82": 2.1829631142536096e-06, "83": 0.2933144435283024, "84": 0.2651024134953751, "85": 0.5482761895991048, "86": 0.8000876850807226, "87": 0.8329957698953556, "88": 0.45389232772898946, "89": 0.5207125803133853, "90": 0.3319820686109651, "91": 4.394208036361925e-06, "92": 0.4456507156958692, "93": 0.7168567566768285, "94": 0.69851828729106, "95": 0.6727213717702636, "96": 0.3319820686109651, "97": 2.5418041511936613e-06, "98": 4.713981365158166e-06, "99": 0.40514402598326843}, "2": {"0": 0.31415899426881355, "1": 0.47206815078585596, "2": 0.4061828812014303, "3": 0.8653961662256073, "4": 0.34998341557872586, "5": 0.4306411040715052, "6": 0.3731166085782236, "7": 3.6494216118194666e-06, "8": 0.3139192536550536, "9": 0.323836007873868, "10": 0.9715607590452007, "11": 0.3256686826931613, "12": 0.48438969782323243, "13": 2.0614983159374e-06, "14": 3.151373245701179e-06, "15": 0.3727465418505729, "16": 2.9127937612600662e-06, "17": 0.3505902871464763, "18": 0.38052187511064217, "19": 0.5869522377175304, "20": 0.8824665537549803, "21": 0.9715607590452007, "22": 0.6012971754676217, "23": 0.3505902871464763, "24": 0.33193291727609464, "25": 0.4710624417878342, "26": 0.4061828812014303, "27": 0.8006783016114323, "28": 0.36563988565318606, "29": 3.151373245701179e-06, "30": 0.5481827360956976, "31": 4.093114908866475e-06, "32": 0.32564978191479055, "33": 0.34998341557872586, "34": 0.6966186258611864, "35": 0.5966268413526341, "36": 0.36563988565318606, "37": 4.059378450213735e-06, "38": 0.8924717177778155, "39": 0.899172756054437, "40": 0.3731166085782236, "41": 0.8268630139477016, "42": 0.4048663914732191, "43": 0.8931657035090015, "44": 3.676982003578684e-06, "45": 0.8006783016114323, "46": 4.267142577381889e-06, "47": 0.9507430740212058, "48": 0.31415899426881355, "49": 0.6189326573237052, "50": 3.4052202312258616e-06, "51": 0.8669142749572103, "52": 0.9715607590452007, "53": 0.4093963786150873, "54": 0.37613126449236767, "55": 0.5966268413526341, "56": 0.888163203963806, "57": 0.33193291727609464, "58": 0.899172756054437, "59": 2.410496586410319e-06, "60": 0.33820645503082636, "61": 3.0454872263190798e-06, "62": 0.3257159346390881, "63": 0.9075082382151005, "64": 0.47206815078585596, "65": 0.4048663914732191, "66": 0.5869522377175304, "67": 0.8268629447188091, "68": 0.3139192536550536, "69": 0.3257159346390881, "70": 0.323836007873868, "71": 3.0938131550737926e-06, "72": 0.5481827360956976, "73": 0.9075082382151005, "74": 0.5517201433709049, "75": 0.34261249620801, "76": 3.6494216118194666e-06, "77": 0.9507430740212058, "78": 0.888163203963806, "79": 0.37613126449236767, "80": 0.8653961662256073, "81": 0.4710624417878342, "82": 0.8669142749572103, "83": 0.8931657035090015, "84": 0.3731166085782236, "85": 0.4093963786150873, "86": 0.33820645503082636, "87": 0.5517201433709049, "88": 1.7026101156129308e-06, "89": 0.8824665537549803, "90": 0.8268629447188091, "91": 0.9684470175860338, "92": 3.6804778662278406e-06, "93": 0.38052187511064217, "94": 3.0454872263190798e-06, "95": 0.6966186258611864, "96": 0.3727465418505729, "97": 0.48438969782323243, "98": 0.6189326573237052,