{"0": {"0": 0.5000058629679218, "1": 0.500013000285636, "2": 0.5000114336153507, "3": 0.5000092719663913, "4": 0.05000567785720308, "5": 0.5000100048659564, "6": 0.5000096323756817, "7": 0.05000868324086478, "8": 0.5000092212912215, "9": 0.05000730468416249, "10": 0.05000716188195693, "11": 0.500011707768194, "12": 0.9499973338912407, "13": 0.5000102341517556, "14": 0.5000103743783667, "15": 0.5000109805213079, "16": 0.05000645820415897, "17": 0.9499980437352735, "18": 0.0500069591877244, "19": 0.05000692908767097, "20": 0.050003744113429324, "21": 0.5000096850582336, "22": 0.05000514094287889, "23": 0.05000746895713673, "24": 0.05000653067328469, "25": 0.5000106979814427, "26": 0.5000092731601604, "27": 0.5000095259094531, "28": 0.5000110623094226, "29": 0.5000088429644622, "30": 0.50000912298763, "31": 0.0500074496874148, "32": 0.05000645820415897, "33": 0.9499974916223916, "34": 0.050007767187462644, "35": 0.5000113956700234, "36": 0.5000094236893048, "37": 0.5000091510465807, "38": 0.05000714893037367, "39": 0.5000085598209876, "40": 0.05000714729442584, "41": 0.05000715761939484, "42": 0.5000104800622176, "43": 0.5000057475088597, "44": 0.9499977633507172, "45": 0.9499976322914649, "46": 0.9499975512108746, "47": 0.5000105104635862, "48": 0.5000104025555214, "49": 0.5000083546807281, "50": 0.9499986669456204, "51": 0.9499970662106436, "52": 0.05000439990900952, "53": 0.05000715761939484, "54": 0.949998678621792, "55": 0.5000096550908135, "56": 0.5000053935843206, "57": 0.9499972117271138, "58": 0.9499975622995367, "59": 0.050003649978756455, "60": 0.9499972117271138, "61": 0.50000912298763, "62": 0.5000094236893048, "63": 0.5000111367228982, "64": 0.5000108635137426, "65": 0.9499977228876333, "66": 0.5000047007969518, "67": 0.05000640088329682, "68": 0.5000096761950381, "69": 0.5000048425291168, "70": 0.5000096550908135, "71": 0.5000096761950381, "72": 0.5000058629679218, "73": 0.5000092719663913, "74": 0.0500034795938622, "75": 0.050006901679891316, "76": 0.05000346454383549, "77": 0.5000104800622176, "78": 0.05000490396120438, "79": 0.5000094811882545, "80": 0.5000105395126947, "81": 0.5000058070776294, "82": 0.5000108000234689, "83": 0.5000108635137426, "84": 0.5000110623094226, "85": 0.9499975512108746, "86": 0.949997642593585, "87": 0.5000099607457293, "88": 0.050006068834080555, "89": 0.5000098150665517, "90": 0.050008225754771124, "91": 0.949997642593585, "92": 0.05000524339470418, "93": 0.05000439990900952, "94": 0.5000105395126947, "95": 0.05000357364721292, "96": 0.5000094811882545, "97": 0.05000345083994566, "98": 0.5000051170758778, "99": 0.5000108000234689}, "1": {"0": 0.050006975465988306, "1": 0.9499782205225673, "2": 0.9499902251403887, "3": 0.9499780277478991, "4": 0.5000034494541928, "5": 0.050007775558719665, "6": 0.5000050767061551, "7": 0.9499837510820902, "8": 0.5000034494541928, "9": 0.9499804987006902, "10": 0.9499809980215028, "11": 0.5000049201247859, "12": 0.5000054603769152, "13": 0.5000027480891314, "14": 0.5000043021670245, "15": 0.5000037404270665, "16": 0.5000052302947677, "17": 0.5000048538393753, "18": 0.500003637423504, "19": 0.9499833958543439, "20": 0.050006975465988306, "21": 0.05000807740914216, "22": 0.9499822855558724, "23": 0.9499809030401938, "24": 0.9499765677933916, "25": 0.5000018702135333, "26": 0.5000036366916365, "27": 0.9499798716982005, "28": 0.949978566267661, "29": 0.5000040719686694, "30": 0.050006615776233956, "31": 0.9499831493729219, "32": 0.05000400244909714, "33": 0.05000755382158026, "34": 0.9499812523934198, "35": 0.9499839307414926, "36": 0.05000289893125105, "37": 0.5000041500239674, "38": 0.9499804603565719, "39": 0.5000047712619133, "40": 0.5000049201247859, "41": 0.05000691130024021, "42": 0.050007421396667494, "43": 0.5000023220554316, "44": 0.9499785869452647, "45": 0.5000039099025854, "46": 0.5000019614133331, "47": 0.5000030042990118, "48": 0.050004543049571526, "49": 0.5000040620755601, "50": 0.5000028719693137, "51": 0.9499763757954947, "52": 0.9499832779492712, "53": 0.9499904515200969, "54": 0.5000021535078027, "55": 0.9499831493729219, "56": 0.5000044154052327, "57": 0.05000902659316418, "58": 0.9499902786940813, "59": 0.5000036366916365, "60": 0.0500054800755346, "61": 0.9499822855558724, "62": 0.500001595875361, "63": 0.050006615776233956, "64": 0.5000027480891314, "65": 0.050002271524785764, "66": 0.5000044154052327, "67": 0.050006788533922805, "68": 0.05000887081598994, "69": 0.9499916389746356, "70": 0.05000742178168311, "71": 0.9499773544479495, "72": 0.05000742178168311, "73": 0.500003637423504, "74": 0.500003463562839, "75": 0.050005817702286126, "76": 0.5000049517252567, "77": 0.5000039354468736, "78": 0.05000691130024021, "79": 0.5000039354468736, "80": 0.5000052302947677, "81": 0.5000037895825626, "82": 0.5000032802664938, "83": 0.9499892090380166, "84": 0.9499833958543439, "85": 0.500003236008608, "86": 0.9499895940845222, "87": 0.050006788533922805, "88": 0.9499785869452647, "89": 0.9499837510820902, "90": 0.500003463562839, "91": 0.9499780277478991, "92": 0.9499795618279119, "93": 0.500002444071256, "94": 0.9499803076209576, "95": 0.9499812523934198, "96": 0.9499795618279119, "97": 0.050007775558719665, "98": 0.5000040620755601, "99": 0.5000021510835122}, "2": {"0": 0.49999423437099555, "1": 0.4999943845487482, "2": 0.4999956532235969, "3": 0.9499910201480821, "4": 0.49999769424067564, "5": 0.949990538700575, "6": 0.499997231210655, "7": 0.49999490211579156, "8": 0.4999940620353094, "9": 0.49999489829488114, "10": 0.0500024400443508, "11": 0.49999716875377787, "12": 0.0500056850522414, "13": 0.4999959903904871, "14": 0.4999946315250256, "15": 0.4999957290538328, "16": 0.9499919524996832, "17": 0.9499953324186667, "18": 0.9499913844840457, "19": 0.49999624193668946, "20": 0.4999978266117985, "21": 0.9499913921339882, "22": 0.499997231210655, "23": 0.49999583398335773, "24": 0.05000448282746087, "25": 0.05000448231176423, "26": 0.4999940813664327, "27": 0.05000516706662758, "28": 0.4999943605366535, "29": 0.49999665994130704, "30": 0.49999446645949486, "31": 0.949991593549375, "32": 0.949994935653748, "33": 0.49999445753272, "34": 0.9499916339318697, "35": 0.9499926916223134, "36": 0.49999583398335773, "37": 0.4999939994890595, "38": 0.4999958602081062, "39": 0.4999939994890595, "40": 0.49999490211579156, "41": 0.4999956113044069, "42": 0.4999954393437762, "43": 0.49999476732960924, "44": 0.4999952897221226, "45": 0.49999588499356007, "46": 0.9499909187940794, "47": 0.05000644709190166, "48": 0.9499905389824841, "49": 0.9499924017961763, "50": 0.49999571284078526, "51": 0.4999952897221226, "52": 0.9499919480932397, "53": 0.0500029658834322, "54": 0.05000471693240312, "55": 0.4999955324447273, "56": 0.9499897235708525, "57": 0.9499935675749687, "58": 0.9499907580256313, "59": 0.4999970337679647, "60": 0.49999489829488114, "61": 0.4999949859205302, "62": 0.05000644709190166, "63": 0.05000426156388336, "64": 0.9499917911750905, "65": 0.49999588499356007, "66": 0.4999954393437762, "67": 0.9499928068564244, "68": 0.050002241155882116, "69": 0.49999541602537784, "70": 0.05000586090373609, "71": 0.4999970316213973, "72": 0.9499907287473273, "73": 0.9499907287473273, "74": 0.9499923296123003, "75": 0.9499957967746875, "76": 0.4999946315250256, "77": 0.9499912610330197, "78": 0.05000564083694063, "79": 0.4999955150054301, "80": 0.49999508965014006, "81": 0.4999955219180431, "82": 0.49999476732960924, "83": 0.9499913921339882, "84": 0.49999453364348145, "85": 0.9499907253967095, "86": 0.9499919480932397, "87": 0.9499912610330197, "88": 0.05000516706662758, "89": 0.49999754482507003, "90": 0.9499923296123003, "91": 0.9499910201480821, "92": 0.9499926916223134, "93": 0.9499924559339066, "94": 0.9499924559339066, "95": 0.4999949829530773, "96": 0.49999453364348145, "97": 0.05000564083694063, "98": 0.4999958602081062, "99": 0.4999949829530773}, "3": {"0": 0.9499925878147677, "1": 0.5000014687835963, "2": 0.94999638699814, "3": 0.050015793083354104,