{"0": {"0": 0.49992879670047013, "1": 0.4999310470158699, "2": 0.4999315784317748, "3": 0.49993014950121245, "4": 0.4999308778503446, "5": 0.49992652014691813, "6": 0.4999258272414109, "7": 0.49992859412956847, "8": 0.4999406016312465, "9": 0.4999256489117486, "10": 0.4999254857422206, "11": 0.4999538532516101, "12": 0.4999277650240757, "13": 0.4999218107524477, "14": 0.4999256151064012, "15": 0.4999452323039061, "16": 0.4999319766950962, "17": 0.49993328489755473, "18": 0.4999277746263756, "19": 0.4999509401340378, "20": 0.4999251240149847, "21": 0.4999313418660069, "22": 0.49992437784142474, "23": 0.4999442366566082, "24": 0.49993154021171377, "25": 0.4999277746263756, "26": 0.49993094525185583, "27": 0.49992552058415296, "28": 0.49994345461347306, "29": 0.499928635362461, "30": 0.49992319315508993, "31": 0.49992721031538434, "32": 0.4999388056970193, "33": 0.49992257138434737, "34": 0.49993434166821826, "35": 0.4999538532516101, "36": 0.49992944719572885, "37": 0.49992717131535547, "38": 0.4999289067129147, "39": 0.4999375020098489, "40": 0.49994466110231595, "41": 0.4999277650240757, "42": 0.4999539277831665, "43": 0.4999282174627067, "44": 0.49992867132084096, "45": 0.4999259790671288, "46": 0.4999406016312465, "47": 0.49994466110231595, "48": 0.4999423163014251, "49": 0.49992967379756026, "50": 0.4999290762653291, "51": 0.49993434166821826, "52": 0.499928635362461, "53": 0.4999323978065946, "54": 0.4999441550672423, "55": 0.49992879670047013, "56": 0.49993211235907714, "57": 0.49993487209399257, "58": 0.49992386619636225, "59": 0.49995422987362953, "60": 0.49993386154964475, "61": 0.4999452323039061, "62": 0.49992860354280183, "63": 0.49993094525185583, "64": 0.49993443685936373, "65": 0.4999378198412795, "66": 0.49993211235907714, "67": 0.4999423163014251, "68": 0.4999284145170595, "69": 0.49993487209399257, "70": 0.4999234796747505, "71": 0.49992510333262186, "72": 0.49992757899086127, "73": 0.4999375020098489, "74": 0.49994811246783866, "75": 0.4999539277831665, "76": 0.4999441550672423, "77": 0.49992721228015624, "78": 0.49995422987362953, "79": 0.49993228861626166, "80": 0.4999250889842425, "81": 0.49992967379756026, "82": 0.4999286435640638, "83": 0.4999250889842425, "84": 0.49992593783568406, "85": 0.4999251240149847, "86": 0.4999661989032973, "87": 0.4999272142449281, "88": 0.49993030823852147, "89": 0.49993030823852147, "90": 0.4999255678452771, "91": 0.4999274292645413, "92": 0.4999378198412795, "93": 0.49993386154964475, "94": 0.49992721228015624, "95": 0.49992717131535547, "96": 0.4999255678452771, "97": 0.4999284145170595, "98": 0.49994811246783866, "99": 0.49993228861626166}, "1": {"0": 0.5000510373761908, "1": 0.5000418326576918, "2": 0.5000225095784661, "3": 0.5000346540419687, "4": 0.500048734576372, "5": 0.500048351980596, "6": 0.5000491430826344, "7": 0.5000474422360245, "8": 0.5000352832431827, "9": 0.5000488922581418, "10": 0.5000426960401358, "11": 0.5000396270433191, "12": 0.5000455234225096, "13": 0.5000461989650715, "14": 0.5000324109801129, "15": 0.50004650666907, "16": 0.5000355787828032, "17": 0.5000243913750065, "18": 0.5000358569678747, "19": 0.5000408145822113, "20": 0.5000398942846238, "21": 0.5000470900119403, "22": 0.5000462999750561, "23": 0.500045509938172, "24": 0.500043476112823, "25": 0.500025135564812, "26": 0.5000479623073824, "27": 0.5000476840720353, "28": 0.500038358135955, "29": 0.5000405000803794, "30": 0.5000231499875281, "31": 0.500041833987099, "32": 0.5000463566281428, "33": 0.5000483404933216, "34": 0.5000481770791025, "35": 0.5000480154800453, "36": 0.5000404009570139, "37": 0.5000470619208841, "38": 0.5000420380399956, "39": 0.5000366464666051, "40": 0.5000465745770162, "41": 0.5000463566281428, "42": 0.5000450453379941, "43": 0.5000482530901508, "44": 0.5000489522244946, "45": 0.5000414514751066, "46": 0.5000446624710673, "47": 0.5000469052501879, "48": 0.5000460156123429, "49": 0.5000423979061464, "50": 0.500048351980596, "51": 0.500048734576372, "52": 0.5000480154800453, "53": 0.5000450504357618, "54": 0.5000179284839373, "55": 0.5000491877880178, "56": 0.5000398942846238, "57": 0.5000466258237248, "58": 0.5000404009570139, "59": 0.5000431292284442, "60": 0.5000452925918122, "61": 0.5000457035575964, "62": 0.5000469909243164, "63": 0.5000233001001853, "64": 0.5000360320322248, "65": 0.5000424990123751, "66": 0.500044960340106, "67": 0.5000491430826344, "68": 0.5000450453379941, "69": 0.5000478920616473, "70": 0.5000405000803794, "71": 0.500038358135955, "72": 0.5000491877880178, "73": 0.5000418709198408, "74": 0.5000398562804009, "75": 0.5000475157832083, "76": 0.5000418326576918, "77": 0.5000411257780313, "78": 0.5000423979061464, "79": 0.5000418709198408, "80": 0.5000448079645112, "81": 0.5000452062392486, "82": 0.5000452925918122, "83": 0.5000474422360245, "84": 0.5000412964008625, "85": 0.5000420380399956, "86": 0.5000327919459406, "87": 0.5000360320322248, "88": 0.5000424990123751, "89": 0.5000398562804009, "90": 0.500043476112823, "91": 0.5000408145822113, "92": 0.5000327919459406, "93": 0.5000412964008625, "94": 0.500028343480158, "95": 0.500041833987099, "96": 0.500028343480158, "97": 0.5000470619208841, "98": 0.5000475157832083, "99": 0.5000228517787981}, "2": {"0": 0.4999630081881985, "1": 0.49996462877587533, "2": 0.49997457095162035, "3": 0.49996334544774174, "4": 0.4999625338609268, "5": 0.4999675445834325, "6": 0.4999627369027452, "7": 0.49996145526476565, "8": 0.4999632143406383, "9": 0.4999645945514466, "10": 0.49996353867217525, "11": 0.49996669637212626, "12": 0.4999609757942184, "13": 0.4999632839474053, "14": 0.4999731533849635, "15": 0.49997622818957216, "16": 0.4999823240404534, "17": 0.4999648380037298, "18": 0.4999655021843574, "19": 0.49996880009221106, "20": 0.4999632839474053, "21": 0.49996548101093513, "22": 0.49996678397915195, "23": 0.49996555353726535, "24": 0.4999713302854748, "25": 0.4999676550233728, "26": 0.4999639587501112, "27": 0.49996101535375875, "28": 0.49996421093472304, "29": 0.4999674025776236, "30": 0.499967145659242, "31": 0.4999737125788156, "32": 0.4999695171562442, "33": 0.49996230949092796, "34": 0.4999737642838592, "35": 0.49996570211431174, "36": 0.49996716842712596, "37": 0.49996184818911876, "38": 0.4999828545255601, "39": 0.49996334544774174, "40": 0.4999689234708296, "41": 0.4999688679971774, "42": 0.49996233503356596, "43": 0.4999836720682275, "44": 0.4999835645217616, "45": 0.4999688911955451, "46": 0.4999669948917679, "47": 0.4999630081881985, "48": 0.4999675445834325, "49": 0.4999630769869088, "50": 0.49996569204351515, "51": 0.4999649784575712, "52": 0.4999658051283037, "53": 0.4999689683598089, "54": 0.4999654348408257, "55": 0.49996612861695955, "56": 0.49996462877587533, "57": 0.4999635372366598, "58": 0.4999667021675707, "59": 0.4999686922748019, "60": 0.49996880009221106, "61": 0.49996569204351515, "62": 0.49997226683814466, "63": 0.49996555353726535, "64": 0.4999641671562201, "65": 0.49996360732589146, "66": 0.499965366340864, "67": 0.49996294914118583, "68": 0.4999643510991634, "69": 0.49998615057676454, "70": 0.49996458744278727, "71": 0.4999879207007437, "72": 0.4999632143406383, "73": 0.49996455475512447, "74": 0.4999679081814663, "75": 0.4999688679971774, "76": 0.4999625338609268, "77": 0.4999682399123393, "78": 0.4999823240404534, "79": 0.49996458744278727, "80": 0.4999615034123048, "81": 0.4999682251191251, "82": 0.4999625490057794, "83": 0.4999669948917679, "84": 0.4999656699891231, "85": 0.49996548101093513, "86": 0.4999639587501112, "87": 0.49997226683814466, "88": 0.49996786923102804, "89": 0.4999695171562442, "90": 0.49996716842712596, "91": 0.49996294914118583, "92": 0.4999667021675707, "93": 0.4999656699891231, "94": 0.49997457095162035, "95": 0.49997622818957216, "96": 0.4999615034123048, "97": 0.49996678397915195, "98": 0.4999645945514466, "99": 0.49996570211431174}, "3": {"0": 0.49992549462594615, "1": 0.4999329531124024, "2": 0.4999361546218023, "3": 0.4999302945517382, "4": 0.4999262512406175,