{"0": {"0": 0.3493020764595596, "1": 0.32351724716319075, "2": 0.16078676497153815, "3": 0.6879753926621966, "4": 0.8455243018710508, "5": 0.6967247692060333, "6": 0.6879755855127829, "7": 0.5665571288050046, "8": 0.5098329079640616, "9": 0.6879753926621966, "10": 0.17049753550813856, "11": 0.6879754783735683, "12": 0.4717879831400045, "13": 0.3119795322295284, "14": 0.4967532298461211, "15": 0.7784548519215265, "16": 0.10294522373290496, "17": 0.4967532298461211, "18": 0.6958295397245193, "19": 0.42931549982365846, "20": 0.178628313414673, "21": 0.7784548519215265, "22": 0.5098329079640616, "23": 0.8455243018710508, "24": 0.5668522178992177, "25": 0.3849161157657802, "26": 0.16078676497139022, "27": 0.6617001289531512, "28": 0.5886094017734276, "29": 0.8690104478365864, "30": 0.6237792048535048, "31": 0.3999858051079171, "32": 0.38577036822673993, "33": 0.178628313414673, "34": 0.13472855964436514, "35": 0.28945279301950483, "36": 0.3493020764595596, "37": 0.7676675138342909, "38": 0.2416044826938143, "39": 0.3119795322295284, "40": 0.5665571288050046, "41": 0.10294522373290496, "42": 0.6316459401339449, "43": 0.568913516341188, "44": 0.5886094017734276, "45": 0.5037558383712002, "46": 0.32351724716319075, "47": 0.5966573965620201, "48": 0.5982811051779104, "49": 0.3999858051079171, "50": 0.2508564531562078, "51": 0.178628313414673, "52": 0.6316637895220356, "53": 0.5071710107050087, "54": 0.4717879831400045, "55": 0.3849161157657802, "56": 0.7126617221072193, "57": 0.5704556907327701, "58": 0.6131636741033466, "59": 0.42931549982365846, "60": 0.6131636741033466, "61": 0.12740934834525827, "62": 0.5704556907327701, "63": 0.7126617221072193, "64": 0.8690104478365864, "65": 0.5071710107050087, "66": 0.6617001289531512, "67": 0.6879755855127829, "68": 0.6958295397245193, "69": 0.2508564531562078, "70": 0.6132937800109377, "71": 0.6237133598222824, "72": 0.16078676497153815, "73": 0.6132937800109377, "74": 0.7676675138342909, "75": 0.2416044826938143, "76": 0.20123573424236546, "77": 0.6238450498847272, "78": 0.42931549982365846, "79": 0.5668522178992177, "80": 0.12740934834525827, "81": 0.38577036822673993, "82": 0.568913516341188, "83": 0.17049753550813856, "84": 0.5982811051779104, "85": 0.28945279301950483, "86": 0.13472855964436514, "87": 0.20123573424236546, "88": 0.6237792048535048, "89": 0.5966573965620201, "90": 0.5037558383712002, "91": 0.6967247692060333, "92": 0.7530074477852962, "93": 0.09839105208476095, "94": 0.6316637895220356, "95": 0.16078676497146951, "96": 0.16078676497146951, "97": 0.3119795322295284, "98": 0.09839105208476095, "99": 0.7530074477852962}, "1": {"0": 0.209308074516263, "1": 0.6246738569129431, "2": 0.1524266654493636, "3": 0.7474339562017391, "4": 0.7424725770683634, "5": 0.2756544762110561, "6": 0.26045736784866097, "7": 0.33342956191186574, "8": 0.7204347102506655, "9": 0.8092075958244858, "10": 0.29896596162109446, "11": 0.7204347102506655, "12": 0.30662084807378454, "13": 0.6542149912756239, "14": 0.29285566599706303, "15": 0.29896596162109446, "16": 0.7929771153631332, "17": 0.5401889478010798, "18": 0.8092075958244858, "19": 0.2851083286344732, "20": 0.6195878319146322, "21": 0.30662070439941674, "22": 0.5837472469401638, "23": 0.4776007043435979, "24": 0.5497359610213823, "25": 0.8240212607328162, "26": 0.024553640454839862, "27": 0.2935049525087861, "28": 0.6303748728697673, "29": 0.2495367282288019, "30": 0.2680128296211345, "31": 0.26832011902440145, "32": 0.4683483572883036, "33": 0.3003092425402043, "34": 0.26997914120831146, "35": 0.2652061817859894, "36": 0.8718622798209548, "37": 0.7804201385185975, "38": 0.2935049525087861, "39": 0.7878017075121544, "40": 0.2414723550560132, "41": 0.024553640454839862, "42": 0.4036677588798299, "43": 0.3633159284545888, "44": 0.4776007043435979, "45": 0.7804201385185975, "46": 0.2816985470145525, "47": 0.2680128296211345, "48": 0.5497359610213823, "49": 0.6042105519265535, "50": 0.8240212607328162, "51": 0.4036677588798299, "52": 0.6195878319146322, "53": 0.209308074516263, "54": 0.28510740787665095, "55": 0.40128484834895595, "56": 0.28510740787665095, "57": 0.30662070439941674, "58": 0.6529488379877082, "59": 0.2935049525087861, "60": 0.2802133618195358, "61": 0.7878017075121544, "62": 0.26045736784866097, "63": 0.1524266654493636, "64": 0.2756544762110561, "65": 0.9064135996100674, "66": 0.29285566599706303, "67": 0.7474339562017391, "68": 0.3573553679377224, "69": 0.7376292730096965, "70": 0.2414723550560132, "71": 0.7929771153631332, "72": 0.3633159284545888, "73": 0.2935049525087861, "74": 0.4683483572883036, "75": 0.33342956191186574, "76": 0.6570587715941744, "77": 0.32276329447893426, "78": 0.6570587715941744, "79": 0.2802133618195358, "80": 0.7528293997289416, "81": 0.6303748728697673, "82": 0.26997914120831146, "83": 0.9064135996100674, "84": 0.6542149912756239, "85": 0.32276329447893426, "86": 0.6042105519265535, "87": 0.7424725770683634, "88": 0.8718622798209548, "89": 0.3003092425402043, "90": 0.7528293997289416, "91": 0.40128484834895595, "92": 0.6240448486838535, "93": 0.5401889478010798, "94": 0.7878017075121544, "95": 0.2652061817859894, "96": 0.6240448486838535, "97": 0.2816985470145525, "98": 0.3573553679377224, "99": 0.7376292730096965}, "2": {"0": 0.1463081030191448, "1": 0.36151912123606733, "2": 0.49376108620869996, "3": 0.6457549804246259, "4": 0.6312058954665041, "5": 0.8537229917961221, "6": 0.17278692414726576, "7": 0.6457549804246259, "8": 0.23781456528314981, "9": 0.6990246142404883, "10": 0.7054834293936452, "11": 0.31990064758281156, "12": 0.18762548719071143, "13": 0.17158716447108444, "14": 0.17158716447108444, "15": 0.7165622909805756, "16": 0.18772050842358048, "17": 0.7546627456140094, "18": 0.6204011272902832, "19": 0.7816120430099485, "20": 0.6038153527529344, "21": 0.6204169305656558, "22": 0.8770619431584917, "23": 0.29671607571395364, "24": 0.19694537935812662, "25": 0.7695292961271112, "26": 0.8262804352002779, "27": 0.6204169305656558, "28": 0.4952887071979499, "29": 0.17158716447108444, "30": 0.7038832430876367, "31": 0.1463081030191448, "32": 0.7038832430876367, "33": 0.45244119743728484, "34": 0.5605022963093071, "35": 0.7054834293936452, "36": 0.8408916667353434, "37": 0.523447893782125, "38": 0.7546627456140094, "39": 0.6457549804246259, "40": 0.8537229917961221, "41": 0.07122994234965781, "42": 0.8408916667353434, "43": 0.6990246142404883, "44": 0.2151212024610955, "45": 0.17278008600058725, "46": 0.8624498396568737, "47": 0.7290054476928592, "48": 0.7165622909805756, "49": 0.36151912123606733, "50": 0.658596486266368, "51": 0.17340731842539198, "52": 0.6312058954665041, "53": 0.9256607549234941, "54": 0.658596486266368, "55": 0.8185403653826253, "56": 0.6990246142404883, "57": 0.523447893782125, "58": 0.6457549804246259, "59": 0.23781456528314981, "60": 0.8185403653826253, "61": 0.8770619431584917, "62": 0.8262804352002779, "63": 0.29671607571395364, "64": 0.49376108620869996, "65": 0.5113457974296188, "66": 0.17309370221298961, "67": 0.17309370221298961, "68": 0.7290054476928592, "69": 0.3393138566259788, "70": 0.2151212024610955, "71": 0.07122994234965781, "72": 0.3393138566259788, "73": 0.17049911314079574, "74": 0.9256607549234941, "75": 0.5113457974296188, "76": 0.31990064758281156, "77": 0.7816277871607487, "78": 0.49376108620869996, "79": 0.2366166572619368, "80": 0.7816120430099485, "81": 0.374569793850226, "82": 0.374569793850226, "83": 0.18762548719071143, "84": 0.18772050842358048, "85": 0.38315586369167154, "86": 0.6038153527529353, "87": 0.38315586369167154, "88": 0.45244119743728484, "89": 0.2366166572619368, "90": 0.17049911314079574, "91": 0.7038832430876367, "92": 0.19694537935812662, "93": 0.8624498396568737, "94": 0.5605022963093071, "95": 0.315799976781784, "96": 0.315799976781784, "97": 0.7695292961271112, "98": 0.49376108620869996, "99": 0.6038153527529353}, "3": {"0": 0.31230330213274066, "1": 0.6556424992444922, "2": 0.6265937535231707, "3": 0.6188271276377955, "4": 0.25056326908883997,