{"0": {"0": 0.29895255359380724, "1": 0.2949262084263759, "2": 0.3118130136466902, "3": 0.24565442949557414, "4": 0.23287049495995565, "5": 0.3032716256763042, "6": 0.2927381020614913, "7": 0.24017387561840592, "8": 0.2978963942561666, "9": 0.38236035812678437, "10": 0.31218706989529793, "11": 0.34339382340536584, "12": 0.9498751034195414, "13": 0.3122689946490432, "14": 0.29738557040365643, "15": 0.30810819056067734, "16": 0.3501850794227978, "17": 0.2919089864021046, "18": 0.3110972033005175, "19": 0.2927381020614913, "20": 0.3120142099889491, "21": 0.3051602310044515, "22": 0.31659030055049314, "23": 0.239587042030958, "24": 0.34593860046685654, "25": 0.3165458513931103, "26": 0.24089663327926286, "27": 0.2391439338784649, "28": 0.3060125121625268, "29": 0.3094178980241441, "30": 0.31489989360358955, "31": 0.3060568198168283, "32": 0.3113424601522972, "33": 0.2929327536012683, "34": 0.3051602310044515, "35": 0.4002295030329737, "36": 0.2603062492946874, "37": 0.30270242437181905, "38": 0.31716995373894535, "39": 0.3046981467441055, "40": 0.3486136626775275, "41": 0.24017387561840592, "42": 0.41041451797133105, "43": 0.30993078833731186, "44": 0.29968655116933135, "45": 0.3068775299840599, "46": 0.31659030055049314, "47": 0.3153348052568896, "48": 0.29690597477891223, "49": 0.2603062492946874, "50": 0.2912599200829487, "51": 0.29667025697472105, "52": 0.30859204136776747, "53": 0.2977528351187201, "54": 0.31489989360358955, "55": 0.31033422633289653, "56": 0.3182564800782548, "57": 0.2996849168938508, "58": 0.40596740527210634, "59": 0.2990271205437536, "60": 0.3182127712589624, "61": 0.30287168549307986, "62": 0.33341932882198577, "63": 0.34593860046685654, "64": 0.30810819056067734, "65": 0.2842040555848723, "66": 0.2746538312887157, "67": 0.29910592059233376, "68": 0.3798732101940562, "69": 0.29268872905693255, "70": 0.26808017514713745, "71": 0.3142905246071621, "72": 0.29268872905693255, "73": 0.239587042030958, "74": 0.2389505323794872, "75": 0.31716995373894535, "76": 0.3120142099889491, "77": 0.2975619172143998, "78": 0.3060125121625268, "79": 0.2625315955123144, "80": 0.176940623718895, "81": 0.2996849168938508, "82": 0.3182127712589624, "83": 0.3486136626775275, "84": 0.34339382340536584, "85": 0.30278705493244945, "86": 0.40496539416865596, "87": 0.29592645752829927, "88": 0.23936023924249006, "89": 0.26790709542659297, "90": 0.29690597477891223, "91": 0.29895255359380724, "92": 0.3122689946490432, "93": 0.2929327536012683, "94": 0.2625315955123144, "95": 0.26790709542659297, "96": 0.23287049495995565, "97": 0.29738557040365643, "98": 0.2990271205437536, "99": 0.26808017514713745}, "1": {"0": 0.4993805404479539, "1": 0.49926105684091937, "2": 0.49943156758977447, "3": 0.4992861147569136, "4": 0.49956803959090323, "5": 0.49910362020884863, "6": 0.4992391801377137, "7": 0.49919306946267017, "8": 0.4991918920538003, "9": 0.49922479192951813, "10": 0.49927049404296486, "11": 0.49922805933232106, "12": 0.49918607604271925, "13": 0.4991654139927951, "14": 0.4996421194068579, "15": 0.49919229843200763, "16": 0.4994502534735479, "17": 0.4993914906409992, "18": 0.4992956372298103, "19": 0.49915883142183565, "20": 0.4992205631325102, "21": 0.49922734187859913, "22": 0.49912122687820776, "23": 0.49922581386145287, "24": 0.4992458645077409, "25": 0.4992801759318146, "26": 0.4995157420484134, "27": 0.4992526618612753, "28": 0.49957933903355084, "29": 0.4993022407488411, "30": 0.4991506225836539, "31": 0.4995156192151508, "32": 0.4992067969094514, "33": 0.4996789574103254, "34": 0.49921529256270425, "35": 0.49957315203786995, "36": 0.49918163692770445, "37": 0.49928700924419483, "38": 0.4993653672779473, "39": 0.49930718545364905, "40": 0.4995079589244994, "41": 0.49912453096062287, "42": 0.4993027351530306, "43": 0.4993116357542675, "44": 0.49931285057058516, "45": 0.49926788285517143, "46": 0.4993022407488411, "47": 0.4991767142066849, "48": 0.4993653672779473, "49": 0.49959443009590837, "50": 0.4994161442317866, "51": 0.4991961172134892, "52": 0.49919001244823746, "53": 0.49949022001571364, "54": 0.4993243778878025, "55": 0.4993038837500786, "56": 0.49934208611823927, "57": 0.49920186836362684, "58": 0.4991506225836539, "59": 0.4991983012561986, "60": 0.4993706961124404, "61": 0.4992986501203125, "62": 0.49920793327259716, "63": 0.49936561137383256, "64": 0.49930521042378806, "65": 0.49932828247048167, "66": 0.4992257944227873, "67": 0.49926788285517143, "68": 0.49920793327259716, "69": 0.49922805933232106, "70": 0.4992391801377137, "71": 0.4995156192151508, "72": 0.4993735228255747, "73": 0.49923152739070364, "74": 0.49961367093929954, "75": 0.4992257944227873, "76": 0.49929276126628475, "77": 0.4993608517769269, "78": 0.4993264493825975, "79": 0.4993735228255747, "80": 0.4992205631325102, "81": 0.49923152739070364, "82": 0.49917143804562897, "83": 0.49919306946267017, "84": 0.49930521042378806, "85": 0.49931285057058516, "86": 0.49929840250129, "87": 0.49917143804562897, "88": 0.49939087780280955, "89": 0.4993243778878025, "90": 0.4993038837500786, "91": 0.4991980420032995, "92": 0.49920186836362684, "93": 0.49939087780280955, "94": 0.4993706961124404, "95": 0.4993914906409992, "96": 0.4996421194068579, "97": 0.49929840250129, "98": 0.49919001244823746, "99": 0.49919229843200763}, "2": {"0": 0.5001129690236923, "1": 0.5001620734639398, "2": 0.5001384303089778, "3": 0.5001835646108755, "4": 0.5001856610839561, "5": 0.5001725009145057, "6": 0.5001505208825391, "7": 0.5001406845697098, "8": 0.5001675831818968, "9": 0.5001107018865185, "10": 0.500162923016436, "11": 0.5001787458605547, "12": 0.5001344058909976, "13": 0.5001354209644275, "14": 0.5000703422848549, "15": 0.5001717015281472, "16": 0.5000852313559395, "17": 0.5001435089430672, "18": 0.5001794718274768, "19": 0.5001956362649351, "20": 0.5001809744712253, "21": 0.5001126422489447, "22": 0.5001368029402433, "23": 0.5001490176528227, "24": 0.50012569002353, "25": 0.5001502560913029, "26": 0.5001563486671337, "27": 0.50012569002353, "28": 0.5001278793822701, "29": 0.5001403175368372, "30": 0.5001874768940331, "31": 0.5001596698031193, "32": 0.5001801077098312, "33": 0.5001294672980632, "34": 0.50007782206632, "35": 0.5001354209644275, "36": 0.5001749170792598, "37": 0.5001694680922347, "38": 0.5001740478569567, "39": 0.5001435797437352, "40": 0.5001775738088576, "41": 0.5001715064169554, "42": 0.5001273610273788, "43": 0.5001629881928722, "44": 0.5001629881928722, "45": 0.5001126422489447, "46": 0.5001422363647663, "47": 0.5001667122666738, "48": 0.5001465590722569, "49": 0.5001676104491394, "50": 0.5001466529983738, "51": 0.5000893729302773, "52": 0.5001493415132757, "53": 0.5001564735424566, "54": 0.5001592384207467, "55": 0.5001567176926429, "56": 0.5001602321351024, "57": 0.5001480912739396, "58": 0.5000747888098143, "59": 0.5001620734639398, "60": 0.5001779219528972, "61": 0.5001421764623634, "62": 0.5001474719969157, "63": 0.5001490176528227, "64": 0.5001631086779919, "65": 0.500165588917467, "66": 0.5001331975396235, "67": 0.500153820346511, "68": 0.5001530401856901, "69": 0.5001427898158891, "70": 0.5001627234871866, "71": 0.5001567176926429, "72": 0.5001177168322484, "73": 0.5001240486777643, "74": 0.5001273610273788, "75": 0.5001835646108755, "76": 0.5001122026979458, "77": 0.5000588584161242, "78": 0.5001427898158891, "79": 0.5001725009145057, "80": 0.500097381850019, "81": 0.5001667122666738, "82": 0.5001194702687193, "83": 0.500165588917467, "84": 0.5001856610839561, "85": 0.5001576470894211, "86": 0.5001739613874528, "87": 0.5001344058909976, "88": 0.5001675831818968, "89": 0.5000813617435933, "90": 0.5001676104491394, "91": 0.500179509634981, "92": 0.500097381850019, "93": 0.5001563486671337, "94": 0.500135317129605, "95": 0.5001809744712253, "96": 0.5001779219528972, "97": 0.5001465590722569, "98": 0.5001122026979458, "99": 0.500135317129605}, "3": {"0": 0.49975877104417366, "1": 0.499693901427522, "2": 0.4994889452223208, "3": 0.4995364073597815, "4": 0.49966639785910383,