{"0": {"0": 0.7786432212238696, "1": 0.3213067656591725, "2": 0.39782826733428067, "3": 0.2406491836275238, "4": 0.7970055083386736, "5": 0.5376231304862757, "6": 0.669591613073359, "7": 0.3705925029251331, "8": 0.2686781109954257, "9": 0.3121104441486309, "10": 0.3299494795652837, "11": 0.3708975465791142, "12": 0.2406491836275238, "13": 0.37837454978080853, "14": 0.7450253215975626, "15": 0.331892825674469, "16": 0.1785194274869619, "17": 0.33194461488232396, "18": 0.4175685300770607, "19": 0.9495017924412701, "20": 0.31449380059016957, "21": 0.455317188351496, "22": 0.3705925029251331, "23": 0.381870219610425, "24": 0.23437815650072288, "25": 0.39782826733428067, "26": 0.45220205434885363, "27": 0.41587720662209265, "28": 0.8153749063249831, "29": 0.8344235137619775, "30": 0.3380875210913255, "31": 0.23630495626903428, "32": 0.5739568924395226, "33": 0.30010764629883263, "34": 0.7785731129664113, "35": 0.6249331456338034, "36": 0.27073895206350035, "37": 0.5739568924395226, "38": 0.3121104441486309, "39": 0.381870219610425, "40": 0.2874194116748659, "41": 0.7786922970040905, "42": 0.9495017924412701, "43": 0.9494667172595845, "44": 0.30010764602970086, "45": 0.3299494795652837, "46": 0.2765203026213807, "47": 0.3708975465791142, "48": 0.9494744611308658, "49": 0.3073133034908929, "50": 0.565995015138486, "51": 0.7970055083386736, "52": 0.3213067656591725, "53": 0.7450253215975626, "54": 0.565995015138486, "55": 0.8881825627903417, "56": 0.30010764629883263, "57": 0.6249331456338034, "58": 0.8153749063249831, "59": 0.018643018519619477, "60": 0.2765203026213807, "61": 0.331892825674469, "62": 0.9494667172595845, "63": 0.3073133034908929, "64": 0.018643018519619477, "65": 0.018643018519619477, "66": 0.23437815650072288, "67": 0.45220205434885363, "68": 0.23630495115418615, "69": 0.4158418674276809, "70": 0.8344235137619775, "71": 0.7787413727843113, "72": 0.6283274704135882, "73": 0.37837454978080853, "74": 0.2874194116748659, "75": 0.6249331456338034, "76": 0.4175685300770607, "77": 0.6249331456338034, "78": 0.7786922970040905, "79": 0.669591613073359, "80": 0.763616325215738, "81": 0.455317188351496, "82": 0.3034189649449832, "83": 0.763616325215738, "84": 0.3242183587624334, "85": 0.31449380059016957, "86": 0.8344235137619775, "87": 0.3034189649449832, "88": 0.3380875210913255, "89": 0.4158418674276809, "90": 0.6283274704135882, "91": 0.763616325215738, "92": 0.763616325215738, "93": 0.2686781109954257, "94": 0.23630495626903428, "95": 0.5376231304862757, "96": 0.27073895206350035, "97": 0.1785194274869619, "98": 0.3242183587624334, "99": 0.8881825627903417}, "1": {"0": 0.4283490068661994, "1": 0.75573915936367, "2": 0.24953417916460013, "3": 0.5094270807375736, "4": 0.3937089558622858, "5": 0.3388689441146869, "6": 0.5974494659466263, "7": 0.5961535077439388, "8": 0.26044069051263874, "9": 0.348004842175192, "10": 0.7029505259584738, "11": 0.4283490068661994, "12": 0.298603133751802, "13": 0.2812929923384553, "14": 0.2297179472586961, "15": 0.26047361960052384, "16": 0.8230828475390807, "17": 0.6755869910607212, "18": 0.6040150118347195, "19": 0.7146966579475613, "20": 0.3388689441146869, "21": 0.7285177924106863, "22": 0.7684095329087492, "23": 0.6373835079397694, "24": 0.38894242905284804, "25": 0.8569435975153217, "26": 0.7146966579475613, "27": 0.6755869910607212, "28": 0.7146966579475613, "29": 0.2604901082860264, "30": 0.6281955509586563, "31": 0.7115073753348132, "32": 0.7029505259584738, "33": 0.15807822315511, "34": 0.5974489813805282, "35": 0.2509523057475235, "36": 0.30167554683269626, "37": 0.04744225616937926, "38": 0.40080333966022935, "39": 0.1783301308131619, "40": 0.7025918687464514, "41": 0.15807822315511, "42": 0.3016755467316533, "43": 0.8230828475390807, "44": 0.6281955509586563, "45": 0.38894242905232096, "46": 0.26044069051263874, "47": 0.6005500304060718, "48": 0.7115073753348132, "49": 0.7285177924106863, "50": 0.2604901082860264, "51": 0.42937107202786945, "52": 0.6005500304060718, "53": 0.7557395074532551, "54": 0.5383700243586479, "55": 0.19569579888382183, "56": 0.2516561181193112, "57": 0.38894242905232096, "58": 0.8230828475390807, "59": 0.2663959854590933, "60": 0.10870337438845835, "61": 0.7072123881955168, "62": 0.8230828475390807, "63": 0.298603133751802, "64": 0.9005095222632291, "65": 0.3072679109047931, "66": 0.10870337438845835, "67": 0.1783301308131619, "68": 0.298603133751802, "69": 0.7684094672745154, "70": 0.2509523057475235, "71": 0.30167554683269626, "72": 0.6040150118347195, "73": 0.6373835079397694, "74": 0.4283490068661994, "75": 0.2516561181193112, "76": 0.40080333966022935, "77": 0.3072679109047931, "78": 0.2812929923384553, "79": 0.8569435975153217, "80": 0.75573915936367, "81": 0.7072123881955168, "82": 0.34800357314800856, "83": 0.6318877361287523, "84": 0.2297179472586961, "85": 0.5094270807375736, "86": 0.7025918687464514, "87": 0.9005095222632291, "88": 0.04744225616937926, "89": 0.5383700243586479, "90": 0.3937089558622858, "91": 0.42937107202786945, "92": 0.2663959854590933, "93": 0.19569579888382183, "94": 0.348004842175192, "95": 0.4283490068661994, "96": 0.5961535077439388, "97": 0.6318877361287523, "98": 0.7684094672745154, "99": 0.5974489813805282}, "2": {"0": 0.2828411106923493, "1": 0.6859773553692797, "2": 0.6947695765228741, "3": 0.3113321145949784, "4": 0.28275602783071113, "5": 0.44878583403846345, "6": 0.5863408271047702, "7": 0.303608849906129, "8": 0.7068308990768283, "9": 0.5863408271047702, "10": 0.4158750106293123, "11": 0.28025303519355227, "12": 0.20155122388959223, "13": 0.6962297365095452, "14": 0.593662238689223, "15": 0.2965487818069233, "16": 0.7521662370040703, "17": 0.2619855221755229, "18": 0.28331911153433775, "19": 0.3066936509928189, "20": 0.40135753049718, "21": 0.6854487323513, "22": 0.3113321145949784, "23": 0.5569596954363956, "24": 0.36039447370837063, "25": 0.6493259159300119, "26": 0.36039447370837063, "27": 0.7521662370040703, "28": 0.5747972216015242, "29": 0.5747972216015242, "30": 0.5048644100253159, "31": 0.6895528207443377, "32": 0.3066936509928189, "33": 0.5048644100253159, "34": 0.40135753049718, "35": 0.4593528633007138, "36": 0.28025303519355227, "37": 0.6186904082670573, "38": 0.8435017396234581, "39": 0.6962297365095452, "40": 0.7522773445687703, "41": 0.3321647309800156, "42": 0.2313795056537732, "43": 0.2313795056537732, "44": 0.2619855221755229, "45": 0.6947695765228741, "46": 0.6186904392354609, "47": 0.5636195156415266, "48": 0.5133119761764324, "49": 0.6858992380054141, "50": 0.3321647309800156, "51": 0.4348329890696989, "52": 0.5761942301612785, "53": 0.21663223873874, "54": 0.303608849906129, "55": 0.21663223873874, "56": 0.613898992160979, "57": 0.5148090929430198, "58": 0.2313795056537732, "59": 0.633161251876184, "60": 0.6895528207443377, "61": 0.6143394275644131, "62": 0.629498106426797, "63": 0.8341128930435233, "64": 0.44878583403846345, "65": 0.6854487323513, "66": 0.1604235513839739, "67": 0.7068308990768283, "68": 0.44489803085332835, "69": 0.2965487818069233, "70": 0.44489803085332835, "71": 0.9017805127477336, "72": 0.8435017396234581, "73": 0.5133119761764324, "74": 0.5761942301612785, "75": 0.9017805127477336, "76": 0.22308467483903127, "77": 0.5156006475938955, "78": 0.4158750106293123, "79": 0.5156006475938955, "80": 0.1604235513839739, "81": 0.4593528633007138, "82": 0.20155122388959223, "83": 0.6152202983712813, "84": 0.613898992160979, "85": 0.593662238689223, "86": 0.6859773553692797, "87": 0.5569596954363956, "88": 0.6493259159300119, "89": 0.629498106426797, "90": 0.7522773445687703, "91": 0.4348329890696989, "92": 0.8341128930435233, "93": 0.2828411106923493, "94": 0.22308467483903127, "95": 0.6186904392354609, "96": 0.303608849906129, "97": 0.1604235513839739, "98": 0.2313795056537732, "99": 0.5636195156415266}, "3": {"0": 0.6521884202306829, "1": 0.1842791295684576, "2": 0.5838196501989982, "3": 0.8233098779547581, "4": 0.21069029266619935, "5": 0.663770197685884, "6": 0.08853773506840495,