{"0": {"0": 0.7447437726922859, "1": 0.6725285258720921, "2": 0.12894757784270616, "3": 0.8163840156338377, "4": 0.5012433729542827, "5": 0.5749967283415818, "6": 0.3623079151768687, "7": 0.8030121522691119, "8": 0.3262631971793539, "9": 0.14653928456509543, "10": 0.7103117932157919, "11": 0.32626319717931035, "12": 0.8133058284208308, "13": 0.13428692728511954, "14": 0.5749988742855721, "15": 0.9278154736775075, "16": 0.2698956466324274, "17": 0.11007384065260474, "18": 0.8468804218459179, "19": 0.11285298840141551, "20": 0.8201427846169542, "21": 0.326263197179284, "22": 0.8201427794371491, "23": 0.12198987220597579, "24": 0.9054942883194146, "25": 0.5701712461856254, "26": 0.2698956466324274, "27": 0.9054942883194146, "28": 0.8921745939820784, "29": 0.8201427750167414, "30": 0.19156273650862193, "31": 0.8845401485310449, "32": 0.19880519848561728, "33": 0.8365311867278222, "34": 0.17636492472892046, "35": 0.8863769388173363, "36": 0.7103117932157919, "37": 0.5978528421040654, "38": 0.5600208547198615, "39": 0.5701712691823126, "40": 0.9016458297194031, "41": 0.3262631971793073, "42": 0.6725285258720921, "43": 0.8777247537196761, "44": 0.5600208547198615, "45": 0.17636492472892046, "46": 0.8896123146493289, "47": 0.8845401485310449, "48": 0.12894757784270616, "49": 0.8896123116879742, "50": 0.11285298840141551, "51": 0.5516502184085363, "52": 0.32626319717932195, "53": 0.8201427794729679, "54": 0.7103117932157919, "55": 0.8030121522691119, "56": 0.49388860832063064, "57": 0.8896123116879742, "58": 0.32626319717932195, "59": 0.7103117932157919, "60": 0.5751812795247473, "61": 0.22800071321390974, "62": 0.3623079151768687, "63": 0.542948419853152, "64": 0.12198987220597579, "65": 0.11007384065260474, "66": 0.8365311867278222, "67": 0.5978528421040654, "68": 0.8468804218459179, "69": 0.8201427795087868, "70": 0.7447437726922859, "71": 0.9016458297194031, "72": 0.49388878213665677, "73": 0.49388860832063064, "74": 0.14653928456509543, "75": 0.22800071321390974, "76": 0.5751812795247473, "77": 0.5701712461856254, "78": 0.1095951099848422, "79": 0.5313266527365812, "80": 0.8777247537196761, "81": 0.1095951099848422, "82": 0.5516502184085363, "83": 0.8201427794729679, "84": 0.8863769388173363, "85": 0.8133058284208308, "86": 0.3262631971793073, "87": 0.13428692728511954, "88": 0.5751812795247473, "89": 0.19156273650862193, "90": 0.542948419853152, "91": 0.8863769388173363, "92": 0.9278154736775075, "93": 0.5012433729542827, "94": 0.5313266527365812, "95": 0.19880519848561728, "96": 0.5749988742855721, "97": 0.5978528421040654, "98": 0.8163840156338377, "99": 0.7103117932157919}, "1": {"0": 0.40199529694896585, "1": 0.5419542819621251, "2": 0.5110953973049789, "3": 0.39247993434561673, "4": 0.18536027353717038, "5": 0.16537462117915705, "6": 0.8599204773643787, "7": 0.8140051512501592, "8": 0.6179483951866136, "9": 0.020344943687840567, "10": 0.5110953973049789, "11": 0.16451387556578992, "12": 0.6898503947143285, "13": 0.8140051512501592, "14": 0.3638501281194113, "15": 0.4895036763037318, "16": 0.28934264802492443, "17": 0.8424184414280984, "18": 0.1856080386009062, "19": 0.1392744351700327, "20": 0.3717297098685956, "21": 0.8338735292271298, "22": 0.859771263153162, "23": 0.8410428630824185, "24": 0.851661309642209, "25": 0.3538759308846069, "26": 0.8616452580384032, "27": 0.8653951501864754, "28": 0.4720264353740257, "29": 0.1392744351700327, "30": 0.14473814158801213, "31": 0.5419542819621251, "32": 0.6179285476509007, "33": 0.34769112953738934, "34": 0.851661309642209, "35": 0.1856080386009062, "36": 0.8257710772137106, "37": 0.18179140241703928, "38": 0.1645081489268516, "39": 0.14240069777180592, "40": 0.8756446125398839, "41": 0.16451387556578992, "42": 0.8340929300960551, "43": 0.3824429913106905, "44": 0.8029660150275872, "45": 0.859771263153162, "46": 0.12067035990426038, "47": 0.5099427530497866, "48": 0.8928808351025812, "49": 0.3824429913106905, "50": 0.6179285476509007, "51": 0.34769112953738934, "52": 0.39247993434561673, "53": 0.14473814158801213, "54": 0.18179140241703928, "55": 0.28934264802492443, "56": 0.5685902282476811, "57": 0.3638501281194113, "58": 0.5685902282476811, "59": 0.6898503947143285, "60": 0.8603142172572279, "61": 0.40199529694896585, "62": 0.16537462124777663, "63": 0.8602769137044237, "64": 0.8602769137044237, "65": 0.8424184414280984, "66": 0.7172252147852094, "67": 0.8171606949176047, "68": 0.4720264353740257, "69": 0.1645081489268516, "70": 0.2084339033675841, "71": 0.8257710772137106, "72": 0.8340563632845676, "73": 0.7919223536697885, "74": 0.8340563632845676, "75": 0.1465113739599689, "76": 0.3538759308846069, "77": 0.8616452580384032, "78": 0.8756446125398839, "79": 0.841080806523661, "80": 0.859310574376964, "81": 0.16537462117915705, "82": 0.12067035990426038, "83": 0.1465113739599689, "84": 0.8928808351025812, "85": 0.14240069777180592, "86": 0.3638501281194113, "87": 0.859310574376964, "88": 0.8029660150275872, "89": 0.4895036763037318, "90": 0.7919223536697885, "91": 0.5099427530497866, "92": 0.2084339033675841, "93": 0.8171606949176047, "94": 0.8653951501864754, "95": 0.841080806523661, "96": 0.020344943687840567, "97": 0.3717297098685956, "98": 0.7172252147852094, "99": 0.18536027353717038}, "2": {"0": 0.6006562013616663, "1": 0.6215325187829477, "2": 0.2845816303946056, "3": 0.10292352354498441, "4": 0.8058639356035002, "5": 0.6812977618103399, "6": 0.8564818523517033, "7": 0.8058639356029278, "8": 0.5039087417439925, "9": 0.5456689290763614, "10": 0.9346027237340353, "11": 0.8949010327109979, "12": 0.8840408547678169, "13": 0.1318262371885077, "14": 0.609752587185465, "15": 0.10379935315364268, "16": 0.8992537237740823, "17": 0.23340688361074186, "18": 0.004303394399872262, "19": 0.05089818883143965, "20": 0.11932743299448435, "21": 0.5039087417439925, "22": 0.9534012609355642, "23": 0.5563228342337396, "24": 0.08860854730218598, "25": 0.10670661611582266, "26": 0.8931115737450828, "27": 0.05089818883143965, "28": 0.10258302877374781, "29": 0.9346027237340353, "30": 0.7864221732681567, "31": 0.567499769019687, "32": 0.6812977618103399, "33": 0.06934646745298394, "34": 0.3211196379780443, "35": 0.8992537237740823, "36": 0.8443697097296863, "37": 0.10379902645829557, "38": 0.8949010327109979, "39": 0.20054684309321832, "40": 0.2458552252042571, "41": 0.8058639356029278, "42": 0.4627204626451068, "43": 0.7005100972721947, "44": 0.23340688361074186, "45": 0.7864221732681567, "46": 0.7005100972721947, "47": 0.567499769019687, "48": 0.10670661611582266, "49": 0.5653233857391144, "50": 0.09140967610786128, "51": 0.6170213993379613, "52": 0.9534012609355642, "53": 0.8892784123201842, "54": 0.15857816695836796, "55": 0.229837583802106, "56": 0.5931549416441235, "57": 0.3211196379780443, "58": 0.229837583802106, "59": 0.6215325187829477, "60": 0.8931115737450828, "61": 0.09208890163416143, "62": 0.609752587185465, "63": 0.3533548996198774, "64": 0.540495642568138, "65": 0.4627204626451068, "66": 0.2458552252042571, "67": 0.6925137083947965, "68": 0.6925137083947965, "69": 0.10258302877374781, "70": 0.6170213993379613, "71": 0.004303394399872262, "72": 0.5931549416441235, "73": 0.15857816695836796, "74": 0.10159339204475396, "75": 0.6006562013616663, "76": 0.5563228342337396, "77": 0.11932743299448435, "78": 0.20054684309321832, "79": 0.10379902645829557, "80": 0.23340688361074186, "81": 0.567499769019687, "82": 0.5653233857391144, "83": 0.2845816303946056, "84": 0.540495642568138, "85": 0.8892784123201842, "86": 0.08860854730218598, "87": 0.6006562013616663, "88": 0.15857816695836796, "89": 0.1318262371885077, "90": 0.4806159943283978, "91": 0.10159339204475396, "92": 0.8564818523517033, "93": 0.4806159943283978, "94": 0.3533548996198774, "95": 0.8443697097296863, "96": 0.09208890163416143, "97": 0.06934646745298394, "98": 0.09140967610786128, "99": 0.5456689290763614}, "3": {"0": 0.6010744424039162, "1": 0.7382130728774624, "2": 0.6938708713442506, "3": 0.9008120342778623, "4": 0.2137972850327761,