{"0": {"0": 0.4999999568110437, "1": 0.94999986262722, "2": 0.949999898003056, "3": 0.49999995891231497, "4": 0.050000337070732495, "5": 0.9499998107941445, "6": 0.4999999699670147, "7": 0.9499999394089831, "8": 0.4999999509825665, "9": 0.9499998423767798, "10": 0.9499998222858115, "11": 0.050000433805320765, "12": 0.9499998601684956, "13": 0.9499998974263897, "14": 0.05000028236980967, "15": 0.9499999008912672, "16": 0.49999995357961247, "17": 0.9499999302807552, "18": 0.949999831747395, "19": 0.9499998314773119, "20": 0.4999999495203957, "21": 0.9499998264994951, "22": 0.9499998161873832, "23": 0.49999997691643916, "24": 0.49999996019574455, "25": 0.05000028236980967, "26": 0.9499998216309842, "27": 0.4999999637510242, "28": 0.949999906629125, "29": 0.4999999558882697, "30": 0.4999999653702384, "31": 0.9499998599826226, "32": 0.9499998649779844, "33": 0.49999997011321995, "34": 0.9499998710959376, "35": 0.4999999604945915, "36": 0.4999999634381668, "37": 0.49999997502188365, "38": 0.4999999609703371, "39": 0.9499999376837653, "40": 0.49999995529228103, "41": 0.49999996145414743, "42": 0.499999981934673, "43": 0.49999996687383147, "44": 0.49999995891231497, "45": 0.9499998955736882, "46": 0.05000046681840692, "47": 0.0500004444290915, "48": 0.9499998226021, "49": 0.949999929015638, "50": 0.05000041572753508, "51": 0.49999995332634667, "52": 0.49999998343691576, "53": 0.4999999568110437, "54": 0.9499998649779844, "55": 0.949999820257325, "56": 0.9499998264994951, "57": 0.49999996690776094, "58": 0.050000419835087406, "59": 0.9499998231901244, "60": 0.9499998161873832, "61": 0.05000029851416674, "62": 0.4999999607641952, "63": 0.05000034238594092, "64": 0.050000535765519924, "65": 0.49999994790537605, "66": 0.4999999607641952, "67": 0.050000149257083376, "68": 0.05000023288379618, "69": 0.9499998216309842, "70": 0.49999996145414743, "71": 0.49999996880476383, "72": 0.9499998368547554, "73": 0.4999999509825665, "74": 0.05000041572753508, "75": 0.9499998312285336, "76": 0.499999981934673, "77": 0.949999831747395, "78": 0.9499998292424667, "79": 0.49999996517802603, "80": 0.9499998601684956, "81": 0.4999999518968229, "82": 0.0500004444290915, "83": 0.9499999053970722, "84": 0.94999986262722, "85": 0.4999999647284998, "86": 0.49999997502188365, "87": 0.49999996690776094, "88": 0.4999999518968229, "89": 0.49999997678980623, "90": 0.9499999184273777, "91": 0.4999999815276118, "92": 0.49999997011321995, "93": 0.949999898003056, "94": 0.4999999787879155, "95": 0.05000023340920346, "96": 0.05000034238594092, "97": 0.4999999787879155, "98": 0.4999999637510242, "99": 0.49999996517802603}, "1": {"0": 0.9499997465198067, "1": 0.9499997941310003, "2": 0.05000037569317695, "3": 0.050000378075665056, "4": 0.9499998460073068, "5": 0.5000000016785253, "6": 0.9499998761897858, "7": 0.050000228191044396, "8": 0.9499997822225559, "9": 0.050000159925062626, "10": 0.5000000018783306, "11": 0.9499997863825702, "12": 0.05000031001581587, "13": 0.9499997747178677, "14": 0.9499997737649545, "15": 0.500000001016397, "16": 0.5000000015709133, "17": 0.5000000015892572, "18": 0.5000000012674334, "19": 0.9499998206240656, "20": 0.050000330139122244, "21": 0.05000020006855112, "22": 0.05000020924392527, "23": 0.9499997131169622, "24": 0.5000000011149592, "25": 0.5000000009278298, "26": 0.05000039867258891, "27": 0.050000396820417035, "28": 0.5000000020485854, "29": 0.5000000020485854, "30": 0.050000149293878124, "31": 0.5000000013554717, "32": 0.9499998182901652, "33": 0.9499999196057902, "34": 0.9499998289174032, "35": 0.5000000017385705, "36": 0.05000024498221358, "37": 0.9499998450020193, "38": 0.050000354445536035, "39": 0.050000354607622755, "40": 0.050000228509512495, "41": 0.050000225619476535, "42": 0.5000000016148103, "43": 0.9499998199289956, "44": 0.050000149293878124, "45": 0.9499998448265115, "46": 0.5000000016066463, "47": 0.05000027010331923, "48": 0.5000000014412762, "49": 0.9499997770035249, "50": 0.5000000007206381, "51": 0.05000033352206855, "52": 0.05000031128720059, "53": 0.05000017730381138, "54": 0.9499997941310003, "55": 0.05000028595967819, "56": 0.9499998293922005, "57": 0.05000029252224794, "58": 0.050000225619476535, "59": 0.9499997733745532, "60": 0.050000321928734895, "61": 0.5000000020485854, "62": 0.9499997721376674, "63": 0.9499998206240656, "64": 0.500000001692464, "65": 0.5000000004728048, "66": 0.5000000012437782, "67": 0.9499998931912851, "68": 0.9499999007329234, "69": 0.5000000012778181, "70": 0.9499998854263577, "71": 0.05000023662111949, "72": 0.05000030789440239, "73": 0.9499998732599033, "74": 0.9499998903567911, "75": 0.0500002867952507, "76": 0.5000000016218333, "77": 0.9499997770035249, "78": 0.5000000015709133, "79": 0.500000000638909, "80": 0.9499997998850593, "81": 0.05000020924392527, "82": 0.05000018561141578, "83": 0.5000000016066463, "84": 0.9499998293922005, "85": 0.5000000011149592, "86": 0.9499997737649545, "87": 0.9499998341241855, "88": 0.5000000012437782, "89": 0.050000330139122244, "90": 0.050000228191044396, "91": 0.5000000017385705, "92": 0.050000321928734895, "93": 0.05000011831055975, "94": 0.05000023290306928, "95": 0.05000030265976661, "96": 0.9499999170620927, "97": 0.05000030265976661, "98": 0.500000001692464, "99": 0.05000011645153464}, "2": {"0": 0.5000000432500761, "1": 0.9499999278845752, "2": 0.5000000503006137, "3": 0.5000000497290662, "4": 0.5000000248083863, "5": 0.5000000418912751, "6": 0.5000000521008535, "7": 0.5000000466017623, "8": 0.5000000491787531, "9": 0.9499999175491015, "10": 0.050000473081389454, "11": 0.9499999444894796, "12": 0.05000042111429624, "13": 0.5000000514493167, "14": 0.5000000491787531, "15": 0.9499999360781624, "16": 0.05000052508066348, "17": 0.05000036045124019, "18": 0.5000000747395124, "19": 0.05000043373690758, "20": 0.05000034052185115, "21": 0.05000053868664531, "22": 0.5000000421043864, "23": 0.500000075242788, "24": 0.9499999639422876, "25": 0.9499999348228494, "26": 0.05000045309384259, "27": 0.05000053868664531, "28": 0.0500004602350822, "29": 0.050000178910391296, "30": 0.5000000257246584, "31": 0.050000281891608045, "32": 0.9499999600047359, "33": 0.5000000542977447, "34": 0.9499999453609826, "35": 0.5000000641660095, "36": 0.0500004881595418, "37": 0.5000000696821618, "38": 0.5000000470104042, "39": 0.5000000225500483, "40": 0.9499999703542201, "41": 0.9499999347724724, "42": 0.500000059506048, "43": 0.9499999457288381, "44": 0.05000053010874928, "45": 0.05000048676563299, "46": 0.5000000606289327, "47": 0.500000042813686, "48": 0.5000000620578589, "49": 0.5000000502637654, "50": 0.9499999559504522, "51": 0.5000000696821618, "52": 0.05000045414132405, "53": 0.9499999309521556, "54": 0.5000000413644201, "55": 0.0500004881595418, "56": 0.0500005255523014, "57": 0.0500002441170017, "58": 0.05000042405555856, "59": 0.5000000386824538, "60": 0.5000000168140045, "61": 0.05000039196633614, "62": 0.5000000542977447, "63": 0.05000048676563299, "64": 0.949999952593291, "65": 0.5000000625595349, "66": 0.5000000200574428, "67": 0.050000473081389454, "68": 0.5000000373697562, "69": 0.949999952593291, "70": 0.5000000322264541, "71": 0.500000055131485, "72": 0.500000026072748, "73": 0.050000226546921295, "74": 0.05000042111429624, "75": 0.500000026072748, "76": 0.500000075242788, "77": 0.05000052508066348, "78": 0.5000000560881538, "79": 0.5000000267954117, "80": 0.5000000531943838, "81": 0.94999992407144, "82": 0.05000036045124019, "83": 0.9499999617423143, "84": 0.0500005255523014, "85": 0.05000043373690758, "86": 0.5000000220469436, "87": 0.5000000418912751, "88": 0.5000000413644201, "89": 0.9499999360781624, "90": 0.0500003200230871, "91": 0.500000055131485, "92": 0.9499999617423143, "93": 0.9499999457288381, "94": 0.5000000620578589, "95": 0.0500003200230871, "96": 0.5000000265971919, "97": 0.500000042813686, "98": 0.05000027727620253, "99": 0.5000000210521932}, "3": {"0": 0.9499999274006588, "1": 0.05000021230926446, "2": 0.9499999577095788, "3": 0.49999997341683283,