{"0": {"0": 0.9499999999991979, "1": 0.9499999999993953, "2": 0.9499999999991939, "3": 0.9499999999996498, "4": 0.49466626229810473, "5": 0.9499999999988973, "6": 0.9499999999993306, "7": 0.5002056506548143, "8": 0.05000000000102309, "9": 0.9499999999989903, "10": 0.9499999999992776, "11": 0.9499999999991819, "12": 0.9499999999993727, "13": 0.05000000000131414, "14": 0.9499999999994051, "15": 0.9499999999989942, "16": 0.949999999999278, "17": 0.9499999999993852, "18": 0.05000000000246109, "19": 0.05000000000275555, "20": 0.050000000001149396, "21": 0.49466626229810473, "22": 0.9499999999990576, "23": 0.05000000000183017, "24": 0.9499999999993667, "25": 0.9499999999992095, "26": 0.050000000001460904, "27": 0.050000000000667, "28": 0.9499999999992026, "29": 0.050000000000717235, "30": 0.5085899157061985, "31": 0.05000000000102309, "32": 0.05000000000206062, "33": 0.949999999999593, "34": 0.05000000000082199, "35": 0.94999999999976, "36": 0.9499999999989104, "37": 0.9499999999994072, "38": 0.5002056506548143, "39": 0.9499999999994051, "40": 0.9499999999995101, "41": 0.05000000000284503, "42": 0.050000000001009466, "43": 0.9499999999992883, "44": 0.05000000000212115, "45": 0.050000000002377795, "46": 0.9499999999993023, "47": 0.48912687339327343, "48": 0.05000000000169051, "49": 0.9499999999990981, "50": 0.05000000000184965, "51": 0.9499999999990318, "52": 0.9499999999993222, "53": 0.05000000000099244, "54": 0.949999999999497, "55": 0.9499999999994072, "56": 0.9499999999996611, "57": 0.05000000000165197, "58": 0.9499999999992095, "59": 0.9499999999992026, "60": 0.9499999999996274, "61": 0.51735734544254, "62": 0.05000000000092764, "63": 0.9499999999996976, "64": 0.05000000000127641, "65": 0.9499999999994353, "66": 0.05000000000101987, "67": 0.05000000000184965, "68": 0.050000000001319996, "69": 0.050000000001230546, "70": 0.9499999999988973, "71": 0.9499999999994408, "72": 0.05000000000174071, "73": 0.9499999999991979, "74": 0.9499999999991164, "75": 0.050000000001734254, "76": 0.05000000000132823, "77": 0.9499999999996278, "78": 0.05000000000238476, "79": 0.05000000000164329, "80": 0.5085899157061985, "81": 0.05000000000112454, "82": 0.9499999999995159, "83": 0.050000000000781246, "84": 0.48912687339327343, "85": 0.9499999999993852, "86": 0.9499999999993434, "87": 0.050000000000562275, "88": 0.05000000000123802, "89": 0.05000000000119238, "90": 0.05000000000164329, "91": 0.9499999999996441, "92": 0.05000000000061901, "93": 0.05000000000082599, "94": 0.9499999999990981, "95": 0.9499999999991939, "96": 0.050000000001734254, "97": 0.9499999999991819, "98": 0.05000000000073045, "99": 0.51735734544254}, "1": {"0": 0.05000000000251058, "1": 0.4929154094991406, "2": 0.050000000004297544, "3": 0.9499999999979356, "4": 0.9499999999977707, "5": 0.9499999999983678, "6": 0.9499999999981156, "7": 0.9499999999981859, "8": 0.9499999999977156, "9": 0.05000000000499681, "10": 0.05000000000398696, "11": 0.9499999999978679, "12": 0.9499999999978546, "13": 0.05000000000331571, "14": 0.050000000004619134, "15": 0.9499999999967714, "16": 0.9499999999976545, "17": 0.9499999999977531, "18": 0.05000000000441794, "19": 0.9499999999978455, "20": 0.05000000000294287, "21": 0.9499999999973633, "22": 0.9499999999988402, "23": 0.9499999999982289, "24": 0.9499999999980581, "25": 0.9499999999981364, "26": 0.05000000000468112, "27": 0.949999999997762, "28": 0.050000000004478455, "29": 0.9499999999987924, "30": 0.05000000000162838, "31": 0.49447215558632973, "32": 0.0500000000046911, "33": 0.05000000000485261, "34": 0.4929154094991406, "35": 0.05000000000413403, "36": 0.05000000000468112, "37": 0.050000000003236, "38": 0.9499999999974389, "39": 0.94999999999721, "40": 0.05000000000398411, "41": 0.9499999999989227, "42": 0.9499999999967714, "43": 0.9499999999970568, "44": 0.9499999999991144, "45": 0.9499999999990683, "46": 0.9499999999982865, "47": 0.9499999999984412, "48": 0.05000000000240058, "49": 0.5302662682155382, "50": 0.05000000000314602, "51": 0.9499999999987194, "52": 0.9499999999977531, "53": 0.5220927904880031, "54": 0.05000000000290942, "55": 0.05000000000498628, "56": 0.050000000004619134, "57": 0.05000000000199348, "58": 0.05000000000294287, "59": 0.05000000000485261, "60": 0.9499999999989, "61": 0.05000000000302902, "62": 0.05000000000331571, "63": 0.05000000000442488, "64": 0.9499999999976946, "65": 0.9499999999981177, "66": 0.050000000002368816, "67": 0.9499999999989247, "68": 0.9499999999990929, "69": 0.5302662682155382, "70": 0.05000000000218096, "71": 0.05000000000264615, "72": 0.0500000000046911, "73": 0.9499999999978532, "74": 0.949999999997409, "75": 0.49447215558632973, "76": 0.9499999999976946, "77": 0.9499999999988402, "78": 0.9499999999987256, "79": 0.05000000000110483, "80": 0.5220927905021047, "81": 0.9499999999991433, "82": 0.050000000001514514, "83": 0.050000000001992055, "84": 0.949999999997518, "85": 0.05000000000240587, "86": 0.9499999999976312, "87": 0.9499999999988156, "88": 0.05000000000203306, "89": 0.5220927904880031, "90": 0.05000000000178697, "91": 0.05000000000157301, "92": 0.050000000001618, "93": 0.9499999999976545, "94": 0.9499999999994624, "95": 0.05000000000214877, "96": 0.949999999998881, "97": 0.9499999999989678, "98": 0.9499999999978679, "99": 0.05000000000442488}, "2": {"0": 0.05000000000326592, "1": 0.9499999999996924, "2": 0.05000000000326793, "3": 0.9499999999997057, "4": 0.05000000000367736, "5": 0.050000000002765645, "6": 0.05000000000347993, "7": 0.9499999999997345, "8": 0.05000000000303935, "9": 0.9499999999998077, "10": 0.05000000000288747, "11": 0.0500000000037191, "12": 0.9499999999998593, "13": 0.949999999999895, "14": 0.0500000000039103, "15": 0.9499999999995626, "16": 0.9499999999998541, "17": 0.9499999999996835, "18": 0.05000000000299765, "19": 0.05000000000617434, "20": 0.949999999999691, "21": 0.9499999999996533, "22": 0.050000000003855745, "23": 0.05000000000351858, "24": 0.9499999999996895, "25": 0.9499999999996492, "26": 0.9499999999998178, "27": 0.5289674989746086, "28": 0.9499999999998862, "29": 0.05000000000386803, "30": 0.050000000003458514, "31": 0.05000000000308717, "32": 0.5311577296766041, "33": 0.05000000000404698, "34": 0.05000000000163296, "35": 0.9499999999997663, "36": 0.05000000000255328, "37": 0.5302816373958059, "38": 0.05000000000281031, "39": 0.9499999999998645, "40": 0.9499999999997596, "41": 0.05000000000387478, "42": 0.9499999999997204, "43": 0.9499999999997052, "44": 0.9499999999998343, "45": 0.9499999999996795, "46": 0.05000000000425507, "47": 0.949999999999807, "48": 0.05000000000191761, "49": 0.949999999999867, "50": 0.5289674989746086, "51": 0.0500000000039103, "52": 0.949999999999649, "53": 0.9499999999998427, "54": 0.050000000001719364, "55": 0.05000000000180359, "56": 0.05000000000231605, "57": 0.050000000003916, "58": 0.9499999999997146, "59": 0.05000000000387478, "60": 0.9499999999998454, "61": 0.05000000000193401, "62": 0.9499999999998462, "63": 0.9499999999998033, "64": 0.9499999999998398, "65": 0.05000000000404698, "66": 0.5285294528342095, "67": 0.05000000000252789, "68": 0.05000000000326793, "69": 0.050000000002096576, "70": 0.05000000000299765, "71": 0.9499999999998698, "72": 0.5302816373958059, "73": 0.9499999999995336, "74": 0.9499999999998231, "75": 0.9499999999998552, "76": 0.05000000000185955, "77": 0.9499999999998266, "78": 0.05000000000275983, "79": 0.05000000000303935, "80": 0.05000000000140516, "81": 0.05000000000348481, "82": 0.949999999999807, "83": 0.9499999999997146, "84": 0.9499999999998043, "85": 0.050000000002765645, "86": 0.949999999999835, "87": 0.9499999999998323, "88": 0.05000000000347504, "89": 0.05000000000347993, "90": 0.9499999999997961, "91": 0.9499999999997961, "92": 0.05000000000126395, "93": 0.9499999999997591, "94": 0.9499999999999175, "95": 0.9499999999998462, "96": 0.050000000001838685, "97": 0.9499999999998033, "98": 0.9499999999997668, "99": 0.05000000000255328}, "3": {"0": 0.050000000000554864, "1": 0.050000000000953886, "2": 0.9499999999984612,