{"0": {"0": 0.7833222546277191, "1": 0.8927535960886888, "2": 0.4999999999999918, "3": 0.4999999999999811, "4": 0.08752926932378813, "5": 0.9199947998536979, "6": 0.8608381218884137, "7": 0.49999999999999, "8": 0.7880854709838718, "9": 0.8721293817344876, "10": 0.922901543473882, "11": 0.21236006797906437, "12": 0.08842299022829508, "13": 0.49999999999997846, "14": 0.4999999999999817, "15": 0.8616125286890208, "16": 0.4999999999999949, "17": 0.4999999999999807, "18": 0.4999999999999829, "19": 0.07167081506722493, "20": 0.07299473064319965, "21": 0.08752926932367394, "22": 0.4999999999999802, "23": 0.9397901957585821, "24": 0.8698430866996719, "25": 0.11882594165336105, "26": 0.8552909445451216, "27": 0.21236006797906437, "28": 0.8750059838354427, "29": 0.4999999999999861, "30": 0.49999999999998856, "31": 0.06835183273420962, "32": 0.8447889470458839, "33": 0.8920880810001387, "34": 0.8772595035762312, "35": 0.4999999999999824, "36": 0.7833222546277191, "37": 0.49999999999998324, "38": 0.8772595035762312, "39": 0.7856055192179, "40": 0.8323760584923874, "41": 0.49999999999998707, "42": 0.8750059838354427, "43": 0.25463206667480265, "44": 0.8323760584923874, "45": 0.7856055192179, "46": 0.25463206667480265, "47": 0.4999999999999912, "48": 0.8920880810001387, "49": 0.499999999999989, "50": 0.8447889470458839, "51": 0.4999999999999859, "52": 0.21236006797906437, "53": 0.8925302805074717, "54": 0.8923607526727975, "55": 0.06687318224993305, "56": 0.8698430866996719, "57": 0.49999999999998573, "58": 0.49999999999999395, "59": 0.8664832525100165, "60": 0.499999999999993, "61": 0.08842299022829508, "62": 0.8616125286890208, "63": 0.49999999999999434, "64": 0.49999999999998324, "65": 0.49999999999998324, "66": 0.07167081506722493, "67": 0.8927535960886888, "68": 0.922901543473882, "69": 0.49999999999999195, "70": 0.49999999999998573, "71": 0.4999999999999928, "72": 0.49999999999999306, "73": 0.06687318224993305, "74": 0.06835183273420962, "75": 0.4999999999999945, "76": 0.925808287094066, "77": 0.8552909445451216, "78": 0.2875345594280264, "79": 0.8925302805074717, "80": 0.4999999999999921, "81": 0.499999999999996, "82": 0.4999999999999916, "83": 0.8608381218884137, "84": 0.21236006797906437, "85": 0.4999999999999943, "86": 0.8664832525100165, "87": 0.08752926932367394, "88": 0.15779819937680578, "89": 0.49999999999999295, "90": 0.49999999999998923, "91": 0.15779819937680578, "92": 0.49999999999998707, "93": 0.8721293817344876, "94": 0.15779819937680578, "95": 0.11882594165336105, "96": 0.07299473064319965, "97": 0.2875345594280264, "98": 0.4999999999999901, "99": 0.9397901957585821}, "1": {"0": 0.5000000000000346, "1": 0.8570488394970386, "2": 0.8570543006492424, "3": 0.22153608014134402, "4": 0.1248072288052755, "5": 0.8503834245255399, "6": 0.1248072288052755, "7": 0.1248072288052755, "8": 0.8532218095621418, "9": 0.882072689620498, "10": 0.15908891945719622, "11": 0.15908891945719789, "12": 0.07337512739449578, "13": 0.1248072288052755, "14": 0.26557391508232064, "15": 0.26557391508232064, "16": 0.807052003124457, "17": 0.8401008914342474, "18": 0.5000000000000184, "19": 0.08196342907219281, "20": 0.8900456718409415, "21": 0.5000000000000321, "22": 0.5000000000000202, "23": 0.882072689620498, "24": 0.8401008914342474, "25": 0.8899897474946855, "26": 0.07337512739449578, "27": 0.5000000000000324, "28": 0.5000000000000364, "29": 0.052376997471849214, "30": 0.5000000000000265, "31": 0.5000000000000302, "32": 0.5000000000000132, "33": 0.5000000000000142, "34": 0.17725486576103175, "35": 0.5000000000000113, "36": 0.5000000000000321, "37": 0.5000000000000268, "38": 0.500000000000016, "39": 0.7870596409097887, "40": 0.5000000000000115, "41": 0.8366262019351102, "42": 0.5000000000000171, "43": 0.8899897474946855, "44": 0.5000000000000197, "45": 0.10410873703090459, "46": 0.0731917707313869, "47": 0.5000000000000302, "48": 0.8503939069420338, "49": 0.500000000000027, "50": 0.5000000000000204, "51": 0.10410873703090459, "52": 0.07319659590663197, "53": 0.5000000000000184, "54": 0.5000000000000243, "55": 0.500000000000026, "56": 0.8677232378254074, "57": 0.8677232378254074, "58": 0.5000000000000491, "59": 0.5000000000000371, "60": 0.864837018228231, "61": 0.11707961057313246, "62": 0.8648370144135572, "63": 0.5000000000000355, "64": 0.5000000000000109, "65": 0.24942679236136112, "66": 0.5000000000000369, "67": 0.8503939069420338, "68": 0.5000000000000137, "69": 0.500000000000018, "70": 0.5000000000000133, "71": 0.8366262019351102, "72": 0.857037917192631, "73": 0.8532218095621418, "74": 0.07319659590663197, "75": 0.7870596409097887, "76": 0.15908891945719622, "77": 0.11707961057313246, "78": 0.5000000000000416, "79": 0.5000000000000269, "80": 0.08196342907219281, "81": 0.864837018228231, "82": 0.5000000000000269, "83": 0.052376997471849214, "84": 0.807052003124457, "85": 0.17725486576103175, "86": 0.22153608014134402, "87": 0.24942679236136112, "88": 0.5000000000000135, "89": 0.8648370144135572, "90": 0.5000000000000169, "91": 0.2809007524827897, "92": 0.5000000000000141, "93": 0.807052003124457, "94": 0.500000000000016, "95": 0.8366262019351102, "96": 0.5000000000000122, "97": 0.2809007524827897, "98": 0.5000000000000182, "99": 0.8570543006492424}, "2": {"0": 0.4999999999999672, "1": 0.49999999999996186, "2": 0.19682005658467921, "3": 0.49999999999998096, "4": 0.49999999999997546, "5": 0.49999999999998723, "6": 0.15901795577936456, "7": 0.4999999999999518, "8": 0.17890476948929104, "9": 0.49999999999998107, "10": 0.4999999999999697, "11": 0.8348776228346017, "12": 0.7883460328223457, "13": 0.49999999999996436, "14": 0.4999999999999639, "15": 0.49999999999995115, "16": 0.17733732675697056, "17": 0.4999999999999727, "18": 0.17691964462950915, "19": 0.499999999999958, "20": 0.4999999999999624, "21": 0.499999999999984, "22": 0.9482429635514478, "23": 0.49999999999996936, "24": 0.4999999999999639, "25": 0.9482429635514478, "26": 0.4999999999999786, "27": 0.8350098164120305, "28": 0.49999999999996186, "29": 0.14273105295588434, "30": 0.4999999999999646, "31": 0.49999999999998634, "32": 0.499999999999957, "33": 0.7883460328223457, "34": 0.4999999999999936, "35": 0.1427311067899289, "36": 0.4999999999999599, "37": 0.1427311067899289, "38": 0.4999999999999709, "39": 0.49999999999998546, "40": 0.4999999999999688, "41": 0.49999999999996936, "42": 0.49999999999997413, "43": 0.1657362152625571, "44": 0.14535044210492531, "45": 0.7391514691575976, "46": 0.15901795577936456, "47": 0.15311145644886442, "48": 0.49999999999998357, "49": 0.8349510637109511, "50": 0.4999999999999717, "51": 0.499999999999979, "52": 0.12007079103333151, "53": 0.8350098164120305, "54": 0.7484387344466399, "55": 0.030593088725205574, "56": 0.4999999999999777, "57": 0.1657362152625571, "58": 0.12102600859592007, "59": 0.12102600859592007, "60": 0.030593088725205574, "61": 0.19682005658467921, "62": 0.4999999999999667, "63": 0.11422961047246612, "64": 0.49999999999998407, "65": 0.4999999999999842, "66": 0.1585728882250374, "67": 0.8627450934877668, "68": 0.17890476948929104, "69": 0.11422961047246612, "70": 0.8349510637109511, "71": 0.4999999999999647, "72": 0.11721297770889094, "73": 0.49999999999997, "74": 0.9482429635514478, "75": 0.4999999999999844, "76": 0.4999999999999756, "77": 0.9432004232238633, "78": 0.14535044210492531, "79": 0.15311145644886442, "80": 0.9432004232238633, "81": 0.499999999999992, "82": 0.7391514691575976, "83": 0.8627450934877668, "84": 0.49999999999996186, "85": 0.49999999999998584, "86": 0.11721297770889094, "87": 0.7391514691575976, "88": 0.4999999999999644, "89": 0.17733732675697056, "90": 0.49999999999998124, "91": 0.15913039194486406, "92": 0.8348776228346017, "93": 0.15913039194486406, "94": 0.4999999999999667, "95": 0.1585728882250374, "96": 0.7484387344466399, "97": 0.49999999999996586, "98": 0.4999999999999646, "99": 0.17691964462950915}, "3": {"0": 0.07729468816632076, "1": 0.500000000000047, "2": 0.0840795012199882, "3": 0.07741892478004336, "4": 0.500000000000093,