{"0": {"0": 1.2858380988422863e-10, "1": 0.8148519001021919, "2": 0.7226782445692395, "3": 1.2658502973298355e-10, "4": 1.4419499965497525e-10, "5": 0.8136628584266445, "6": 1.2030583303781e-10, "7": 0.6347250955211785, "8": 0.5711606250470036, "9": 9.537081071223796e-11, "10": 1.0761913205036124e-10, "11": 0.5430914306284268, "12": 4.394197801368928e-11, "13": 0.6025021633314758, "14": 0.9516707800825865, "15": 1.1849523330283572e-10, "16": 0.9516707800825865, "17": 0.8880912450923257, "18": 0.419208747023203, "19": 0.41340437145894926, "20": 8.879664163497978e-11, "21": 0.8880912450923257, "22": 0.7566464366012984, "23": 0.47684117167415857, "24": 0.8539358735428516, "25": 0.4637007077847424, "26": 0.8694933537426113, "27": 0.48590029076313557, "28": 8.918831808644184e-11, "29": 6.395792198855418e-11, "30": 0.8880912450923257, "31": 0.8079956389732614, "32": 0.5616878661429362, "33": 0.75100362746982, "34": 0.6347250955211785, "35": 0.5430914306284268, "36": 0.4637007077847424, "37": 0.8539358735428516, "38": 0.5616878661429362, "39": 6.713995936591277e-11, "40": 1.3596353459425826e-10, "41": 0.5914157635146908, "42": 1.238342030282952e-10, "43": 0.47684117167415857, "44": 0.48590029076313557, "45": 1.4373426473526524e-10, "46": 5.83109966463672e-11, "47": 8.307341940024719e-11, "48": 0.7566464366012984, "49": 0.75100362746982, "50": 0.778298386385041, "51": 1.3463370649879569e-10, "52": 0.9718049990440387, "53": 1.21204085174199e-10, "54": 4.553590173798235e-11, "55": 9.537081071223796e-11, "56": 0.5914157635146908, "57": 0.9718049990440387, "58": 0.8694933537426113, "59": 0.6833312834228057, "60": 8.090347341162832e-11, "61": 0.9718049990440387, "62": 6.521524513644805e-11, "63": 9.249563343533768e-11, "64": 5.924761665141786e-11, "65": 7.294477638654841e-11, "66": 1.2858380988422863e-10, "67": 8.044743383629116e-11, "68": 8.778452641779243e-11, "69": 0.8136628584266445, "70": 0.7123568690466138, "71": 0.41340437145894926, "72": 0.6347250955211785, "73": 0.419208747023203, "74": 0.8694933537426113, "75": 0.6025021633314758, "76": 1.235582627212854e-10, "77": 8.480777382782637e-11, "78": 0.7123568690466138, "79": 0.8079956389732614, "80": 8.226206485146479e-11, "81": 0.9907013251356864, "82": 0.7226782445692395, "83": 0.910872398555455, "84": 0.910872398555455, "85": 8.090347341162832e-11, "86": 0.9907013251356864, "87": 0.5711606250470036, "88": 0.8148519001021919, "89": 1.3463370649879569e-10, "90": 0.5776683581156374, "91": 8.918831808644184e-11, "92": 0.6025021633314758, "93": 0.5776683581156374, "94": 1.0738610155307384e-10, "95": 0.6833312834228057, "96": 1.0761913205036124e-10, "97": 1.0738610155307384e-10, "98": 0.778298386385041, "99": 6.0152916518905e-11}, "1": {"0": 0.8279032691261092, "1": 1.7432396647796967e-10, "2": 2.0621216285586338e-10, "3": 0.5819162560290241, "4": 0.9095825280707923, "5": 0.7093396917457702, "6": 0.5584733815176212, "7": 0.7888138671687115, "8": 2.087927490418105e-10, "9": 0.9176769914076961, "10": 8.081280390087103e-11, "11": 0.6083718047969544, "12": 1.7151703357113012e-10, "13": 0.5644105799021794, "14": 0.9291174213087252, "15": 0.8736621118480046, "16": 0.8109328660138742, "17": 0.7213071683714927, "18": 0.6645499594632147, "19": 0.7213071683714927, "20": 1.42195218046025e-10, "21": 0.6379849337901546, "22": 0.5819162560290241, "23": 0.6379849337901546, "24": 0.49104777485147855, "25": 0.9291174213087252, "26": 0.8470402466209317, "27": 0.643139752335447, "28": 0.7413178423402353, "29": 1.663908480130138e-10, "30": 0.7741557879430669, "31": 1.1006646961408033e-10, "32": 0.643139752335447, "33": 8.388920969991165e-11, "34": 0.5943452190731129, "35": 0.7244096971499903, "36": 0.4084584454676545, "37": 1.696350818646863e-10, "38": 0.7787024000325221, "39": 0.9377296383350904, "40": 0.7787024000325221, "41": 2.0581007524679775e-10, "42": 2.1498085092560588e-10, "43": 1.5376074682777463e-10, "44": 0.9095825280707923, "45": 0.6379849337901546, "46": 1.130402753908543e-10, "47": 1.7966052169397857e-10, "48": 0.9176769914076961, "49": 5.497542999108476e-11, "50": 1.130402753908543e-10, "51": 1.3936436083847195e-10, "52": 7.688037341388732e-11, "53": 0.8903859334399863, "54": 0.41131902111682594, "55": 8.388920969991165e-11, "56": 0.4227081307923901, "57": 0.9910828581040663, "58": 0.7741557879430669, "59": 0.7093396917457702, "60": 0.8109328660138742, "61": 0.7244096971499903, "62": 1.46942673192729e-10, "63": 0.6083718047969544, "64": 0.8279032691261092, "65": 0.9833146185863426, "66": 0.6645499594632147, "67": 0.9833146185863426, "68": 0.8470402466209317, "69": 1.3936436083847195e-10, "70": 0.5584733815176212, "71": 0.4227081307923901, "72": 1.1069475617124793e-10, "73": 0.6645499594632147, "74": 1.7044833460152507e-10, "75": 0.9377296383350904, "76": 0.41131902111682594, "77": 0.7413178423402353, "78": 0.7413178423402353, "79": 0.49104777485147855, "80": 0.9910828581040663, "81": 0.7888138671687115, "82": 1.625709112889251e-10, "83": 0.8736621118480046, "84": 0.41131902111682594, "85": 0.8903859334399863, "86": 0.5644105799021794, "87": 1.1069475617124793e-10, "88": 7.734674398816256e-11, "89": 1.42195218046025e-10, "90": 0.4084584454676545, "91": 8.128545564446255e-11, "92": 1.6685744243553974e-10, "93": 1.6685744243553974e-10, "94": 0.7888138671687115, "95": 0.7093396917457702, "96": 0.8903859334399863, "97": 0.6083718047969544, "98": 0.8903859334399863, "99": 0.5943452190731129}, "2": {"0": 0.8473593208931596, "1": 0.9393144088890822, "2": 0.4589878803337395, "3": 0.8187986520139654, "4": 8.112318688091526e-11, "5": 0.6699247580188838, "6": 1.5225189700642556e-10, "7": 1.3251184662247723e-10, "8": 1.0647696212681025e-10, "9": 8.633935504461442e-11, "10": 0.4589878803337395, "11": 0.4091603546374398, "12": 0.6587759722287945, "13": 0.6838565208125175, "14": 0.6587759722287945, "15": 0.8347157038186381, "16": 0.6838565208125175, "17": 0.8187986520139654, "18": 0.9269511665939802, "19": 1.6434719507718657e-10, "20": 0.4091603546374398, "21": 1.5350027304307128e-10, "22": 0.7309608486139203, "23": 0.7884910012031123, "24": 0.8052669052484906, "25": 1.58513767276324e-10, "26": 0.7322127847019209, "27": 0.7223940427744698, "28": 0.8347157038186381, "29": 0.6699247580188838, "30": 0.9790773713698038, "31": 1.3916752142164648e-10, "32": 0.5978941287002765, "33": 0.5918372414740827, "34": 1.179084688253568e-10, "35": 0.5076229711698297, "36": 9.319420270640583e-11, "37": 8.8902005762461e-11, "38": 1.4523232162765169e-10, "39": 1.2691293257258268e-10, "40": 0.6587759722287945, "41": 0.5027813533850519, "42": 0.8423707569346983, "43": 0.571645041870428, "44": 0.8423707569346983, "45": 1.0947024398605986e-10, "46": 9.949747837451606e-11, "47": 0.7322127847019209, "48": 0.5275628431133179, "49": 0.7309608486139203, "50": 6.992316153299151e-11, "51": 0.9269511665939802, "52": 0.4231382189150472, "53": 0.7884910012031123, "54": 1.3077411964988242e-10, "55": 0.5027813533850519, "56": 9.319420270640583e-11, "57": 0.47633246248220174, "58": 0.9393144088890822, "59": 0.4231382189150472, "60": 0.9790773713698038, "61": 0.9269511665939802, "62": 1.3251184662247723e-10, "63": 7.675013652153564e-11, "64": 6.992316153299151e-11, "65": 1.1575756363680988e-10, "66": 0.7322127847019209, "67": 0.7884910012031123, "68": 0.6699247580188838, "69": 0.5978941287002765, "70": 0.5076229711698297, "71": 0.5918372414740827, "72": 1.259142222603293e-10, "73": 5.323848106340512e-11, "74": 9.949747837451606e-11, "75": 0.8473593208931596, "76": 1.0318292433530984e-10, "77": 0.6514072004632554, "78": 1.0597692126751505e-10, "79": 0.6587759722287945, "80": 1.2691293257258268e-10, "81": 0.7884910012031123, "82": 0.4091603546374398, "83": 0.6514072004632554, "84": 1.179084688253568e-10, "85": 0.5275628431133179, "86": 0.76637230958132, "87": 0.8423707569346983, "88": 0.5918372414740827, "89": 1.0597692126751505e-10, "90": 0.47633246248220174, "91": 0.5275628431133179, "92": 0.571645041870428, "93": 0.7223940427744698, "94": 0.76637230958132,