{"0": {"0": 0.2810490020956343, "1": 0.2810490020956343, "2": 0.2810490020956343, "3": 0.8028986720013889, "4": 0.8028986730236416, "5": 0.8028986761182629, "6": 0.2810490020956343, "7": 0.8028986704959492, "8": 0.2810490020956343, "9": 0.8028986763094741, "10": 0.2810490020956343, "11": 0.2810490020956343, "12": 0.8028986715974666, "13": 0.2810490020956343, "14": 0.2810490020956343, "15": 0.2810490020956343, "16": 0.8028986720013889, "17": 0.2810490020956343, "18": 0.2810490020956343, "19": 0.2810490020956343, "20": 0.2810490020956343, "21": 0.2810490020956343, "22": 0.2810490020956343, "23": 0.8028986772318364, "24": 0.8028986768669791, "25": 0.8028986712082393, "26": 0.2810490020956343, "27": 0.2810490020956343, "28": 0.2810490020956343, "29": 0.8028986700948711, "30": 0.8028986742621596, "31": 0.2810490020956343, "32": 0.802898670696981, "33": 0.8028986776973492, "34": 0.8028986757849392, "35": 0.2810490020956343, "36": 0.2810490020956343, "37": 0.2810490020956343, "38": 0.8028986712255801, "39": 0.8028986762777972, "40": 0.2810490020956343, "41": 0.2810490020956343, "42": 0.2810490020956343, "43": 0.8028986727351994, "44": 0.2810490020956343, "45": 0.2810490020956343, "46": 0.8028986763688999, "47": 0.2810490020956343, "48": 0.2810490020956343, "49": 0.8028986691085888, "50": 0.2810490020956343, "51": 0.2810490020956343, "52": 0.8028986738779029, "53": 0.2810490020956343, "54": 0.8028986730236416, "55": 0.2810490020956343, "56": 0.2810490020956343, "57": 0.2810490020956343, "58": 0.8028986738779029, "59": 0.2810490020956343, "60": 0.2810490020956343, "61": 0.2810490020956343, "62": 0.2810490020956343, "63": 0.2810490020956343, "64": 0.8028986731874356, "65": 0.8028986712255801, "66": 0.2810490020956343, "67": 0.2810490020956343, "68": 0.2810490020956343, "69": 0.8028986763688999, "70": 0.2810490020956343, "71": 0.2810490020956343, "72": 0.8028986715974666, "73": 0.2810490020956343, "74": 0.2810490020956343, "75": 0.2810490020956343, "76": 0.8028986761182629, "77": 0.2810490020956343, "78": 0.2810490020956343, "79": 0.2810490020956343, "80": 0.2810490020956343, "81": 0.2810490020956343, "82": 0.2810490020956343, "83": 0.2810490020956343, "84": 0.2810490020956343, "85": 0.8028986768669791, "86": 0.2810490020956343, "87": 0.8028986688752879, "88": 0.8028986751820053, "89": 0.2810490020956343, "90": 0.2810490020956343, "91": 0.2810490020956343, "92": 0.2810490020956343, "93": 0.8028986731874356, "94": 0.2810490020956343, "95": 0.2810490020956343, "96": 0.8028986688752879, "97": 0.2810490020956343, "98": 0.2810490020956343, "99": 0.2810490020956343}, "1": {"0": 0.22386554153543914, "1": 0.22386554153519753, "2": 0.7069113569863384, "3": 0.706911356986529, "4": 0.7069113569865919, "5": 0.7069113569865426, "6": 0.7069113569866425, "7": 0.70691135698671, "8": 0.7069113569863206, "9": 0.7069113569865871, "10": 0.7069113569869809, "11": 0.7069113569866341, "12": 0.22386554153545574, "13": 0.22386554153532667, "14": 0.7069113569867007, "15": 0.22386554153579002, "16": 0.7069113569864475, "17": 0.2238655415354302, "18": 0.22386554153529736, "19": 0.7069113569861893, "20": 0.7069113569863807, "21": 0.2238655415352839, "22": 0.7069113569870877, "23": 0.7069113569867345, "24": 0.22386554153552224, "25": 0.22386554153532667, "26": 0.7069113569864839, "27": 0.7069113569867245, "28": 0.7069113569865084, "29": 0.2238655415353871, "30": 0.22386554153540283, "31": 0.7069113569866425, "32": 0.22386554153548477, "33": 0.22386554153542432, "34": 0.22386554153543722, "35": 0.22386554153549576, "36": 0.223865541535552, "37": 0.22386554153538954, "38": 0.706911356986557, "39": 0.7069113569867101, "40": 0.2238655415352379, "41": 0.7069113569864786, "42": 0.7069113569865644, "43": 0.22386554153571275, "44": 0.22386554153532187, "45": 0.70691135698671, "46": 0.7069113569863097, "47": 0.22386554153543914, "48": 0.7069113569865112, "49": 0.7069113569866341, "50": 0.22386554153539506, "51": 0.22386554153527444, "52": 0.7069113569863614, "53": 0.22386554153528215, "54": 0.22386554153546687, "55": 0.22386554153543722, "56": 0.22386554153579058, "57": 0.7069113569863206, "58": 0.7069113569878658, "59": 0.22386554153544191, "60": 0.7069113569867101, "61": 0.22386554153547, "62": 0.7069113569869193, "63": 0.7069113569865837, "64": 0.22386554153547, "65": 0.22386554153579002, "66": 0.706911356986237, "67": 0.7069113569869809, "68": 0.7069113569870877, "69": 0.7069113569865932, "70": 0.22386554153528215, "71": 0.2238655415352839, "72": 0.22386554153527444, "73": 0.22386554153547494, "74": 0.7069113569865426, "75": 0.7069113569862908, "76": 0.22386554153548477, "77": 0.7069113569872661, "78": 0.7069113569862304, "79": 0.22386554153545918, "80": 0.22386554153544191, "81": 0.22386554153532187, "82": 0.7069113569867007, "83": 0.7069113569865112, "84": 0.7069113569866095, "85": 0.2238655415352379, "86": 0.22386554153538063, "87": 0.706911356986237, "88": 0.22386554153545574, "89": 0.7069113569863614, "90": 0.22386554153523902, "91": 0.7069113569864786, "92": 0.7069113569867245, "93": 0.7069113569869193, "94": 0.22386554153538063, "95": 0.22386554153541183, "96": 0.22386554153548735, "97": 0.2238655415354709, "98": 0.7069113569867893, "99": 0.2238655415354302}, "2": {"0": 0.504413233410336, "1": 0.504413233410336, "2": 0.504413233410336, "3": 0.504413233410336, "4": 0.504413233410336, "5": 0.504413233410336, "6": 0.504413233410336, "7": 0.504413233410336, "8": 0.504413233410336, "9": 0.504413233410336, "10": 0.504413233410336, "11": 0.504413233410336, "12": 0.504413233410336, "13": 0.504413233410336, "14": 0.504413233410336, "15": 0.504413233410336, "16": 0.504413233410336, "17": 0.504413233410336, "18": 0.504413233410336, "19": 0.504413233410336, "20": 0.504413233410336, "21": 0.504413233410336, "22": 0.504413233410336, "23": 0.504413233410336, "24": 0.504413233410336, "25": 0.504413233410336, "26": 0.504413233410336, "27": 0.504413233410336, "28": 0.504413233410336, "29": 0.504413233410336, "30": 0.504413233410336, "31": 0.504413233410336, "32": 0.504413233410336, "33": 0.504413233410336, "34": 0.504413233410336, "35": 0.504413233410336, "36": 0.504413233410336, "37": 0.504413233410336, "38": 0.504413233410336, "39": 0.504413233410336, "40": 0.504413233410336, "41": 0.504413233410336, "42": 0.504413233410336, "43": 0.504413233410336, "44": 0.504413233410336, "45": 0.504413233410336, "46": 0.504413233410336, "47": 0.504413233410336, "48": 0.504413233410336, "49": 0.504413233410336, "50": 0.504413233410336, "51": 0.504413233410336, "52": 0.504413233410336, "53": 0.504413233410336, "54": 0.504413233410336, "55": 0.504413233410336, "56": 0.504413233410336, "57": 0.504413233410336, "58": 0.504413233410336, "59": 0.504413233410336, "60": 0.504413233410336, "61": 0.504413233410336, "62": 0.504413233410336, "63": 0.504413233410336, "64": 0.504413233410336, "65": 0.504413233410336, "66": 0.504413233410336, "67": 0.504413233410336, "68": 0.504413233410336, "69": 0.504413233410336, "70": 0.504413233410336, "71": 0.504413233410336, "72": 0.504413233410336, "73": 0.504413233410336, "74": 0.504413233410336, "75": 0.504413233410336, "76": 0.504413233410336, "77": 0.504413233410336, "78": 0.504413233410336, "79": 0.504413233410336, "80": 0.504413233410336, "81": 0.504413233410336, "82": 0.504413233410336, "83": 0.504413233410336, "84": 0.504413233410336, "85": 0.504413233410336, "86": 0.504413233410336, "87": 0.504413233410336, "88": 0.504413233410336, "89": 0.504413233410336, "90": 0.504413233410336, "91": 0.504413233410336, "92": 0.504413233410336, "93": 0.504413233410336, "94": 0.504413233410336, "95": 0.504413233410336, "96": 0.504413233410336, "97": 0.504413233410336, "98": 0.504413233410336, "99": 0.504413233410336}, "3": {"0": 0.3217671172933367, "1": 0.8127466476051426, "2": 0.3217671172933368, "3": 0.3217671172933367, "4": 0.8127466476051426, "5": 0.3217671172933366, "6": 0.32176711729333657, "7": 0.32176711729333674, "8": 0.32176711729333674, "9": 0.32176711729333674,