{"0": {"0": 0.9499999992780735, "1": 0.050000000389997794, "2": 0.9499999995111363, "3": 0.05000000024363379, "4": 0.9499999994491578, "5": 0.050000000213098, "6": 0.9499999996150343, "7": 0.05000000029041004, "8": 0.05000000021483045, "9": 0.05000000048955192, "10": 0.05000000041490896, "11": 0.05000000069381894, "12": 0.050000000272079466, "13": 0.949999999609499, "14": 0.949999999456703, "15": 0.9499999995097156, "16": 0.05000000023141705, "17": 0.949999999618865, "18": 0.050000000540119535, "19": 0.05000000039475823, "20": 0.9499999995100443, "21": 0.9499999993821948, "22": 0.05000000038344019, "23": 0.05000000064055812, "24": 0.949999999611099, "25": 0.05000000023944802, "26": 0.05000000047678677, "27": 0.4583959215877026, "28": 0.9499999997864156, "29": 0.05000000051571325, "30": 0.949999999492662, "31": 0.4583959215877026, "32": 0.050000000494535526, "33": 0.9499999995296216, "34": 0.9499999995316537, "35": 0.050000000584279, "36": 0.05000000046265793, "37": 0.9499999995122649, "38": 0.531483194121084, "39": 0.494606081211129, "40": 0.9499999996055617, "41": 0.4583959215877026, "42": 0.9499999993857662, "43": 0.05000000020745448, "44": 0.531483194121084, "45": 0.9499999996055617, "46": 0.9499999998094325, "47": 0.05000000027788168, "48": 0.949999999483377, "49": 0.9499999996173425, "50": 0.494606081211129, "51": 0.4548564000581551, "52": 0.050000000496250016, "53": 0.949999999711, "54": 0.050000000244775966, "55": 0.05000000027005977, "56": 0.9499999998086712, "57": 0.949999999759346, "58": 0.9499999994942937, "59": 0.9499999994381264, "60": 0.050000000467981254, "61": 0.9499999995298103, "62": 0.05000000042870175, "63": 0.05000000039475823, "64": 0.9499999995055837, "65": 0.050000000494535526, "66": 0.050000000339295, "67": 0.050000000298552005, "68": 0.050000000350725035, "69": 0.05000000050638907, "70": 0.05000000042961547, "71": 0.050000000106549, "72": 0.9499999994942937, "73": 0.9499999995298103, "74": 0.9499999995111363, "75": 0.050000000339295, "76": 0.9499999997527918, "77": 0.9499999995075745, "78": 0.949999999609499, "79": 0.05000000017536252, "80": 0.949999999501448, "81": 0.9499999995100701, "82": 0.050000000176420936, "83": 0.9499999997548578, "84": 0.050000000410050545, "85": 0.050000000467981254, "86": 0.4583959215877026, "87": 0.9499999995584459, "88": 0.0500000001917201, "89": 0.9499999998154682, "90": 0.05000000024812501, "91": 0.05000000060503679, "92": 0.949999999711, "93": 0.4548564000581551, "94": 0.9499999994491578, "95": 0.9499999997537872, "96": 0.050000000231328966, "97": 0.05000000042961547, "98": 0.05000000042870175, "99": 0.05000000027788168}, "1": {"0": 0.9499999999491129, "1": 0.05000000028307498, "2": 0.050000000144039214, "3": 0.9499999999545308, "4": 0.05000000029870061, "5": 0.050000000317626685, "6": 0.949999999922862, "7": 0.9499999998924549, "8": 0.49802279153798296, "9": 0.05000000024111235, "10": 0.9499999998822904, "11": 0.05000000029134953, "12": 0.05000000013816277, "13": 0.9499999999355495, "14": 0.05000000033175989, "15": 0.050000000145439726, "16": 0.050000000101977755, "17": 0.05000000012641963, "18": 0.9499999999133341, "19": 0.9499999999239565, "20": 0.050000000292982315, "21": 0.9499999999583081, "22": 0.9499999999288855, "23": 0.9499999998840601, "24": 0.9499999998995874, "25": 0.9499999999498829, "26": 0.949999999898949, "27": 0.9499999999438781, "28": 0.45240979865222075, "29": 0.05000000018729508, "30": 0.45240979865222075, "31": 0.05000000016103012, "32": 0.05000000016476683, "33": 0.050000000247081594, "34": 0.050000000244132606, "35": 0.49802279153798296, "36": 0.05000000029492962, "37": 0.4621683201071386, "38": 0.05000000037901023, "39": 0.05000000029134953, "40": 0.9499999999435177, "41": 0.050000000335248665, "42": 0.9499999998717295, "43": 0.9499999999355495, "44": 0.4621683201071386, "45": 0.05000000031578992, "46": 0.05000000021947487, "47": 0.9499999999486478, "48": 0.5094066307593679, "49": 0.9499999998902833, "50": 0.949999999881288, "51": 0.5094066307593679, "52": 0.9499999999468804, "53": 0.050000000273167644, "54": 0.9499999998954227, "55": 0.05000000012641963, "56": 0.9499999999079548, "57": 0.05000000032627228, "58": 0.9499999998718001, "59": 0.9499999998988528, "60": 0.05000000026279265, "61": 0.9499999999031332, "62": 0.05000000033076048, "63": 0.9499999998982349, "64": 0.9499999999445423, "65": 0.050000000247690274, "66": 0.949999999881288, "67": 0.9499999999471411, "68": 0.050000000281032096, "69": 0.9499999998942874, "70": 0.050000000138481035, "71": 0.05000000012055618, "72": 0.9499999998982349, "73": 0.05000000029723839, "74": 0.0500000001235408, "75": 0.050000000281032096, "76": 0.5103892017201113, "77": 0.05000000025429677, "78": 0.9499999999181088, "79": 0.050000000127148385, "80": 0.9499999999354005, "81": 0.9499999998958859, "82": 0.9499999998995874, "83": 0.05000000021947487, "84": 0.9499999999079548, "85": 0.9499999999354005, "86": 0.9499999999583081, "87": 0.050000000122066304, "88": 0.050000000339119624, "89": 0.050000000317626685, "90": 0.05000000016955981, "91": 0.05000000012384514, "92": 0.9499999998988528, "93": 0.9499999998958859, "94": 0.050000000157894964, "95": 0.5103892017201113, "96": 0.9499999998902833, "97": 0.05000000028307498, "98": 0.9499999998840601, "99": 0.9499999999031332}, "2": {"0": 0.9499999997933353, "1": 0.05000000007548614, "2": 0.050000000113091955, "3": 0.05000000006583516, "4": 0.9499999997839448, "5": 0.9499999996242241, "6": 0.949999999699372, "7": 0.05000000011040437, "8": 0.9499999998160793, "9": 0.9499999996716513, "10": 0.5043823119259763, "11": 0.949999999848643, "12": 0.9499999998919724, "13": 0.05000000009123596, "14": 0.949999999749958, "15": 0.9499999997410199, "16": 0.9499999998208568, "17": 0.050000000055202186, "18": 0.5234263338033873, "19": 0.05000000012793921, "20": 0.050000000161292246, "21": 0.050000000118685994, "22": 0.949999999868865, "23": 0.9499999997792934, "24": 0.9499999997752252, "25": 0.5234263338033873, "26": 0.050000000122333584, "27": 0.9499999997595427, "28": 0.9499999998228156, "29": 0.05000000012583221, "30": 0.48066161945721164, "31": 0.05000000014285007, "32": 0.48066161945721164, "33": 0.9499999997410986, "34": 0.949999999699372, "35": 0.949999999703213, "36": 0.9499999997376669, "37": 0.9499999998522244, "38": 0.9499999998420965, "39": 0.5043823119259763, "40": 0.05000000013651403, "41": 0.9499999997234818, "42": 0.05000000010570168, "43": 0.05000000006673502, "44": 0.9499999997025544, "45": 0.9499999998864663, "46": 0.050000000059121225, "47": 0.9499999996760069, "48": 0.9499999996624442, "49": 0.05000000010172026, "50": 0.9499999997763302, "51": 0.05000000007454282, "52": 0.9499999996459239, "53": 0.94999999968961, "54": 0.9499999997276015, "55": 0.9499999998380135, "56": 0.05000000009760024, "57": 0.9499999998387536, "58": 0.9499999997584938, "59": 0.9499999998229619, "60": 0.9499999998301449, "61": 0.050000000087926474, "62": 0.050000000082116705, "63": 0.9499999997369716, "64": 0.9499999998864663, "65": 0.05000000008170631, "66": 0.9499999998792469, "67": 0.9499999998256113, "68": 0.9499999998478846, "69": 0.050000000092931915, "70": 0.05000000004414634, "71": 0.05000000006673502, "72": 0.05000000005281595, "73": 0.05000000005240052, "74": 0.9499999997369716, "75": 0.5234263338033873, "76": 0.050000000113091955, "77": 0.05000000005357139, "78": 0.05000000012793921, "79": 0.05000000010491265, "80": 0.9499999998758161, "81": 0.0500000000611668, "82": 0.94999999987051, "83": 0.05000000004400164, "84": 0.9499999999114077, "85": 0.9499999997234818, "86": 0.9499999998881651, "87": 0.05000000004646596, "88": 0.949999999749958, "89": 0.05000000009914628, "90": 0.05000000005245633, "91": 0.9499999998256113, "92": 0.9499999998522244, "93": 0.050000000045617984, "94": 0.5043823119259763, "95": 0.9499999997376669, "96": 0.05000000003727141, "97": 0.9499999998160793, "98": 0.050000000062916106, "99": 0.05000000005281595}, "3": {"0": 0.05000000020561482, "1": 0.0500000002199235,