{"0": {"0": 0.2433710291737931, "1": 0.2433710291737931, "2": 0.8016224585719438, "3": 0.2433710291737931, "4": 0.2433710291737931, "5": 0.2433710291737931, "6": 0.2433710291737931, "7": 0.8016224585719438, "8": 0.8016224585719438, "9": 0.2433710291737931, "10": 0.8016224585719438, "11": 0.8016224585719438, "12": 0.8016224585719438, "13": 0.2433710291737931, "14": 0.8016224585719438, "15": 0.8016224585719438, "16": 0.8016224585719438, "17": 0.8016224585719438, "18": 0.2433710291737931, "19": 0.8016224585719438, "20": 0.8016224585719438, "21": 0.2433710291737931, "22": 0.2433710291737931, "23": 0.8016224585719438, "24": 0.2433710291737931, "25": 0.8016224585719438, "26": 0.2433710291737931, "27": 0.2433710291737931, "28": 0.2433710291737931, "29": 0.2433710291737931, "30": 0.2433710291737931, "31": 0.2433710291737931, "32": 0.2433710291737931, "33": 0.8016224585719438, "34": 0.2433710291737931, "35": 0.8016224585719438, "36": 0.2433710291737931, "37": 0.2433710291737931, "38": 0.2433710291737931, "39": 0.2433710291737931, "40": 0.2433710291737931, "41": 0.2433710291737931, "42": 0.8016224585719438, "43": 0.2433710291737931, "44": 0.8016224585719438, "45": 0.2433710291737931, "46": 0.8016224585719438, "47": 0.2433710291737931, "48": 0.2433710291737931, "49": 0.2433710291737931, "50": 0.2433710291737931, "51": 0.8016224585719438, "52": 0.8016224585719438, "53": 0.8016224585719438, "54": 0.2433710291737931, "55": 0.8016224585719438, "56": 0.8016224585719438, "57": 0.2433710291737931, "58": 0.8016224585719438, "59": 0.8016224585719438, "60": 0.8016224585719438, "61": 0.2433710291737931, "62": 0.2433710291737931, "63": 0.2433710291737931, "64": 0.2433710291737931, "65": 0.2433710291737931, "66": 0.8016224585719438, "67": 0.2433710291737931, "68": 0.2433710291737931, "69": 0.8016224585719438, "70": 0.8016224585719438, "71": 0.2433710291737931, "72": 0.2433710291737931, "73": 0.2433710291737931, "74": 0.2433710291737931, "75": 0.2433710291737931, "76": 0.2433710291737931, "77": 0.2433710291737931, "78": 0.8016224585719438, "79": 0.2433710291737931, "80": 0.2433710291737931, "81": 0.2433710291737931, "82": 0.8016224585719438, "83": 0.2433710291737931, "84": 0.2433710291737931, "85": 0.2433710291737931, "86": 0.2433710291737931, "87": 0.2433710291737931, "88": 0.8016224585719438, "89": 0.8016224585719438, "90": 0.2433710291737931, "91": 0.2433710291737931, "92": 0.2433710291737931, "93": 0.2433710291737931, "94": 0.2433710291737931, "95": 0.2433710291737931, "96": 0.2433710291737931, "97": 0.8016224585719438, "98": 0.2433710291737931, "99": 0.8016224585719438}, "1": {"0": 0.21071518973066272, "1": 0.4871165331905801, "2": 0.4871165331905801, "3": 0.7652637367691522, "4": 0.4871165331905801, "5": 0.7652637367691522, "6": 0.21071518973066272, "7": 0.7652637367691522, "8": 0.4871165331905801, "9": 0.7652637367691522, "10": 0.7652637367691522, "11": 0.7652637367691522, "12": 0.7652637367691522, "13": 0.21071518973066272, "14": 0.21071518973066272, "15": 0.7652637367691522, "16": 0.7652637367691522, "17": 0.21071518973066272, "18": 0.7652637367691522, "19": 0.7652637367691522, "20": 0.21071518973066272, "21": 0.7652637367691522, "22": 0.21071518973066272, "23": 0.21071518973066272, "24": 0.21071518973066272, "25": 0.7652637367691522, "26": 0.21071518973066272, "27": 0.21071518973066272, "28": 0.7652637367691522, "29": 0.4871165331905801, "30": 0.7652637367691522, "31": 0.7652637367691522, "32": 0.7652637367691522, "33": 0.21071518973066272, "34": 0.21071518973066272, "35": 0.21071518973066272, "36": 0.7652637367691522, "37": 0.7652637367691522, "38": 0.7652637367691522, "39": 0.21071518973066272, "40": 0.7652637367691522, "41": 0.21071518973066272, "42": 0.21071518973066272, "43": 0.4871165331905801, "44": 0.21071518973066272, "45": 0.21071518973066272, "46": 0.7652637367691522, "47": 0.21071518973066272, "48": 0.4871165331905801, "49": 0.21071518973066272, "50": 0.21071518973066272, "51": 0.7652637367691522, "52": 0.21071518973066272, "53": 0.4871165331905801, "54": 0.21071518973066272, "55": 0.7652637367691522, "56": 0.7652637367691522, "57": 0.21071518973066272, "58": 0.7652637367691522, "59": 0.4871165331905801, "60": 0.7652637367691522, "61": 0.21071518973066272, "62": 0.4871165331905801, "63": 0.21071518973066272, "64": 0.21071518973066272, "65": 0.4871165331905801, "66": 0.21071518973066272, "67": 0.7652637367691522, "68": 0.7652637367691522, "69": 0.7652637367691522, "70": 0.7652637367691522, "71": 0.7652637367691522, "72": 0.21071518973066272, "73": 0.21071518973066272, "74": 0.21071518973066272, "75": 0.4871165331905801, "76": 0.7652637367691522, "77": 0.4871165331905801, "78": 0.21071518973066272, "79": 0.4871165331905801, "80": 0.21071518973066272, "81": 0.21071518973066272, "82": 0.7652637367691522, "83": 0.7652637367691522, "84": 0.7652637367691522, "85": 0.7652637367691522, "86": 0.21071518973066272, "87": 0.7652637367691522, "88": 0.7652637367691522, "89": 0.7652637367691522, "90": 0.7652637367691522, "91": 0.7652637367691522, "92": 0.7652637367691522, "93": 0.21071518973066272, "94": 0.7652637367691522, "95": 0.7652637367691522, "96": 0.21071518973066272, "97": 0.7652637367691522, "98": 0.7652637367691522, "99": 0.7652637367691522}, "2": {"0": 0.34191085657383025, "1": 0.34191085657383025, "2": 0.8024270427127609, "3": 0.34191085657383025, "4": 0.34191085657383025, "5": 0.8024270427127609, "6": 0.34191085657383025, "7": 0.8024270427127609, "8": 0.34191085657383025, "9": 0.8024270427127609, "10": 0.34191085657383025, "11": 0.34191085657383025, "12": 0.8024270427127609, "13": 0.8024270427127609, "14": 0.34191085657383025, "15": 0.34191085657383025, "16": 0.8024270427127609, "17": 0.8024270427127609, "18": 0.8024270427127609, "19": 0.8024270427127609, "20": 0.34191085657383025, "21": 0.34191085657383025, "22": 0.8024270427127609, "23": 0.8024270427127609, "24": 0.8024270427127609, "25": 0.34191085657383025, "26": 0.8024270427127609, "27": 0.34191085657383025, "28": 0.34191085657383025, "29": 0.8024270427127609, "30": 0.8024270427127609, "31": 0.8024270427127609, "32": 0.34191085657383025, "33": 0.8024270427127609, "34": 0.8024270427127609, "35": 0.34191085657383025, "36": 0.8024270427127609, "37": 0.34191085657383025, "38": 0.8024270427127609, "39": 0.34191085657383025, "40": 0.8024270427127609, "41": 0.34191085657383025, "42": 0.34191085657383025, "43": 0.8024270427127609, "44": 0.8024270427127609, "45": 0.8024270427127609, "46": 0.34191085657383025, "47": 0.8024270427127609, "48": 0.8024270427127609, "49": 0.34191085657383025, "50": 0.34191085657383025, "51": 0.34191085657383025, "52": 0.34191085657383025, "53": 0.8024270427127609, "54": 0.8024270427127609, "55": 0.8024270427127609, "56": 0.8024270427127609, "57": 0.34191085657383025, "58": 0.34191085657383025, "59": 0.34191085657383025, "60": 0.34191085657383025, "61": 0.8024270427127609, "62": 0.8024270427127609, "63": 0.8024270427127609, "64": 0.34191085657383025, "65": 0.8024270427127609, "66": 0.34191085657383025, "67": 0.34191085657383025, "68": 0.8024270427127609, "69": 0.34191085657383025, "70": 0.8024270427127609, "71": 0.34191085657383025, "72": 0.34191085657383025, "73": 0.8024270427127609, "74": 0.34191085657383025, "75": 0.8024270427127609, "76": 0.34191085657383025, "77": 0.8024270427127609, "78": 0.34191085657383025, "79": 0.8024270427127609, "80": 0.34191085657383025, "81": 0.8024270427127609, "82": 0.34191085657383025, "83": 0.8024270427127609, "84": 0.34191085657383025, "85": 0.34191085657383025, "86": 0.8024270427127609, "87": 0.34191085657383025, "88": 0.8024270427127609, "89": 0.8024270427127609, "90": 0.34191085657383025, "91": 0.8024270427127609, "92": 0.8024270427127609, "93": 0.8024270427127609, "94": 0.34191085657383025, "95": 0.8024270427127609, "96": 0.8024270427127609, "97": 0.34191085657383025, "98": 0.8024270427127609, "99": 0.34191085657383025}, "3": {"0": 0.4638046423779989, "1": 0.7531782008063703, "2": 0.18710008942784778, "3": 0.7531782008063703,