{"0": {"0": 0.05000000013709782, "1": 0.457214833405162, "2": 0.050000000076017445, "3": 0.3386079278906762, "4": 0.05000000006423454, "5": 0.40793083769669003, "6": 0.5426576159137182, "7": 0.6275097043039486, "8": 0.05000000012944303, "9": 0.36068542065836606, "10": 0.9499999999475579, "11": 0.9499999999227162, "12": 0.0500000001092088, "13": 0.9499999999429283, "14": 0.37666650839160676, "15": 0.9499999999034122, "16": 0.9499999999118406, "17": 0.40793083769669003, "18": 0.457214833405162, "19": 0.9499999999055802, "20": 0.949999999940662, "21": 0.9499999998920428, "22": 0.37666650839160676, "23": 0.9499999998959663, "24": 0.05000000012665701, "25": 0.6430984487630708, "26": 0.05000000013782327, "27": 0.9499999999170474, "28": 0.4205446786788626, "29": 0.31322200059183253, "30": 0.9499999999202057, "31": 0.9499999998774483, "32": 0.050000000115541066, "33": 0.3973875774174249, "34": 0.38702704290451584, "35": 0.9499999999426358, "36": 0.4331937157799721, "37": 0.05000000010224326, "38": 0.050000000111332696, "39": 0.6297752928861234, "40": 0.05000000010380845, "41": 0.34512385604673795, "42": 0.9499999998911133, "43": 0.34512385604673795, "44": 0.9499999999036599, "45": 0.9499999998986863, "46": 0.7114158305917947, "47": 0.9499999999010854, "48": 0.9499999998953645, "49": 0.9499999999036599, "50": 0.9499999999392099, "51": 0.35229038787385025, "52": 0.9499999999090404, "53": 0.6275097043039486, "54": 0.9499999999021226, "55": 0.050000000103833236, "56": 0.05000000005191662, "57": 0.0500000001092088, "58": 0.9499999999327479, "59": 0.46051231305659057, "60": 0.5426576159137182, "61": 0.46051231305659057, "62": 0.37666650839160676, "63": 0.9499999998968476, "64": 0.38803242024498363, "65": 0.05000000012944303, "66": 0.9499999999055802, "67": 0.9499999999635758, "68": 0.38803242024498363, "69": 0.3545915816658685, "70": 0.05000000013782327, "71": 0.9499999999434501, "72": 0.05000000012079911, "73": 0.6430984487630708, "74": 0.38702704290451584, "75": 0.35229038787385025, "76": 0.05000000013709782, "77": 0.5935591294221846, "78": 0.4205446786788626, "79": 0.4331937157799721, "80": 0.4331937157799721, "81": 0.9499999999021226, "82": 0.05000000013139021, "83": 0.5935591294221846, "84": 0.36068542065836606, "85": 0.9499999999585237, "86": 0.9499999999432698, "87": 0.31322200059183253, "88": 0.3386079278906762, "89": 0.05000000005112163, "90": 0.05000000013139021, "91": 0.9499999999327479, "92": 0.7114158305917947, "93": 0.3545915816658685, "94": 0.40793083769669003, "95": 0.6297752928861234, "96": 0.9499999999034122, "97": 0.9499999999479831, "98": 0.9499999999429283, "99": 0.457214833405162}, "1": {"0": 0.050000000038490006, "1": 0.5384623072328654, "2": 0.5092662807258542, "3": 0.9499999998676495, "4": 0.9499999998513194, "5": 0.9499999998990203, "6": 0.9499999999063444, "7": 0.9499999998881856, "8": 0.050000000039586795, "9": 0.05000000001478101, "10": 0.35722847972928645, "11": 0.6057065747138455, "12": 0.31938093431431014, "13": 0.05000000004087, "14": 0.47342833365211595, "15": 0.9499999998352524, "16": 0.0500000000197934, "17": 0.5260791302608232, "18": 0.050000000033309, "19": 0.5260791302608232, "20": 0.4740538415411663, "21": 0.6060591773845978, "22": 0.48298513325270787, "23": 0.9499999999424125, "24": 0.44909704874792056, "25": 0.9499999998942151, "26": 0.949999999870934, "27": 0.9499999998937083, "28": 0.050000000013917016, "29": 0.45150950030985615, "30": 0.9499999999133157, "31": 0.9499999999180226, "32": 0.44909704874792056, "33": 0.9499999998676495, "34": 0.47342833365211595, "35": 0.6064117800553502, "36": 0.5384613647121096, "37": 0.6060591773845978, "38": 0.5160950241351578, "39": 0.949999999870934, "40": 0.949999999868465, "41": 0.6072815333098729, "42": 0.5355417364195334, "43": 0.9499999999025588, "44": 0.35722847972928645, "45": 0.05000000004117311, "46": 0.94999999992429, "47": 0.6072815333098729, "48": 0.9499999998840781, "49": 0.4740538415411663, "50": 0.44909704874792056, "51": 0.05000000003802278, "52": 0.949999999951963, "53": 0.050000000033309, "54": 0.0500000000197672, "55": 0.9499999998773139, "56": 0.5092662807258542, "57": 0.9499999998900391, "58": 0.05000000004519895, "59": 0.49839313445526934, "60": 0.5355417364195334, "61": 0.9499999999336344, "62": 0.9499999999440928, "63": 0.050000000024090566, "64": 0.5384613647121096, "65": 0.5092662807258542, "66": 0.05000000003024998, "67": 0.6009019297633273, "68": 0.9499999998579762, "69": 0.5160950397340347, "70": 0.05000000004716767, "71": 0.050000000041488565, "72": 0.9499999999131363, "73": 0.45150950030985615, "74": 0.48298513325270787, "75": 0.05000000001338761, "76": 0.9499999998942151, "77": 0.9499999999450195, "78": 0.05000000003724622, "79": 0.9499999998433492, "80": 0.49839313445526934, "81": 0.9499999999180226, "82": 0.05000000002259948, "83": 0.9499999998988172, "84": 0.050000000020586556, "85": 0.9499999999216746, "86": 0.949999999917039, "87": 0.9499999999025588, "88": 0.050000000019245004, "89": 0.5092662807258542, "90": 0.44909704874792056, "91": 0.05000000001512499, "92": 0.050000000020435004, "93": 0.9499999999131363, "94": 0.050000000012045284, "95": 0.949999999917039, "96": 0.31938093431431014, "97": 0.5160950397340347, "98": 0.9499999998840781, "99": 0.6009019297633273}, "2": {"0": 0.4841919256742812, "1": 0.05000000000870539, "2": 0.05000000001593371, "3": 0.05000000001218282, "4": 0.9499999998809839, "5": 0.4541024435187368, "6": 0.3662915990183281, "7": 0.4857001473144701, "8": 0.38264511073172475, "9": 0.05000000002184918, "10": 0.9499999998991462, "11": 0.3661996974127749, "12": 0.6544577880163125, "13": 0.6483751362483694, "14": 0.9499999999575821, "15": 0.4770380086406222, "16": 0.05000000001442083, "17": 0.4226749805537616, "18": 0.05000000001573481, "19": 0.9499999999332963, "20": 0.3994867758082281, "21": 0.38264511073172475, "22": 0.050000000009396, "23": 0.3665327794642635, "24": 0.6563960122115511, "25": 0.9499999999117495, "26": 0.3994867758082281, "27": 0.4910265353370953, "28": 0.05000000001735061, "29": 0.60517700391934, "30": 0.38264511073172475, "31": 0.4908033207882486, "32": 0.3665268813293605, "33": 0.5130831991202749, "34": 0.512209186568897, "35": 0.949999999869362, "36": 0.4226872769459065, "37": 0.9499999999667633, "38": 0.9499999998846775, "39": 0.6544577880163125, "40": 0.6544577880163125, "41": 0.60517700391934, "42": 0.38905924451482765, "43": 0.43665187538177797, "44": 0.050000000012975734, "45": 0.43665187538177797, "46": 0.4841919256742812, "47": 0.9499999999024185, "48": 0.5130831991202749, "49": 0.5626857472339835, "50": 0.5810400100806719, "51": 0.5158739139165707, "52": 0.38264511073172475, "53": 0.05000000001451681, "54": 0.4541024435187368, "55": 0.4908033207882486, "56": 0.9499999999117495, "57": 0.050000000007210416, "58": 0.5626857472339835, "59": 0.43665187538177797, "60": 0.9499999999107922, "61": 0.9499999999372907, "62": 0.4226749805537616, "63": 0.6352294436397998, "64": 0.9499999998872264, "65": 0.9499999999283562, "66": 0.050000000018125726, "67": 0.3662303312812927, "68": 0.512209186568897, "69": 0.4857001473144701, "70": 0.6483751362483694, "71": 0.05000000000796685, "72": 0.949999999952413, "73": 0.4194552823984386, "74": 0.5810400100806719, "75": 0.5158739139165707, "76": 0.9499999999257023, "77": 0.38905924451482765, "78": 0.6563960122115511, "79": 0.9499999998938078, "80": 0.9499999999516662, "81": 0.4194552823984386, "82": 0.43665187538177797, "83": 0.6483751362483694, "84": 0.6352294436397998, "85": 0.949999999904853, "86": 0.9499999999346429, "87": 0.9499999999512092, "88": 0.3665327794642635, "89": 0.949999999934681, "90": 0.9499999998938078, "91": 0.05000000000648787, "92": 0.9499999999673214, "93": 0.050000000018125726, "94": 0.4770380086406222, "95": 0.9499999999467197, "96": 0.9499999999495731, "97": 0.60517700391934, "98": 0.3661996974127749, "99": 0.9499999999628511}, "3": {"0": 0.9499999999021966, "1": 0.6400663791243553, "2": 0.6717344931139471, "3": 0.050000000012239726,