{"0": {"0": 0.7202086966386949, "1": 0.1273713313796781, "2": 0.47050696305100986, "3": 0.4705069630510098, "4": 0.7202086966386949, "5": 0.4705069630510099, "6": 0.1273713313796781, "7": 0.7202086966386949, "8": 0.7202086966386949, "9": 0.47050696305100986, "10": 0.4705069630510098, "11": 0.4705069630510098, "12": 0.4705069630510098, "13": 0.7202086966386949, "14": 0.7202086966386949, "15": 0.1273713313796781, "16": 0.7202086966386949, "17": 0.1273713313796781, "18": 0.1273713313796781, "19": 0.7202086966386949, "20": 0.7202086966386949, "21": 0.1273713313796781, "22": 0.1273713313796781, "23": 0.7202086966386949, "24": 0.7202086966386949, "25": 0.7202086966386949, "26": 0.47050696305100986, "27": 0.7202086966386949, "28": 0.7202086966386949, "29": 0.1273713313796781, "30": 0.7202086966386949, "31": 0.7202086966386949, "32": 0.1273713313796781, "33": 0.1273713313796781, "34": 0.47050696305100986, "35": 0.4705069630510099, "36": 0.7202086966386949, "37": 0.1273713313796781, "38": 0.47050696305100986, "39": 0.1273713313796781, "40": 0.7202086966386949, "41": 0.7202086966386949, "42": 0.1273713313796781, "43": 0.4705069630510099, "44": 0.7202086966386949, "45": 0.1273713313796781, "46": 0.7202086966386949, "47": 0.7202086966386949, "48": 0.4705069630510099, "49": 0.1273713313796781, "50": 0.1273713313796781, "51": 0.47050696305100986, "52": 0.1273713313796781, "53": 0.4705069630510099, "54": 0.4705069630510098, "55": 0.1273713313796781, "56": 0.4705069630510098, "57": 0.7202086966386949, "58": 0.1273713313796781, "59": 0.4705069630510098, "60": 0.7202086966386949, "61": 0.47050696305100986, "62": 0.7202086966386949, "63": 0.7202086966386949, "64": 0.1273713313796781, "65": 0.1273713313796781, "66": 0.4705069630510099, "67": 0.1273713313796781, "68": 0.1273713313796781, "69": 0.1273713313796781, "70": 0.7202086966386949, "71": 0.7202086966386949, "72": 0.7202086966386949, "73": 0.7202086966386949, "74": 0.7202086966386949, "75": 0.47050696305100986, "76": 0.7202086966386949, "77": 0.1273713313796781, "78": 0.1273713313796781, "79": 0.4705069630510098, "80": 0.1273713313796781, "81": 0.1273713313796781, "82": 0.7202086966386949, "83": 0.7202086966386949, "84": 0.47050696305100986, "85": 0.4705069630510099, "86": 0.7202086966386949, "87": 0.7202086966386949, "88": 0.1273713313796781, "89": 0.47050696305100986, "90": 0.7202086966386949, "91": 0.4705069630510098, "92": 0.7202086966386949, "93": 0.1273713313796781, "94": 0.7202086966386949, "95": 0.1273713313796781, "96": 0.1273713313796781, "97": 0.7202086966386949, "98": 0.7202086966386949, "99": 0.7202086966386949}, "1": {"0": 0.4637947746303116, "1": 0.17164889979545672, "2": 0.8443081030025597, "3": 0.4637947746303116, "4": 0.4637947746303116, "5": 0.17164889979545672, "6": 0.4637947746303116, "7": 0.17164889979545672, "8": 0.4637947746303116, "9": 0.8443081030025597, "10": 0.17164889979545672, "11": 0.17164889979545672, "12": 0.4637947746303116, "13": 0.17164889979545672, "14": 0.4637947746303116, "15": 0.4637947746303116, "16": 0.17164889979545672, "17": 0.8443081030025597, "18": 0.8443081030025597, "19": 0.4637947746303116, "20": 0.8443081030025597, "21": 0.17164889979545672, "22": 0.17164889979545672, "23": 0.4637947746303116, "24": 0.17164889979545672, "25": 0.17164889979545672, "26": 0.4637947746303116, "27": 0.8443081030025597, "28": 0.4637947746303116, "29": 0.4637947746303116, "30": 0.8443081030025597, "31": 0.4637947746303116, "32": 0.8443081030025597, "33": 0.4637947746303116, "34": 0.8443081030025597, "35": 0.8443081030025597, "36": 0.4637947746303116, "37": 0.4637947746303116, "38": 0.8443081030025597, "39": 0.4637947746303116, "40": 0.4637947746303116, "41": 0.8443081030025597, "42": 0.4637947746303116, "43": 0.4637947746303116, "44": 0.17164889979545672, "45": 0.8443081030025597, "46": 0.17164889979545672, "47": 0.8443081030025597, "48": 0.8443081030025597, "49": 0.8443081030025597, "50": 0.4637947746303116, "51": 0.8443081030025597, "52": 0.4637947746303116, "53": 0.17164889979545672, "54": 0.8443081030025597, "55": 0.4637947746303116, "56": 0.17164889979545672, "57": 0.8443081030025597, "58": 0.8443081030025597, "59": 0.4637947746303116, "60": 0.17164889979545672, "61": 0.17164889979545672, "62": 0.17164889979545672, "63": 0.17164889979545672, "64": 0.17164889979545672, "65": 0.4637947746303116, "66": 0.8443081030025597, "67": 0.4637947746303116, "68": 0.17164889979545672, "69": 0.4637947746303116, "70": 0.17164889979545672, "71": 0.8443081030025597, "72": 0.8443081030025597, "73": 0.17164889979545672, "74": 0.8443081030025597, "75": 0.17164889979545672, "76": 0.17164889979545672, "77": 0.8443081030025597, "78": 0.17164889979545672, "79": 0.8443081030025597, "80": 0.4637947746303116, "81": 0.8443081030025597, "82": 0.17164889979545672, "83": 0.4637947746303116, "84": 0.8443081030025597, "85": 0.17164889979545672, "86": 0.8443081030025597, "87": 0.4637947746303116, "88": 0.8443081030025597, "89": 0.17164889979545672, "90": 0.8443081030025597, "91": 0.17164889979545672, "92": 0.4637947746303116, "93": 0.4637947746303116, "94": 0.17164889979545672, "95": 0.8443081030025597, "96": 0.8443081030025597, "97": 0.17164889979545672, "98": 0.17164889979545672, "99": 0.4637947746303116}, "2": {"0": 0.3723447872720167, "1": 0.3723447872720167, "2": 0.3723447872720167, "3": 0.3723447872720167, "4": 0.08366381406144066, "5": 0.08366381406144066, "6": 0.3723447872720167, "7": 0.3723447872720167, "8": 0.3723447872720167, "9": 0.750193020803331, "10": 0.750193020803331, "11": 0.3723447872720167, "12": 0.750193020803331, "13": 0.08366381406144066, "14": 0.750193020803331, "15": 0.3723447872720167, "16": 0.3723447872720167, "17": 0.750193020803331, "18": 0.3723447872720167, "19": 0.3723447872720167, "20": 0.08366381406144066, "21": 0.3723447872720167, "22": 0.750193020803331, "23": 0.750193020803331, "24": 0.750193020803331, "25": 0.3723447872720167, "26": 0.3723447872720167, "27": 0.3723447872720167, "28": 0.750193020803331, "29": 0.3723447872720167, "30": 0.3723447872720167, "31": 0.3723447872720167, "32": 0.3723447872720167, "33": 0.3723447872720167, "34": 0.3723447872720167, "35": 0.750193020803331, "36": 0.3723447872720167, "37": 0.3723447872720167, "38": 0.750193020803331, "39": 0.3723447872720167, "40": 0.750193020803331, "41": 0.08366381406144066, "42": 0.750193020803331, "43": 0.3723447872720167, "44": 0.3723447872720167, "45": 0.3723447872720167, "46": 0.3723447872720167, "47": 0.3723447872720167, "48": 0.3723447872720167, "49": 0.3723447872720167, "50": 0.3723447872720167, "51": 0.750193020803331, "52": 0.3723447872720167, "53": 0.08366381406144066, "54": 0.08366381406144066, "55": 0.3723447872720167, "56": 0.3723447872720167, "57": 0.3723447872720167, "58": 0.08366381406144066, "59": 0.3723447872720167, "60": 0.750193020803331, "61": 0.750193020803331, "62": 0.750193020803331, "63": 0.750193020803331, "64": 0.3723447872720167, "65": 0.750193020803331, "66": 0.08366381406144066, "67": 0.750193020803331, "68": 0.750193020803331, "69": 0.3723447872720167, "70": 0.3723447872720167, "71": 0.3723447872720167, "72": 0.750193020803331, "73": 0.3723447872720167, "74": 0.3723447872720167, "75": 0.3723447872720167, "76": 0.750193020803331, "77": 0.3723447872720167, "78": 0.3723447872720167, "79": 0.3723447872720167, "80": 0.750193020803331, "81": 0.750193020803331, "82": 0.750193020803331, "83": 0.3723447872720167, "84": 0.3723447872720167, "85": 0.750193020803331, "86": 0.3723447872720167, "87": 0.750193020803331, "88": 0.08366381406144066, "89": 0.750193020803331, "90": 0.750193020803331, "91": 0.750193020803331, "92": 0.750193020803331, "93": 0.3723447872720167, "94": 0.08366381406144066, "95": 0.750193020803331, "96": 0.750193020803331, "97": 0.3723447872720167, "98": 0.3723447872720167, "99": 0.750193020803331}, "3": {"0": 0.7726218810664007, "1": 0.2769115520776627, "2": 0.7726218810664007, "3": 0.2769115520776627, "4": 0.7726218810664007, "5": 0.7726218810664007, "6": 0.2769115520776627,