{"0": {"0": 0.4651231774670158, "1": 0.4651231774670158, "2": 0.4651231774670158, "3": 0.4651231774670158, "4": 0.4651231774670158, "5": 0.4651231774670158, "6": 0.4651231774670158, "7": 0.4651231774670158, "8": 0.4651231774670158, "9": 0.4651231774670158, "10": 0.4651231774670158, "11": 0.4651231774670158, "12": 0.4651231774670158, "13": 0.4651231774670158, "14": 0.4651231774670158, "15": 0.4651231774670158, "16": 0.4651231774670158, "17": 0.4651231774670158, "18": 0.4651231774670158, "19": 0.4651231774670158, "20": 0.4651231774670158, "21": 0.4651231774670158, "22": 0.4651231774670158, "23": 0.4651231774670158, "24": 0.4651231774670158, "25": 0.4651231774670158, "26": 0.4651231774670158, "27": 0.4651231774670158, "28": 0.4651231774670158, "29": 0.4651231774670158, "30": 0.4651231774670158, "31": 0.4651231774670158, "32": 0.4651231774670158, "33": 0.4651231774670158, "34": 0.4651231774670158, "35": 0.4651231774670158, "36": 0.4651231774670158, "37": 0.4651231774670158, "38": 0.4651231774670158, "39": 0.4651231774670158, "40": 0.4651231774670158, "41": 0.4651231774670158, "42": 0.4651231774670158, "43": 0.4651231774670158, "44": 0.4651231774670158, "45": 0.4651231774670158, "46": 0.4651231774670158, "47": 0.4651231774670158, "48": 0.4651231774670158, "49": 0.4651231774670158, "50": 0.4651231774670158, "51": 0.4651231774670158, "52": 0.4651231774670158, "53": 0.4651231774670158, "54": 0.4651231774670158, "55": 0.4651231774670158, "56": 0.4651231774670158, "57": 0.4651231774670158, "58": 0.4651231774670158, "59": 0.4651231774670158, "60": 0.4651231774670158, "61": 0.4651231774670158, "62": 0.4651231774670158, "63": 0.4651231774670158, "64": 0.4651231774670158, "65": 0.4651231774670158, "66": 0.4651231774670158, "67": 0.4651231774670158, "68": 0.4651231774670158, "69": 0.4651231774670158, "70": 0.4651231774670158, "71": 0.4651231774670158, "72": 0.4651231774670158, "73": 0.4651231774670158, "74": 0.4651231774670158, "75": 0.4651231774670158, "76": 0.4651231774670158, "77": 0.4651231774670158, "78": 0.4651231774670158, "79": 0.4651231774670158, "80": 0.4651231774670158, "81": 0.4651231774670158, "82": 0.4651231774670158, "83": 0.4651231774670158, "84": 0.4651231774670158, "85": 0.4651231774670158, "86": 0.4651231774670158, "87": 0.4651231774670158, "88": 0.4651231774670158, "89": 0.4651231774670158, "90": 0.4651231774670158, "91": 0.4651231774670158, "92": 0.4651231774670158, "93": 0.4651231774670158, "94": 0.4651231774670158, "95": 0.4651231774670158, "96": 0.4651231774670158, "97": 0.4651231774670158, "98": 0.4651231774670158, "99": 0.4651231774670158}, "1": {"0": 0.46684909120852414, "1": 0.46684909120852414, "2": 0.46684909120852414, "3": 0.46684909120852414, "4": 0.46684909120852414, "5": 0.46684909120852414, "6": 0.46684909120852414, "7": 0.46684909120852414, "8": 0.46684909120852414, "9": 0.46684909120852414, "10": 0.46684909120852414, "11": 0.46684909120852414, "12": 0.46684909120852414, "13": 0.46684909120852414, "14": 0.46684909120852414, "15": 0.46684909120852414, "16": 0.46684909120852414, "17": 0.46684909120852414, "18": 0.46684909120852414, "19": 0.46684909120852414, "20": 0.46684909120852414, "21": 0.46684909120852414, "22": 0.46684909120852414, "23": 0.46684909120852414, "24": 0.46684909120852414, "25": 0.46684909120852414, "26": 0.46684909120852414, "27": 0.46684909120852414, "28": 0.46684909120852414, "29": 0.46684909120852414, "30": 0.46684909120852414, "31": 0.46684909120852414, "32": 0.46684909120852414, "33": 0.46684909120852414, "34": 0.46684909120852414, "35": 0.46684909120852414, "36": 0.46684909120852414, "37": 0.46684909120852414, "38": 0.46684909120852414, "39": 0.46684909120852414, "40": 0.46684909120852414, "41": 0.46684909120852414, "42": 0.46684909120852414, "43": 0.46684909120852414, "44": 0.46684909120852414, "45": 0.46684909120852414, "46": 0.46684909120852414, "47": 0.46684909120852414, "48": 0.46684909120852414, "49": 0.46684909120852414, "50": 0.46684909120852414, "51": 0.46684909120852414, "52": 0.46684909120852414, "53": 0.46684909120852414, "54": 0.46684909120852414, "55": 0.46684909120852414, "56": 0.46684909120852414, "57": 0.46684909120852414, "58": 0.46684909120852414, "59": 0.46684909120852414, "60": 0.46684909120852414, "61": 0.46684909120852414, "62": 0.46684909120852414, "63": 0.46684909120852414, "64": 0.46684909120852414, "65": 0.46684909120852414, "66": 0.46684909120852414, "67": 0.46684909120852414, "68": 0.46684909120852414, "69": 0.46684909120852414, "70": 0.46684909120852414, "71": 0.46684909120852414, "72": 0.46684909120852414, "73": 0.46684909120852414, "74": 0.46684909120852414, "75": 0.46684909120852414, "76": 0.46684909120852414, "77": 0.46684909120852414, "78": 0.46684909120852414, "79": 0.46684909120852414, "80": 0.46684909120852414, "81": 0.46684909120852414, "82": 0.46684909120852414, "83": 0.46684909120852414, "84": 0.46684909120852414, "85": 0.46684909120852414, "86": 0.46684909120852414, "87": 0.46684909120852414, "88": 0.46684909120852414, "89": 0.46684909120852414, "90": 0.46684909120852414, "91": 0.46684909120852414, "92": 0.46684909120852414, "93": 0.46684909120852414, "94": 0.46684909120852414, "95": 0.46684909120852414, "96": 0.46684909120852414, "97": 0.46684909120852414, "98": 0.46684909120852414, "99": 0.46684909120852414}, "2": {"0": 0.5337311872399015, "1": 0.5337311872399015, "2": 0.5337311872399015, "3": 0.5337311872399015, "4": 0.5337311872399015, "5": 0.5337311872399015, "6": 0.5337311872399015, "7": 0.5337311872399015, "8": 0.5337311872399015, "9": 0.5337311872399015, "10": 0.5337311872399015, "11": 0.5337311872399015, "12": 0.5337311872399015, "13": 0.5337311872399015, "14": 0.5337311872399015, "15": 0.5337311872399015, "16": 0.5337311872399015, "17": 0.5337311872399015, "18": 0.5337311872399015, "19": 0.5337311872399015, "20": 0.5337311872399015, "21": 0.5337311872399015, "22": 0.5337311872399015, "23": 0.5337311872399015, "24": 0.5337311872399015, "25": 0.5337311872399015, "26": 0.5337311872399015, "27": 0.5337311872399015, "28": 0.5337311872399015, "29": 0.5337311872399015, "30": 0.5337311872399015, "31": 0.5337311872399015, "32": 0.5337311872399015, "33": 0.5337311872399015, "34": 0.5337311872399015, "35": 0.5337311872399015, "36": 0.5337311872399015, "37": 0.5337311872399015, "38": 0.5337311872399015, "39": 0.5337311872399015, "40": 0.5337311872399015, "41": 0.5337311872399015, "42": 0.5337311872399015, "43": 0.5337311872399015, "44": 0.5337311872399015, "45": 0.5337311872399015, "46": 0.5337311872399015, "47": 0.5337311872399015, "48": 0.5337311872399015, "49": 0.5337311872399015, "50": 0.5337311872399015, "51": 0.5337311872399015, "52": 0.5337311872399015, "53": 0.5337311872399015, "54": 0.5337311872399015, "55": 0.5337311872399015, "56": 0.5337311872399015, "57": 0.5337311872399015, "58": 0.5337311872399015, "59": 0.5337311872399015, "60": 0.5337311872399015, "61": 0.5337311872399015, "62": 0.5337311872399015, "63": 0.5337311872399015, "64": 0.5337311872399015, "65": 0.5337311872399015, "66": 0.5337311872399015, "67": 0.5337311872399015, "68": 0.5337311872399015, "69": 0.5337311872399015, "70": 0.5337311872399015, "71": 0.5337311872399015, "72": 0.5337311872399015, "73": 0.5337311872399015, "74": 0.5337311872399015, "75": 0.5337311872399015, "76": 0.5337311872399015, "77": 0.5337311872399015, "78": 0.5337311872399015, "79": 0.5337311872399015, "80": 0.5337311872399015, "81": 0.5337311872399015, "82": 0.5337311872399015, "83": 0.5337311872399015, "84": 0.5337311872399015, "85": 0.5337311872399015, "86": 0.5337311872399015, "87": 0.5337311872399015, "88": 0.5337311872399015, "89": 0.5337311872399015, "90": 0.5337311872399015, "91": 0.5337311872399015, "92": 0.5337311872399015, "93": 0.5337311872399015, "94": 0.5337311872399015, "95": 0.5337311872399015, "96": 0.5337311872399015, "97": 0.5337311872399015, "98": 0.5337311872399015, "99": 0.5337311872399015}, "3": {"0": 0.48147547594699336, "1": 0.48147547594699336, "2": 0.48147547594699336,