{"0": {"0": 0.05001870972954445, "1": 0.9499480812755181, "2": 0.5000002828713777, "3": 0.9499750733275506, "4": 0.9499620626015475, "5": 0.5000005443194806, "6": 0.9499539033697539, "7": 0.050022502471430905, "8": 0.5000011543807836, "9": 0.05001222157998453, "10": 0.9499778419299553, "11": 0.9499799645396458, "12": 0.9499745841236232, "13": 0.9499696207647903, "14": 0.0500226866362206, "15": 0.9499756897386753, "16": 0.5000003348208859, "17": 0.9499514345618791, "18": 0.9499598294397431, "19": 0.05002386539454452, "20": 0.050011159674894445, "21": 0.9499644955690649, "22": 0.5000012163962717, "23": 0.5000007308587706, "24": 0.9499799645396458, "25": 0.9499570677792831, "26": 0.5000006512836744, "27": 0.9499495677243037, "28": 0.05002007398165166, "29": 0.5000011769565278, "30": 0.5000007669078876, "31": 0.5000009116780755, "32": 0.05002027678627343, "33": 0.05002027678627343, "34": 0.500001212508862, "35": 0.5000004260028761, "36": 0.5000006022051376, "37": 0.9499515578372497, "38": 0.9499480812755181, "39": 0.5000009116780755, "40": 0.9499644955690649, "41": 0.9499691153840468, "42": 0.5000009161428647, "43": 0.500000808664827, "44": 0.05000779955741712, "45": 0.5000009578485562, "46": 0.9499514345618791, "47": 0.5000010405342833, "48": 0.500000670181227, "49": 0.050012605328603396, "50": 0.5000004995957099, "51": 0.500000902832229, "52": 0.9499539033697539, "53": 0.5000004514161145, "54": 0.5000005443194806, "55": 0.9499837062618657, "56": 0.5000012112953292, "57": 0.9499845576920234, "58": 0.050015988914879156, "59": 0.9499680487247604, "60": 0.9499491682472465, "61": 0.050015988914879156, "62": 0.05002328762912, "63": 0.5000007435784297, "64": 0.5000004415248269, "65": 0.05002380311168759, "66": 0.5000008168252188, "67": 0.5000006069598794, "68": 0.05000487348196064, "69": 0.9499778419299553, "70": 0.9499848935208985, "71": 0.9499501466551012, "72": 0.5000012814914234, "73": 0.9499569079346698, "74": 0.05002380311168759, "75": 0.5000008830496537, "76": 0.5000010887072998, "77": 0.5000012112953292, "78": 0.9499209294513694, "79": 0.500000316193061, "80": 0.5000008520057521, "81": 0.500000808664827, "82": 0.9499898723219254, "83": 0.9499506797838327, "84": 0.050011251235715454, "85": 0.05002331294742342, "86": 0.05000996524702531, "87": 0.5000009775079592, "88": 0.5000004320870017, "89": 0.05000413809258153, "90": 0.05001660947856136, "91": 0.050011159674894445, "92": 0.05000498262351266, "93": 0.05002260937669343, "94": 0.9499564836660489, "95": 0.5000009161428647, "96": 0.05001660947856136, "97": 0.5000007308587706, "98": 0.05002843679094414, "99": 0.05002386539454452}, "1": {"0": 0.49998385615365476, "1": 0.05002083118082929, "2": 0.9499856331814125, "3": 0.49996701958880996, "4": 0.9499455000964454, "5": 0.050011796905246465, "6": 0.9499856331814125, "7": 0.05002304409924988, "8": 0.9499153119597852, "9": 0.49997623312701517, "10": 0.9499532191151099, "11": 0.49998385615365476, "12": 0.49997584631195124, "13": 0.9499711358491244, "14": 0.050022253533825445, "15": 0.9499592526058837, "16": 0.05001928589402424, "17": 0.49997495396122454, "18": 0.05002551142293784, "19": 0.9499485516897352, "20": 0.4999820125138765, "21": 0.050044714480286016, "22": 0.9499330338269396, "23": 0.49997478931287487, "24": 0.050017356601108315, "25": 0.9498766174992057, "26": 0.9499216199114764, "27": 0.49995110202478343, "28": 0.05002250889980954, "29": 0.9499244769401095, "30": 0.050020708564983946, "31": 0.9499309024501527, "32": 0.05002627385394944, "33": 0.4999820125138765, "34": 0.4999709925519621, "35": 0.9499282185951058, "36": 0.49996998780118995, "37": 0.9499786530627571, "38": 0.9499037136455148, "39": 0.49997608844118174, "40": 0.9499582737715582, "41": 0.9499330338269396, "42": 0.4999705096820081, "43": 0.050029598990351476, "44": 0.4999756267868236, "45": 0.949916896516652, "46": 0.9499675610023441, "47": 0.499984051973604, "48": 0.05001394449108425, "49": 0.4999709925519621, "50": 0.9499199480168764, "51": 0.9499199480168764, "52": 0.05001275571146892, "53": 0.05001194704805822, "54": 0.05003572644612907, "55": 0.050036551301972945, "56": 0.4999768001029469, "57": 0.05001534660664089, "58": 0.9499791368857791, "59": 0.49998320259391243, "60": 0.49997608844118174, "61": 0.4999689031719362, "62": 0.9499216199114764, "63": 0.49998915815717737, "64": 0.9499161799176425, "65": 0.05003292412675352, "66": 0.050017356601108315, "67": 0.05000716577944232, "68": 0.050044714480286016, "69": 0.49998388540529415, "70": 0.05001928589402424, "71": 0.949916896516652, "72": 0.4999689031719362, "73": 0.499962610630354, "74": 0.05002076020439678, "75": 0.9499647802613146, "76": 0.49997623312701517, "77": 0.4999792087425502, "78": 0.05001125444990477, "79": 0.4999792087425502, "80": 0.949944628600712, "81": 0.4999847132018945, "82": 0.49997086194004264, "83": 0.05000767330332045, "84": 0.9499905058416278, "85": 0.9499559066233965, "86": 0.4999634111944663, "87": 0.9499739557892997, "88": 0.49997584631195124, "89": 0.9499389995017196, "90": 0.49996588352799937, "91": 0.4999826786443905, "92": 0.49998320259391243, "93": 0.9499569674129855, "94": 0.49998915815717737, "95": 0.4999768001029469, "96": 0.49998044565517225, "97": 0.05001215913840895, "98": 0.05002083118082929, "99": 0.949944628600712}, "2": {"0": 0.49999974668354263, "1": 0.9499789716210736, "2": 0.05000773604528714, "3": 0.9499867048324737, "4": 0.9499926325647325, "5": 0.050004843094085316, "6": 0.05000869056306832, "7": 0.949986593271228, "8": 0.05000687128706509, "9": 0.9499882756654734, "10": 0.05000623198888311, "11": 0.4999997562236047, "12": 0.9499868162899765, "13": 0.9499745321215856, "14": 0.05000623587521425, "15": 0.9499715889489053, "16": 0.49999972612113047, "17": 0.4999997859559639, "18": 0.4999996825988323, "19": 0.05000869056306832, "20": 0.9499818805589392, "21": 0.4999996086011291, "22": 0.9499869078342591, "23": 0.05001330484041777, "24": 0.9499871259526602, "25": 0.9499821176093226, "26": 0.9499930592768981, "27": 0.9499867048324737, "28": 0.4999997225921623, "29": 0.4999997409855651, "30": 0.49999975022511856, "31": 0.49999974622247656, "32": 0.4999997639741245, "33": 0.49999964950888554, "34": 0.49999982475444277, "35": 0.4999999174541686, "36": 0.9499888200959585, "37": 0.49999973895559413, "38": 0.050006821217610395, "39": 0.050004654580564446, "40": 0.9499688544411512, "41": 0.949987342082625, "42": 0.49999972168758355, "43": 0.49999980529895627, "44": 0.9499869078342591, "45": 0.49999975194346236, "46": 0.05000788844220282, "47": 0.05000455664519502, "48": 0.49999964902579846, "49": 0.49999984830326644, "50": 0.4999997054822693, "51": 0.4999997639741245, "52": 0.9499888200959585, "53": 0.949987342082625, "54": 0.05000635174651355, "55": 0.49999976544454783, "56": 0.05000687128706509, "57": 0.9499832832591721, "58": 0.050006405452366134, "59": 0.4999998891637014, "60": 0.4999997837602455, "61": 0.49999975231997384, "62": 0.4999998023381289, "63": 0.4999997242749976, "64": 0.9499978930872932, "65": 0.4999997242749976, "66": 0.9499964741005917, "67": 0.949981350616752, "68": 0.05000623587521425, "69": 0.4999998358725306, "70": 0.05000784302766677, "71": 0.4999996889087456, "72": 0.9499816252698566, "73": 0.49999975022511856, "74": 0.05000401529607963, "75": 0.49999975231997384, "76": 0.49999968125886446, "77": 0.9499818805589392, "78": 0.050005654364532026, "79": 0.4999997287170468, "80": 0.05000788844220282, "81": 0.9499890888009959, "82": 0.0500066588712576, "83": 0.49999976377752475, "84": 0.49999976377752475, "85": 0.949986593271228, "86": 0.050002785806153305, "87": 0.4999998599912039, "88": 0.05000598968712188, "89": 0.9499789716210736, "90": 0.49999974668354263, "91": 0.4999996825988323, "92": 0.05000557161230661, "93": 0.050004519177969, "94": 0.050005654364532026, "95": 0.4999997117520626, "96": 0.4999997872131317, "97": 0.49999986129608115, "98": 0.49999976544454783, "99": 0.49999974622247656}, "3": {"0": 0.49999948057240046, "1": 0.4999993504409382, "2": 0.49999951882265975,