{"0": {"0": 0.21513009104555308, "1": 0.32865169863991, "2": 0.2241860791526754, "3": 0.32736480577123167, "4": 0.21834677006375708, "5": 0.24853501662640554, "6": 0.22978599021359203, "7": 0.3225743643070151, "8": 0.289246514949053, "9": 0.21671000539097915, "10": 0.3137007440298837, "11": 0.30213872504728256, "12": 0.35206647549008163, "13": 0.30591879856742143, "14": 0.2547171008160973, "15": 0.2047655809946175, "16": 0.2728013765755674, "17": 0.30332351925608037, "18": 0.28652785189409063, "19": 0.2424677886513531, "20": 0.2555512108027779, "21": 0.28529352473594627, "22": 0.21477767505246717, "23": 0.25286266611176533, "24": 0.24704678788388507, "25": 0.35707289078644905, "26": 0.3793396806114482, "27": 0.2912591751518151, "28": 0.3159733504123555, "29": 0.2611262220433468, "30": 0.2955464692618355, "31": 0.18640813925607805, "32": 0.22598371997928013, "33": 0.3530512982227101, "34": 0.2821916129379151, "35": 0.3225743643070151, "36": 0.2827228822247475, "37": 0.23452347925401357, "38": 0.39759031619600516, "39": 0.2677123399803106, "40": 0.3863280694811752, "41": 0.28200834473355396, "42": 0.35197635610582145, "43": 0.2010332377450408, "44": 0.2551122782656714, "45": 0.20340111491973228, "46": 0.305516105596392, "47": 0.2107580968924182, "48": 0.2174720880225468, "49": 0.21207306633361084, "50": 0.2821916129379151, "51": 0.27771097988768323, "52": 0.2805211324138679, "53": 0.2944564267386816, "54": 0.23087776355557543, "55": 0.2955008612830692, "56": 0.2857981697624977, "57": 0.3516437832775648, "58": 0.19667911000869664, "59": 0.32736480577123167, "60": 0.22417021123324626, "61": 0.2607762446164626, "62": 0.2801677740288875, "63": 0.21513009104555308, "64": 0.3620851056166231, "65": 0.3137007440298837, "66": 0.20133804563615515, "67": 0.34963748817628904, "68": 0.2903986375161274, "69": 0.23294866832534705, "70": 0.42582189163878237, "71": 0.23452347925401357, "72": 0.40034839969235814, "73": 0.2912591751518151, "74": 0.14852339394194253, "75": 0.2424677886513531, "76": 0.2903986375161274, "77": 0.24785113773615516, "78": 0.32865169863991, "79": 0.1722282133693408, "80": 0.25972129265085997, "81": 0.3664743341626735, "82": 0.2532646288618426, "83": 0.19667911000869664, "84": 0.2805211324138679, "85": 0.2857981697624977, "86": 0.35197635610582145, "87": 0.2677123399803106, "88": 0.25972129265085997, "89": 0.2801677740288875, "90": 0.1581567200222003, "91": 0.3977504306415346, "92": 0.32292655642207835, "93": 0.32292655642207835, "94": 0.3004434725934758, "95": 0.2607762446164626, "96": 0.3526619997379976, "97": 0.2532646288618426, "98": 0.4016617596280402, "99": 0.1489255688680776}, "1": {"0": 0.7355170216060708, "1": 0.711874649879281, "2": 0.741726118927472, "3": 0.7093090553761289, "4": 0.80417266653131, "5": 0.8239636196752029, "6": 0.7968292957567612, "7": 0.8442471190722296, "8": 0.8592200303350173, "9": 0.7965594064095152, "10": 0.7286313564344891, "11": 0.7067722748487584, "12": 0.7024649929028116, "13": 0.6293619283791319, "14": 0.6836684319428417, "15": 0.744595719267091, "16": 0.8100034253779642, "17": 0.7963430905894773, "18": 0.7658248461094401, "19": 0.6892546987045008, "20": 0.8051286681881147, "21": 0.6944708001795858, "22": 0.7610591922090968, "23": 0.8196273493522503, "24": 0.7594063003514604, "25": 0.7277609390383001, "26": 0.7605088381929683, "27": 0.7194206698685581, "28": 0.8566746953541092, "29": 0.7134535616753046, "30": 0.781239830521336, "31": 0.6997774269866335, "32": 0.7523465187001839, "33": 0.7505914594596017, "34": 0.7134844654911967, "35": 0.7207002131492031, "36": 0.6674221286137558, "37": 0.6696647855827833, "38": 0.7853648699740317, "39": 0.6464507235876691, "40": 0.6305295961045484, "41": 0.7087917725142492, "42": 0.6800059550571913, "43": 0.7425120098776209, "44": 0.6263509387249935, "45": 0.7387054489513407, "46": 0.5997547665189762, "47": 0.6637768763290897, "48": 0.6637768763290897, "49": 0.7546197165356396, "50": 0.8369810792133808, "51": 0.7429392858572015, "52": 0.8100034253779642, "53": 0.7504903820744484, "54": 0.693085649178753, "55": 0.7429392858572015, "56": 0.711874649879281, "57": 0.712779001880091, "58": 0.7093090553761289, "59": 0.5923731970543915, "60": 0.7435836196948802, "61": 0.6252957297298009, "62": 0.778669568954967, "63": 0.7102597026355012, "64": 0.6927384003436059, "65": 0.7605088381929683, "66": 0.748628734687047, "67": 0.6293619283791319, "68": 0.7109822580028564, "69": 0.846327434655588, "70": 0.7052655501832856, "71": 0.7614113169021696, "72": 0.7102597026355012, "73": 0.7286313564344891, "74": 0.6825904697769002, "75": 0.6836684319428417, "76": 0.7260795053133227, "77": 0.5965428245893765, "78": 0.6273098582678198, "79": 0.7635933213280447, "80": 0.7346036507732152, "81": 0.7635933213280447, "82": 0.7423691504440657, "83": 0.6927384003436059, "84": 0.7182713997503455, "85": 0.7651605881341508, "86": 0.7067722748487584, "87": 0.8493143673435235, "88": 0.6191971481147535, "89": 0.7508246471070799, "90": 0.7109822580028564, "91": 0.7965594064095152, "92": 0.7963430905894773, "93": 0.7425120098776209, "94": 0.7853648699740317, "95": 0.7052655501832856, "96": 0.6067422327455984, "97": 0.6997774269866335, "98": 0.5972354000897929, "99": 0.6222978596335456}, "2": {"0": 0.7463259584326764, "1": 0.731235417447897, "2": 0.7864459053493544, "3": 0.7139079787223322, "4": 0.6972834445815095, "5": 0.5889877418068237, "6": 0.6719890833422766, "7": 0.5930014472351626, "8": 0.6429112204075171, "9": 0.7108557642859568, "10": 0.7189181530220724, "11": 0.6346649122252748, "12": 0.8029147102764361, "13": 0.6652251556740392, "14": 0.8132542477227043, "15": 0.6545844991054277, "16": 0.8585187204058239, "17": 0.6429112204075171, "18": 0.7085763888043164, "19": 0.6474092956091291, "20": 0.8447507614867523, "21": 0.7037418789937329, "22": 0.7165797679779001, "23": 0.7648096125037114, "24": 0.7561103892846333, "25": 0.7108557642859568, "26": 0.8352407441734708, "27": 0.7706756599681586, "28": 0.6088840326102958, "29": 0.6046648233829502, "30": 0.6848161397350808, "31": 0.6624963156468343, "32": 0.7615938586171247, "33": 0.7169989789502984, "34": 0.6342168026926508, "35": 0.7174275187771759, "36": 0.7287930770485697, "37": 0.8603378299840793, "38": 0.6855095736002828, "39": 0.8006047952859942, "40": 0.6834597068705792, "41": 0.7355602099673775, "42": 0.8132542477227043, "43": 0.8212140111886578, "44": 0.5915496872784852, "45": 0.8351542965356494, "46": 0.7189181530220724, "47": 0.8369755038347491, "48": 0.7544570769811065, "49": 0.6948976133856262, "50": 0.6474092956091291, "51": 0.6741971351145726, "52": 0.7242051947877376, "53": 0.7242541209192719, "54": 0.611065036362993, "55": 0.7355602099673775, "56": 0.758348409127873, "57": 0.8282893940781139, "58": 0.7253123439240364, "59": 0.658067937110979, "60": 0.6003733802985853, "61": 0.6889439301275111, "62": 0.7197798323912143, "63": 0.7382619225701741, "64": 0.8167298534352896, "65": 0.7984156252085115, "66": 0.7336184676609172, "67": 0.6280551946423166, "68": 0.8453165641813531, "69": 0.7684406585520572, "70": 0.8209615337885352, "71": 0.8479917191971975, "72": 0.731235417447897, "73": 0.5983265328353853, "74": 0.7984156252085115, "75": 0.7037418789937329, "76": 0.6931477004304183, "77": 0.7768135137792495, "78": 0.7138147471562502, "79": 0.7174275187771759, "80": 0.7138147471562502, "81": 0.6997787197102456, "82": 0.05000019391422012, "83": 0.7552149599240084, "84": 0.8076125778370196, "85": 0.7520594595283611, "86": 0.83328988398895, "87": 0.05001916773037006, "88": 0.7351346158845409, "89": 0.7463259584326764, "90": 0.6324048062518557, "91": 0.7552149599240084, "92": 0.6624963156468343, "93": 0.6260297297641806, "94": 0.7768135137792495, "95": 0.8393965385242848, "96": 0.7253123439240364, "97": 0.7085763888043164, "98": 0.6069539893611662, "99": 0.6855095736002828}, "3": {"0": 0.7451764014823894, "1": 0.7802018411981526, "2": 0.6764823548664778, "3": 0.7365456301330452, "4": 0.6724950632815065, "5": 0.708434051099085, "6": 0.7417477539025399,