{"0": {"0": 0.9213127802542299, "1": 0.49999999999996936, "2": 0.49999999999996, "3": 0.4999999999999611, "4": 0.49999999999996564, "5": 0.4999999999999764, "6": 0.4999999999999759, "7": 0.49999999999996275, "8": 0.49999999999996614, "9": 0.49999999999997197, "10": 0.49999999999996125, "11": 0.4999999999999688, "12": 0.4999999999999819, "13": 0.4999999999999859, "14": 0.08836311312328392, "15": 0.4999999999999725, "16": 0.499999999999976, "17": 0.4999999999999677, "18": 0.49999999999998784, "19": 0.4999999999999588, "20": 0.4999999999999677, "21": 0.4999999999999575, "22": 0.49999999999998, "23": 0.49999999999997596, "24": 0.49999999999997435, "25": 0.4999999999999667, "26": 0.4999999999999696, "27": 0.4999999999999718, "28": 0.49999999999997236, "29": 0.4999999999999804, "30": 0.49999999999997785, "31": 0.49999999999996253, "32": 0.9213127802542299, "33": 0.9213127802542299, "34": 0.4999999999999877, "35": 0.49999999999997974, "36": 0.4999999999999658, "37": 0.49999999999997935, "38": 0.08993169963302207, "39": 0.4999999999999828, "40": 0.4999999999999558, "41": 0.49999999999998324, "42": 0.4999999999999814, "43": 0.08993169963302207, "44": 0.49999999999998435, "45": 0.49999999999997113, "46": 0.49999999999996164, "47": 0.4999999999999764, "48": 0.4999999999999718, "49": 0.49999999999996886, "50": 0.4999999999999558, "51": 0.4999999999999657, "52": 0.49999999999996253, "53": 0.4999999999999899, "54": 0.4999999999999613, "55": 0.4999999999999868, "56": 0.49999999999996814, "57": 0.9215504548358325, "58": 0.4999999999999693, "59": 0.4999999999999677, "60": 0.49999999999998135, "61": 0.4999999999999914, "62": 0.4999999999999667, "63": 0.49999999999998435, "64": 0.4999999999999859, "65": 0.49999999999997596, "66": 0.4999999999999686, "67": 0.4999999999999588, "68": 0.4999999999999756, "69": 0.49999999999998684, "70": 0.4999999999999792, "71": 0.4999999999999638, "72": 0.49999999999997663, "73": 0.9215504548358325, "74": 0.49999999999997935, "75": 0.4999999999999613, "76": 0.4999999999999889, "77": 0.49999999999998307, "78": 0.4999999999999859, "79": 0.49999999999996936, "80": 0.49999999999997796, "81": 0.4999999999999759, "82": 0.49999999999997197, "83": 0.4999999999999638, "84": 0.49999999999998385, "85": 0.4999999999999877, "86": 0.4999999999999828, "87": 0.08836311312328392, "88": 0.49999999999997746, "89": 0.49999999999998407, "90": 0.499999999999989, "91": 0.49999999999998995, "92": 0.4999999999999696, "93": 0.4999999999999829, "94": 0.49999999999999023, "95": 0.07990692840150379, "96": 0.49999999999996125, "97": 0.49999999999998873, "98": 0.499999999999993, "99": 0.4999999999999756}, "1": {"0": 0.5000000000003813, "1": 0.5000000000002315, "2": 0.5000000000004144, "3": 0.5000000000004089, "4": 0.500000000000236, "5": 0.5000000000005482, "6": 0.5000000000004079, "7": 0.9076617910527869, "8": 0.5000000000003858, "9": 0.5000000000001712, "10": 0.5000000000002585, "11": 0.5000000000002082, "12": 0.5000000000003141, "13": 0.5000000000002426, "14": 0.5000000000001131, "15": 0.5000000000000974, "16": 0.06773561931103228, "17": 0.5000000000002149, "18": 0.06773098291491146, "19": 0.5000000000003447, "20": 0.5000000000003988, "21": 0.5000000000004159, "22": 0.06772668666681735, "23": 0.5000000000002346, "24": 0.06773997244766641, "25": 0.5000000000002633, "26": 0.06772778988492115, "27": 0.5000000000003345, "28": 0.5000000000001527, "29": 0.5000000000003644, "30": 0.5000000000004361, "31": 0.5000000000003372, "32": 0.5000000000003455, "33": 0.06773109909164372, "34": 0.5000000000001685, "35": 0.06772776443191006, "36": 0.06772975728644998, "37": 0.5000000000002962, "38": 0.5000000000001799, "39": 0.5000000000001874, "40": 0.5000000000004678, "41": 0.5000000000001685, "42": 0.5000000000003471, "43": 0.06773109909164372, "44": 0.500000000000372, "45": 0.5000000000003928, "46": 0.5000000000003315, "47": 0.5000000000003677, "48": 0.5000000000003045, "49": 0.5000000000000974, "50": 0.5000000000004715, "51": 0.5000000000001477, "52": 0.5000000000004067, "53": 0.5000000000001906, "54": 0.5000000000001628, "55": 0.06772941664944038, "56": 0.06772788589512871, "57": 0.5000000000001124, "58": 0.5000000000003988, "59": 0.0677321466320634, "60": 0.5000000000003455, "61": 0.5000000000001481, "62": 0.5000000000002771, "63": 0.5000000000001898, "64": 0.06772778988492115, "65": 0.500000000000306, "66": 0.5000000000004513, "67": 0.5000000000001869, "68": 0.5000000000002315, "69": 0.5000000000000562, "70": 0.5000000000002343, "71": 0.5000000000002964, "72": 0.5000000000001302, "73": 0.5000000000002603, "74": 0.5000000000003345, "75": 0.5000000000001489, "76": 0.5000000000003153, "77": 0.06772941664944038, "78": 0.5000000000002316, "79": 0.500000000000307, "80": 0.5000000000003468, "81": 0.06772776443191006, "82": 0.5000000000004051, "83": 0.500000000000375, "84": 0.5000000000003468, "85": 0.500000000000372, "86": 0.5000000000002771, "87": 0.500000000000153, "88": 0.5000000000001534, "89": 0.500000000000074, "90": 0.5000000000001482, "91": 0.5000000000002072, "92": 0.5000000000001429, "93": 0.5000000000001658, "94": 0.5000000000000715, "95": 0.5000000000001875, "96": 0.9076617910527869, "97": 0.5000000000002633, "98": 0.5000000000003315, "99": 0.5000000000002603}, "2": {"0": 0.5000000000000897, "1": 0.5000000000000555, "2": 0.5000000000000634, "3": 0.500000000000042, "4": 0.5000000000000714, "5": 0.500000000000102, "6": 0.5000000000000915, "7": 0.5000000000001331, "8": 0.5000000000000722, "9": 0.500000000000084, "10": 0.5000000000000497, "11": 0.5000000000000762, "12": 0.5000000000000694, "13": 0.500000000000071, "14": 0.5000000000000735, "15": 0.10100135104981658, "16": 0.5000000000001075, "17": 0.500000000000076, "18": 0.5000000000000849, "19": 0.500000000000046, "20": 0.5000000000000594, "21": 0.5000000000001377, "22": 0.5000000000000608, "23": 0.5000000000000515, "24": 0.5000000000000868, "25": 0.5000000000000397, "26": 0.5000000000000702, "27": 0.5000000000000646, "28": 0.5000000000000867, "29": 0.5000000000000635, "30": 0.50000000000012, "31": 0.5000000000000708, "32": 0.5000000000000828, "33": 0.5000000000000714, "34": 0.8973889989749895, "35": 0.5000000000000747, "36": 0.5000000000001423, "37": 0.5000000000000908, "38": 0.500000000000101, "39": 0.5000000000000318, "40": 0.5000000000000373, "41": 0.5000000000001019, "42": 0.10041930475027541, "43": 0.5000000000000637, "44": 0.8971525403288869, "45": 0.5000000000000978, "46": 0.5000000000001256, "47": 0.5000000000000494, "48": 0.5000000000000671, "49": 0.5000000000000839, "50": 0.5000000000000511, "51": 0.5000000000000918, "52": 0.500000000000119, "53": 0.10100135104981658, "54": 0.5000000000000373, "55": 0.5000000000000633, "56": 0.500000000000085, "57": 0.5000000000000336, "58": 0.500000000000057, "59": 0.5000000000001331, "60": 0.5000000000000635, "61": 0.5000000000001106, "62": 0.5000000000000615, "63": 0.5000000000000335, "64": 0.500000000000101, "65": 0.5000000000000497, "66": 0.10041930475027541, "67": 0.5000000000001357, "68": 0.5000000000000786, "69": 0.5000000000000449, "70": 0.5000000000000747, "71": 0.5000000000000505, "72": 0.5000000000000355, "73": 0.500000000000046, "74": 0.5000000000000941, "75": 0.500000000000042, "76": 0.5000000000000541, "77": 0.500000000000119, "78": 0.500000000000113, "79": 0.5000000000000494, "80": 0.5000000000000246, "81": 0.500000000000076, "82": 0.5000000000000541, "83": 0.8973831581957488, "84": 0.5000000000000867, "85": 0.5000000000000461, "86": 0.5000000000000231, "87": 0.5000000000001019, "88": 0.8971525403288869, "89": 0.5000000000000827, "90": 0.500000000000085, "91": 0.5000000000000413, "92": 0.5000000000000615, "93": 0.5000000000000271, "94": 0.8973889989749895, "95": 0.5000000000000367, "96": 0.50000000000012, "97": 0.5000000000000941, "98": 0.500000000000021, "99": 0.5000000000000515}, "3": {"0": 0.4999999999999708, "1": 0.4999999999999376, "2": 0.4999999999999574, "3": 0.4999999999999577, "4": 0.4999999999999416, "5": 0.4999999999999195, "6": 0.4999999999999847,