{"0": {"0": 0.9463479785941344, "1": 0.05261252610415167, "2": 0.46806619428958596, "3": 0.9451699232722528, "4": 0.052783362395334786, "5": 0.46806619428958596, "6": 0.05234328407972651, "7": 0.05076936557892473, "8": 0.9467876979105022, "9": 0.9462818042292821, "10": 0.05257600607470815, "11": 0.9463267464122607, "12": 0.9453971898920515, "13": 0.46806619428958596, "14": 0.05244898657475306, "15": 0.9449477710921821, "16": 0.9489268297533964, "17": 0.94779277483655, "18": 0.9458591499181201, "19": 0.9451693344459675, "20": 0.0525983463787806, "21": 0.46806619428958596, "22": 0.9455612814876307, "23": 0.9463479785941344, "24": 0.946031693478033, "25": 0.9459182496161055, "26": 0.05295428415350387, "27": 0.0524509857931782, "28": 0.9453443327016289, "29": 0.46806619428958596, "30": 0.05257600607470815, "31": 0.05233587843118049, "32": 0.9470999043274344, "33": 0.9463876163855958, "34": 0.05260486618892458, "35": 0.9448923984462115, "36": 0.05295428415350387, "37": 0.46806619428958596, "38": 0.9479465732050486, "39": 0.05239345205245921, "40": 0.9468753509439316, "41": 0.05095479352185838, "42": 0.05239233660072679, "43": 0.0524224625796627, "44": 0.05242424828418643, "45": 0.052783362395334786, "46": 0.9456270407692384, "47": 0.9463267464122607, "48": 0.052046189008625066, "49": 0.9478066613747576, "50": 0.9463876163855958, "51": 0.05095479352185838, "52": 0.46806619428958596, "53": 0.9449985949096924, "54": 0.46806619428958596, "55": 0.46806619428958596, "56": 0.46806619428958596, "57": 0.46806619428958596, "58": 0.05199748759778233, "59": 0.05210319361695125, "60": 0.46806619428958596, "61": 0.05227708970506473, "62": 0.9453303674863642, "63": 0.9454388480240713, "64": 0.9450793476842502, "65": 0.46806619428958596, "66": 0.052342726353860294, "67": 0.05233587843118049, "68": 0.0517007660760704, "69": 0.46806619428958596, "70": 0.05261252610415167, "71": 0.05260486618892458, "72": 0.05199748759778233, "73": 0.9471664185665127, "74": 0.9478066613747576, "75": 0.9451947916556709, "76": 0.05234328407972651, "77": 0.46806619428958596, "78": 0.9456270407692384, "79": 0.46806619428958596, "80": 0.9476723124394244, "81": 0.05227708970506473, "82": 0.46806619428958596, "83": 0.46806619428958596, "84": 0.0525983463787806, "85": 0.9459773493140908, "86": 0.9451947916556709, "87": 0.947473885546091, "88": 0.94779277483655, "89": 0.46806619428958596, "90": 0.9462818042292821, "91": 0.05244898657475306, "92": 0.9476723124394244, "93": 0.46806619428958596, "94": 0.46806619428958596, "95": 0.946031693478033, "96": 0.9454388480240713, "97": 0.46806619428958596, "98": 0.9459182496161055, "99": 0.46806619428958596}, "1": {"0": 0.34474780797305826, "1": 0.34474780797305826, "2": 0.34474780797305826, "3": 0.9446441558670354, "4": 0.05116622412892427, "5": 0.34474780797305826, "6": 0.34474780797305826, "7": 0.9458811693188536, "8": 0.9452969615283997, "9": 0.34474780797305826, "10": 0.9450737669385307, "11": 0.9454641142143685, "12": 0.34474780797305826, "13": 0.34474780797305826, "14": 0.9446439292973493, "15": 0.9457293755247965, "16": 0.05107514720064612, "17": 0.9452638511850422, "18": 0.9450898608741298, "19": 0.051143088212496184, "20": 0.9458231599286689, "21": 0.34474780797305826, "22": 0.051239791653089534, "23": 0.05065453890992717, "24": 0.9459997188605642, "25": 0.9447602170306841, "26": 0.0506482583443091, "27": 0.0508559366367346, "28": 0.9453601027470403, "29": 0.34474780797305826, "30": 0.9450280361311346, "31": 0.05118056437648778, "32": 0.9476484807641998, "33": 0.9447619280385079, "34": 0.34474780797305826, "35": 0.9453792488747873, "36": 0.9454187446430415, "37": 0.34474780797305826, "38": 0.9450906896239333, "39": 0.34474780797305826, "40": 0.0508559366367346, "41": 0.9461078233327271, "42": 0.9452927452854493, "43": 0.9450737669385307, "44": 0.05064602888129563, "45": 0.34474780797305826, "46": 0.34474780797305826, "47": 0.34474780797305826, "48": 0.9450391737963003, "49": 0.9458708541994251, "50": 0.9449005509174041, "51": 0.34474780797305826, "52": 0.34474780797305826, "53": 0.9449045041722582, "54": 0.05119918040193795, "55": 0.34474780797305826, "56": 0.34474780797305826, "57": 0.34474780797305826, "58": 0.34474780797305826, "59": 0.9458923438285382, "60": 0.9466263923283, "61": 0.05122004922755562, "62": 0.9458989314161668, "63": 0.9449084574271124, "64": 0.947452252086129, "65": 0.9461078233327271, "66": 0.9452683631326299, "67": 0.34474780797305826, "68": 0.34474780797305826, "69": 0.946647061567218, "70": 0.34474780797305826, "71": 0.946647061567218, "72": 0.34474780797305826, "73": 0.34474780797305826, "74": 0.9450696265393466, "75": 0.34474780797305826, "76": 0.9450280361311346, "77": 0.34474780797305826, "78": 0.34474780797305826, "79": 0.9459323956311654, "80": 0.050553151520642325, "81": 0.051239791653089534, "82": 0.9458989314161668, "83": 0.34474780797305826, "84": 0.05119918040193795, "85": 0.05117509245298715, "86": 0.947672265664025, "87": 0.34474780797305826, "88": 0.34474780797305826, "89": 0.9446441558670354, "90": 0.34474780797305826, "91": 0.9452683631326299, "92": 0.9453544279297972, "93": 0.9454187446430415, "94": 0.9452638511850422, "95": 0.9458914844382822, "96": 0.05117509245298715, "97": 0.9458811693188536, "98": 0.0506482583443091, "99": 0.9458231599286689}, "2": {"0": 0.453941629085138, "1": 0.453941629085138, "2": 0.453941629085138, "3": 0.453941629085138, "4": 0.05254062784696033, "5": 0.453941629085138, "6": 0.453941629085138, "7": 0.453941629085138, "8": 0.9487358992167556, "9": 0.453941629085138, "10": 0.9489879154652519, "11": 0.453941629085138, "12": 0.949077887111152, "13": 0.9486645615882465, "14": 0.949331533187876, "15": 0.453941629085138, "16": 0.052185109345288506, "17": 0.453941629085138, "18": 0.453941629085138, "19": 0.453941629085138, "20": 0.05234373186518944, "21": 0.9492118999144143, "22": 0.9487060006015859, "23": 0.9492653278779049, "24": 0.9490569933945217, "25": 0.052460275926659666, "26": 0.453941629085138, "27": 0.9486548267537652, "28": 0.453941629085138, "29": 0.453941629085138, "30": 0.453941629085138, "31": 0.453941629085138, "32": 0.453941629085138, "33": 0.453941629085138, "34": 0.052568096808602756, "35": 0.9491309116845505, "36": 0.05240890735073378, "37": 0.453941629085138, "38": 0.453941629085138, "39": 0.453941629085138, "40": 0.051535658648474376, "41": 0.051095257400749314, "42": 0.453941629085138, "43": 0.051095257400749314, "44": 0.453941629085138, "45": 0.453941629085138, "46": 0.9486391779165735, "47": 0.453941629085138, "48": 0.453941629085138, "49": 0.453941629085138, "50": 0.9491309116845505, "51": 0.05240890735073378, "52": 0.9486548267537652, "53": 0.0524304846866948, "54": 0.453941629085138, "55": 0.052372212655959684, "56": 0.9489107806204459, "57": 0.9490662037085064, "58": 0.051883499327876906, "59": 0.453941629085138, "60": 0.0523530861693237, "61": 0.453941629085138, "62": 0.453941629085138, "63": 0.052568096808602756, "64": 0.453941629085138, "65": 0.453941629085138, "66": 0.9489879154652519, "67": 0.453941629085138, "68": 0.9487780852279283, "69": 0.9486675185896017, "70": 0.453941629085138, "71": 0.453941629085138, "72": 0.05240323980104461, "73": 0.453941629085138, "74": 0.0523530861693237, "75": 0.05222484077371601, "76": 0.9488525462716266, "77": 0.9487309152562046, "78": 0.0524304846866948, "79": 0.453941629085138, "80": 0.948820271239101, "81": 0.453941629085138, "82": 0.05236547843641343, "83": 0.052372212655959684, "84": 0.05120194716358205, "85": 0.05120194716358205, "86": 0.9488525462716266, "87": 0.05240323980104461, "88": 0.453941629085138, "89": 0.453941629085138, "90": 0.9488101527752719, "91": 0.05236547843641343, "92": 0.453941629085138, "93": 0.9490638098873152, "94": 0.453941629085138, "95": 0.9490638098873152, "96": 0.9487780852279283, "97": 0.453941629085138, "98": 0.453941629085138, "99": 0.453941629085138}, "3": {"0": 0.0514587917474816, "1": 0.051241299270276555, "2": 0.9478423207221554, "3": 0.9481309675598647, "4": 0.05267868175145406,