{"0": {"0": 0.48288895214036154, "1": 0.8135639578671947, "2": 0.7303881777937866, "3": 0.36326494775008566, "4": 0.9220009659765438, "5": 0.9548666191588001, "6": 0.9280184588611643, "7": 0.20817797666788293, "8": 0.7930189776703231, "9": 0.4442449088607262, "10": 0.7390373204219296, "11": 1.5382925034144066e-08, "12": 1.3541490197287985e-08, "13": 0.3576684897606657, "14": 0.22382397591385017, "15": 0.8692379301749482, "16": 0.6802633778263554, "17": 1.5382925034144066e-08, "18": 0.6093335293958962, "19": 9.004637570082122e-09, "20": 0.2680868652096975, "21": 1.6683327748897844e-08, "22": 1.4019897589679083e-08, "23": 8.155641043291081e-09, "24": 0.9280184588611643, "25": 2.0699099304698398e-08, "26": 0.6021261929661843, "27": 1.3904851891720179e-08, "28": 1.0312010447850994e-08, "29": 1.3028787425477708e-08, "30": 1.915595648398204e-08, "31": 0.36326494775008566, "32": 0.7704481701343031, "33": 0.8692379301749482, "34": 0.2627931136498858, "35": 1.496235392978771e-08, "36": 0.8708279924065561, "37": 6.194346266843758e-09, "38": 0.8333360056611449, "39": 0.8333360056611449, "40": 2.113008731521532e-08, "41": 0.36713013468855793, "42": 5.747017457445161e-09, "43": 0.9220009659765438, "44": 0.3798368105032724, "45": 1.73655218525077e-08, "46": 0.904294675218615, "47": 0.2627931136498858, "48": 9.016872068650427e-09, "49": 0.7390373204219296, "50": 0.8708279924065561, "51": 0.2680868652096975, "52": 1.0312010447850994e-08, "53": 1.524850086996615e-08, "54": 7.24531407866999e-09, "55": 0.7704481701343031, "56": 1.3904851891720179e-08, "57": 0.49272664062780513, "58": 0.6802633778263554, "59": 2.301544680321387e-08, "60": 0.20817797666788293, "61": 0.49272664062780513, "62": 1.496235392978771e-08, "63": 0.9623569124915123, "64": 0.8256537620653218, "65": 0.7303881777937866, "66": 1.73655218525077e-08, "67": 0.2680868652096975, "68": 0.9623569124915123, "69": 0.904294675218615, "70": 0.6021261929661843, "71": 0.6802633778263554, "72": 0.4442449088607262, "73": 0.9548666191588001, "74": 0.5240509667266289, "75": 0.22382397591385017, "76": 0.6021261929661843, "77": 0.36713013468855793, "78": 0.7930189776703231, "79": 1.4019897589679083e-08, "80": 0.3576684897606657, "81": 1.1752199038202885e-08, "82": 0.5893803383591731, "83": 0.3798368105032724, "84": 1.7859763396997622e-08, "85": 0.5893803383591731, "86": 0.48288895214036154, "87": 0.6021261929661843, "88": 1.1752199038202885e-08, "89": 0.9220009659765438, "90": 9.57797824199102e-09, "91": 0.5240509667266289, "92": 0.8256537620653218, "93": 0.8135639578671947, "94": 0.6093335293958962, "95": 0.7930189776703231, "96": 1.3028787425477708e-08, "97": 0.4442449088607262, "98": 1.7859763396997622e-08, "99": 1.3541490197287985e-08}, "1": {"0": 3.8726050916697246e-08, "1": 0.3433696471192542, "2": 3.26691247037508e-08, "3": 0.2818610180663974, "4": 0.7626645203279946, "5": 0.2534872829932896, "6": 0.2534872829932896, "7": 2.892983544639245e-08, "8": 0.7111833971321744, "9": 0.5290540457787137, "10": 0.7943066674992595, "11": 0.5646548946059124, "12": 0.28342224978129055, "13": 0.23880824757328462, "14": 0.813918019836892, "15": 0.6408324816632038, "16": 0.2534872829932896, "17": 0.6480181999805208, "18": 2.892983544639245e-08, "19": 2.957626437085377e-08, "20": 0.9705516066439073, "21": 0.6408324816632038, "22": 0.5424468645236049, "23": 0.6480181999805208, "24": 0.7943066674992595, "25": 0.8868690527319258, "26": 0.7461235774068582, "27": 0.4703707263083047, "28": 0.7943066674992595, "29": 2.090771816681461e-08, "30": 0.6245946254780907, "31": 0.6245946254780907, "32": 0.7461235774068582, "33": 3.4630599640721386e-08, "34": 0.3587121965800727, "35": 0.6480181999805208, "36": 0.21264291074085676, "37": 0.8540043937132858, "38": 3.729675878928915e-08, "39": 3.5614272260260916e-08, "40": 0.3733219429627416, "41": 0.7681785836959716, "42": 2.0391250757771332e-08, "43": 0.6613926787301636, "44": 0.23880824757328462, "45": 0.28342224978129055, "46": 1.4044053721543288e-08, "47": 0.21211531733751074, "48": 3.34109767953189e-08, "49": 0.7681785836959716, "50": 0.7382956281667643, "51": 0.7626645203279946, "52": 0.7943066674992595, "53": 0.3587121965800727, "54": 0.21211531733751074, "55": 3.34109767953189e-08, "56": 1.0453859083407305e-08, "57": 0.2818610180663974, "58": 0.6245946254780907, "59": 2.957626437085377e-08, "60": 0.4864837059520786, "61": 0.5424468645236049, "62": 0.3433696471192542, "63": 0.4703707263083047, "64": 0.4370283894997095, "65": 0.21264291074085676, "66": 3.3495251699659254e-08, "67": 0.7382956281667643, "68": 0.3587121965800727, "69": 0.4703707263083047, "70": 7.022026860771644e-09, "71": 0.4703707263083047, "72": 2.554525926686118e-08, "73": 0.6408324816632038, "74": 0.6613926787301636, "75": 0.48796790500614595, "76": 0.7626645203279946, "77": 0.5290540457787137, "78": 0.8540043937132858, "79": 0.48796790500614595, "80": 0.21396189430526885, "81": 3.2359903758597115e-08, "82": 0.8540043937132858, "83": 0.7626645203279946, "84": 0.8868690527319258, "85": 0.4864837059520786, "86": 0.2818610180663974, "87": 0.5646548946059124, "88": 0.9705516066439073, "89": 0.9610029771351789, "90": 0.21396189430526885, "91": 0.3733219429627416, "92": 0.8540043937132858, "93": 0.4370283894997095, "94": 0.7111833971321744, "95": 0.9610029771351789, "96": 7.618621124340743e-09, "97": 0.813918019836892, "98": 2.0391250757771332e-08, "99": 3.3495251699659254e-08}, "2": {"0": 0.8302049977141275, "1": 1.8765047118287947e-08, "2": 0.38735121425812713, "3": 0.32533480562910216, "4": 1.6467467465644684e-08, "5": 0.6500997349621672, "6": 0.783415694751334, "7": 0.9164872483457617, "8": 0.41929566998361145, "9": 0.6682952478351868, "10": 1.9940709775378502e-08, "11": 0.8475440504202858, "12": 0.2276885806374337, "13": 0.37519267238619786, "14": 1.1443702658004056e-08, "15": 0.29331344576635576, "16": 1.5403234317113096e-08, "17": 1.3412818229787109e-08, "18": 0.330615278018994, "19": 2.2789383226616514e-08, "20": 0.783415694751334, "21": 0.783415694751334, "22": 0.37519267238619786, "23": 0.46866618983377595, "24": 0.38735121425812713, "25": 0.2742067104324838, "26": 0.32533480562910216, "27": 1.6948498166929634e-08, "28": 2.102803845766145e-08, "29": 0.5548268299575083, "30": 0.3441111221831855, "31": 0.29331344576635576, "32": 2.3604893295168365e-08, "33": 0.2742067104324838, "34": 0.8737723955913828, "35": 0.8302049977141275, "36": 1.5403234317113096e-08, "37": 0.6682952478351868, "38": 1.5868078061168165e-08, "39": 0.8302049977141275, "40": 0.9723639813766038, "41": 1.7008220809172354e-08, "42": 8.387705100566538e-09, "43": 0.3547131260496864, "44": 2.1628842192048313e-08, "45": 0.6969239926211204, "46": 8.497007117374446e-09, "47": 1.8320756622706297e-08, "48": 1.7599676980015824e-08, "49": 0.4506509595745499, "50": 0.9385194566105612, "51": 0.3042436611983233, "52": 0.3441111221831855, "53": 0.3441111221831855, "54": 1.596588763631104e-08, "55": 0.2276885806374337, "56": 0.330615278018994, "57": 8.690657378161202e-09, "58": 8.328843704308244e-09, "59": 0.3042436611983233, "60": 0.41929566998361145, "61": 0.9723639813766038, "62": 9.970354887689251e-09, "63": 0.6533435132653813, "64": 0.5303772590920335, "65": 0.4506509595745499, "66": 1.8765047118287947e-08, "67": 1.0873715309621969e-08, "68": 0.6917627310358658, "69": 0.9931682281479475, "70": 0.6533435132653813, "71": 0.9931682281479475, "72": 0.9385194566105612, "73": 0.3547131260496864, "74": 0.6500997349621672, "75": 0.6969239926211204, "76": 0.6846468157212056, "77": 0.8475440504202858, "78": 0.6917627310358658, "79": 0.38735121425812713, "80": 0.41929566998361145, "81": 1.794114163792768e-08, "82": 0.5303772590920335, "83": 0.45237643912409786, "84": 1.8320756622706297e-08, "85": 0.8302049977141275, "86": 0.46866618983377595, "87": 0.9931682281479475, "88": 1.7008220809172354e-08, "89": 1.606369721145392e-08, "90": 0.6846468157212056, "91": 0.9164872483457617, "92": 8.799838490007912e-09, "93": 0.2276885806374337, "94": 0.38735121425812713,