{"0": {"0": 0.05000041976035704, "1": 0.050000385325573285, "2": 0.9499999543081434, "3": 0.9499999611913977, "4": 0.05000039104637029, "5": 0.9499999536891827, "6": 0.0500005362762973, "7": 0.05000033035785077, "8": 0.9499999517532162, "9": 0.050000435544232474, "10": 0.9499999453055211, "11": 0.05000016517892539, "12": 0.9499999470142849, "13": 0.050000506729239565, "14": 0.05000049994968139, "15": 0.05000037605437365, "16": 0.050000380413194975, "17": 0.050000409477766294, "18": 0.0500005308369981, "19": 0.9499999764637842, "20": 0.05000049109364234, "21": 0.9499999812203863, "22": 0.05000040442445204, "23": 0.9499999440527389, "24": 0.05000035491256292, "25": 0.9499999512124462, "26": 0.9499999514297228, "27": 0.05000015375450034, "28": 0.9499999533224015, "29": 0.050000433832478805, "30": 0.050000385325573285, "31": 0.0500004022354487, "32": 0.9499999533224015, "33": 0.05000036352708161, "34": 0.05000040558170883, "35": 0.05000042460212198, "36": 0.050000346683672786, "37": 0.9499999491702631, "38": 0.949999972766752, "39": 0.9499999495679708, "40": 0.050000477230179405, "41": 0.05000045305650769, "42": 0.05000053671711282, "43": 0.9499999619326034, "44": 0.05000023909104171, "45": 0.9499999587504808, "46": 0.050000427384339755, "47": 0.05000053671711282, "48": 0.05000056283735019, "49": 0.9499999315877972, "50": 0.050000435544232474, "51": 0.05000052006214434, "52": 0.050000173341836394, "53": 0.9499999463646851, "54": 0.9499999753451057, "55": 0.050000427384339755, "56": 0.05000020279085442, "57": 0.05000055630343346, "58": 0.05000049994968139, "59": 0.9499999481814748, "60": 0.050000250601594756, "61": 0.9499999500158398, "62": 0.9499999560683461, "63": 0.9499999536590962, "64": 0.9499999526576459, "65": 0.05000044183055295, "66": 0.9499999514297228, "67": 0.050000380413194975, "68": 0.050000506729239565, "69": 0.9499999672843698, "70": 0.9499999640250064, "71": 0.050000349720819924, "72": 0.05000051563275108, "73": 0.9499999536590962, "74": 0.9499999488522481, "75": 0.050000519392756, "76": 0.050000217612256134, "77": 0.05000049109364234, "78": 0.05000035491256292, "79": 0.9499999672843698, "80": 0.05000052006214434, "81": 0.05000051563275108, "82": 0.9499999763117857, "83": 0.05000023909104171, "84": 0.05000041720984391, "85": 0.05000041720984391, "86": 0.05000030436319978, "87": 0.050000152181599894, "88": 0.9499999678785278, "89": 0.050000281856646, "90": 0.9499999611913977, "91": 0.9499999488522481, "92": 0.0500004022354487, "93": 0.9499999452999931, "94": 0.9499999587504808, "95": 0.050000349720819924, "96": 0.9499999640250064, "97": 0.050000409477766294, "98": 0.9499999452999931, "99": 0.050000281856646}, "1": {"0": 0.05000016424860642, "1": 0.05000029576552917, "2": 0.9499999093726388, "3": 0.9499998766372078, "4": 0.9499999050417067, "5": 0.9499998847003981, "6": 0.05000026351179114, "7": 0.0500002650450696, "8": 0.05000031842498697, "9": 0.5260260423476232, "10": 0.949999920782533, "11": 0.05000027253398459, "12": 0.9499998735815822, "13": 0.9499999547930715, "14": 0.9499998917168232, "15": 0.9499999077806776, "16": 0.9499998835626668, "17": 0.05000035517432465, "18": 0.949999909276096, "19": 0.9499998767925493, "20": 0.050000158374229324, "21": 0.0500002874457574, "22": 0.0500001487185482, "23": 0.05000026788350225, "24": 0.9499998907960605, "25": 0.9499999443028935, "26": 0.05000026639050784, "27": 0.949999956713607, "28": 0.9499999311060052, "29": 0.9499999307734572, "30": 0.9499999142926828, "31": 0.9499999027720065, "32": 0.05000014044300505, "33": 0.9499998858783478, "34": 0.050000199203261014, "35": 0.050000273072841876, "36": 0.949999909276096, "37": 0.050000276852676453, "38": 0.9499998770105855, "39": 0.9499999187834457, "40": 0.9499998841615922, "41": 0.05000022737702009, "42": 0.9499999250220483, "43": 0.05000027590554118, "44": 0.05000013282342077, "45": 0.9499999022340918, "46": 0.9499999267101181, "47": 0.9499999293963893, "48": 0.9499999016467976, "49": 0.050000281675649294, "50": 0.9499998996541045, "51": 0.050000197096001814, "52": 0.05000027991642318, "53": 0.9499998668788344, "54": 0.94999988090005, "55": 0.05000027726176131, "56": 0.9499999683385469, "57": 0.9499998706668291, "58": 0.9499998858783478, "59": 0.05000022205911743, "60": 0.05000026558310125, "61": 0.9499999187834457, "62": 0.05000027967596415, "63": 0.9499998747438028, "64": 0.05000030063787235, "65": 0.050000158374229324, "66": 0.9499998893488881, "67": 0.9499999042803309, "68": 0.949999943559144, "69": 0.05000027411131609, "70": 0.9499998527037974, "71": 0.05000012472794847, "72": 0.9499998879320782, "73": 0.9499999625110241, "74": 0.9499999334394171, "75": 0.9499999093726388, "76": 0.0500001293348498, "77": 0.050000197096001814, "78": 0.9499999296921192, "79": 0.5260260423476232, "80": 0.9499999353334145, "81": 0.9499999633550591, "82": 0.9499999214414168, "83": 0.9499998735815822, "84": 0.9499999027720065, "85": 0.05000026639050784, "86": 0.949999940450025, "87": 0.050000199203261014, "88": 0.050000113688510046, "89": 0.9499999050417067, "90": 0.05000016424860642, "91": 0.9499999417813334, "92": 0.9499999571463413, "93": 0.9499998770105855, "94": 0.949999906682216, "95": 0.9499999016467976, "96": 0.949999953341108, "97": 0.05000030063787235, "98": 0.05000027967596415, "99": 0.05000027253398459}, "2": {"0": 0.9499998887267423, "1": 0.050000078937515215, "2": 0.9499999476630677, "3": 0.9499999482966295, "4": 0.050000059366439364, "5": 0.9499998944624536, "6": 0.9499998974142959, "7": 0.9499998825998343, "8": 0.050000066555178434, "9": 0.9499999267558784, "10": 0.050000069107958074, "11": 0.05000005131467817, "12": 0.9499998721915093, "13": 0.9499999397383132, "14": 0.050000048317415155, "15": 0.949999918127979, "16": 0.9499998794297935, "17": 0.05000005922308964, "18": 0.05000007293840705, "19": 0.9499998742771514, "20": 0.9499998988885077, "21": 0.9499999459211605, "22": 0.9499999360957546, "23": 0.9499998578360145, "24": 0.9499998742771514, "25": 0.050000071096594004, "26": 0.050000057976734805, "27": 0.9499998986561266, "28": 0.050000067274442395, "29": 0.050000056339346746, "30": 0.05000007512444683, "31": 0.9499998991462918, "32": 0.05000006145697254, "33": 0.9499998806988634, "34": 0.9499998877729476, "35": 0.05000004520602623, "36": 0.050000053019176226, "37": 0.9499998954509892, "38": 0.9499999133810433, "39": 0.05000004588465963, "40": 0.050000060382603934, "41": 0.050000058411200775, "42": 0.9499998944624536, "43": 0.0500000856776663, "44": 0.9499999198123922, "45": 0.9499999459211605, "46": 0.05000004119398051, "47": 0.05000006758354873, "48": 0.05000004119398051, "49": 0.949999886272336, "50": 0.9499999385958442, "51": 0.05000003356575056, "52": 0.9499998582287933, "53": 0.0500000297102461, "54": 0.05000002483728466, "55": 0.9499998821787881, "56": 0.9499999234835046, "57": 0.05000006145697254, "58": 0.050000059366439364, "59": 0.050000043081515164, "60": 0.4987159786870951, "61": 0.050000060382603934, "62": 0.05000002415870758, "63": 0.9499999025827641, "64": 0.0500000510220972, "65": 0.9499998483683285, "66": 0.05000002260301312, "67": 0.9499998796852382, "68": 0.949999943136168, "69": 0.9499999277813147, "70": 0.9499998605789459, "71": 0.9499999060021849, "72": 0.949999904095423, "73": 0.05000002868763688, "74": 0.9499998829342627, "75": 0.9499999198123922, "76": 0.0500000510220972, "77": 0.05000005159244049, "78": 0.9499998578360145, "79": 0.050000067274442395, "80": 0.05000005922308964, "81": 0.9499999633779392, "82": 0.949999892619007, "83": 0.05000007293840705, "84": 0.9499999398426191, "85": 0.9499999495731459, "86": 0.9499999387033046, "87": 0.05000005653297743, "88": 0.9499999277813147, "89": 0.9499999302894729, "90": 0.05000005159244049, "91": 0.9499999560758111, "92": 0.050000053019176226, "93": 0.9499998806988634, "94": 0.4987159786870951, "95": 0.9499999530010924, "96": 0.9499999477254946, "97": 0.949999918127979, "98": 0.9499999025827641, "99": 0.050000028988367404}, "3": {"0": 0.9499998709376276,