{"0": {"0": 0.49999936425043184, "1": 0.4999993189052873, "2": 0.4999995370847059, "3": 0.49999930717614804, "4": 0.4999993968457023, "5": 0.4999993761982797, "6": 0.49999936356379715, "7": 0.4999993436988401, "8": 0.499999403755961, "9": 0.4999993377682179, "10": 0.4999995139634188, "11": 0.49999939271642424, "12": 0.4999995306542082, "13": 0.4999993213684638, "14": 0.4999994742279243, "15": 0.4999993904225922, "16": 0.49999972867850184, "17": 0.4999994127199169, "18": 0.49999962839781964, "19": 0.49999927213961004, "20": 0.4999992644257096, "21": 0.4999993656506061, "22": 0.4999993196318677, "23": 0.49999935386133887, "24": 0.4999994356532671, "25": 0.49999933735000995, "26": 0.49999932737265895, "27": 0.49999941611224236, "28": 0.4999993221054376, "29": 0.49999965440006255, "30": 0.49999923738211416, "31": 0.49999940669010473, "32": 0.4999993235953488, "33": 0.4999994775511614, "34": 0.4999994746060914, "35": 0.49999928255575476, "36": 0.4999994017738414, "37": 0.49999928255575476, "38": 0.49999936246863114, "39": 0.49999949038859276, "40": 0.4999993833686959, "41": 0.49999970039357744, "42": 0.4999992461337479, "43": 0.4999996754168712, "44": 0.49999935870942364, "45": 0.4999993198168362, "46": 0.49999949071411576, "47": 0.4999992543502705, "48": 0.49999940669010473, "49": 0.49999923919945954, "50": 0.49999932625580606, "51": 0.4999993234357744, "52": 0.49999930717614804, "53": 0.49999941611224236, "54": 0.49999942893776744, "55": 0.4999992814641283, "56": 0.4999993082734392, "57": 0.49999955171326643, "58": 0.49999937333642425, "59": 0.4999993196318677, "60": 0.4999994699938367, "61": 0.4999993562106688, "62": 0.4999994578686301, "63": 0.49999933735000995, "64": 0.49999933574195987, "65": 0.49999974519429635, "66": 0.4999994392114748, "67": 0.4999992891644136, "68": 0.4999994271603424, "69": 0.49999939271642424, "70": 0.49999964555790277, "71": 0.4999997804528039, "72": 0.4999996428628937, "73": 0.4999993377682179, "74": 0.4999996890266201, "75": 0.4999993968457023, "76": 0.49999936246863114, "77": 0.4999996435417767, "78": 0.4999992790523734, "79": 0.4999995370847059, "80": 0.4999994699938367, "81": 0.49999968809913986, "82": 0.49999936356379715, "83": 0.49999945846395266, "84": 0.49999931005034676, "85": 0.49999967693066943, "86": 0.4999993288904376, "87": 0.4999993833686959, "88": 0.4999992790523734, "89": 0.49999946389809263, "90": 0.49999968282530305, "91": 0.49999936425043184, "92": 0.4999994127199169, "93": 0.4999993436988401, "94": 0.49999955171326643, "95": 0.4999993288904376, "96": 0.4999995306542082, "97": 0.4999996781053344, "98": 0.49999949071411576, "99": 0.4999994271603424}, "1": {"0": 0.500000362704303, "1": 0.5000001896995443, "2": 0.5000001548650427, "3": 0.500000275383292, "4": 0.500000336378964, "5": 0.5000003376334543, "6": 0.5000003271126423, "7": 0.5000003768867157, "8": 0.50000028152145, "9": 0.50000033284699, "10": 0.5000003864570635, "11": 0.500000331599326, "12": 0.5000002658486646, "13": 0.5000002614681235, "14": 0.5000003355999989, "15": 0.5000002394894576, "16": 0.500000268455367, "17": 0.5000001702081396, "18": 0.5000002831845481, "19": 0.5000004009654773, "20": 0.5000003212223785, "21": 0.500000433400073, "22": 0.5000003459705987, "23": 0.5000002768407911, "24": 0.5000003387193095, "25": 0.5000002340793794, "26": 0.5000003142709746, "27": 0.5000002977680786, "28": 0.500000306753033, "29": 0.5000003126126698, "30": 0.50000025657237, "31": 0.500000356032827, "32": 0.5000002982457865, "33": 0.5000001329633041, "34": 0.5000003344583389, "35": 0.5000003094507237, "36": 0.5000002385561297, "37": 0.5000003006981638, "38": 0.5000002940042874, "39": 0.5000003340479944, "40": 0.5000003817276238, "41": 0.500000224578586, "42": 0.500000336378964, "43": 0.5000003604577012, "44": 0.5000001655318534, "45": 0.5000003740826158, "46": 0.5000002570307231, "47": 0.5000003588451231, "48": 0.5000003504844936, "49": 0.5000003144565341, "50": 0.5000001083592948, "51": 0.5000002714305442, "52": 0.5000001474933986, "53": 0.5000003255188621, "54": 0.5000001940273769, "55": 0.5000003053545461, "56": 0.5000001635563212, "57": 0.5000001395326803, "58": 0.5000002530796185, "59": 0.5000003768867157, "60": 0.5000002327289605, "61": 0.5000003342706187, "62": 0.500000305253107, "63": 0.500000239225048, "64": 0.5000003387193095, "65": 0.5000001181504711, "66": 0.5000002826293208, "67": 0.5000003211224393, "68": 0.5000001068237616, "69": 0.5000003399478177, "70": 0.5000001526265535, "71": 0.5000001285153616, "72": 0.5000001674122289, "73": 0.5000003289197517, "74": 0.5000002708417495, "75": 0.5000003212223785, "76": 0.5000003076711228, "77": 0.5000002714134099, "78": 0.5000003211224393, "79": 0.500000306753033, "80": 0.5000003073550098, "81": 0.5000001456492342, "82": 0.5000003516111186, "83": 0.5000003178231178, "84": 0.5000001813521515, "85": 0.500000240575478, "86": 0.5000002826293208, "87": 0.500000356032827, "88": 0.500000275383292, "89": 0.5000001563063349, "90": 0.5000003006981638, "91": 0.50000033284699, "92": 0.5000003230148182, "93": 0.5000003289197517, "94": 0.5000003230148182, "95": 0.5000003094507237, "96": 0.5000001794225615, "97": 0.50000028152145, "98": 0.5000001538355614, "99": 0.5000002768407911}, "2": {"0": 0.49999886340749, "1": 0.49999834316052594, "2": 0.4999991386550443, "3": 0.4999983824229391, "4": 0.49999837111599055, "5": 0.4999985941027232, "6": 0.4999982747570833, "7": 0.49999829672343576, "8": 0.49999835036288504, "9": 0.4999983125506564, "10": 0.4999985393522491, "11": 0.49999868804691083, "12": 0.49999867950371485, "13": 0.4999982861724678, "14": 0.49999854959896917, "15": 0.499998930744725, "16": 0.49999832464636984, "17": 0.49999886340749, "18": 0.49999869985358514, "19": 0.4999985252779655, "20": 0.49999859982057926, "21": 0.4999987284704849, "22": 0.49999822337690225, "23": 0.49999876412970806, "24": 0.49999867236348206, "25": 0.49999862212172924, "26": 0.4999986271500976, "27": 0.49999849867073054, "28": 0.49999826288323146, "29": 0.4999990135826585, "30": 0.49999850227976916, "31": 0.4999983065923256, "32": 0.4999985300412383, "33": 0.49999836951784904, "34": 0.4999982842580926, "35": 0.4999984216357466, "36": 0.49999844420926287, "37": 0.4999988379781362, "38": 0.49999829672343576, "39": 0.49999856625328437, "40": 0.4999987955108586, "41": 0.4999983691161456, "42": 0.49999864105390124, "43": 0.49999873017074326, "44": 0.4999991430862339, "45": 0.49999887407356886, "46": 0.4999988115199148, "47": 0.4999989508362343, "48": 0.4999987251558233, "49": 0.49999848171880157, "50": 0.49999851878093504, "51": 0.49999885777970604, "52": 0.49999846646078305, "53": 0.49999897700151563, "54": 0.499998375982341, "55": 0.4999995303338788, "56": 0.4999984941244877, "57": 0.49999855007062155, "58": 0.4999983357508613, "59": 0.49999835036288504, "60": 0.49999858795289087, "61": 0.4999993135750488, "62": 0.4999986146730858, "63": 0.49999926263898276, "64": 0.49999852740855655, "65": 0.4999985960557892, "66": 0.499999117082224, "67": 0.4999988222453903, "68": 0.49999877743725496, "69": 0.4999987699383482, "70": 0.49999839952339387, "71": 0.4999982747570833, "72": 0.49999897700151563, "73": 0.49999936423524244, "74": 0.4999992747994846, "75": 0.4999983065923256, "76": 0.49999850227976916, "77": 0.49999862389038985, "78": 0.4999987699383482, "79": 0.4999986061576124, "80": 0.49999885777970604, "81": 0.4999985960557892, "82": 0.49999923900975696, "83": 0.4999985163155439, "84": 0.4999987251558233, "85": 0.49999855007062155, "86": 0.4999988222453903, "87": 0.49999836951784904, "88": 0.4999986243623339, "89": 0.49999862389038985, "90": 0.49999893238896875, "91": 0.4999993205269506, "92": 0.49999881575816896, "93": 0.49999848171880157, "94": 0.4999986061576124, "95": 0.49999880467613644, "96": 0.49999869985358514, "97": 0.4999992581577719, "98": 0.49999880467613644, "99": 0.4999988379781362}, "3": {"0": 0.5000003296288881, "1": 0.5000007974596639, "2": 0.5000009951366796, "3": 0.5000007304485647, "4": 0.5000007916297812,