{"0": {"0": 0.8657722346984459, "1": 1.53690116003402e-05, "2": 0.4267425813318429, "3": 1.2431526193701365e-05, "4": 1.1712705272922233e-05, "5": 1.542209099312198e-05, "6": 0.6731003487607293, "7": 0.7758819815257763, "8": 0.7431051296196749, "9": 1.279306054989912e-05, "10": 1.3487889412217979e-05, "11": 0.6592414232873584, "12": 0.7169925069666176, "13": 1.1097120900761491e-05, "14": 0.4324648698901582, "15": 0.5890487310358317, "16": 0.8657722346984459, "17": 0.8006071441436324, "18": 0.6306965406980293, "19": 0.5997918199677243, "20": 0.4404130554770168, "21": 1.384656689881632e-05, "22": 0.8657722346984459, "23": 1.476023155913057e-05, "24": 1.368323215898035e-05, "25": 0.44041305547702286, "26": 6.158048923341462e-06, "27": 0.7169925069666176, "28": 1.3817537569152975e-05, "29": 0.817266902799142, "30": 0.6841551171306294, "31": 1.0997041256670494e-05, "32": 0.654677862487436, "33": 1.4860796039035551e-05, "34": 8.368371867314331e-06, "35": 5.498520628335247e-06, "36": 0.6560164930068108, "37": 1.2889683122186173e-05, "38": 0.6160519999719728, "39": 1.4810513799083061e-05, "40": 0.817266902799142, "41": 0.6873754937872958, "42": 0.9368339358104405, "43": 0.6560164930068108, "44": 1.5747197321327006e-05, "45": 1.4108836992290436e-05, "46": 0.7085809563102825, "47": 0.7983969551398538, "48": 0.4404130554770168, "49": 0.6573012705433711, "50": 1.5096984664916951e-05, "51": 1.2725704444829352e-05, "52": 0.7128721738320446, "53": 1.53690116003402e-05, "54": 1.542209099312198e-05, "55": 1.1712705272922233e-05, "56": 0.7866352034751476, "57": 1.3966924901239179e-05, "58": 0.6160519999719728, "59": 0.8578811617473401, "60": 0.7128721738320446, "61": 9.956817803124823e-06, "62": 1.5062153801812719e-05, "63": 1.2528845474750497e-05, "64": 0.8657722346984459, "65": 0.8578811617473401, "66": 1.2431526193701365e-05, "67": 0.7866352034751476, "68": 0.8006071441436324, "69": 0.6841551171306294, "70": 0.6573012705433711, "71": 0.5890487310358317, "72": 1.0443787442934319e-05, "73": 6.39653027494956e-06, "74": 1.0683239313198094e-05, "75": 0.7983969551398538, "76": 0.6731003487607293, "77": 0.9368339358104405, "78": 6.524789870627186e-06, "79": 0.6306965406980293, "80": 9.956817803124823e-06, "81": 7.292747698525789e-06, "82": 1.384656689881632e-05, "83": 0.7758819815257763, "84": 0.6592414232873584, "85": 0.4324648698901582, "86": 1.1873031061342576e-05, "87": 0.7758819815257763, "88": 5.542671105595612e-06, "89": 0.654677862487436, "90": 0.7983969551398538, "91": 1.368323215898035e-05, "92": 0.7983969551398538, "93": 9.370199799844563e-06, "94": 0.5997918199677243, "95": 6.908768784576487e-06, "96": 0.6873754937872958, "97": 0.4267425813318429, "98": 0.7431051296196749, "99": 1.1873031061342576e-05}, "1": {"0": 5.96639704256575e-05, "1": 0.7285710640932308, "2": 6.582998961770092e-05, "3": 8.114592333175019e-05, "4": 0.7693152546821765, "5": 0.6565689691491455, "6": 0.7780051287093087, "7": 7.670799223318587e-05, "8": 0.8233241598707828, "9": 2.740929756050595e-05, "10": 0.7538162968157995, "11": 0.6412597204904431, "12": 5.885101979721702e-05, "13": 3.483827434690816e-05, "14": 0.5902837165663184, "15": 7.044913287648709e-05, "16": 0.5704102994371605, "17": 0.7538069184020721, "18": 4.9293852693669136e-05, "19": 0.5434466219308234, "20": 0.5623424000011059, "21": 3.5224566438243546e-05, "22": 0.7326221048998388, "23": 0.5760439378083545, "24": 0.5820777561897065, "25": 0.5902901975606699, "26": 8.429560566952977e-05, "27": 0.5704102994371605, "28": 6.228536093321835e-05, "29": 3.867946336757811e-05, "30": 6.702116824281349e-05, "31": 7.565298856532633e-05, "32": 0.5646439104677565, "33": 6.702116824281349e-05, "34": 0.671777347662736, "35": 2.942550989860851e-05, "36": 0.671777347662736, "37": 0.5434466219309233, "38": 0.8233241598707828, "39": 7.92306075889071e-05, "40": 0.7465599601690016, "41": 0.72605960717571, "42": 0.5760439378083545, "43": 0.6659537717883982, "44": 3.53945831236394e-05, "45": 0.9263880203827037, "46": 6.46356392306452e-05, "47": 0.7534075886291408, "48": 5.738082611397964e-05, "49": 0.5902901975606699, "50": 3.054875586491834e-05, "51": 0.7256887416385568, "52": 0.583285092546397, "53": 0.7693152546821765, "54": 0.7477739330004636, "55": 0.583285092546397, "56": 0.7780051287093087, "57": 5.9833093523598996e-05, "58": 6.344854153768066e-05, "59": 5.7919188830141314e-05, "60": 4.9293852693669136e-05, "61": 4.971990746677579e-05, "62": 6.588735258291191e-05, "63": 0.7509936169697995, "64": 6.46356392306452e-05, "65": 2.9916546761799498e-05, "66": 0.7326221048998388, "67": 5.260523801949529e-05, "68": 0.7509936169697995, "69": 0.7477739330004636, "70": 7.76339489754712e-05, "71": 0.7107413970692704, "72": 0.7107413970692704, "73": 0.6957716577938169, "74": 0.7285710640932308, "75": 0.6957716577938169, "76": 0.72605960717571, "77": 5.488968172691272e-05, "78": 4.097569543789285e-05, "79": 0.5623424000011059, "80": 0.7256887416385568, "81": 0.6565689691491455, "82": 4.032708950405164e-05, "83": 0.9263880203827037, "84": 0.9263880203827037, "85": 0.6659537717883982, "86": 0.5646439104677565, "87": 6.582998961770092e-05, "88": 0.7465599601690016, "89": 6.299015800423038e-05, "90": 0.6608149098166254, "91": 4.097569543789285e-05, "92": 5.488968172691272e-05, "93": 0.6608149098166254, "94": 3.483827434690816e-05, "95": 6.588735258291191e-05, "96": 0.7534075886291408, "97": 3.149507900211519e-05, "98": 0.5434466219309233, "99": 0.6412597204904431}, "2": {"0": 0.69049567404147, "1": 0.6800836943401619, "2": 0.736359146358387, "3": 0.642569233594462, "4": 0.6458872178007331, "5": 0.6461546962339859, "6": 1.1427772647633754e-05, "7": 0.7161375002692136, "8": 1.0142964906310787e-05, "9": 0.7049209433934533, "10": 0.6057913525119414, "11": 1.1586407718225163e-05, "12": 0.6437138146952127, "13": 1.1386568955138308e-05, "14": 8.907911691140833e-06, "15": 0.7078108215926918, "16": 0.7078108215926918, "17": 0.7101758125170724, "18": 0.728665381118909, "19": 0.7319355077804648, "20": 1.282031618384184e-05, "21": 8.56618736777201e-06, "22": 0.6359461834356672, "23": 1.1182732427279729e-05, "24": 0.6437138146952127, "25": 4.430273743534455e-06, "26": 1.075933454235945e-05, "27": 1.2928701549761666e-05, "28": 5.10696586490386e-06, "29": 1.097889589942115e-05, "30": 0.7442261481140127, "31": 0.7270824629679267, "32": 1.1586407718225163e-05, "33": 0.7049209433934533, "34": 0.4829476508361329, "35": 1.1927668257992555e-05, "36": 0.7101758125170724, "37": 0.7108444550314329, "38": 0.7182803341014925, "39": 5.172910526611986e-06, "40": 0.5616623547427718, "41": 0.7325980819615852, "42": 0.6461546962339859, "43": 0.7270824629679267, "44": 0.6391147650876874, "45": 1.088226895892106e-05, "46": 1.2041373695634247e-05, "47": 1.194173709614125e-05, "48": 0.736359146358387, "49": 0.69049567404147, "50": 0.4829476508361329, "51": 0.7023574177300167, "52": 6.799629336024716e-06, "53": 0.7222493450506561, "54": 1.0926963893497242e-05, "55": 0.7000807584589968, "56": 0.5616623547427718, "57": 0.7182803341014925, "58": 5.970868548070625e-06, "59": 1.1586407718225163e-05, "60": 0.736359146358387, "61": 0.7245957576086486, "62": 4.784015812938385e-06, "63": 0.8361067465166385, "64": 8.813198821854041e-06, "65": 7.559478853108936e-06, "66": 1.1586407718225163e-05, "67": 0.728665381118909, "68": 0.7319355077804648, "69": 0.8253919788202295, "70": 0.8361067465166385, "71": 0.7023574177300167, "72": 9.743573555550745e-06, "73": 0.809100759372084, "74": 6.41015809192092e-06, "75": 0.6359461834356672, "76": 0.6189841378406353, "77": 0.7180634930070515, "78": 0.6057913933139201, "79": 0.8253919788202295, "80": 0.642569233594462, "81": 0.8253919788202295, "82": 0.7245957576086486, "83": 0.7442261481140127, "84": 0.6846288574532369, "85": 8.813198821854041e-06, "86": 0.7325980819615852, "87": 1.0142964906310787e-05, "88": 1.075933454235945e-05, "89": 1.1182732427279729e-05, "90": 1.0926963893497242e-05, "91": 0.7180634930070515, "92": 9.743573555550745e-06,