{"0": {"0": 0.05000000015150043, "1": 0.5000000000020529, "2": 0.050000000237933814, "3": 0.500000000001839, "4": 0.5000000000026915, "5": 0.9499999998082, "6": 0.9499999997732493, "7": 0.7220492731899628, "8": 0.05000000012710368, "9": 0.050000000080273554, "10": 0.0500000002169253, "11": 0.05000000021370424, "12": 0.5000000000012523, "13": 0.5000000000024908, "14": 0.9499999997530448, "15": 0.5000000000012427, "16": 0.05000000015143205, "17": 0.05000000011537618, "18": 0.05000000008597533, "19": 0.25603187288622686, "20": 0.7275104593983364, "21": 0.7248082414410879, "22": 0.5000000000020389, "23": 0.5000000000023362, "24": 0.05000000011319196, "25": 0.9499999996925581, "26": 0.5000000000011682, "27": 0.05000000011167893, "28": 0.050000000110379896, "29": 0.9499999997170422, "30": 0.05000000015632047, "31": 0.9499999998919804, "32": 0.5000000000014851, "33": 0.9499999998315583, "34": 0.05000000020375282, "35": 0.050000000079915966, "36": 0.05000000013151534, "37": 0.9499999997615943, "38": 0.5000000000023463, "39": 0.5000000000017526, "40": 0.5000000000014073, "41": 0.050000000191364025, "42": 0.05000000011338984, "43": 0.9499999997170422, "44": 0.5000000000020771, "45": 0.7275104593983364, "46": 0.05000000016818757, "47": 0.05000000008541486, "48": 0.9499999999279115, "49": 0.9499999998610644, "50": 0.050000000216036664, "51": 0.5000000000013403, "52": 0.05000000016772303, "53": 0.05000000010685212, "54": 0.5000000000011967, "55": 0.05000000018368044, "56": 0.5000000000023253, "57": 0.050000000075716027, "58": 0.7265638948877814, "59": 0.7256173303772264, "60": 0.9499999998233851, "61": 0.7256173303772264, "62": 0.9499999999279061, "63": 0.5000000000006262, "64": 0.5000000000012313, "65": 0.5000000000024607, "66": 0.05000000007816024, "67": 0.500000000001974, "68": 0.9499999999022739, "69": 0.050000000110379896, "70": 0.9499999997816614, "71": 0.500000000001974, "72": 0.05000000005669492, "73": 0.7275104593983364, "74": 0.5000000000015417, "75": 0.9499999998765224, "76": 0.5000000000008796, "77": 0.25603187288622686, "78": 0.5000000000010194, "79": 0.5000000000023466, "80": 0.05000000016818757, "81": 0.05000000010187641, "82": 0.9499999998072935, "83": 0.9499999997732493, "84": 0.05000000012710368, "85": 0.5000000000020529, "86": 0.7248082414410879, "87": 0.5000000000007708, "88": 0.9499999997816614, "89": 0.5000000000016007, "90": 0.5000000000013403, "91": 0.7220492731899628, "92": 0.050000000237933814, "93": 0.7265638948877814, "94": 0.9499999999041, "95": 0.9499999998233851, "96": 0.9499999998807971, "97": 0.500000000001839, "98": 0.05000000006575767, "99": 0.9499999998315583}, "1": {"0": 0.9499999999506313, "1": 0.0500000001437127, "2": 0.9499999999228096, "3": 0.949999999909975, "4": 0.9499999998817287, "5": 0.9499999999121661, "6": 0.9499999999462381, "7": 0.94999999991721, "8": 0.4999999999706312, "9": 0.05000000013104815, "10": 0.949999999885708, "11": 0.49999999995380534, "12": 0.4999999999438912, "13": 0.9499999999505717, "14": 0.4999999999411892, "15": 0.05000000016855006, "16": 0.4999999999510185, "17": 0.49999999995253297, "18": 0.9499999999262363, "19": 0.4999999999612436, "20": 0.050000000162117184, "21": 0.4999999999612234, "22": 0.05000000015729718, "23": 0.9499999999181696, "24": 0.4999999999597551, "25": 0.49999999996134237, "26": 0.94999999991721, "27": 0.050000000124862415, "28": 0.49999999997042527, "29": 0.05000000025023149, "30": 0.05000000007241376, "31": 0.9499999999263513, "32": 0.9499999999057845, "33": 0.9499999999162294, "34": 0.050000000121873625, "35": 0.05000000020273727, "36": 0.49999999997055133, "37": 0.05000000011309063, "38": 0.4999999999535816, "39": 0.49999999997550926, "40": 0.4999999999612436, "41": 0.4999999999515, "42": 0.0500000000900873, "43": 0.4999999999866251, "44": 0.05000000012716473, "45": 0.9499999999162294, "46": 0.050000000145734226, "47": 0.050000000134171274, "48": 0.05000000013696232, "49": 0.4999999999565976, "50": 0.49999999996134237, "51": 0.49999999996622024, "52": 0.05000000017764587, "53": 0.49999999994624506, "54": 0.05000000010136864, "55": 0.4999999999756226, "56": 0.9499999999150608, "57": 0.050000000158389214, "58": 0.05000000012092598, "59": 0.4999999999719456, "60": 0.9499999999528923, "61": 0.4999999999539805, "62": 0.9499999999294455, "63": 0.49999999997699024, "64": 0.49999999997634514, "65": 0.4999999999806232, "66": 0.49999999997634514, "67": 0.49999999995638633, "68": 0.05000000011309063, "69": 0.4999999999527514, "70": 0.05000000017022882, "71": 0.949999999973119, "72": 0.0500000001437127, "73": 0.05000000008116314, "74": 0.4999999999782988, "75": 0.050000000145734226, "76": 0.05000000004509436, "77": 0.49999999995142297, "78": 0.9499999999262363, "79": 0.49999999997819317, "80": 0.4999999999757115, "81": 0.49999999996622024, "82": 0.4999999999612234, "83": 0.05000000012092598, "84": 0.9499999999150608, "85": 0.05000000015445215, "86": 0.49999999996801014, "87": 0.05000000013104815, "88": 0.4999999999597551, "89": 0.050000000124862415, "90": 0.9499999999121661, "91": 0.49999999999034694, "92": 0.4999999999658973, "93": 0.4999999999658973, "94": 0.05000000017764587, "95": 0.4999999999878113, "96": 0.49999999995253297, "97": 0.05000000013696232, "98": 0.05000000017022882, "99": 0.050000000158389214}, "2": {"0": 0.05000000007741513, "1": 0.29694992025117106, "2": 0.4999999999849615, "3": 0.05000000006033045, "4": 0.4999999999856742, "5": 0.949999999906153, "6": 0.4999999999874243, "7": 0.49999999998903866, "8": 0.9499999999113061, "9": 0.9499999999220783, "10": 0.49999999998850375, "11": 0.949999999914188, "12": 0.9499999999220454, "13": 0.2726419298765883, "14": 0.49999999998543976, "15": 0.4999999999854236, "16": 0.4999999999842675, "17": 0.9499999999234154, "18": 0.9499999998946023, "19": 0.2726419298765883, "20": 0.050000000102543296, "21": 0.4999999999818433, "22": 0.9499999999163626, "23": 0.49999999998850375, "24": 0.9499999998983986, "25": 0.49999999998998323, "26": 0.4999999999918433, "27": 0.4999999999896302, "28": 0.4999999999874566, "29": 0.9499999999222035, "30": 0.9499999999476829, "31": 0.9499999999367577, "32": 0.9499999999009086, "33": 0.4999999999870806, "34": 0.49999999998270245, "35": 0.29694992025117106, "36": 0.4999999999842675, "37": 0.4999999999850273, "38": 0.49999999998741174, "39": 0.9499999999262801, "40": 0.49999999998776995, "41": 0.4999999999921176, "42": 0.05000000013081128, "43": 0.05000000007055448, "44": 0.4999999999845882, "45": 0.9499999999438675, "46": 0.49999999999408584, "47": 0.05000000007095554, "48": 0.9499999999592379, "49": 0.949999999922388, "50": 0.9499999999367577, "51": 0.9499999999524074, "52": 0.050000000092984644, "53": 0.9499999999092528, "54": 0.05000000005820022, "55": 0.050000000100472584, "56": 0.2648766772307848, "57": 0.49999999999299805, "58": 0.49999999998175776, "59": 0.49999999998175776, "60": 0.49999999998375116, "61": 0.4999999999896302, "62": 0.49999999998771116, "63": 0.4999999999937283, "64": 0.05000000003947028, "65": 0.9499999999491304, "66": 0.05000000007235708, "67": 0.05000000009613355, "68": 0.050000000052307, "69": 0.49999999998375116, "70": 0.9499999999412619, "71": 0.499999999986234, "72": 0.49999999998776995, "73": 0.050000000082244464, "74": 0.050000000082244464, "75": 0.49999999999251366, "76": 0.9499999999698239, "77": 0.0500000000543485, "78": 0.49999999998998323, "79": 0.49999999998741174, "80": 0.9499999999594579, "81": 0.2648766772307848, "82": 0.49999999998771116, "83": 0.949999999955653, "84": 0.9499999999362729, "85": 0.949999999970631, "86": 0.9499999999524074, "87": 0.05000000003870757, "88": 0.49999999998903866, "89": 0.05000000005176727, "90": 0.9499999999681364, "91": 0.9499999999698239, "92": 0.05000000005127165, "93": 0.050000000061455815, "94": 0.05000000007055448, "95": 0.05000000006033045, "96": 0.9499999999610227, "97": 0.05000000009613355, "98": 0.49999999999283706, "99": 0.49999999999248074}, "3": {"0": 0.9499999996899551, "1": 0.5000000000451728, "2": 0.5000000000431075,