{"0": {"0": 0.9489271693164759, "1": 0.9490142397477546, "2": 0.38823426886966894, "3": 0.3882342688697211, "4": 0.38823426886975276, "5": 0.9491589735148175, "6": 0.38823426886958584, "7": 0.9493003012776864, "8": 0.3882342688696372, "9": 0.05044041757816722, "10": 0.38823426886959833, "11": 0.050176963959440324, "12": 0.05026780386822563, "13": 0.9493003945861255, "14": 0.9491589735148175, "15": 0.949342712054952, "16": 0.38823426886959833, "17": 0.949342712054952, "18": 0.3882342688695583, "19": 0.3882342688695955, "20": 0.9496446430241933, "21": 0.38823426886968865, "22": 0.3882342688696162, "23": 0.9492290315414096, "24": 0.3882342688696162, "25": 0.050137087789428054, "26": 0.9496492995619796, "27": 0.9491938231631174, "28": 0.9493034563664895, "29": 0.38823426886973633, "30": 0.3882342688696135, "31": 0.3882342688696301, "32": 0.9491589735148175, "33": 0.3882342688695955, "34": 0.9492421182786491, "35": 0.38823426886973633, "36": 0.9490214397668477, "37": 0.3882342688697408, "38": 0.9493772704479486, "39": 0.38823426886968765, "40": 0.3882342688697188, "41": 0.9496382033011594, "42": 0.9497764353322092, "43": 0.3882342688696342, "44": 0.050509463074286214, "45": 0.38823426886973605, "46": 0.9492896428947688, "47": 0.3882342688696706, "48": 0.9492236471295538, "49": 0.9492290315414096, "50": 0.9498862225109981, "51": 0.38823426886970464, "52": 0.3882342688696404, "53": 0.3882342688697238, "54": 0.9488792588982828, "55": 0.9490142397477546, "56": 0.050509463074286214, "57": 0.38823426886970186, "58": 0.388234268869637, "59": 0.9493772704479486, "60": 0.3882342688697973, "61": 0.0501446271426013, "62": 0.38823426886970464, "63": 0.9492892860483866, "64": 0.05049446096775133, "65": 0.3882342688697188, "66": 0.9494792874979732, "67": 0.05046176846900396, "68": 0.050579142681876535, "69": 0.9493450749181693, "70": 0.38823426886966605, "71": 0.3882342688696262, "72": 0.38823426886958584, "73": 0.9492985991239593, "74": 0.9491579654349008, "75": 0.3882342688695888, "76": 0.38823426886975276, "77": 0.38823426886961354, "78": 0.9495333564183088, "79": 0.05037302259686437, "80": 0.3882342688697065, "81": 0.3882342688695888, "82": 0.05049446096775133, "83": 0.3882342688696135, "84": 0.3882342688696975, "85": 0.3882342688697065, "86": 0.38823426886970186, "87": 0.38823426886981005, "88": 0.9491589735148175, "89": 0.38823426886966605, "90": 0.05046176846900396, "91": 0.38823426886961354, "92": 0.050579142681876535, "93": 0.9493450749181693, "94": 0.9490992845988001, "95": 0.9496517281832447, "96": 0.38823426886961193, "97": 0.38823426886966894, "98": 0.3882342688696706, "99": 0.3882342688697238}, "1": {"0": 0.9483372650063453, "1": 0.9470355460212965, "2": 0.945492799731869, "3": 0.9466627812018557, "4": 0.945763174554862, "5": 0.9461122590751878, "6": 0.05032432503005761, "7": 0.0501957783057214, "8": 0.050388962272166105, "9": 0.9458493148230056, "10": 0.947872594948479, "11": 0.9466734999848659, "12": 0.9455290660140493, "13": 0.946621664165687, "14": 0.050335406810843246, "15": 0.9457833420740371, "16": 0.946677288451663, "17": 0.9459279312208523, "18": 0.9462562973854541, "19": 0.9473165273914479, "20": 0.9478390738111888, "21": 0.9460613691709144, "22": 0.05005720416100512, "23": 0.9462110877397609, "24": 0.9461256982287778, "25": 0.9466970488068109, "26": 0.946494638318214, "27": 0.9473165273914479, "28": 0.9465182772042536, "29": 0.9462061379175559, "30": 0.0503713159014631, "31": 0.9466632799479027, "32": 0.05032222027208205, "33": 0.9480033589994453, "34": 0.9473636040177837, "35": 0.9461900272866413, "36": 0.050335406810843246, "37": 0.9466970488068109, "38": 0.050388421926320426, "39": 0.05041393604239243, "40": 0.9470355460212965, "41": 0.9462562973854541, "42": 0.9464576661770115, "43": 0.9462888111895646, "44": 0.9464419993029025, "45": 0.05034943981185897, "46": 0.05041101377955276, "47": 0.05046328167795127, "48": 0.050311033464555864, "49": 0.9470574818084387, "50": 0.9471841416797429, "51": 0.9464898429716946, "52": 0.050388421926320426, "53": 0.050372513382724395, "54": 0.050267547471137757, "55": 0.9464336900482189, "56": 0.0501957783057214, "57": 0.9458309125175131, "58": 0.946494638318214, "59": 0.9484065352456613, "60": 0.9459431704246133, "61": 0.0502358185006692, "62": 0.9454423333207559, "63": 0.9489508520298995, "64": 0.05015373087706915, "65": 0.9463889855898698, "66": 0.05012766549253246, "67": 0.9457977322026598, "68": 0.9461206545203147, "69": 0.050450019847801494, "70": 0.9466479420062885, "71": 0.9473636040177837, "72": 0.05014706837713494, "73": 0.050373327788426556, "74": 0.050311033464555864, "75": 0.05038227290627099, "76": 0.05038227290627099, "77": 0.0503578226459064, "78": 0.9464737545743531, "79": 0.9474414636320114, "80": 0.9465182772042536, "81": 0.050373327788426556, "82": 0.9470574818084387, "83": 0.9463889855898698, "84": 0.9457833420740371, "85": 0.9462266149567843, "86": 0.05018690189649086, "87": 0.9459431704246133, "88": 0.05043206754822829, "89": 0.946677288451663, "90": 0.05014850491435239, "91": 0.9477463998659345, "92": 0.05030991735155184, "93": 0.05026968684038048, "94": 0.9457977322026598, "95": 0.9463197240163435, "96": 0.05043206754822829, "97": 0.9480603272601573, "98": 0.9466745300126906, "99": 0.05047840000513701}, "2": {"0": 0.051562059998652474, "1": 0.9490136148859174, "2": 0.5097125031213665, "3": 0.9486793760326518, "4": 0.05206694017393047, "5": 0.9493358547291113, "6": 0.9487696187916131, "7": 0.052172925609973206, "8": 0.05162841637586185, "9": 0.05113209009257367, "10": 0.9490117545050883, "11": 0.5104854643697501, "12": 0.05205931597778718, "13": 0.511214905701803, "14": 0.9486993380524854, "15": 0.9488282638964749, "16": 0.05104733762080213, "17": 0.052437525557225445, "18": 0.948665323375098, "19": 0.05119371035202503, "20": 0.05255653678973347, "21": 0.051945328375293476, "22": 0.051562059998652474, "23": 0.948772365986992, "24": 0.05209202518462253, "25": 0.05195818712204889, "26": 0.5081189837155804, "27": 0.9489272496689487, "28": 0.9486263101179788, "29": 0.05192130493001031, "30": 0.5104854643697501, "31": 0.052094675241604264, "32": 0.05231362386282827, "33": 0.9487728208796299, "34": 0.05163602689830443, "35": 0.05267157223152848, "36": 0.051966225199315, "37": 0.9484982214300435, "38": 0.9487818224905207, "39": 0.05231362386282827, "40": 0.9492844511290309, "41": 0.9493583316804887, "42": 0.9486332046027934, "43": 0.052041711162918294, "44": 0.05215809724233468, "45": 0.9487817657006308, "46": 0.051945328375293476, "47": 0.9491307729930667, "48": 0.05267157223152848, "49": 0.5081189837155804, "50": 0.05184172423156547, "51": 0.9493831051463384, "52": 0.05238742070405006, "53": 0.948581055964843, "54": 0.9486671164292781, "55": 0.9487198231345461, "56": 0.05205931597778718, "57": 0.05237026312795999, "58": 0.5101574947934553, "59": 0.0522934368815569, "60": 0.05170761754052219, "61": 0.052281244864524665, "62": 0.05206359986830529, "63": 0.05224275673985336, "64": 0.9487166633609774, "65": 0.052098470979541275, "66": 0.05163602689830443, "67": 0.9495068074429587, "68": 0.9486793760326518, "69": 0.052281244864524665, "70": 0.9487817657006308, "71": 0.05233651581812458, "72": 0.051966225199315, "73": 0.948581055964843, "74": 0.05206694017393047, "75": 0.9486669704842102, "76": 0.9488005744861134, "77": 0.9486332046027934, "78": 0.05107467410294418, "79": 0.05233651581812458, "80": 0.9487198231345461, "81": 0.05170761754052219, "82": 0.508860029173305, "83": 0.9489200944711331, "84": 0.9487889648411238, "85": 0.05242429386238, "86": 0.9488005744861134, "87": 0.9488282638964749, "88": 0.05258440753961266, "89": 0.511214905701803, "90": 0.5097125031213665, "91": 0.05226905284749242, "92": 0.05242429386238, "93": 0.9488673738206698, "94": 0.9491589587810992, "95": 0.9486993380524854, "96": 0.05184172423156547, "97": 0.5093622883390044, "98": 0.9491589587810992, "99": 0.9484982214300435}, "3": {"0": 0.05053879519811801, "1": 0.4070817440597182, "2": 0.9490916956997534,