{"0": {"0": 0.5228415802686808, "1": 0.5228415802686808, "2": 0.5228415802686808, "3": 0.5228415802686808, "4": 0.5228415802686808, "5": 0.5228415802686808, "6": 0.5228415802686808, "7": 0.5228415802686808, "8": 0.5228415802686808, "9": 0.5228415802686808, "10": 0.5228415802686808, "11": 0.5228415802686808, "12": 0.5228415802686808, "13": 0.5228415802686808, "14": 0.5228415802686808, "15": 0.5228415802686808, "16": 0.5228415802686808, "17": 0.5228415802686808, "18": 0.5228415802686808, "19": 0.5228415802686808, "20": 0.5228415802686808, "21": 0.5228415802686808, "22": 0.5228415802686808, "23": 0.5228415802686808, "24": 0.5228415802686808, "25": 0.5228415802686808, "26": 0.5228415802686808, "27": 0.5228415802686808, "28": 0.5228415802686808, "29": 0.5228415802686808, "30": 0.5228415802686808, "31": 0.5228415802686808, "32": 0.5228415802686808, "33": 0.5228415802686808, "34": 0.5228415802686808, "35": 0.5228415802686808, "36": 0.5228415802686808, "37": 0.5228415802686808, "38": 0.5228415802686808, "39": 0.5228415802686808, "40": 0.5228415802686808, "41": 0.5228415802686808, "42": 0.5228415802686808, "43": 0.5228415802686808, "44": 0.5228415802686808, "45": 0.5228415802686808, "46": 0.5228415802686808, "47": 0.5228415802686808, "48": 0.5228415802686808, "49": 0.5228415802686808, "50": 0.5228415802686808, "51": 0.5228415802686808, "52": 0.5228415802686808, "53": 0.5228415802686808, "54": 0.5228415802686808, "55": 0.5228415802686808, "56": 0.5228415802686808, "57": 0.5228415802686808, "58": 0.5228415802686808, "59": 0.5228415802686808, "60": 0.5228415802686808, "61": 0.5228415802686808, "62": 0.5228415802686808, "63": 0.5228415802686808, "64": 0.5228415802686808, "65": 0.5228415802686808, "66": 0.5228415802686808, "67": 0.5228415802686808, "68": 0.5228415802686808, "69": 0.5228415802686808, "70": 0.5228415802686808, "71": 0.5228415802686808, "72": 0.5228415802686808, "73": 0.5228415802686808, "74": 0.5228415802686808, "75": 0.5228415802686808, "76": 0.5228415802686808, "77": 0.5228415802686808, "78": 0.5228415802686808, "79": 0.5228415802686808, "80": 0.5228415802686808, "81": 0.5228415802686808, "82": 0.5228415802686808, "83": 0.5228415802686808, "84": 0.5228415802686808, "85": 0.5228415802686808, "86": 0.5228415802686808, "87": 0.5228415802686808, "88": 0.5228415802686808, "89": 0.5228415802686808, "90": 0.5228415802686808, "91": 0.5228415802686808, "92": 0.5228415802686808, "93": 0.5228415802686808, "94": 0.5228415802686808, "95": 0.5228415802686808, "96": 0.5228415802686808, "97": 0.5228415802686808, "98": 0.5228415802686808, "99": 0.5228415802686808}, "1": {"0": 0.5011779073292002, "1": 0.5011779073292002, "2": 0.5011779073292002, "3": 0.5011779073292002, "4": 0.5011779073292002, "5": 0.5011779073292002, "6": 0.5011779073292002, "7": 0.5011779073292002, "8": 0.5011779073292002, "9": 0.5011779073292002, "10": 0.5011779073292002, "11": 0.5011779073292002, "12": 0.5011779073292002, "13": 0.5011779073292002, "14": 0.5011779073292002, "15": 0.5011779073292002, "16": 0.5011779073292002, "17": 0.5011779073292002, "18": 0.5011779073292002, "19": 0.5011779073292002, "20": 0.5011779073292002, "21": 0.5011779073292002, "22": 0.5011779073292002, "23": 0.5011779073292002, "24": 0.5011779073292002, "25": 0.5011779073292002, "26": 0.5011779073292002, "27": 0.5011779073292002, "28": 0.5011779073292002, "29": 0.5011779073292002, "30": 0.5011779073292002, "31": 0.5011779073292002, "32": 0.5011779073292002, "33": 0.5011779073292002, "34": 0.5011779073292002, "35": 0.5011779073292002, "36": 0.5011779073292002, "37": 0.5011779073292002, "38": 0.5011779073292002, "39": 0.5011779073292002, "40": 0.5011779073292002, "41": 0.5011779073292002, "42": 0.5011779073292002, "43": 0.5011779073292002, "44": 0.5011779073292002, "45": 0.5011779073292002, "46": 0.5011779073292002, "47": 0.5011779073292002, "48": 0.5011779073292002, "49": 0.5011779073292002, "50": 0.5011779073292002, "51": 0.5011779073292002, "52": 0.5011779073292002, "53": 0.5011779073292002, "54": 0.5011779073292002, "55": 0.5011779073292002, "56": 0.5011779073292002, "57": 0.5011779073292002, "58": 0.5011779073292002, "59": 0.5011779073292002, "60": 0.5011779073292002, "61": 0.5011779073292002, "62": 0.5011779073292002, "63": 0.5011779073292002, "64": 0.5011779073292002, "65": 0.5011779073292002, "66": 0.5011779073292002, "67": 0.5011779073292002, "68": 0.5011779073292002, "69": 0.5011779073292002, "70": 0.5011779073292002, "71": 0.5011779073292002, "72": 0.5011779073292002, "73": 0.5011779073292002, "74": 0.5011779073292002, "75": 0.5011779073292002, "76": 0.5011779073292002, "77": 0.5011779073292002, "78": 0.5011779073292002, "79": 0.5011779073292002, "80": 0.5011779073292002, "81": 0.5011779073292002, "82": 0.5011779073292002, "83": 0.5011779073292002, "84": 0.5011779073292002, "85": 0.5011779073292002, "86": 0.5011779073292002, "87": 0.5011779073292002, "88": 0.5011779073292002, "89": 0.5011779073292002, "90": 0.5011779073292002, "91": 0.5011779073292002, "92": 0.5011779073292002, "93": 0.5011779073292002, "94": 0.5011779073292002, "95": 0.5011779073292002, "96": 0.5011779073292002, "97": 0.5011779073292002, "98": 0.5011779073292002, "99": 0.5011779073292002}, "2": {"0": 0.5293521917634278, "1": 0.5293521917634278, "2": 0.5293521917634278, "3": 0.5293521917634278, "4": 0.5293521917634278, "5": 0.5293521917634278, "6": 0.5293521917634278, "7": 0.5293521917634278, "8": 0.5293521917634278, "9": 0.5293521917634278, "10": 0.5293521917634278, "11": 0.5293521917634278, "12": 0.5293521917634278, "13": 0.5293521917634278, "14": 0.5293521917634278, "15": 0.5293521917634278, "16": 0.5293521917634278, "17": 0.5293521917634278, "18": 0.5293521917634278, "19": 0.5293521917634278, "20": 0.5293521917634278, "21": 0.5293521917634278, "22": 0.5293521917634278, "23": 0.5293521917634278, "24": 0.5293521917634278, "25": 0.5293521917634278, "26": 0.5293521917634278, "27": 0.5293521917634278, "28": 0.5293521917634278, "29": 0.5293521917634278, "30": 0.5293521917634278, "31": 0.5293521917634278, "32": 0.5293521917634278, "33": 0.5293521917634278, "34": 0.5293521917634278, "35": 0.5293521917634278, "36": 0.5293521917634278, "37": 0.5293521917634278, "38": 0.5293521917634278, "39": 0.5293521917634278, "40": 0.5293521917634278, "41": 0.5293521917634278, "42": 0.5293521917634278, "43": 0.5293521917634278, "44": 0.5293521917634278, "45": 0.5293521917634278, "46": 0.5293521917634278, "47": 0.5293521917634278, "48": 0.5293521917634278, "49": 0.5293521917634278, "50": 0.5293521917634278, "51": 0.5293521917634278, "52": 0.5293521917634278, "53": 0.5293521917634278, "54": 0.5293521917634278, "55": 0.5293521917634278, "56": 0.5293521917634278, "57": 0.5293521917634278, "58": 0.5293521917634278, "59": 0.5293521917634278, "60": 0.5293521917634278, "61": 0.5293521917634278, "62": 0.5293521917634278, "63": 0.5293521917634278, "64": 0.5293521917634278, "65": 0.5293521917634278, "66": 0.5293521917634278, "67": 0.5293521917634278, "68": 0.5293521917634278, "69": 0.5293521917634278, "70": 0.5293521917634278, "71": 0.5293521917634278, "72": 0.5293521917634278, "73": 0.5293521917634278, "74": 0.5293521917634278, "75": 0.5293521917634278, "76": 0.5293521917634278, "77": 0.5293521917634278, "78": 0.5293521917634278, "79": 0.5293521917634278, "80": 0.5293521917634278, "81": 0.5293521917634278, "82": 0.5293521917634278, "83": 0.5293521917634278, "84": 0.5293521917634278, "85": 0.5293521917634278, "86": 0.5293521917634278, "87": 0.5293521917634278, "88": 0.5293521917634278, "89": 0.5293521917634278, "90": 0.5293521917634278, "91": 0.5293521917634278, "92": 0.5293521917634278, "93": 0.5293521917634278, "94": 0.5293521917634278, "95": 0.5293521917634278, "96": 0.5293521917634278, "97": 0.5293521917634278, "98": 0.5293521917634278, "99": 0.5293521917634278}, "3": {"0": 0.5072260036829199, "1": 0.5072260036829199, "2": 0.5072260036829199, "3": 0.5072260036829199, "4": 0.5072260036829199, "5": 0.5072260036829199, "6": 0.5072260036829199, "7": 0.5072260036829199,