{"0": {"0": 0.4999989238027369, "1": 0.4999994669014918, "2": 0.9499975056725116, "3": 0.9499971390263744, "4": 0.9499972489960821, "5": 0.050006339291390464, "6": 0.4999987410314638, "7": 0.9499977181854271, "8": 0.4999987088888979, "9": 0.050004765934376985, "10": 0.05000527059670871, "11": 0.49999946190136846, "12": 0.949997484650476, "13": 0.4999990831149827, "14": 0.9499977867010481, "15": 0.4999988629795153, "16": 0.05000661370647419, "17": 0.4999995541959916, "18": 0.05000512930806208, "19": 0.050005000865242545, "20": 0.49999866387609043, "21": 0.9499981172438867, "22": 0.49999903639181176, "23": 0.49999907250175346, "24": 0.0500043971844181, "25": 0.9499978082649159, "26": 0.4999990730327306, "27": 0.4999994476521637, "28": 0.9499977181854271, "29": 0.49999920559051847, "30": 0.0500063476487809, "31": 0.05000680033412777, "32": 0.49999891711331235, "33": 0.49999897669354065, "34": 0.9499971960095599, "35": 0.05000367822489894, "36": 0.49999933465723057, "37": 0.49999905418274887, "38": 0.4999991331339195, "39": 0.499998868233077, "40": 0.49999902045146505, "41": 0.49999900890823445, "42": 0.05000665889266731, "43": 0.050003073952878146, "44": 0.49999866791861114, "45": 0.4999988629795153, "46": 0.05000511141059392, "47": 0.49999866036460083, "48": 0.4999988603935409, "49": 0.4999987353842198, "50": 0.4999992686911918, "51": 0.49999919391021647, "52": 0.05000205081523506, "53": 0.49999866791861114, "54": 0.05000230964572036, "55": 0.4999991855625039, "56": 0.4999993839122887, "57": 0.05000501885753289, "58": 0.050005558855758525, "59": 0.9499971813473609, "60": 0.050005000865242545, "61": 0.050002588688682084, "62": 0.49999869930984275, "63": 0.0500063476487809, "64": 0.9499973499725693, "65": 0.4999991331339195, "66": 0.05000453814069192, "67": 0.4999990020377058, "68": 0.4999989046611871, "69": 0.9499975056725116, "70": 0.4999988239062524, "71": 0.4999991899783995, "72": 0.499999333485873, "73": 0.05000453814069192, "74": 0.4999989987377418, "75": 0.9499988096641913, "76": 0.4999991899783995, "77": 0.499999333485873, "78": 0.9499977505388991, "79": 0.49999900890823445, "80": 0.49999888221967326, "81": 0.49999914264468887, "82": 0.4999995365163653, "83": 0.4999995102257325, "84": 0.4999989987377418, "85": 0.949998893350524, "86": 0.0500043971844181, "87": 0.050004765934376985, "88": 0.4999988072846684, "89": 0.9499972489960821, "90": 0.050005558855758525, "91": 0.49999891711331235, "92": 0.4999987184679531, "93": 0.05000527059670871, "94": 0.9499978082649159, "95": 0.49999914264468887, "96": 0.949997484650476, "97": 0.49999907250175346, "98": 0.4999987088888979, "99": 0.4999989046611871}, "1": {"0": 0.9499977333865195, "1": 0.9499977290309991, "2": 0.9499982437486468, "3": 0.49999866015958555, "4": 0.9499988475096063, "5": 0.4999987211278737, "6": 0.49999876495052115, "7": 0.4999986216855089, "8": 0.49999873886790336, "9": 0.4999994004405709, "10": 0.4999986733985483, "11": 0.4999988284288023, "12": 0.05000426342736532, "13": 0.9499973338097839, "14": 0.4999986249912286, "15": 0.4999988098786904, "16": 0.4999987586265279, "17": 0.49999857323011576, "18": 0.9499977088593983, "19": 0.949997556361092, "20": 0.49999867502741924, "21": 0.949997470038793, "22": 0.4999989276661158, "23": 0.05000450067158342, "24": 0.4999986858348412, "25": 0.949997256816439, "26": 0.4999986858348412, "27": 0.9499975735564974, "28": 0.4999985883973307, "29": 0.9499974593578535, "30": 0.49999859777301414, "31": 0.05000450067158342, "32": 0.49999875171619357, "33": 0.49999857398934455, "34": 0.050004932395070804, "35": 0.9499974260445097, "36": 0.4999989976024042, "37": 0.49999859777301414, "38": 0.05000403595114893, "39": 0.4999991538500865, "40": 0.49999895225852875, "41": 0.499998497465632, "42": 0.9499973492111478, "43": 0.050004407627944086, "44": 0.499998866921988, "45": 0.050003520465605106, "46": 0.9499978376386669, "47": 0.9499974260445097, "48": 0.9499974257326788, "49": 0.4999987288276715, "50": 0.4999985471532696, "51": 0.05000321791962862, "52": 0.05000440905925877, "53": 0.49999937683574514, "54": 0.9499977974003222, "55": 0.49999876494067225, "56": 0.4999987288276715, "57": 0.4999990188323018, "58": 0.9499977290309991, "59": 0.9499975735564974, "60": 0.4999989276661158, "61": 0.49999850768402093, "62": 0.49999904906494186, "63": 0.9499974257326788, "64": 0.4999986490817504, "65": 0.05000502592772915, "66": 0.9499971723426808, "67": 0.050004878584104864, "68": 0.05000416063482342, "69": 0.4999988415738503, "70": 0.050004945080836125, "71": 0.949997256816439, "72": 0.4999986893628342, "73": 0.49999864039276504, "74": 0.05000447909786512, "75": 0.49999904906494186, "76": 0.9499974593578535, "77": 0.949997470038793, "78": 0.05000321791962862, "79": 0.9499973492111478, "80": 0.05000502592772915, "81": 0.4999986491843025, "82": 0.4999993107471179, "83": 0.49999941421440114, "84": 0.9499977333865195, "85": 0.9499978376386669, "86": 0.05000447909786512, "87": 0.49999864039276504, "88": 0.4999986153507022, "89": 0.4999989976024042, "90": 0.4999995094161509, "91": 0.49999876494067225, "92": 0.4999986490817504, "93": 0.05000440905925877, "94": 0.05000416063482342, "95": 0.499999433460994, "96": 0.4999986249912286, "97": 0.050004878584104864, "98": 0.49999876495052115, "99": 0.050004407627944086}, "2": {"0": 0.05000281515393468, "1": 0.0500021224596055, "2": 0.0500026569001548, "3": 0.5000009377974506, "4": 0.5000011237649444, "5": 0.9499986180340825, "6": 0.9499988866188014, "7": 0.05000292463110326, "8": 0.5000009150601589, "9": 0.050002138988144346, "10": 0.05000207520758375, "11": 0.9499988866188014, "12": 0.9499986284995925, "13": 0.5000004817544932, "14": 0.0500030152525551, "15": 0.0500030152525551, "16": 0.5000010586591719, "17": 0.9499990389300841, "18": 0.5000005310888257, "19": 0.5000009843516979, "20": 0.5000008489423711, "21": 0.050001201611225496, "22": 0.05000268741977561, "23": 0.05000197533030376, "24": 0.050002582864037595, "25": 0.5000010475313313, "26": 0.9499986427622814, "27": 0.5000010145298677, "28": 0.05000251345110994, "29": 0.050002420868948946, "30": 0.5000007852379755, "31": 0.05000281515393468, "32": 0.9499986674355708, "33": 0.9499988589488788, "34": 0.5000010257869105, "35": 0.5000005072649338, "36": 0.5000010009779982, "37": 0.05000276853562266, "38": 0.5000010022756951, "39": 0.500000731487203, "40": 0.05000247890056912, "41": 0.5000011213278153, "42": 0.5000010475287587, "43": 0.05000265128864467, "44": 0.05000207520758375, "45": 0.5000007372876313, "46": 0.9499988589488788, "47": 0.050002331761168556, "48": 0.05000106122980275, "49": 0.5000010056765373, "50": 0.5000006578760716, "51": 0.5000007601003342, "52": 0.500000809137885, "53": 0.5000010285817768, "54": 0.5000010051944095, "55": 0.050001229230773075, "56": 0.05000263691929225, "57": 0.9499986015828017, "58": 0.5000005857458543, "59": 0.5000010709991594, "60": 0.05000275019577256, "61": 0.050002829393726425, "62": 0.5000009843516979, "63": 0.5000009776002998, "64": 0.9499993271411529, "65": 0.9499991147812449, "66": 0.5000007452468775, "67": 0.5000010475287587, "68": 0.5000007852379755, "69": 0.9499986995356069, "70": 0.5000004836835634, "71": 0.9499986805888359, "72": 0.050002068979190566, "73": 0.500000994952535, "74": 0.9499986995356069, "75": 0.5000004974762675, "76": 0.05000292463110326, "77": 0.9499993142497962, "78": 0.050001414696863214, "79": 0.500000641396244, "80": 0.5000008489423711, "81": 0.050002582864037595, "82": 0.050002331761168556, "83": 0.050002420868948946, "84": 0.5000005142908883, "85": 0.5000007372876313, "86": 0.500000641396244, "87": 0.500000801115334, "88": 0.9499986427622814, "89": 0.05000194771469951, "90": 0.05000268741977561, "91": 0.0500015290853381, "92": 0.05000194771469951, "93": 0.050002068979190566, "94": 0.9499991147812449, "95": 0.9499986674355708, "96": 0.05000276853562266, "97": 0.5000010022756951, "98": 0.5000003800501671, "99": 0.500000801115334}, "3": {"0": 0.05000504899082206, "1": 0.050005755396080154,