{"0": {"0": 0.49999999999998634, "1": 0.4999999999999826, "2": 0.4999999999999762, "3": 0.4999999999999718, "4": 0.49999999999997713, "5": 0.4999999999999832, "6": 0.49999999999998795, "7": 0.4999999999999847, "8": 0.49999999999997924, "9": 0.49999999999998523, "10": 0.4999999999999714, "11": 0.499999999999979, "12": 0.4999999999999921, "13": 0.49999999999997796, "14": 0.4999999999999716, "15": 0.4999999999999868, "16": 0.49999999999998684, "17": 0.49999999999998335, "18": 0.499999999999989, "19": 0.4999999999999727, "20": 0.49999999999998496, "21": 0.49999999999998557, "22": 0.49999999999998945, "23": 0.49999999999998157, "24": 0.4999999999999731, "25": 0.4999999999999707, "26": 0.49999999999999095, "27": 0.49999999999997413, "28": 0.4999999999999901, "29": 0.4999999999999767, "30": 0.49999999999997513, "31": 0.4999999999999708, "32": 0.49999999999998346, "33": 0.4999999999999726, "34": 0.4999999999999801, "35": 0.4999999999999768, "36": 0.499999999999974, "37": 0.49999999999998745, "38": 0.4999999999999858, "39": 0.49999999999997047, "40": 0.49999999999997524, "41": 0.4999999999999606, "42": 0.4999999999999708, "43": 0.4999999999999917, "44": 0.4999999999999877, "45": 0.49999999999998446, "46": 0.4999999999999888, "47": 0.4999999999999832, "48": 0.49999999999998535, "49": 0.49999999999998523, "50": 0.4999999999999847, "51": 0.49999999999999156, "52": 0.49999999999997313, "53": 0.49999999999998745, "54": 0.4999999999999821, "55": 0.499999999999974, "56": 0.4999999999999691, "57": 0.49999999999997335, "58": 0.49999999999998657, "59": 0.49999999999997063, "60": 0.4999999999999784, "61": 0.4999999999999858, "62": 0.499999999999977, "63": 0.4999999999999719, "64": 0.49999999999997413, "65": 0.4999999999999771, "66": 0.4999999999999858, "67": 0.49999999999998795, "68": 0.4999999999999791, "69": 0.4999999999999867, "70": 0.4999999999999783, "71": 0.4999999999999666, "72": 0.4999999999999841, "73": 0.49999999999999006, "74": 0.49999999999999223, "75": 0.49999999999998734, "76": 0.4999999999999885, "77": 0.49999999999997063, "78": 0.4999999999999747, "79": 0.49999999999998695, "80": 0.49999999999999384, "81": 0.4999999999999771, "82": 0.4999999999999887, "83": 0.49999999999997924, "84": 0.4999999999999768, "85": 0.4999999999999747, "86": 0.4999999999999767, "87": 0.9604184924138383, "88": 0.4999999999999849, "89": 0.49999999999998757, "90": 0.4999999999999908, "91": 0.4999999999999806, "92": 0.49999999999999106, "93": 0.49999999999999034, "94": 0.49999999999998856, "95": 0.4999999999999717, "96": 0.4999999999999876, "97": 0.4999999999999885, "98": 0.4999999999999891, "99": 0.4999999999999934}, "1": {"0": 0.49999999999990863, "1": 0.4999999999998914, "2": 0.4999999999999218, "3": 0.49999999999987876, "4": 0.49999999999994915, "5": 0.49999999999990097, "6": 0.4999999999999223, "7": 0.4999999999998893, "8": 0.49999999999987077, "9": 0.4999999999999354, "10": 0.4999999999999628, "11": 0.015641531244569795, "12": 0.4999999999999422, "13": 0.4999999999999, "14": 0.49999999999989647, "15": 0.4999999999999023, "16": 0.4999999999998666, "17": 0.49999999999995565, "18": 0.49999999999993683, "19": 0.49999999999994527, "20": 0.49999999999988876, "21": 0.4999999999999084, "22": 0.4999999999999778, "23": 0.4999999999999024, "24": 0.4999999999998781, "25": 0.4999999999999084, "26": 0.49999999999990963, "27": 0.49999999999995, "28": 0.952753637645495, "29": 0.49999999999996203, "30": 0.4999999999999333, "31": 0.4999999999998883, "32": 0.499999999999913, "33": 0.4999999999999083, "34": 0.49999999999991424, "35": 0.4999999999999533, "36": 0.4999999999999543, "37": 0.4999999999999212, "38": 0.49999999999993333, "39": 0.4999999999998908, "40": 0.49999999999991274, "41": 0.4999999999999635, "42": 0.4999999999999455, "43": 0.4999999999999439, "44": 0.49999999999997213, "45": 0.4999999999999335, "46": 0.49999999999989997, "47": 0.4999999999999434, "48": 0.4999999999999254, "49": 0.49999999999991923, "50": 0.49999999999992667, "51": 0.49999999999993294, "52": 0.49999999999994227, "53": 0.49999999999992706, "54": 0.49999999999988753, "55": 0.4999999999999615, "56": 0.49999999999991496, "57": 0.499999999999934, "58": 0.4999999999998908, "59": 0.49999999999989575, "60": 0.49999999999988254, "61": 0.4999999999999418, "62": 0.49999999999990274, "63": 0.4999999999999172, "64": 0.4999999999999814, "65": 0.49999999999993067, "66": 0.49999999999991734, "67": 0.49999999999996136, "68": 0.49999999999996114, "69": 0.49999999999995115, "70": 0.4999999999999461, "71": 0.4999999999999, "72": 0.4999999999999609, "73": 0.4999999999998666, "74": 0.49999999999995604, "75": 0.4999999999999596, "76": 0.4999999999999548, "77": 0.49999999999991207, "78": 0.49999999999992706, "79": 0.4999999999999271, "80": 0.4999999999999464, "81": 0.49999999999997546, "82": 0.4999999999999389, "83": 0.49999999999990197, "84": 0.49999999999994127, "85": 0.4999999999999267, "86": 0.4999999999999543, "87": 0.4999999999999545, "88": 0.4999999999999247, "89": 0.4999999999999606, "90": 0.49999999999989575, "91": 0.49999999999993067, "92": 0.4999999999999565, "93": 0.49999999999996236, "94": 0.4999999999999389, "95": 0.49999999999991734, "96": 0.49999999999996664, "97": 0.49999999999990274, "98": 0.4999999999999461, "99": 0.4999999999999271}, "2": {"0": 0.49999999999992656, "1": 0.4999999999999237, "2": 0.4999999999999671, "3": 0.4999999999999544, "4": 0.49999999999993194, "5": 0.4999999999999515, "6": 0.4999999999999607, "7": 0.49999999999994416, "8": 0.49999999999997347, "9": 0.4999999999999572, "10": 0.4999999999999545, "11": 0.4999999999999378, "12": 0.49999999999993305, "13": 0.49999999999993294, "14": 0.49999999999994194, "15": 0.49999999999992417, "16": 0.49999999999997174, "17": 0.06253844591566501, "18": 0.49999999999991895, "19": 0.4999999999999185, "20": 0.4999999999999327, "21": 0.49999999999994826, "22": 0.49999999999995537, "23": 0.4999999999999408, "24": 0.4999999999999364, "25": 0.4999999999999545, "26": 0.49999999999994743, "27": 0.4999999999999365, "28": 0.49999999999994993, "29": 0.49999999999995914, "30": 0.49999999999995537, "31": 0.49999999999996475, "32": 0.4999999999999312, "33": 0.4999999999999526, "34": 0.49999999999994627, "35": 0.49999999999993805, "36": 0.4999999999999481, "37": 0.49999999999996614, "38": 0.4999999999999616, "39": 0.4999999999999385, "40": 0.4999999999999193, "41": 0.4999999999999303, "42": 0.49999999999994693, "43": 0.49999999999996325, "44": 0.4999999999999596, "45": 0.4999999999999536, "46": 0.4999999999999632, "47": 0.49999999999993594, "48": 0.49999999999994565, "49": 0.499999999999953, "50": 0.4999999999999662, "51": 0.4999999999999312, "52": 0.4999999999999515, "53": 0.4999999999999364, "54": 0.4999999999999257, "55": 0.4999999999999357, "56": 0.4999999999999378, "57": 0.4999999999999616, "58": 0.4999999999999604, "59": 0.49999999999993316, "60": 0.49999999999997036, "61": 0.49999999999996797, "62": 0.4999999999999374, "63": 0.49999999999996936, "64": 0.4999999999999656, "65": 0.49999999999994793, "66": 0.4999999999999445, "67": 0.4999999999999768, "68": 0.49999999999997236, "69": 0.4999999999999193, "70": 0.49999999999993316, "71": 0.4999999999999174, "72": 0.4999999999999365, "73": 0.4999999999999719, "74": 0.49999999999995925, "75": 0.4999999999999728, "76": 0.49999999999996325, "77": 0.49999999999994543, "78": 0.49999999999993805, "79": 0.4999999999999499, "80": 0.4999999999999763, "81": 0.49999999999998124, "82": 0.4999999999999575, "83": 0.4999999999999226, "84": 0.4999999999999737, "85": 0.4999999999999663, "86": 0.9927769125685262, "87": 0.4999999999999613, "88": 0.49999999999995537, "89": 0.49999999999994194, "90": 0.4999999999999749, "91": 0.49999999999996964, "92": 0.49999999999997036, "93": 0.4999999999999777, "94": 0.49999999999993294, "95": 0.4999999999999385, "96": 0.49999999999997496, "97": 0.49999999999994543, "98": 0.49999999999997224, "99": 0.49999999999997397}, "3": {"0": 0.499999999999984, "1": 0.49999999999998623, "2": 0.4999999999999732,