{"0": {"0": 0.4594491101867244, "1": 0.4594491101867244, "2": 0.4594491101867244, "3": 0.4594491101867244, "4": 0.4594491101867244, "5": 0.4594491101867244, "6": 0.4594491101867244, "7": 0.4594491101867244, "8": 0.4594491101867244, "9": 0.4594491101867244, "10": 0.4594491101867244, "11": 0.4594491101867244, "12": 0.4594491101867244, "13": 0.4594491101867244, "14": 0.4594491101867244, "15": 0.4594491101867244, "16": 0.4594491101867244, "17": 0.4594491101867244, "18": 0.4594491101867244, "19": 0.4594491101867244, "20": 0.4594491101867244, "21": 0.4594491101867244, "22": 0.4594491101867244, "23": 0.4594491101867244, "24": 0.4594491101867244, "25": 0.4594491101867244, "26": 0.4594491101867244, "27": 0.4594491101867244, "28": 0.4594491101867244, "29": 0.4594491101867244, "30": 0.4594491101867244, "31": 0.4594491101867244, "32": 0.4594491101867244, "33": 0.4594491101867244, "34": 0.4594491101867244, "35": 0.4594491101867244, "36": 0.4594491101867244, "37": 0.4594491101867244, "38": 0.4594491101867244, "39": 0.4594491101867244, "40": 0.4594491101867244, "41": 0.4594491101867244, "42": 0.4594491101867244, "43": 0.4594491101867244, "44": 0.4594491101867244, "45": 0.4594491101867244, "46": 0.4594491101867244, "47": 0.4594491101867244, "48": 0.4594491101867244, "49": 0.4594491101867244, "50": 0.4594491101867244, "51": 0.4594491101867244, "52": 0.4594491101867244, "53": 0.4594491101867244, "54": 0.4594491101867244, "55": 0.4594491101867244, "56": 0.4594491101867244, "57": 0.4594491101867244, "58": 0.4594491101867244, "59": 0.4594491101867244, "60": 0.4594491101867244, "61": 0.4594491101867244, "62": 0.4594491101867244, "63": 0.4594491101867244, "64": 0.4594491101867244, "65": 0.4594491101867244, "66": 0.4594491101867244, "67": 0.4594491101867244, "68": 0.4594491101867244, "69": 0.4594491101867244, "70": 0.4594491101867244, "71": 0.4594491101867244, "72": 0.4594491101867244, "73": 0.4594491101867244, "74": 0.4594491101867244, "75": 0.4594491101867244, "76": 0.4594491101867244, "77": 0.4594491101867244, "78": 0.4594491101867244, "79": 0.4594491101867244, "80": 0.4594491101867244, "81": 0.4594491101867244, "82": 0.4594491101867244, "83": 0.4594491101867244, "84": 0.4594491101867244, "85": 0.4594491101867244, "86": 0.4594491101867244, "87": 0.4594491101867244, "88": 0.4594491101867244, "89": 0.4594491101867244, "90": 0.4594491101867244, "91": 0.4594491101867244, "92": 0.4594491101867244, "93": 0.4594491101867244, "94": 0.4594491101867244, "95": 0.4594491101867244, "96": 0.4594491101867244, "97": 0.4594491101867244, "98": 0.4594491101867244, "99": 0.4594491101867244}, "1": {"0": 0.4845570127310198, "1": 0.4845570127310198, "2": 0.4845570127310198, "3": 0.4845570127310198, "4": 0.4845570127310198, "5": 0.4845570127310198, "6": 0.4845570127310198, "7": 0.4845570127310198, "8": 0.4845570127310198, "9": 0.4845570127310198, "10": 0.4845570127310198, "11": 0.4845570127310198, "12": 0.4845570127310198, "13": 0.4845570127310198, "14": 0.4845570127310198, "15": 0.4845570127310198, "16": 0.4845570127310198, "17": 0.4845570127310198, "18": 0.4845570127310198, "19": 0.4845570127310198, "20": 0.4845570127310198, "21": 0.4845570127310198, "22": 0.4845570127310198, "23": 0.4845570127310198, "24": 0.4845570127310198, "25": 0.4845570127310198, "26": 0.4845570127310198, "27": 0.4845570127310198, "28": 0.4845570127310198, "29": 0.4845570127310198, "30": 0.4845570127310198, "31": 0.4845570127310198, "32": 0.4845570127310198, "33": 0.4845570127310198, "34": 0.4845570127310198, "35": 0.4845570127310198, "36": 0.4845570127310198, "37": 0.4845570127310198, "38": 0.4845570127310198, "39": 0.4845570127310198, "40": 0.4845570127310198, "41": 0.4845570127310198, "42": 0.4845570127310198, "43": 0.4845570127310198, "44": 0.4845570127310198, "45": 0.4845570127310198, "46": 0.4845570127310198, "47": 0.4845570127310198, "48": 0.4845570127310198, "49": 0.4845570127310198, "50": 0.4845570127310198, "51": 0.4845570127310198, "52": 0.4845570127310198, "53": 0.4845570127310198, "54": 0.4845570127310198, "55": 0.4845570127310198, "56": 0.4845570127310198, "57": 0.4845570127310198, "58": 0.4845570127310198, "59": 0.4845570127310198, "60": 0.4845570127310198, "61": 0.4845570127310198, "62": 0.4845570127310198, "63": 0.4845570127310198, "64": 0.4845570127310198, "65": 0.4845570127310198, "66": 0.4845570127310198, "67": 0.4845570127310198, "68": 0.4845570127310198, "69": 0.4845570127310198, "70": 0.4845570127310198, "71": 0.4845570127310198, "72": 0.4845570127310198, "73": 0.4845570127310198, "74": 0.4845570127310198, "75": 0.4845570127310198, "76": 0.4845570127310198, "77": 0.4845570127310198, "78": 0.4845570127310198, "79": 0.4845570127310198, "80": 0.4845570127310198, "81": 0.4845570127310198, "82": 0.4845570127310198, "83": 0.4845570127310198, "84": 0.4845570127310198, "85": 0.4845570127310198, "86": 0.4845570127310198, "87": 0.4845570127310198, "88": 0.4845570127310198, "89": 0.4845570127310198, "90": 0.4845570127310198, "91": 0.4845570127310198, "92": 0.9478992163284777, "93": 0.4845570127310198, "94": 0.4845570127310198, "95": 0.4845570127310198, "96": 0.4845570127310198, "97": 0.4845570127310198, "98": 0.4845570127310198, "99": 0.4845570127310198}, "2": {"0": 0.553611880826455, "1": 0.553611880826455, "2": 0.553611880826455, "3": 0.553611880826455, "4": 0.553611880826455, "5": 0.553611880826455, "6": 0.553611880826455, "7": 0.553611880826455, "8": 0.553611880826455, "9": 0.553611880826455, "10": 0.553611880826455, "11": 0.553611880826455, "12": 0.553611880826455, "13": 0.553611880826455, "14": 0.553611880826455, "15": 0.553611880826455, "16": 0.047726164099535145, "17": 0.553611880826455, "18": 0.553611880826455, "19": 0.553611880826455, "20": 0.553611880826455, "21": 0.553611880826455, "22": 0.553611880826455, "23": 0.553611880826455, "24": 0.553611880826455, "25": 0.553611880826455, "26": 0.553611880826455, "27": 0.553611880826455, "28": 0.553611880826455, "29": 0.553611880826455, "30": 0.553611880826455, "31": 0.553611880826455, "32": 0.553611880826455, "33": 0.553611880826455, "34": 0.553611880826455, "35": 0.553611880826455, "36": 0.553611880826455, "37": 0.553611880826455, "38": 0.553611880826455, "39": 0.553611880826455, "40": 0.553611880826455, "41": 0.553611880826455, "42": 0.553611880826455, "43": 0.553611880826455, "44": 0.553611880826455, "45": 0.553611880826455, "46": 0.553611880826455, "47": 0.553611880826455, "48": 0.553611880826455, "49": 0.553611880826455, "50": 0.553611880826455, "51": 0.553611880826455, "52": 0.553611880826455, "53": 0.553611880826455, "54": 0.553611880826455, "55": 0.047726164099535145, "56": 0.553611880826455, "57": 0.553611880826455, "58": 0.553611880826455, "59": 0.553611880826455, "60": 0.553611880826455, "61": 0.553611880826455, "62": 0.553611880826455, "63": 0.553611880826455, "64": 0.553611880826455, "65": 0.553611880826455, "66": 0.553611880826455, "67": 0.553611880826455, "68": 0.553611880826455, "69": 0.553611880826455, "70": 0.553611880826455, "71": 0.553611880826455, "72": 0.553611880826455, "73": 0.553611880826455, "74": 0.553611880826455, "75": 0.553611880826455, "76": 0.553611880826455, "77": 0.553611880826455, "78": 0.553611880826455, "79": 0.553611880826455, "80": 0.553611880826455, "81": 0.553611880826455, "82": 0.553611880826455, "83": 0.553611880826455, "84": 0.553611880826455, "85": 0.553611880826455, "86": 0.553611880826455, "87": 0.553611880826455, "88": 0.553611880826455, "89": 0.553611880826455, "90": 0.553611880826455, "91": 0.553611880826455, "92": 0.553611880826455, "93": 0.553611880826455, "94": 0.553611880826455, "95": 0.553611880826455, "96": 0.553611880826455, "97": 0.553611880826455, "98": 0.553611880826455, "99": 0.553611880826455}, "3": {"0": 0.5111883421673564, "1": 0.5111883421673564, "2": 0.5111883421673564, "3": 0.5111883421673564, "4": 0.5111883421673564, "5": 0.5111883421673564, "6": 0.5111883421673564, "7": 0.5111883421673564, "8": 0.5111883421673564, "9": 0.5111883421673564, "10": 0.5111883421673564,