{"0": {"0": 0.050013712320930936, "1": 0.9499850578920955, "2": 0.9499621654282626, "3": 0.9499685127851691, "4": 0.9499760490992939, "5": 0.9499705046866782, "6": 0.9499628713903492, "7": 0.9499792266272981, "8": 0.050025745372576064, "9": 0.9499705592360234, "10": 0.9499692446598378, "11": 0.9499766307295121, "12": 0.9499673230881469, "13": 0.050012743905838285, "14": 0.9499836615440734, "15": 0.9499722359468128, "16": 0.05002234727587296, "17": 0.05002042302576938, "18": 0.050022792655537315, "19": 0.05001986211592456, "20": 0.9499768180179771, "21": 0.9499682874184594, "22": 0.9499709489062398, "23": 0.9499855569215441, "24": 0.05001911802596225, "25": 0.05002191573217431, "26": 0.9499798527197788, "27": 0.050017337130866535, "28": 0.05002309663179817, "29": 0.050023014438029666, "30": 0.9499843747331307, "31": 0.0500207869469706, "32": 0.9499720070990046, "33": 0.050024169385244, "34": 0.9499735741451665, "35": 0.05001714811391883, "36": 0.05001963076426624, "37": 0.0500194970705882, "38": 0.9499797842229507, "39": 0.05001150721901483, "40": 0.9499732057438608, "41": 0.05002213070738772, "42": 0.050010329374790705, "43": 0.9499726044824728, "44": 0.9499728119300398, "45": 0.05001752690630787, "46": 0.05002175982878378, "47": 0.050023535355671826, "48": 0.05001275094823854, "49": 0.9499853051154032, "50": 0.9499720780302954, "51": 0.9499674209231538, "52": 0.949966694640843, "53": 0.949966694640843, "54": 0.050018514965880126, "55": 0.05000879052975804, "56": 0.9499774926175493, "57": 0.05001891515210401, "58": 0.05001914015162619, "59": 0.9499692948624321, "60": 0.9499747971436876, "61": 0.9499721540202726, "62": 0.9499774553555336, "63": 0.9499726044824728, "64": 0.050024090265200556, "65": 0.9499685127851691, "66": 0.05002531649846849, "67": 0.9499720519292332, "68": 0.050019092827944645, "69": 0.9499740336330221, "70": 0.9499721540202726, "71": 0.050023543873377804, "72": 0.050024090265200556, "73": 0.05001911802596225, "74": 0.9499766436036549, "75": 0.9499846223299189, "76": 0.050019092827944645, "77": 0.9499898921114753, "78": 0.9499755342378062, "79": 0.05002532791797183, "80": 0.05001291390955974, "81": 0.9499810961626569, "82": 0.9499891142128439, "83": 0.9499798527197788, "84": 0.050021165569586246, "85": 0.9499755342378062, "86": 0.9499728119300398, "87": 0.05002066891642636, "88": 0.9499774553555336, "89": 0.050021516213130016, "90": 0.05001891515210401, "91": 0.9499735741451665, "92": 0.050021516213130016, "93": 0.050022461681462516, "94": 0.9499760490992939, "95": 0.050017459597034596, "96": 0.050017459597034596, "97": 0.050022461681462516, "98": 0.05001914015162619, "99": 0.9499766307295121}, "1": {"0": 0.05003253012524766, "1": 0.05002927201651416, "2": 0.050028358085222116, "3": 0.050024696041407815, "4": 0.05003534165706646, "5": 0.05003535359386714, "6": 0.9499715447003227, "7": 0.050024798079489764, "8": 0.050037605616120806, "9": 0.9499665562553637, "10": 0.9499712485454934, "11": 0.9499718723336908, "12": 0.9499704671524253, "13": 0.05002408868071233, "14": 0.050033169143040124, "15": 0.05001462387102169, "16": 0.0500306895386218, "17": 0.9499770202909112, "18": 0.050034669988444865, "19": 0.050034416910189436, "20": 0.050021475651597425, "21": 0.050034606096716644, "22": 0.05002855051156939, "23": 0.050034484384655874, "24": 0.9499837732141244, "25": 0.05003637038325702, "26": 0.050018906620357725, "27": 0.9499771999074438, "28": 0.9499737973966695, "29": 0.949968384025758, "30": 0.0500230275195776, "31": 0.949983601562954, "32": 0.05002571495906168, "33": 0.05003310685290502, "34": 0.05002400349652185, "35": 0.05001902756629417, "36": 0.949967335451552, "37": 0.050031813697185665, "38": 0.05003065779714794, "39": 0.050027353372240145, "40": 0.9499709177573948, "41": 0.05002807121250029, "42": 0.050033296123327894, "43": 0.9499729573852398, "44": 0.05001502524330675, "45": 0.05001342639945659, "46": 0.05003183232611641, "47": 0.05001109914698025, "48": 0.05003269332237381, "49": 0.050033132945552894, "50": 0.05003175178437644, "51": 0.949985415707554, "52": 0.050024097405509636, "53": 0.050024798079489764, "54": 0.05002408868071233, "55": 0.050022376684118325, "56": 0.9499714548191744, "57": 0.05001601533327474, "58": 0.9499697528285366, "59": 0.05003269332237381, "60": 0.9499791983499395, "61": 0.9499772237530957, "62": 0.05001601533327474, "63": 0.05001658457152006, "64": 0.9499695392312125, "65": 0.9499866966486941, "66": 0.05002377575021887, "67": 0.9499709383840358, "68": 0.949987137382359, "69": 0.050015459439224, "70": 0.9499710063155599, "71": 0.05001668333466427, "72": 0.9499691266044734, "73": 0.05001502524330675, "74": 0.9499759739537118, "75": 0.050021475651597425, "76": 0.05002927201651416, "77": 0.9499696961032575, "78": 0.9499708704525118, "79": 0.9499857723501614, "80": 0.05001923167829216, "81": 0.9499709383840358, "82": 0.9499725502790926, "83": 0.9499756475278147, "84": 0.05003398638302259, "85": 0.9499704671524253, "86": 0.05002400349652185, "87": 0.9499737973966695, "88": 0.05001656647277645, "89": 0.05002502905445412, "90": 0.05002502905445412, "91": 0.05002988996559741, "92": 0.9499772237530957, "93": 0.05002377575021887, "94": 0.9499756475278147, "95": 0.050022376684118325, "96": 0.050012048702754816, "97": 0.05003065779714794, "98": 0.05002855051156939, "99": 0.050034669988444865}, "2": {"0": 0.9494623927680031, "1": 0.9487528529141671, "2": 0.9480737235142804, "3": 0.947329167916195, "4": 0.9469688138618113, "5": 0.9476788435326102, "6": 0.9466851214026877, "7": 0.9480014145832949, "8": 0.9481697756541532, "9": 0.9490691119001098, "10": 0.9472952329544377, "11": 0.9491436728406657, "12": 0.947439664981109, "13": 0.9472035079768489, "14": 0.947153314447073, "15": 0.9478979037696356, "16": 0.9486966374865848, "17": 0.9471240027499437, "18": 0.9469824612272562, "19": 0.9472518424468872, "20": 0.9479677070454716, "21": 0.9476065519107424, "22": 0.9482911511377146, "23": 0.9469241076181338, "24": 0.9487605255051199, "25": 0.9473477560889841, "26": 0.9477993891021069, "27": 0.9477993891021069, "28": 0.9487013986627415, "29": 0.9472087306235859, "30": 0.9485635341530088, "31": 0.948115269788973, "32": 0.947153314447073, "33": 0.9476765668905551, "34": 0.9476929910500071, "35": 0.9480487951695767, "36": 0.9469706213189113, "37": 0.9469390801472845, "38": 0.9480833708819416, "39": 0.9480833708819416, "40": 0.9476501004663187, "41": 0.9470053185537989, "42": 0.9487935634066071, "43": 0.9472872583144409, "44": 0.9469860245515924, "45": 0.9472859450626698, "46": 0.9477135421505565, "47": 0.9475673500377747, "48": 0.9472634000377134, "49": 0.9477001703257979, "50": 0.9479705529424796, "51": 0.9481775159426367, "52": 0.9477598127255416, "53": 0.9481311695531043, "54": 0.9481805478637418, "55": 0.9482116083335091, "56": 0.9464547030948844, "57": 0.9472717700604745, "58": 0.9473056861519058, "59": 0.948072810870848, "60": 0.948667342504564, "61": 0.9473056861519058, "62": 0.9475920783262317, "63": 0.9489145511412422, "64": 0.9473298695338344, "65": 0.9469870402004362, "66": 0.9478933804493008, "67": 0.9469706213189113, "68": 0.9487935634066071, "69": 0.948183319914915, "70": 0.9477135421505565, "71": 0.9482911511377146, "72": 0.9488394217663051, "73": 0.9481232196710386, "74": 0.9484912306136281, "75": 0.947329167916195, "76": 0.9471939439971462, "77": 0.9478015736372185, "78": 0.9479367359323171, "79": 0.9474768783613439, "80": 0.9481532697929769, "81": 0.9485026592768995, "82": 0.9469443869103852, "83": 0.9478933804493008, "84": 0.9477286008765123, "85": 0.9472872583144409, "86": 0.9472717700604745, "87": 0.9474082259354178, "88": 0.9482116083335091, "89": 0.949036405435424, "90": 0.9486649347669172, "91": 0.9488643004382562, "92": 0.9480014145832949, "93": 0.9495345559500549, "94": 0.9479677070454716, "95": 0.9475920783262317, "96": 0.9472518424468872, "97": 0.9472952329544377, "98": 0.9486429725313349, "99": 0.9480487951695767}, "3": {"0": 0.05020570937091395, "1": 0.050302843901311636,