{"0": {"0": 0.05000000000044052, "1": 0.9499999999984223, "2": 0.49999999999949685, "3": 0.9499999999983647, "4": 0.4999999999996425, "5": 0.49999999999963407, "6": 0.4999999999996726, "7": 0.4999999999994946, "8": 0.49999999999928824, "9": 0.9499999999993037, "10": 0.49999999999957445, "11": 0.050000000000241615, "12": 0.49999999999962197, "13": 0.499999999999447, "14": 0.4999999999996551, "15": 0.9499999999986064, "16": 0.49999999999960454, "17": 0.05000000000019995, "18": 0.499999999999342, "19": 0.9499999999982912, "20": 0.49999999999907885, "21": 0.9499999999989595, "22": 0.4999999999995991, "23": 0.05000000000048356, "24": 0.49999999999916594, "25": 0.4999999999993914, "26": 0.4999999999992338, "27": 0.4999999999993434, "28": 0.4999999999997276, "29": 0.05000000000043984, "30": 0.9499999999993225, "31": 0.49999999999971667, "32": 0.05000000000040586, "33": 0.4999999999998305, "34": 0.4999999999994119, "35": 0.9499999999985549, "36": 0.4999999999994623, "37": 0.9499999999982875, "38": 0.49999999999937494, "39": 0.050000000000240026, "40": 0.05000000000054825, "41": 0.4999999999997062, "42": 0.050000000000539946, "43": 0.9499999999991219, "44": 0.05000000000051742, "45": 0.050000000000599926, "46": 0.49999999999957323, "47": 0.49999999999957323, "48": 0.9499999999987927, "49": 0.499999999999194, "50": 0.050000000000238985, "51": 0.9499999999992713, "52": 0.05000000000043604, "53": 0.050000000000515174, "54": 0.949999999998518, "55": 0.94999999999934, "56": 0.050000000000233115, "57": 0.05000000000015248, "58": 0.9499999999990476, "59": 0.4999999999997149, "60": 0.49999999999940326, "61": 0.4999999999995095, "62": 0.050000000000528684, "63": 0.4999999999993151, "64": 0.49999999999960953, "65": 0.4999999999995095, "66": 0.05000000000023348, "67": 0.9499999999987709, "68": 0.05000000000020785, "69": 0.9499999999992713, "70": 0.4999999999997686, "71": 0.49999999999968747, "72": 0.949999999999259, "73": 0.4999999999993434, "74": 0.9499999999993284, "75": 0.9499999999991455, "76": 0.9499999999989426, "77": 0.05000000000035422, "78": 0.9499999999995238, "79": 0.050000000000240026, "80": 0.9499999999989426, "81": 0.9499999999991219, "82": 0.499999999999597, "83": 0.49999999999961686, "84": 0.05000000000023348, "85": 0.05000000000033859, "86": 0.4999999999994623, "87": 0.9499999999993225, "88": 0.050000000000444085, "89": 0.4999999999995991, "90": 0.9499999999984223, "91": 0.05000000000035422, "92": 0.4999999999997484, "93": 0.05000000000026149, "94": 0.0500000000001693, "95": 0.49999999999940326, "96": 0.05000000000042988, "97": 0.4999999999997149, "98": 0.05000000000043984, "99": 0.9499999999994797}, "1": {"0": 0.05000000000042368, "1": 0.5000000000000586, "2": 0.500000000000104, "3": 0.9499999999998604, "4": 0.05000000000021835, "5": 0.050000000000473326, "6": 0.949999999999888, "7": 0.5000000000001042, "8": 0.05000000000054409, "9": 0.5000000000000886, "10": 0.5000000000000685, "11": 0.9499999999999356, "12": 0.9499999999998407, "13": 0.5000000000001068, "14": 0.5000000000000641, "15": 0.500000000000067, "16": 0.5000000000000335, "17": 0.0500000000004089, "18": 0.9499999999999377, "19": 0.9499999999999353, "20": 0.9499999999998925, "21": 0.9499999999999449, "22": 0.5000000000000755, "23": 0.05000000000053774, "24": 0.949999999999909, "25": 0.5000000000001008, "26": 0.500000000000038, "27": 0.5000000000000911, "28": 0.5000000000001359, "29": 0.500000000000048, "30": 0.9499999999998833, "31": 0.5000000000000926, "32": 0.949999999999871, "33": 0.5000000000000545, "34": 0.05000000000058184, "35": 0.5000000000001332, "36": 0.5000000000000483, "37": 0.5000000000001353, "38": 0.05000000000058184, "39": 0.5000000000000796, "40": 0.5000000000000602, "41": 0.500000000000099, "42": 0.5000000000000564, "43": 0.9499999999999067, "44": 0.5000000000000366, "45": 0.500000000000051, "46": 0.5000000000000648, "47": 0.9499999999999218, "48": 0.05000000000064782, "49": 0.5000000000001068, "50": 0.9499999999998425, "51": 0.05000000000069707, "52": 0.5000000000001122, "53": 0.949999999999906, "54": 0.5000000000000381, "55": 0.05000000000040002, "56": 0.9499999999998425, "57": 0.05000000000055799, "58": 0.5000000000000662, "59": 0.5000000000000776, "60": 0.9499999999998527, "61": 0.5000000000001058, "62": 0.9499999999999597, "63": 0.9499999999999309, "64": 0.5000000000000379, "65": 0.5000000000000913, "66": 0.5000000000000624, "67": 0.500000000000048, "68": 0.500000000000101, "69": 0.9499999999998814, "70": 0.05000000000027205, "71": 0.949999999999953, "72": 0.9499999999999227, "73": 0.5000000000000334, "74": 0.5000000000000905, "75": 0.500000000000101, "76": 0.5000000000000522, "77": 0.5000000000000926, "78": 0.9499999999999609, "79": 0.9499999999999462, "80": 0.500000000000032, "81": 0.5000000000000796, "82": 0.500000000000052, "83": 0.5000000000001058, "84": 0.05000000000055799, "85": 0.5000000000000375, "86": 0.9499999999999407, "87": 0.5000000000000776, "88": 0.05000000000064782, "89": 0.949999999999871, "90": 0.05000000000042368, "91": 0.5000000000000404, "92": 0.9499999999999533, "93": 0.5000000000000911, "94": 0.5000000000000662, "95": 0.5000000000000456, "96": 0.9499999999999227, "97": 0.5000000000000926, "98": 0.5000000000000312, "99": 0.5000000000000545}, "2": {"0": 0.949999999999463, "1": 0.9499999999990969, "2": 0.05000000000019455, "3": 0.050000000000198955, "4": 0.49999999999952466, "5": 0.9499999999989721, "6": 0.9499999999994424, "7": 0.4999999999991452, "8": 0.4999999999994967, "9": 0.4999999999995484, "10": 0.499999999999719, "11": 0.49999999999931855, "12": 0.0500000000002143, "13": 0.05000000000022359, "14": 0.4999999999993835, "15": 0.05000000000015499, "16": 0.4999999999996436, "17": 0.9499999999990001, "18": 0.0500000000002368, "19": 0.050000000000116056, "20": 0.4999999999992449, "21": 0.0500000000001661, "22": 0.05000000000025164, "23": 0.4999999999996044, "24": 0.49999999999944145, "25": 0.05000000000030464, "26": 0.05000000000028092, "27": 0.49999999999968947, "28": 0.949999999999396, "29": 0.4999999999994278, "30": 0.9499999999990444, "31": 0.9499999999992259, "32": 0.499999999999677, "33": 0.4999999999996436, "34": 0.49999999999966194, "35": 0.9499999999992226, "36": 0.49999999999945427, "37": 0.49999999999951, "38": 0.49999999999965306, "39": 0.9499999999995484, "40": 0.0500000000002436, "41": 0.4999999999997134, "42": 0.050000000000260024, "43": 0.05000000000017977, "44": 0.05000000000017557, "45": 0.49999999999961714, "46": 0.49999999999978484, "47": 0.9499999999989764, "48": 0.4999999999998633, "49": 0.4999999999996586, "50": 0.949999999999437, "51": 0.49999999999951, "52": 0.0500000000002368, "53": 0.9499999999990996, "54": 0.9499999999989854, "55": 0.9499999999994522, "56": 0.49999999999952216, "57": 0.050000000000209585, "58": 0.49999999999952216, "59": 0.49999999999974826, "60": 0.9499999999997315, "61": 0.49999999999970013, "62": 0.050000000000198955, "63": 0.94999999999889, "64": 0.49999999999940814, "65": 0.49999999999971945, "66": 0.05000000000011957, "67": 0.9499999999995994, "68": 0.05000000000008989, "69": 0.49999999999947753, "70": 0.050000000000171047, "71": 0.49999999999940825, "72": 0.49999999999929035, "73": 0.4999999999993835, "74": 0.49999999999947753, "75": 0.949999999999486, "76": 0.49999999999958766, "77": 0.9499999999995221, "78": 0.4999999999998086, "79": 0.05000000000010715, "80": 0.05000000000012261, "81": 0.49999999999952466, "82": 0.4999999999997485, "83": 0.4999999999995067, "84": 0.4999999999998293, "85": 0.49999999999936207, "86": 0.49999999999968947, "87": 0.9499999999996129, "88": 0.4999999999993673, "89": 0.9499999999994424, "90": 0.05000000000012582, "91": 0.050000000000085525, "92": 0.0500000000001661, "93": 0.4999999999995067, "94": 0.4999999999996044, "95": 0.4999999999997207, "96": 0.9499999999990001, "97": 0.4999999999997483, "98": 0.9499999999997184, "99": 0.49999999999940814}, "3": {"0": 0.949999999999764, "1": 0.4999999999999537, "2": 0.9499999999998359, "3": 0.949999999999878,