{"0": {"0": 0.05298602393944293, "1": 0.052682692903141974, "2": 0.05378428017147239, "3": 0.05353449225635296, "4": 0.05193614573047786, "5": 0.052772559088737805, "6": 0.05397706980196958, "7": 0.053547356119395303, "8": 0.05208362867114112, "9": 0.05188949253850146, "10": 0.05387345343589653, "11": 0.053424149800215176, "12": 0.05362729265855423, "13": 0.05411645438127528, "14": 0.05341973866206321, "15": 0.053976471935162716, "16": 0.053878537934557214, "17": 0.052782936894598786, "18": 0.05414005687834624, "19": 0.05303861877978347, "20": 0.0532882379461693, "21": 0.054184984160079344, "22": 0.05310414121591648, "23": 0.05300392840718064, "24": 0.05416753341426818, "25": 0.05380801263532974, "26": 0.0535235685839368, "27": 0.05379797999691002, "28": 0.05199790474152886, "29": 0.05360407853409716, "30": 0.05293725961435815, "31": 0.05411702452321289, "32": 0.05367878204609007, "33": 0.053709550611938925, "34": 0.05343736282157885, "35": 0.05416753341426818, "36": 0.053138752494774934, "37": 0.052693538228387654, "38": 0.05404401557724008, "39": 0.05334639296090699, "40": 0.05386594002613328, "41": 0.05282442193494284, "42": 0.05293448898196775, "43": 0.05357610903379943, "44": 0.05367878204609007, "45": 0.05426051345119609, "46": 0.05380419243158816, "47": 0.05359759502446568, "48": 0.05379797999691002, "49": 0.053798232493958265, "50": 0.05423803110784666, "51": 0.05309537740721044, "52": 0.05424593037552796, "53": 0.05395761286121889, "54": 0.052773176592969935, "55": 0.053583718290559024, "56": 0.05409662426729864, "57": 0.053878537934557214, "58": 0.053480104762655446, "59": 0.05341973866206321, "60": 0.05391060638908846, "61": 0.052693538228387654, "62": 0.05181364632927712, "63": 0.05384976177161381, "64": 0.053595471277029294, "65": 0.053976471935162716, "66": 0.05387345343589653, "67": 0.053709550611938925, "68": 0.053659330538299195, "69": 0.05293448898196775, "70": 0.051423930981183245, "71": 0.05383366653198603, "72": 0.052773176592969935, "73": 0.05207002843917312, "74": 0.05378428017147239, "75": 0.05309537740721044, "76": 0.05158199168125548, "77": 0.05350398722750376, "78": 0.05411702452321289, "79": 0.052782936894598786, "80": 0.05315117447169128, "81": 0.051767246128176486, "82": 0.05350398722750376, "83": 0.051955303194544236, "84": 0.05334639296090699, "85": 0.0532882379461693, "86": 0.053595471277029294, "87": 0.05398246620470275, "88": 0.053138752494774934, "89": 0.053659330538299195, "90": 0.05377030209074522, "91": 0.05423803110784666, "92": 0.05360407853409716, "93": 0.05293725961435815, "94": 0.05397706980196958, "95": 0.052772559088737805, "96": 0.05357610903379943, "97": 0.05359759502446568, "98": 0.05383366653198603, "99": 0.05377030209074522}, "1": {"0": 0.9441703896759883, "1": 0.9448133779869293, "2": 0.943600956630841, "3": 0.9468533993215793, "4": 0.9439176479188914, "5": 0.9440318452660088, "6": 0.94388688734493, "7": 0.94403995979367, "8": 0.945005344254187, "9": 0.9440914406579612, "10": 0.9436754167829777, "11": 0.9447314866625609, "12": 0.9446575078929059, "13": 0.9455355040157449, "14": 0.9445238360222123, "15": 0.9440277955399053, "16": 0.9445543350616448, "17": 0.9441719559603504, "18": 0.9447212288039251, "19": 0.9454210292511025, "20": 0.9440040809120216, "21": 0.9442324039024977, "22": 0.9445095549318179, "23": 0.9472121618692567, "24": 0.9440817162844088, "25": 0.9455413988125275, "26": 0.9446654957121599, "27": 0.9450163694200395, "28": 0.9438870145185104, "29": 0.9440040809120216, "30": 0.9446679943176237, "31": 0.9440221600081166, "32": 0.944897937617942, "33": 0.9454009729983981, "34": 0.9452277984854313, "35": 0.943884656275447, "36": 0.9441358355353725, "37": 0.944600589407987, "38": 0.9459018731178278, "39": 0.9442079124005877, "40": 0.9447277273427284, "41": 0.9440137005085816, "42": 0.9440148908438224, "43": 0.9455388112270857, "44": 0.94388688734493, "45": 0.9457395151317833, "46": 0.9440221600081166, "47": 0.9455477972313278, "48": 0.9454577161141008, "49": 0.944130712619704, "50": 0.944756762190887, "51": 0.9457395151317833, "52": 0.9450185679989316, "53": 0.9445161342537566, "54": 0.9468999100186366, "55": 0.9439823529947273, "56": 0.946113955908449, "57": 0.9443571452395528, "58": 0.9470838917216622, "59": 0.9448567196485221, "60": 0.9455477972313278, "61": 0.9450245385958612, "62": 0.9440817162844088, "63": 0.9442017327535643, "64": 0.9439689038753925, "65": 0.9453380461214463, "66": 0.9442324039024977, "67": 0.9458429050650496, "68": 0.9450163694200395, "69": 0.9443269739589911, "70": 0.9440914406579612, "71": 0.9439986998911049, "72": 0.9448745131814372, "73": 0.9441358355353725, "74": 0.9456762496288265, "75": 0.9448745131814372, "76": 0.9440991629038351, "77": 0.9443468073765369, "78": 0.945005344254187, "79": 0.9457996995909045, "80": 0.944756762190887, "81": 0.9440991629038351, "82": 0.9458947279472123, "83": 0.9448133779869293, "84": 0.9442557231829435, "85": 0.946113955908449, "86": 0.9477694056135428, "87": 0.9452277984854313, "88": 0.9446654957121599, "89": 0.9450245385958612, "90": 0.9448567196485221, "91": 0.9439986998911049, "92": 0.9445543350616448, "93": 0.9445117198661007, "94": 0.9445238360222123, "95": 0.9446575078929059, "96": 0.94403995979367, "97": 0.9447813642956804, "98": 0.9445117198661007, "99": 0.9453380461214463}, "2": {"0": 0.05439909171097769, "1": 0.054986729702581755, "2": 0.054470638162710514, "3": 0.05496752162987825, "4": 0.054447210675852356, "5": 0.05436863321527573, "6": 0.05483748086071082, "7": 0.0543888656802637, "8": 0.05379231348113368, "9": 0.05491271344860268, "10": 0.05165190587952254, "11": 0.054399244404189896, "12": 0.053532259288115835, "13": 0.05409690690806644, "14": 0.05501700465274326, "15": 0.05432347377637983, "16": 0.054404002227515416, "17": 0.05490732079903571, "18": 0.054245723334383336, "19": 0.053762696874315286, "20": 0.054468108758864736, "21": 0.05483430415708429, "22": 0.054533472055300306, "23": 0.05493215913076271, "24": 0.054920264598180904, "25": 0.054367497492129935, "26": 0.054768973727284856, "27": 0.05396512121392312, "28": 0.05403123708270967, "29": 0.054504151085076294, "30": 0.05495630983241395, "31": 0.05429671474135558, "32": 0.054568431672164505, "33": 0.05429671474135558, "34": 0.05503379636949341, "35": 0.05474194327250817, "36": 0.05496834044949674, "37": 0.054583841438195356, "38": 0.05493784544377237, "39": 0.05476236364905735, "40": 0.054991392404239794, "41": 0.054707823593146514, "42": 0.0547922793234509, "43": 0.054197708165802064, "44": 0.054568431672164505, "45": 0.053612272022109886, "46": 0.054804119269311634, "47": 0.054915958557227605, "48": 0.05447990178638189, "49": 0.05237988021743316, "50": 0.052117958917167445, "51": 0.05433008015406276, "52": 0.05491271344860268, "53": 0.053870510337601485, "54": 0.05464229588625166, "55": 0.05366426943485216, "56": 0.05216485730846234, "57": 0.05427506237065527, "58": 0.05392095433912813, "59": 0.05434326621809807, "60": 0.05399194436143587, "61": 0.05464667345900817, "62": 0.054986729702581755, "63": 0.05476236364905735, "64": 0.054707823593146514, "65": 0.05256019117487923, "66": 0.053612272022109886, "67": 0.05434479260801782, "68": 0.054774845408269615, "69": 0.053462522571694274, "70": 0.05388216765793229, "71": 0.0536050539431351, "72": 0.054468108758864736, "73": 0.05433008015406276, "74": 0.054920264598180904, "75": 0.054014115657734285, "76": 0.054014115657734285, "77": 0.05434326621809807, "78": 0.054219679050109694, "79": 0.0547922793234509, "80": 0.05474194327250817, "81": 0.05412968800893259, "82": 0.054470638162710514, "83": 0.05490732079903571, "84": 0.05434479260801782, "85": 0.0523555487734822, "86": 0.05388216765793229, "87": 0.05501700465274326, "88": 0.0520648440044663, "89": 0.05403123708270967, "90": 0.05458880537872604, "91": 0.054774845408269615, "92": 0.054399244404189896, "93": 0.05439909171097769, "94": 0.05459119226942396, "95": 0.05471433656506739, "96": 0.05427506237065527, "97": 0.053762696874315286,