{"0": {"0": 0.9499214253434288, "1": 0.949861814635506, "2": 0.050111186480734066, "3": 0.0500640910093882, "4": 0.9499214253434288, "5": 0.05008088150594771, "6": 0.9499683573723489, "7": 0.9499176426346421, "8": 0.05009776166348057, "9": 0.0501001752730776, "10": 0.5396368503178471, "11": 0.539636850310608, "12": 0.5396368503098088, "13": 0.5396368503072886, "14": 0.9499463957933705, "15": 0.050088671720926695, "16": 0.05007742255273842, "17": 0.0500640910093882, "18": 0.5396368502957721, "19": 0.9498613398491362, "20": 0.5396368503098088, "21": 0.0501001752730776, "22": 0.9499251240128586, "23": 0.5396368503140054, "24": 0.5396368503097391, "25": 0.9498986558897062, "26": 0.9499307479173147, "27": 0.0500201346508099, "28": 0.05005611627256174, "29": 0.5396368503195415, "30": 0.050042089724740106, "31": 0.5396368502931093, "32": 0.949958821317321, "33": 0.539636850301559, "34": 0.949941882290722, "35": 0.5396368503057363, "36": 0.539636850301559, "37": 0.539636850306828, "38": 0.5396368503078, "39": 0.05002527881345098, "40": 0.5396368503086375, "41": 0.9499307479173147, "42": 0.050119761413098166, "43": 0.539636850310608, "44": 0.05007406854455307, "45": 0.05004103925030107, "46": 0.5396368502834726, "47": 0.5396368503086375, "48": 0.5396368502957721, "49": 0.5396368503080105, "50": 0.05004764434240218, "51": 0.539636850306828, "52": 0.5396368503382715, "53": 0.9498927915867409, "54": 0.9499306699245681, "55": 0.9498817028998471, "56": 0.05007742255273842, "57": 0.5396368503005204, "58": 0.9499389163921302, "59": 0.9498978776341727, "60": 0.9498734294893956, "61": 0.5396368503015077, "62": 0.5396368503015077, "63": 0.9499217941437829, "64": 0.9498795128456203, "65": 0.5396368503011693, "66": 0.05007406854455307, "67": 0.949900099606186, "68": 0.5396368503046631, "69": 0.5396368503024768, "70": 0.05005915783627241, "71": 0.9498873678643944, "72": 0.5396368503046631, "73": 0.9499436839321972, "74": 0.5396368503111781, "75": 0.0500523518385744, "76": 0.5396368503111781, "77": 0.5396368503024768, "78": 0.9499023215781994, "79": 0.949891575108931, "80": 0.5396368502931093, "81": 0.5396368502975908, "82": 0.5396368503123687, "83": 0.5396368503051028, "84": 0.949900099606186, "85": 0.050032000674207426, "86": 0.5396368503005204, "87": 0.5396368503178471, "88": 0.5396368502971143, "89": 0.9499332089440193, "90": 0.5396368503097391, "91": 0.5396368503140054, "92": 0.5396368503007324, "93": 0.5396368503080105, "94": 0.050028058136280876, "95": 0.9499608970718914, "96": 0.9499220270143478, "97": 0.5396368502975908, "98": 0.0501217951401928, "99": 0.5396368503078}, "1": {"0": 0.3441368770365342, "1": 0.9495985798133519, "2": 0.949614501963598, "3": 0.05011535043701121, "4": 0.9497201118602239, "5": 0.9498094789195684, "6": 0.949648032362402, "7": 0.9495614982687169, "8": 0.05010234072550644, "9": 0.9496416412854247, "10": 0.0500722871639705, "11": 0.0500730785959298, "12": 0.9495886730771574, "13": 0.05005736097177705, "14": 0.9495985798133519, "15": 0.9495155772116908, "16": 0.9496924167671404, "17": 0.9496230513841315, "18": 0.050129465866758975, "19": 0.05010234072550644, "20": 0.05004806730790402, "21": 0.9495896659667623, "22": 0.949644894773744, "23": 0.9496219285760719, "24": 0.9497965865564821, "25": 0.05002578051475842, "26": 0.949726016248577, "27": 0.949862097501029, "28": 0.05013190264340392, "29": 0.050109366868870436, "30": 0.9495962561323539, "31": 0.05011535043701121, "32": 0.9495985798133519, "33": 0.9497201118602239, "34": 0.949606357395451, "35": 0.0500849726723443, "36": 0.9496924167671404, "37": 0.9496337348592704, "38": 0.949495910933744, "39": 0.9498021872428992, "40": 0.9495212836486023, "41": 0.0500564709255106, "42": 0.9497918682831833, "43": 0.9495667668346877, "44": 0.05007283056980738, "45": 0.050109366868870436, "46": 0.9495212836486023, "47": 0.9497689178344347, "48": 0.05014383525184036, "49": 0.05011294185102119, "50": 0.050116183514901436, "51": 0.05007705541351319, "52": 0.9496131799124958, "53": 0.050097283581929435, "54": 0.9497123448623082, "55": 0.9496364249483837, "56": 0.9496971345265972, "57": 0.05009613461580805, "58": 0.9495667941405708, "59": 0.9496655545014258, "60": 0.05005411296495986, "61": 0.9496715371472217, "62": 0.05005411296495986, "63": 0.949662006125924, "64": 0.9497058033532315, "65": 0.9498115256920657, "66": 0.9497234181654711, "67": 0.9496337348592704, "68": 0.9497675311230507, "69": 0.949605750468703, "70": 0.9496219285760719, "71": 0.9497355134940546, "72": 0.05010825727039814, "73": 0.9496271948789266, "74": 0.9497355134940546, "75": 0.05003641528490369, "76": 0.05013190264340392, "77": 0.05002873666478617, "78": 0.9496035087085621, "79": 0.949614501963598, "80": 0.0500572586795605, "81": 0.9497234181654711, "82": 0.949495910933744, "83": 0.9495886730771574, "84": 0.9497612891794946, "85": 0.949605750468703, "86": 0.9497689178344347, "87": 0.050071917625920184, "88": 0.9496035087085621, "89": 0.9497918682831833, "90": 0.949726016248577, "91": 0.9496971345265972, "92": 0.9496655545014258, "93": 0.949570577687293, "94": 0.9497058033532315, "95": 0.05010825727039814, "96": 0.9496786609216277, "97": 0.9495667941405708, "98": 0.949662006125924, "99": 0.9497873248228208}, "2": {"0": 0.45504385357158617, "1": 0.4550438535717519, "2": 0.05004348209500121, "3": 0.45504385357233895, "4": 0.9499776732491216, "5": 0.4550438535717584, "6": 0.45504385357106036, "7": 0.05004364782637538, "8": 0.9499502091193571, "9": 0.05005099687638831, "10": 0.4550438535708725, "11": 0.9499907648295338, "12": 0.4550438535711937, "13": 0.45504385357033206, "14": 0.9499591349402706, "15": 0.9499480713854433, "16": 0.4550438535712324, "17": 0.45504385357156263, "18": 0.05003220324826825, "19": 0.45504385357033206, "20": 0.949963056425071, "21": 0.45504385357121413, "22": 0.9499709726034801, "23": 0.9499536751987134, "24": 0.4550438535715492, "25": 0.4550438535713016, "26": 0.4550438535712844, "27": 0.05002321303336174, "28": 0.4550438535703657, "29": 0.9499671955574027, "30": 0.45504385357178956, "31": 0.9499591814320381, "32": 0.455043853571796, "33": 0.45504385357137633, "34": 0.9499591349402706, "35": 0.4550438535718587, "36": 0.45504385357156263, "37": 0.4550438535715492, "38": 0.45504385357156274, "39": 0.45504385357156274, "40": 0.05005461373174564, "41": 0.050039280561688326, "42": 0.9499701779648556, "43": 0.05004274637975199, "44": 0.05006487675256131, "45": 0.45504385357120286, "46": 0.9499783072523259, "47": 0.9499591814320381, "48": 0.45504385357259375, "49": 0.9499529286944275, "50": 0.4550438535723106, "51": 0.05003704032921186, "52": 0.45504385357173316, "53": 0.05002983374266856, "54": 0.4550438535717584, "55": 0.45504385357162264, "56": 0.4550438535712324, "57": 0.4550438535718587, "58": 0.45504385357153476, "59": 0.4550438535699737, "60": 0.45504385357163096, "61": 0.05003704032921186, "62": 0.9499789768006568, "63": 0.050036984482583466, "64": 0.05003261694581941, "65": 0.9499894884003284, "66": 0.9499835977787013, "67": 0.050053652401294564, "68": 0.050036984482583466, "69": 0.45504385357173316, "70": 0.05008631472470069, "71": 0.949963056425071, "72": 0.4550438535719655, "73": 0.45504385357137633, "74": 0.4550438535703657, "75": 0.9499392870423123, "76": 0.05004274637975199, "77": 0.4550438535714577, "78": 0.4550438535717584, "79": 0.45504385357094346, "80": 0.45504385357121413, "81": 0.9499529286944275, "82": 0.45504385357157884, "83": 0.9499451878936624, "84": 0.455043853570689, "85": 0.050037656780729564, "86": 0.45504385357094346, "87": 0.4550438535699737, "88": 0.4550438535711937, "89": 0.05004381355774955, "90": 0.9499768375993567, "91": 0.4550438535713044, "92": 0.050055659016835424, "93": 0.45504385357106036, "94": 0.4550438535714577, "95": 0.45504385357153476, "96": 0.9499672741190638, "97": 0.050021439335276786, "98": 0.9499772893366561, "99": 0.05004364782637538}, "3": {"0": 0.050081356831521706, "1": 0.5233448133763079, "2": 0.9499382859243477, "3": 0.5233448133734209, "4": 0.9499364569041193,