{"0": {"0": 0.5001326598106731, "1": 0.500068847717531, "2": 0.500097702096459, "3": 0.5001591593905751, "4": 0.050011570631854844, "5": 0.5001339383130752, "6": 0.5001389122075212, "7": 0.5001577512356292, "8": 0.5000795796952875, "9": 0.5001408192202752, "10": 0.5001156488600033, "11": 0.5001341066278036, "12": 0.5001290549113288, "13": 0.5001561998520669, "14": 0.5001262987160009, "15": 0.050005819069809256, "16": 0.5001532971602964, "17": 0.5001006558384653, "18": 0.050009365809432854, "19": 0.5001586795800308, "20": 0.5001290549113288, "21": 0.05001572363866258, "22": 0.949988583364763, "23": 0.5001461601360915, "24": 0.05000757556268014, "25": 0.5001389423627297, "26": 0.05001773192906614, "27": 0.5000914331246422, "28": 0.5001460010300538, "29": 0.500148020068375, "30": 0.5001064925021704, "31": 0.5000977423200128, "32": 0.5001575205812241, "33": 0.5001066818799105, "34": 0.5001770317436841, "35": 0.5001218517602256, "36": 0.05001469780985876, "37": 0.5001444153421033, "38": 0.5001451455139865, "39": 0.5001461601360915, "40": 0.5001035072791329, "41": 0.5000598362703358, "42": 0.5001201533089155, "43": 0.05001321539524492, "44": 0.05001321539524492, "45": 0.500057331097834, "46": 0.5001722139884086, "47": 0.5000988367118628, "48": 0.5000988367118628, "49": 0.5000721820071161, "50": 0.5000757552635655, "51": 0.05001296664338714, "52": 0.5001243153786108, "53": 0.5001158169760905, "54": 0.5000809593740012, "55": 0.05001296664338714, "56": 0.5001180517150151, "57": 0.50018233309883, "58": 0.5001463145122149, "59": 0.5001461147123699, "60": 0.5001711384570262, "61": 0.5001361677234929, "62": 0.5001259136969485, "63": 0.949988583364763, "64": 0.500138148861286, "65": 0.5001444153421033, "66": 0.500117503368384, "67": 0.5001165885411673, "68": 0.5000517536395664, "69": 0.05001572363866258, "70": 0.5001479268371278, "71": 0.5000788756178146, "72": 0.5001479268371278, "73": 0.5001366548490315, "74": 0.5001462983394886, "75": 0.500138952461016, "76": 0.5001257845206386, "77": 0.5000925811246176, "78": 0.5000462905623089, "79": 0.05001469780985876, "80": 0.500098611167237, "81": 0.5001505335426245, "82": 0.5001558725618542, "83": 0.5001201533089155, "84": 0.5001341066278036, "85": 0.5001540588097343, "86": 0.50012279311881, "87": 0.5001077850153556, "88": 0.5001165885411673, "89": 0.500117503368384, "90": 0.5001389423627297, "91": 0.05001697823567155, "92": 0.500097702096459, "93": 0.05000757556268014, "94": 0.50012279311881, "95": 0.5000779362809271, "96": 0.5000731572561075, "97": 0.5001505335426245, "98": 0.5000770294048671, "99": 0.5000538925076778}, "1": {"0": 0.5005550656604889, "1": 0.050060481007681075, "2": 0.5004873230552611, "3": 0.5007151008363189, "4": 0.5006473519500093, "5": 0.5006470919650967, "6": 0.5006481482645506, "7": 0.05002555411912788, "8": 0.5008233943646843, "9": 0.050054492098995304, "10": 0.5008463550660149, "11": 0.5007204894019239, "12": 0.5004854660773943, "13": 0.5006565942404577, "14": 0.5001999312130309, "15": 0.05003684872823958, "16": 0.5003483537126092, "17": 0.500728959787033, "18": 0.05001468877930604, "19": 0.5005460180427599, "20": 0.0500459507301732, "21": 0.5005715273111409, "22": 0.5005610731128809, "23": 0.5001667062266114, "24": 0.05006839424021285, "25": 0.5008444729572024, "26": 0.500588052855594, "27": 0.5007732160274632, "28": 0.5004854660773943, "29": 0.0500455813711259, "30": 0.050033232835832955, "31": 0.5005505941246331, "32": 0.0500501663129866, "33": 0.05004668562647702, "34": 0.5003445873909338, "35": 0.5007935311349699, "36": 0.05005345604226227, "37": 0.050021989241623835, "38": 0.05005651807116435, "39": 0.5004014157419392, "40": 0.5006984953026743, "41": 0.5007558271536436, "42": 0.5006473519500093, "43": 0.5007204894019239, "44": 0.5008849406330956, "45": 0.5008827213788974, "46": 0.5007672189957262, "47": 0.5003492476513371, "48": 0.05004852203980844, "49": 0.5007076836301384, "50": 0.5004991843756275, "51": 0.500765256119937, "52": 0.5007536811665174, "53": 0.5006414057316689, "54": 0.5003334124532228, "55": 0.05001547612401401, "56": 0.050054496343696235, "57": 0.5005550656604889, "58": 0.5005847352028959, "59": 0.5002978027853816, "60": 0.5008444729572024, "61": 0.500588052855594, "62": 0.050054492098995304, "63": 0.5005650661594057, "64": 0.05005216975943906, "65": 0.5004473177936759, "66": 0.5005517929769894, "67": 0.050014371720613536, "68": 0.05003704965975016, "69": 0.5007276807559957, "70": 0.5006801252325045, "71": 0.5007628126108833, "72": 0.5008849406330956, "73": 0.050060481007681075, "74": 0.5008674979423653, "75": 0.5008674979423653, "76": 0.05005216975943906, "77": 0.050039340514137234, "78": 0.0500250831564933, "79": 0.5006470919650967, "80": 0.5005771432209056, "81": 0.5005531479630779, "82": 0.05005485180059624, "83": 0.5008338891158168, "84": 0.5005460180427599, "85": 0.5007313934190765, "86": 0.500516026498286, "87": 0.5002571197362784, "88": 0.5007628126108833, "89": 0.5005650661594057, "90": 0.5007751564863365, "91": 0.5007935311349699, "92": 0.5007313934190765, "93": 0.0500229753650866, "94": 0.500516026498286, "95": 0.5007751564863365, "96": 0.5005771432209056, "97": 0.5002436615276306, "98": 0.05002825903558218, "99": 0.5008338891158168}, "2": {"0": 0.49953624851345224, "1": 0.9499120958523529, "2": 0.9499181986757613, "3": 0.49909495634742806, "4": 0.949923090091772, "5": 0.49920805797378653, "6": 0.9499517940960163, "7": 0.49902844836514426, "8": 0.4991646403900942, "9": 0.9498903060300019, "10": 0.949916066640041, "11": 0.49958175144298667, "12": 0.4989652665308587, "13": 0.49931634211274306, "14": 0.499411988158327, "15": 0.49953658137451745, "16": 0.9499451530150009, "17": 0.4992641530977103, "18": 0.4993586401612681, "19": 0.4991568664379277, "20": 0.4991691222804718, "21": 0.49926453097885326, "22": 0.9499044537773833, "23": 0.49912874165653975, "24": 0.4990840595482315, "25": 0.9499173371016858, "26": 0.49927615634552747, "27": 0.9499041489484437, "28": 0.9498878398846216, "29": 0.4993565287855289, "30": 0.49959624049226276, "31": 0.49929126942764746, "32": 0.4993555540700956, "33": 0.9499090770250784, "34": 0.49931634211274306, "35": 0.49927746492058056, "36": 0.9499044537773833, "37": 0.49935866083651037, "38": 0.4993223112709677, "39": 0.499607111920345, "40": 0.9498891171255195, "41": 0.9498964392820823, "42": 0.4998035559601725, "43": 0.4994285332243993, "44": 0.49901788295276417, "45": 0.4990752668171792, "46": 0.9498887502465743, "47": 0.9499249900417142, "48": 0.49914812985776313, "49": 0.9499586685508429, "50": 0.4992637752165673, "51": 0.49919883563355466, "52": 0.9499557870606832, "53": 0.49901788295276417, "54": 0.9499633863091127, "55": 0.49918248135290444, "56": 0.4996974845257842, "57": 0.49912189443977084, "58": 0.4992679468776832, "59": 0.4994008822395837, "60": 0.9499101852126755, "61": 0.9498943149065152, "62": 0.4994653487269266, "63": 0.4991463501837512, "64": 0.9498964392820823, "65": 0.4991463501837512, "66": 0.4994238145343574, "67": 0.949919580496942, "68": 0.9499323059769217, "69": 0.4994418266444209, "70": 0.49958175144298667, "71": 0.9499445585627597, "72": 0.4994418266444209, "73": 0.4992394166652729, "74": 0.4993586401612681, "75": 0.49929126942764746, "76": 0.49957337558635107, "77": 0.4992679468776832, "78": 0.4991745368820416, "79": 0.4990752668171792, "80": 0.4994008822395837, "81": 0.9499624950208571, "82": 0.949923090091772, "83": 0.49910149262359293, "84": 0.9499066128015761, "85": 0.49935843434207217, "86": 0.49910149262359293, "87": 0.9499101852126755, "88": 0.4994653487269266, "89": 0.4990530056373229, "90": 0.9499758970480081, "91": 0.4992394166652729, "92": 0.9499816931545564, "93": 0.4992641530977103, "94": 0.49919883563355466, "95": 0.9499041489484437, "96": 0.4996387324602903, "97": 0.9498943149065152, "98": 0.49920571998969754, "99": 0.49918248135290444}, "3": {"0": 0.49998189301495616, "1": 0.49998312710259507, "2": 0.4999813604260562, "3": 0.49998312710259507, "4": 0.49998721895938025,