{"0": {"0": 0.25092233133650144, "1": 0.2530318510472659, "2": 0.261466739336134, "3": 0.303642137880785, "4": 0.30883291437114047, "5": 0.2873979695729344, "6": 0.27592015178768803, "7": 0.3391029297657091, "8": 0.2567099687590927, "9": 0.3150308247933884, "10": 0.2637386669693812, "11": 0.2812114802905709, "12": 0.29994157641834374, "13": 0.2861750920845284, "14": 0.26011616721931385, "15": 0.27827563035121183, "16": 0.29696727530614214, "17": 0.30250207870808093, "18": 0.3016908089116222, "19": 0.2530318510472659, "20": 0.27518341737710594, "21": 0.28464565206690295, "22": 0.2450219468764484, "23": 0.387960075893844, "24": 0.3428886659844147, "25": 0.28745219845599335, "26": 0.296207779342126, "27": 0.14509928306578343, "28": 0.2984689874573479, "29": 0.2681349198554084, "30": 0.9495872926768754, "31": 0.3009490800002186, "32": 0.28393439898813566, "33": 0.27000448116021447, "34": 0.1843214252110611, "35": 0.2770433320973225, "36": 0.3115873196159784, "37": 0.29884377027564984, "38": 0.2986613693366569, "39": 0.27623677614264136, "40": 0.23708341319875953, "41": 0.2366152740200716, "42": 0.2865020223141348, "43": 0.16696719949406783, "44": 0.23840692007581923, "45": 0.25285993279608815, "46": 0.3556484056647776, "47": 0.2796252244888078, "48": 0.2681349198554084, "49": 0.27259699810583016, "50": 0.2597370969783302, "51": 0.2450219468764484, "52": 0.17941645718557023, "53": 0.29696727530614214, "54": 0.2873979695729344, "55": 0.2850051522409557, "56": 0.28871640313260605, "57": 0.24915122106981555, "58": 0.2841639441060484, "59": 0.2872718242287843, "60": 0.38891555232867836, "61": 0.26011616721931385, "62": 0.2694868554601585, "63": 0.39081177143575696, "64": 0.9496636697703983, "65": 0.2867495090884581, "66": 0.29892356406609943, "67": 0.2854652439701685, "68": 0.23708341319875953, "69": 0.27360316641245747, "70": 0.3115873196159784, "71": 0.3089951618568822, "72": 0.29282964409406154, "73": 0.3092563194270453, "74": 0.28765793733941847, "75": 0.9498318348851991, "76": 0.28745219845599335, "77": 0.28047612586160076, "78": 0.2840670316005096, "79": 0.25904647819856025, "80": 0.3089951618568822, "81": 0.2740624992385219, "82": 0.173103889671063, "83": 0.27827563035121183, "84": 0.2694868554601585, "85": 0.25904647819856025, "86": 0.3391029297657091, "87": 0.2865020223141348, "88": 0.27623677614264136, "89": 0.2812114802905709, "90": 0.2861750920845284, "91": 0.155733369668067, "92": 0.2813529008079557, "93": 0.2841639441060484, "94": 0.3898126122444039, "95": 0.21849633681746025, "96": 0.39067645040397786, "97": 0.21849633681746025, "98": 0.3092563194270453, "99": 0.2986613693366569}, "1": {"0": 0.5028113619604224, "1": 0.5024637683957005, "2": 0.5028088836527467, "3": 0.502779717094167, "4": 0.5027021510002117, "5": 0.5028917167606621, "6": 0.5028802149571092, "7": 0.5019191930550306, "8": 0.5027421035952964, "9": 0.5028169201371234, "10": 0.503092045448743, "11": 0.5030341788821153, "12": 0.5023820834038867, "13": 0.5026162728007737, "14": 0.5028519134801919, "15": 0.5028416969323264, "16": 0.5023978901851233, "17": 0.5028357169274146, "18": 0.5029164470278118, "19": 0.5028829376143479, "20": 0.5027601592254629, "21": 0.5027939565631312, "22": 0.5025245334784647, "23": 0.5028111329184515, "24": 0.502772261723184, "25": 0.5024968913009973, "26": 0.5027802435244721, "27": 0.5024693550453001, "28": 0.5025790965051926, "29": 0.502756099854415, "30": 0.5012927233512782, "31": 0.5028269215105532, "32": 0.5028318519225576, "33": 0.5028318519225576, "34": 0.5025788819378316, "35": 0.5028621906373292, "36": 0.5015045900434414, "37": 0.5026488302019058, "38": 0.5026490900226162, "39": 0.5027701127441735, "40": 0.5024256346045739, "41": 0.5024256346045739, "42": 0.5025518149918287, "43": 0.502662380422738, "44": 0.5026484449127686, "45": 0.5028159992789478, "46": 0.502841825251183, "47": 0.5026490900226162, "48": 0.5028009068787633, "49": 0.5029394682134938, "50": 0.5023692935148152, "51": 0.5027698079205665, "52": 0.5023969030747122, "53": 0.5027445260859209, "54": 0.503053288494485, "55": 0.5029310860736158, "56": 0.5025347170212482, "57": 0.5028031759490688, "58": 0.5028891772291744, "59": 0.5027927595749349, "60": 0.5030180707946139, "61": 0.5025684572125064, "62": 0.5027582663880861, "63": 0.5027445260859209, "64": 0.5027802435244721, "65": 0.5027204961105015, "66": 0.5026938524103787, "67": 0.5028136516500499, "68": 0.5027904613286441, "69": 0.5026488302019058, "70": 0.5022710019452238, "71": 0.5024693550453001, "72": 0.5026938524103787, "73": 0.50273253625357, "74": 0.5027204961105015, "75": 0.5018948709074852, "76": 0.5029972762159496, "77": 0.5023692935148152, "78": 0.502452025497184, "79": 0.5021412116753305, "80": 0.5028519134801919, "81": 0.5028626784914885, "82": 0.5027421035952964, "83": 0.5028804745532973, "84": 0.502841825251183, "85": 0.5028269215105532, "86": 0.5025788819378316, "87": 0.501226012748592, "88": 0.5028416969323264, "89": 0.5029164470278118, "90": 0.5027601592254629, "91": 0.5027939565631312, "92": 0.5012484456504986, "93": 0.5028059853319866, "94": 0.5027582663880861, "95": 0.5018796234677095, "96": 0.5024637683957005, "97": 0.5028159992789478, "98": 0.5028829376143479, "99": 0.5022710019452238}, "2": {"0": 0.2549829207178029, "1": 0.24795523218085944, "2": 0.2864507310607946, "3": 0.2519507095916781, "4": 0.25328860809206705, "5": 0.9500095608233923, "6": 0.24335195214656796, "7": 0.26602313867386196, "8": 0.25982034156064215, "9": 0.22877166384256953, "10": 0.2757624602471318, "11": 0.22012045429788057, "12": 0.29078573256440543, "13": 0.304480056714026, "14": 0.26380277277270625, "15": 0.24462901814560004, "16": 0.26272341827108425, "17": 0.284194392648908, "18": 0.2753627070501073, "19": 0.28031025692794637, "20": 0.24815245760168647, "21": 0.29120737622490644, "22": 0.29163825323520653, "23": 0.2886490302538344, "24": 0.2757004276989893, "25": 0.2582736592182766, "26": 0.20756304191495165, "27": 0.2262796565772768, "28": 0.2771874555079889, "29": 0.29058396376460327, "30": 0.2683543443740005, "31": 0.2639768947006825, "32": 0.252257661685785, "33": 0.2753627070501073, "34": 0.2518837703243539, "35": 0.27863550896885114, "36": 0.27284124128656817, "37": 0.2947347433332267, "38": 0.2841225680896785, "39": 0.2712745003349232, "40": 0.26200776467442916, "41": 0.2854985971314586, "42": 0.2951417475528841, "43": 0.28192446919206193, "44": 0.34219511374717354, "45": 0.284194392648908, "46": 0.2688788961607306, "47": 0.29258994976846403, "48": 0.24954286633189013, "49": 0.25919250491930035, "50": 0.2766857739125836, "51": 0.2593783466653991, "52": 0.24639089772006562, "53": 0.2947347433332267, "54": 0.26128761349944685, "55": 0.2712745003349232, "56": 0.26827539860773386, "57": 0.26798389579744875, "58": 0.2680693826470415, "59": 0.2549829207178029, "60": 0.16998027565215001, "61": 0.2638963920205242, "62": 0.2638963920205242, "63": 0.26524273287694144, "64": 0.28288457103463976, "65": 0.2582736592182766, "66": 0.2678353433196258, "67": 0.27284124128656817, "68": 0.9501529731742762, "69": 0.159646073928687, "70": 0.26200776467442916, "71": 0.38362932467904687, "72": 0.24335195214656796, "73": 0.2717678855093075, "74": 0.2542246743168176, "75": 0.27863550896885114, "76": 0.26133359744311235, "77": 0.32347500801136597, "78": 0.1625452727778731, "79": 0.26347468996692436, "80": 0.26524273287694144, "81": 0.39529198188230164, "82": 0.28186978790479034, "83": 0.26602313867386196, "84": 0.26827539860773386, "85": 0.2838446728772176, "86": 0.20756304191495165, "87": 0.2951417475528841, "88": 0.25328860809206705, "89": 0.15566679872155617, "90": 0.2771874555079889, "91": 0.1511288308428925, "92": 0.21080631807191438, "93": 0.34219511374717354, "94": 0.2757624602471318, "95": 0.29258994976846403, "96": 0.37594188516217697, "97": 0.2717678855093075, "98": 0.28288457103463976, "99": 0.24815245760168647}, "3": {"0": 0.7231332339616774, "1": 0.7278601393557573, "2": 0.7078511047403406, "3": 0.7235433474542412, "4": 0.7045922287879545,