{"0": {"0": 0.7087278096448943, "1": 0.7087278096448943, "2": 0.5516391425838088, "3": 2.2810229780415995e-05, "4": 0.40840532855316447, "5": 1.802039595415034e-05, "6": 0.6394229725987404, "7": 0.8284105898844638, "8": 0.5294435733736889, "9": 0.8936094236176764, "10": 0.831135426124262, "11": 1.645821818720568e-05, "12": 0.831135426124262, "13": 1.8865410725326254e-05, "14": 2.262229454722053e-05, "15": 0.7825804282513006, "16": 1.0364680229177111e-05, "17": 2.018943759846405e-05, "18": 0.6521689960334436, "19": 2.375135193258247e-05, "20": 0.8441696028144738, "21": 0.9452327133436692, "22": 0.831135426124262, "23": 1.9551394742239773e-05, "24": 0.5067983555237958, "25": 1.625827134874274e-05, "26": 0.6394229725987404, "27": 0.992999209119034, "28": 2.270527397393442e-05, "29": 0.6521689960334436, "30": 1.9551394742239773e-05, "31": 0.8270742305251134, "32": 0.5067983555237958, "33": 2.9962491160108423e-05, "34": 2.1567591177544173e-05, "35": 1.6631066858815505e-05, "36": 2.1857018827423017e-05, "37": 0.831135426124262, "38": 1.498996853865758e-05, "39": 1.5480296674398743e-05, "40": 0.7373554852090547, "41": 2.07226579969409e-05, "42": 0.6663699086348404, "43": 2.236014169840071e-05, "44": 0.539097774934384, "45": 0.8284105898844638, "46": 2.5767836621940812e-05, "47": 2.666662458690443e-05, "48": 0.6394229725987404, "49": 1.0364680229177111e-05, "50": 1.2425526101925158e-05, "51": 0.9272230413364919, "52": 0.9272230413364919, "53": 0.992999209119034, "54": 0.9027772398052607, "55": 2.6646655040169704e-05, "56": 0.8306751381160304, "57": 0.5199344151317697, "58": 2.1567591177544173e-05, "59": 1.135263698696721e-05, "60": 2.20833347641922e-05, "61": 0.9494519367096221, "62": 2.0945698458811394e-05, "63": 0.8270742305251134, "64": 2.0028580410683696e-05, "65": 1.6631066858815505e-05, "66": 1.3240433086844057e-05, "67": 0.5199344151317697, "68": 0.8936094236176764, "69": 0.539097774934384, "70": 0.9452327133436692, "71": 1.0094718799232025e-05, "72": 1.8451032001494167e-05, "73": 2.5396117822900273e-05, "74": 0.9494519367096221, "75": 0.4894155594587296, "76": 0.5881554627899735, "77": 1.7661883925518127e-05, "78": 0.6663699086348404, "79": 0.5516391425838088, "80": 0.9027772398052607, "81": 1.625827134874274e-05, "82": 1.8451032001494167e-05, "83": 2.5123585013375294e-05, "84": 0.40840532855316447, "85": 0.8306751381160304, "86": 2.5123585013375294e-05, "87": 0.4894155594587296, "88": 0.5881554627899735, "89": 0.5294435733736889, "90": 8.22910909360284e-06, "91": 0.7373554852090547, "92": 1.1180070849200355e-05, "93": 1.036132899847045e-05, "94": 0.992999209119034, "95": 2.666662458690443e-05, "96": 0.4894155594587296, "97": 0.7825804282513006, "98": 0.5294435733736889, "99": 0.8441696028144738}, "1": {"0": 5.042695256500106e-06, "1": 2.2863535155821097e-06, "2": 4.481207646613815e-06, "3": 4.919294547466933e-06, "4": 2.543299137206429e-06, "5": 0.42881303774204205, "6": 0.9583721442877873, "7": 4.497934345416798e-06, "8": 0.7236320835084888, "9": 3.858550902887602e-06, "10": 5.2378570062741375e-06, "11": 2.38892755411533e-06, "12": 0.5446882927596322, "13": 0.4710628705845231, "14": 0.5446882927596322, "15": 2.609595458033815e-06, "16": 4.888566050655849e-06, "17": 0.5859698995864321, "18": 2.0597902701531586e-06, "19": 4.919294547466933e-06, "20": 0.45551556558058043, "21": 4.0910380501767115e-06, "22": 0.7980835199564069, "23": 0.7236320835084888, "24": 0.7980835199564069, "25": 0.9583721442877873, "26": 0.8334368438793094, "27": 3.43977707720623e-06, "28": 4.473464930841402e-06, "29": 0.8056413259831048, "30": 0.9008260849671399, "31": 0.8653765864377336, "32": 0.5859698995864321, "33": 2.6189285031370688e-06, "34": 4.873466787507951e-06, "35": 4.294636286054833e-06, "36": 0.45551556558058043, "37": 0.5915085028349454, "38": 4.290559210512301e-06, "39": 4.420458732834857e-06, "40": 0.6743968994024335, "41": 0.9583721442877873, "42": 0.5885638644111488, "43": 4.099910774410787e-06, "44": 0.8682911503484472, "45": 5.150933432343327e-06, "46": 0.5467494227044282, "47": 0.9008260849671399, "48": 2.4442830253279243e-06, "49": 4.294636286054833e-06, "50": 0.5273800623763154, "51": 0.5446882927596322, "52": 3.43977707720623e-06, "53": 3.7582854717596297e-06, "54": 0.4906739642030333, "55": 0.9234258622227534, "56": 0.5885638644111488, "57": 0.640765836868499, "58": 3.5485144554272773e-06, "59": 0.9819767744070247, "60": 0.4710628705845231, "61": 2.401366491920038e-06, "62": 3.6313230326847914e-06, "63": 0.6856687961979748, "64": 3.669602936600903e-06, "65": 0.5467494227044282, "66": 0.6856687961979748, "67": 0.4360254206138955, "68": 4.290559210512301e-06, "69": 3.572270429857964e-06, "70": 4.420458732834857e-06, "71": 3.7772743605753314e-06, "72": 0.9554553375125581, "73": 0.6665580469427724, "74": 0.8334368438793094, "75": 0.9234258622227534, "76": 2.0360342957224717e-06, "77": 0.6665580469427724, "78": 3.669602936600903e-06, "79": 0.9554553375125581, "80": 0.7236320835084888, "81": 0.5273800623763154, "82": 0.8056413259831048, "83": 0.5915085028349454, "84": 0.6743968994024335, "85": 0.7080506312516781, "86": 3.5485144554272773e-06, "87": 0.4360254206138955, "88": 0.9819767744070247, "89": 4.497934345416798e-06, "90": 0.8653762814713308, "91": 0.42881303774204205, "92": 0.8056413259831048, "93": 0.8682911503484472, "94": 0.8653765864377336, "95": 0.4906739642030333, "96": 0.7080506312516781, "97": 0.640765836868499, "98": 4.0910380501767115e-06, "99": 3.6313230326847914e-06}, "2": {"0": 1.4062028968246938e-05, "1": 0.5499781935265193, "2": 1.0200335241983063e-05, "3": 1.1970619341995138e-05, "4": 1.1850072767329516e-05, "5": 1.3116056005647163e-05, "6": 0.49921775844331984, "7": 1.3254873230132984e-05, "8": 0.7443013088125804, "9": 0.6999959647474799, "10": 0.6212165695975657, "11": 0.8173307477920899, "12": 8.733535519780155e-06, "13": 1.5510121535858274e-05, "14": 0.7258429421274525, "15": 0.5934489963087839, "16": 0.49921775844331984, "17": 0.45965214777723407, "18": 1.4569331244465055e-05, "19": 1.1087677538295505e-05, "20": 1.2821664886283749e-05, "21": 1.1364901993330753e-05, "22": 0.8806564263621299, "23": 0.7443013088125804, "24": 0.9456129261450599, "25": 1.3485250804241831e-05, "26": 1.2521271110265569e-05, "27": 0.49921775844331984, "28": 0.6390580070374396, "29": 1.342846012603767e-05, "30": 1.2776305090922487e-05, "31": 0.5692852620064428, "32": 0.8550798836483406, "33": 1.3894626896292052e-05, "34": 9.57561303678263e-06, "35": 0.7258429421274525, "36": 0.9577380671784028, "37": 0.45965214777723407, "38": 1.0588676955015611e-05, "39": 0.6607484487160418, "40": 1.1087677538295505e-05, "41": 1.378155463053941e-05, "42": 0.5499781935265193, "43": 1.4448077918527226e-05, "44": 0.4025173411336689, "45": 0.5590556070626029, "46": 8.97044372984813e-06, "47": 1.2004181849140471e-05, "48": 0.6390580070374396, "49": 0.976971680795986, "50": 0.5590556070626029, "51": 1.1510802492405928e-05, "52": 1.2987193542916802e-05, "53": 1.4051058452573729e-05, "54": 0.5499781935265193, "55": 0.8550798836483406, "56": 0.8173307477920899, "57": 1.0847468037678453e-05, "58": 9.115123903996302e-06, "59": 1.0445327595181031e-05, "60": 0.8173307477920899, "61": 6.288532745623487e-06, "62": 0.9577380671784028, "63": 0.9456129261450599, "64": 1.4043593513552623e-05, "65": 4.557561951998151e-06, "66": 0.6759731772208916, "67": 0.976971680795986, "68": 0.6759731772208916, "69": 1.0062667520360885e-05, "70": 1.0445327595181031e-05, "71": 7.295768707842952e-06, "72": 0.4025173411336689, "73": 5.4237340188392265e-06, "74": 1.0705292491188135e-05, "75": 0.6212165695975657, "76": 1.1629270589340776e-05, "77": 1.1970619341995138e-05, "78": 0.6394159893498068, "79": 0.6999959647474799, "80": 1.3116056005647163e-05, "81": 8.97044372984813e-06, "82": 0.6394159893498068, "83": 1.2004181849140471e-05, "84": 6.742625402120916e-06, "85": 0.5934489963087839, "86": 1.2821664886283749e-05, "87": 1.3254873230132984e-05, "88": 5.814635294670388e-06, "89": 0.8173307477920899,