{"0": {"0": 0.538087956477612, "1": 0.9499999999996547, "2": 0.05000000000077646, "3": 0.9499999999997597, "4": 0.9499999999997232, "5": 0.9499999999998502, "6": 0.9499999999997069, "7": 0.9499999999997292, "8": 0.05000000000099926, "9": 0.9499999999997242, "10": 0.05000000000067979, "11": 0.05000000000083389, "12": 0.9499999999997835, "13": 0.9499999999999063, "14": 0.050000000000909775, "15": 0.9499999999998749, "16": 0.9499999999998178, "17": 0.05000000000095392, "18": 0.050000000000533194, "19": 0.050000000000925846, "20": 0.05000000000087165, "21": 0.538087956477612, "22": 0.9499999999998955, "23": 0.9499999999998048, "24": 0.05000000000111403, "25": 0.9499999999996731, "26": 0.050000000000563094, "27": 0.05000000000126171, "28": 0.9499999999997888, "29": 0.949999999999858, "30": 0.050000000000462924, "31": 0.05000000000083389, "32": 0.050000000000883955, "33": 0.050000000000877856, "34": 0.05000000000098445, "35": 0.05000000000039631, "36": 0.9499999999996978, "37": 0.050000000001308095, "38": 0.4647104331844314, "39": 0.050000000000566855, "40": 0.5316749179699061, "41": 0.9499999999997358, "42": 0.9499999999997907, "43": 0.050000000001172884, "44": 0.05000000000071926, "45": 0.9499999999997242, "46": 0.9499999999998263, "47": 0.4647104331844314, "48": 0.9499999999998456, "49": 0.9499999999997901, "50": 0.949999999999756, "51": 0.9499999999997888, "52": 0.050000000000557016, "53": 0.9499999999998661, "54": 0.9499999999997211, "55": 0.9499999999997627, "56": 0.9499999999997621, "57": 0.050000000000392106, "58": 0.05000000000045489, "59": 0.05000000000088978, "60": 0.05000000000060515, "61": 0.05000000000028343, "62": 0.050000000000877856, "63": 0.9499999999999131, "64": 0.9499999999996235, "65": 0.4647104331844314, "66": 0.05000000000128693, "67": 0.05000000000082455, "68": 0.05000000000089723, "69": 0.050000000000266595, "70": 0.5316749179699061, "71": 0.9499999999997365, "72": 0.05000000000082455, "73": 0.9499999999998248, "74": 0.949999999999881, "75": 0.05000000000077648, "76": 0.9499999999997284, "77": 0.5316749179699061, "78": 0.5316749179699061, "79": 0.9499999999998632, "80": 0.05000000000063086, "81": 0.05000000000044198, "82": 0.545710993711539, "83": 0.05000000000098336, "84": 0.9499999999997284, "85": 0.9499999999998096, "86": 0.05000000000077648, "87": 0.050000000000694725, "88": 0.545710993711539, "89": 0.05000000000049963, "90": 0.9499999999998182, "91": 0.05000000000044489, "92": 0.050000000000347364, "93": 0.9499999999998096, "94": 0.9499999999998798, "95": 0.9499999999998683, "96": 0.9499999999998542, "97": 0.9499999999999271, "98": 0.05000000000098336, "99": 0.05000000000071926}, "1": {"0": 0.05000000000067548, "1": 0.949999999999677, "2": 0.949999999999618, "3": 0.05000000000055441, "4": 0.050000000000509484, "5": 0.9499999999996303, "6": 0.9499999999996616, "7": 0.46528027533886857, "8": 0.9499999999995695, "9": 0.9499999999997115, "10": 0.5360349842711749, "11": 0.05000000000060714, "12": 0.9499999999997301, "13": 0.05000000000091509, "14": 0.9499999999996138, "15": 0.5401079892035283, "16": 0.050000000000720954, "17": 0.94999999999967, "18": 0.05000000000062978, "19": 0.5239988857644895, "20": 0.9499999999998276, "21": 0.05000000000044552, "22": 0.5401079892035283, "23": 0.48653916842066425, "24": 0.9499999999995532, "25": 0.05000000000070315, "26": 0.050000000000472763, "27": 0.050000000000671584, "28": 0.9499999999996871, "29": 0.050000000000653216, "30": 0.9499999999997527, "31": 0.05000000000041597, "32": 0.05000000000074312, "33": 0.9499999999995664, "34": 0.05000000000030374, "35": 0.050000000000440296, "36": 0.050000000000603236, "37": 0.9499999999997466, "38": 0.949999999999809, "39": 0.0500000000003193, "40": 0.0500000000003718, "41": 0.949999999999835, "42": 0.0500000000005464, "43": 0.48653916842066425, "44": 0.05000000000046607, "45": 0.05000000000023623, "46": 0.9499999999997538, "47": 0.9499999999996616, "48": 0.9499999999998803, "49": 0.050000000000603236, "50": 0.5401079892035283, "51": 0.05000000000070315, "52": 0.9499999999998281, "53": 0.9499999999997353, "54": 0.0500000000004977, "55": 0.0500000000002732, "56": 0.05000000000029328, "57": 0.9499999999996389, "58": 0.050000000000399406, "59": 0.050000000000720954, "60": 0.050000000000614074, "61": 0.5239988857644895, "62": 0.050000000000499964, "63": 0.9499999999997301, "64": 0.0500000000003242, "65": 0.0500000000003242, "66": 0.050000000000399406, "67": 0.05000000000052039, "68": 0.05000000000032085, "69": 0.9499999999997353, "70": 0.9499999999995664, "71": 0.05000000000028105, "72": 0.050000000000281764, "73": 0.05000000000027904, "74": 0.0500000000001859, "75": 0.050000000000605095, "76": 0.46528027533886857, "77": 0.9499999999998743, "78": 0.9499999999998733, "79": 0.050000000000499964, "80": 0.9499999999996546, "81": 0.05000000000062115, "82": 0.9499999999996709, "83": 0.05000000000024966, "84": 0.05000000000027904, "85": 0.9499999999998512, "86": 0.9499999999997527, "87": 0.5360349842711749, "88": 0.05000000000028105, "89": 0.9499999999998194, "90": 0.05000000000020799, "91": 0.9499999999998769, "92": 0.05000000000030255, "93": 0.05000000000046607, "94": 0.050000000000671584, "95": 0.05000000000074312, "96": 0.9499999999998557, "97": 0.05000000000052039, "98": 0.05000000000032661, "99": 0.5239988857644895}, "2": {"0": 0.4640801588994043, "1": 0.9499999999989834, "2": 0.9499999999989227, "3": 0.9499999999982969, "4": 0.9499999999991692, "5": 0.9499999999990509, "6": 0.4762063302918197, "7": 0.0500000000015856, "8": 0.05000000000166581, "9": 0.05000000000088958, "10": 0.5381125366880681, "11": 0.05000000000144584, "12": 0.050000000000722924, "13": 0.050000000001708, "14": 0.05000000000146952, "15": 0.050000000001094905, "16": 0.05000000000116529, "17": 0.9499999999993336, "18": 0.05000000000065989, "19": 0.9499999999992017, "20": 0.050000000001310094, "21": 0.05000000000093126, "22": 0.9499999999989228, "23": 0.9499999999983457, "24": 0.050000000001635264, "25": 0.050000000001007294, "26": 0.050000000001338994, "27": 0.9499999999991985, "28": 0.9499999999983932, "29": 0.4762063302918197, "30": 0.05000000000122362, "31": 0.05000000000238346, "32": 0.05000000000129946, "33": 0.5023833550680652, "34": 0.05000000000121064, "35": 0.48161439124913996, "36": 0.9499999999984869, "37": 0.949999999999084, "38": 0.9499999999987088, "39": 0.9499999999992068, "40": 0.05000000000178098, "41": 0.05000000000103433, "42": 0.05000000000103433, "43": 0.949999999998815, "44": 0.0500000000015856, "45": 0.9499999999991029, "46": 0.9499999999994075, "47": 0.9499999999994099, "48": 0.9499999999984619, "49": 0.5023833550680652, "50": 0.9499999999986959, "51": 0.050000000001032024, "52": 0.05000000000116529, "53": 0.050000000000605324, "54": 0.45250112641101986, "55": 0.9499999999995992, "56": 0.9499999999988371, "57": 0.949999999998351, "58": 0.9499999999989001, "59": 0.9499999999994932, "60": 0.9499999999991202, "61": 0.05000000000096126, "62": 0.05000000000061181, "63": 0.9499999999993222, "64": 0.9499999999993656, "65": 0.4640801588994043, "66": 0.9499999999984869, "67": 0.050000000000547454, "68": 0.9499999999988735, "69": 0.9499999999986923, "70": 0.9499999999992613, "71": 0.9499999999994615, "72": 0.949999999999084, "73": 0.05000000000072238, "74": 0.05000000000146909, "75": 0.9499999999991484, "76": 0.9499999999989228, "77": 0.9499999999989834, "78": 0.050000000000854, "79": 0.050000000000917824, "80": 0.050000000000521364, "81": 0.050000000000669495, "82": 0.9499999999990179, "83": 0.5427327592191747, "84": 0.05000000000166581, "85": 0.9499999999994932, "86": 0.9499999999995258, "87": 0.05000000000129946, "88": 0.9499999999990859, "89": 0.9499999999996034, "90": 0.5427327592191747, "91": 0.45250112641101986, "92": 0.9499999999993461, "93": 0.05000000000096126, "94": 0.48161439124913996, "95": 0.9499999999992613, "96": 0.5023833550680652, "97": 0.5381125366880681, "98": 0.48161439124913996, "99": 0.9499999999994613}, "3": {"0": 0.05000000000011903,