{"0": {"0": 0.0792432596410756, "1": 0.49517549496294866, "2": 0.4982668615826728, "3": 0.495371307134421, "4": 0.9118743684634419, "5": 0.9132988542250458, "6": 0.08556496982235332, "7": 0.08556496982235332, "8": 0.930074696660502, "9": 0.910149393321004, "10": 0.4954816825581816, "11": 0.9118743684634419, "12": 0.08146047739810994, "13": 0.49572642259198374, "14": 0.08510519718530338, "15": 0.08328829382135619, "16": 0.08390181621744006, "17": 0.0830913790389064, "18": 0.08507268454437245, "19": 0.08585224759871488, "20": 0.08536950702037421, "21": 0.4953336533509564, "22": 0.495371307134421, "23": 0.0853643485841559, "24": 0.4951440654806549, "25": 0.08472723632123264, "26": 0.08580595185727445, "27": 0.4956390193980016, "28": 0.08477586206837068, "29": 0.08122734354945471, "30": 0.08479540441648944, "31": 0.0830913790389064, "32": 0.084916216753268, "33": 0.08475978413288532, "34": 0.49526618837969283, "35": 0.9139531668552743, "36": 0.08584328672439537, "37": 0.08438541246953356, "38": 0.0852749450473365, "39": 0.4965337231653456, "40": 0.08514367208502872, "41": 0.9164374965831064, "42": 0.9128652790396699, "43": 0.919986544053359, "44": 0.08438541246953356, "45": 0.9128884491128537, "46": 0.9146308438928705, "47": 0.9197857577588873, "48": 0.08422867399092387, "49": 0.9109264458392126, "50": 0.4955759998061374, "51": 0.4953004640438342, "52": 0.4954149033382379, "53": 0.49535725299242706, "54": 0.9230420136656114, "55": 0.4976319976037469, "56": 0.4955759998061374, "57": 0.08214548752450662, "58": 0.9316494271125229, "59": 0.9200619346907667, "60": 0.4953004640438342, "61": 0.9230420136656114, "62": 0.08531974034290979, "63": 0.4956390193980016, "64": 0.9109264458392126, "65": 0.08620573553862389, "66": 0.08491103728789531, "67": 0.49636813401429186, "68": 0.0852749450473365, "69": 0.0853643485841559, "70": 0.9161983570976123, "71": 0.9176688429510031, "72": 0.4952953507695805, "73": 0.4953336533509564, "74": 0.08168329786857559, "75": 0.4954149033382379, "76": 0.49761590875451034, "77": 0.9118738975012501, "78": 0.9164053650004531, "79": 0.9197857577588873, "80": 0.91542212283655, "81": 0.4951440654806549, "82": 0.08168329786857559, "83": 0.08290940397586817, "84": 0.49542500590087735, "85": 0.9161983570976123, "86": 0.08474373157335156, "87": 0.08441477860233068, "88": 0.9176688429510031, "89": 0.49561754370537947, "90": 0.08415126970797664, "91": 0.9150538436669546, "92": 0.08287684684013517, "93": 0.08214548752450662, "94": 0.08514367208502872, "95": 0.9139531668552743, "96": 0.91542212283655, "97": 0.08585224759871488, "98": 0.08422867399092387, "99": 0.084916216753268}, "1": {"0": 0.07114906464938557, "1": 0.5056898421523985, "2": 0.9211511741658358, "3": 0.5055707392136393, "4": 0.5053491290910251, "5": 0.0702604910896412, "6": 0.921008485724538, "7": 0.5060286977207429, "8": 0.06950543123633898, "9": 0.922984231687068, "10": 0.5056702087734879, "11": 0.9170715019720477, "12": 0.06778806061890238, "13": 0.9187277094184132, "14": 0.06927607731556659, "15": 0.0702604910896412, "16": 0.07002209645007072, "17": 0.5061775527712575, "18": 0.0706972543177985, "19": 0.9187814752154868, "20": 0.9255534067755283, "21": 0.9186109095994173, "22": 0.920408622762214, "23": 0.061867001142982006, "24": 0.06845230329309993, "25": 0.9205066519005909, "26": 0.5056702087734879, "27": 0.07035075345426348, "28": 0.5058572018381731, "29": 0.9211511741658358, "30": 0.92205660140336, "31": 0.06744061359180653, "32": 0.9200131864110718, "33": 0.06937175379561125, "34": 0.9214748019960304, "35": 0.9198708914551348, "36": 0.9202386767312809, "37": 0.919405028493592, "38": 0.9201189589774659, "39": 0.07076481180462155, "40": 0.935161795393342, "41": 0.5061671196636581, "42": 0.07076481180462155, "43": 0.920408622762214, "44": 0.5040044420627703, "45": 0.506035133501471, "46": 0.5030835598318291, "47": 0.505901008743675, "48": 0.5039389614766496, "49": 0.9239002558538265, "50": 0.5057528552338424, "51": 0.0700201615779626, "52": 0.5058572018381731, "53": 0.9205066519005909, "54": 0.5052796783397271, "55": 0.9274083562967663, "56": 0.9229727810932075, "57": 0.9239002558538265, "58": 0.06927607731556659, "59": 0.5059214170892626, "60": 0.05784667215629006, "61": 0.9201189589774659, "62": 0.07064568346969721, "63": 0.5061703156759588, "64": 0.07121126227361974, "65": 0.07009799856508397, "66": 0.9190398082682005, "67": 0.06778806061890238, "68": 0.5060135070043538, "69": 0.5040044420627703, "70": 0.07075865678005905, "71": 0.9202386767312809, "72": 0.5027606700889249, "73": 0.5060972774074919, "74": 0.5054919648134115, "75": 0.5057376372977365, "76": 0.06937175379561125, "77": 0.06555402478773405, "78": 0.5053491290910251, "79": 0.06845230329309993, "80": 0.07002478206235549, "81": 0.06744061359180653, "82": 0.5030748043781677, "83": 0.5057643818919266, "84": 0.06950543123633898, "85": 0.5055213401778499, "86": 0.9268975325352385, "87": 0.9318792851704938, "88": 0.07009799856508397, "89": 0.5057372031048776, "90": 0.5056898421523985, "91": 0.5058484527335643, "92": 0.9186109095994173, "93": 0.5055707392136393, "94": 0.9202607735099125, "95": 0.07066777101962132, "96": 0.5052796783397271, "97": 0.5053661773004434, "98": 0.9190398082682005, "99": 0.9229727810932075}, "2": {"0": 0.5523359317444585, "1": 0.5492353598446169, "2": 0.5538201960226123, "3": 0.5522636629962411, "4": 0.5517604930429085, "5": 0.5489020478196109, "6": 0.5445008394322044, "7": 0.5496183251895259, "8": 0.5501385119072378, "9": 0.5527707113573681, "10": 0.5396728800527284, "11": 0.5514164369749199, "12": 0.547964445192529, "13": 0.5466178181031066, "14": 0.08653076034798435, "15": 0.5489862298136744, "16": 0.5445008394322044, "17": 0.07104615204046805, "18": 0.5396728800527284, "19": 0.08249871940178971, "20": 0.09101509060644059, "21": 0.09331066472776993, "22": 0.08952682307934644, "23": 0.06894097676215061, "24": 0.0911551014794375, "25": 0.09327798164268891, "26": 0.09348506455386954, "27": 0.5517990414861023, "28": 0.5506269778780977, "29": 0.5439883666396654, "30": 0.08859544020197746, "31": 0.5478610906377539, "32": 0.5512534993385476, "33": 0.08993918470841111, "34": 0.5486327864173959, "35": 0.5514399337409712, "36": 0.5509796211737257, "37": 0.08928927934451648, "38": 0.5522600246596254, "39": 0.07247655367890538, "40": 0.5502504205653774, "41": 0.5502193557143826, "42": 0.09084503429255361, "43": 0.5521191756169502, "44": 0.5509796211737257, "45": 0.5468832215942685, "46": 0.55179652416257, "47": 0.09179375917533747, "48": 0.5517604930429085, "49": 0.5492472695665478, "50": 0.5500196379457682, "51": 0.07065359047285308, "52": 0.5492701110512388, "53": 0.5509795014606922, "54": 0.08859544020197746, "55": 0.5500785241241015, "56": 0.08952682307934644, "57": 0.5498804846775495, "58": 0.5521191756169502, "59": 0.5500196379457682, "60": 0.0911551014794375, "61": 0.5529146908928602, "62": 0.5366743943057014, "63": 0.5496183251895259, "64": 0.09055222871295529, "65": 0.09033495256048457, "66": 0.5502193557143826, "67": 0.06624935970089485, "68": 0.08939255982573574, "69": 0.5478610906377539, "70": 0.08886327881038164, "71": 0.5492701110512388, "72": 0.08928927934451648, "73": 0.09051837595071555, "74": 0.09033495256048457, "75": 0.08904590598547654, "76": 0.5501587912139871, "77": 0.09084503429255361, "78": 0.09308435770708617, "79": 0.5510445589010273, "80": 0.5535906627712074, "81": 0.5514164369749199, "82": 0.5522993831594574, "83": 0.5499651765890822, "84": 0.5528154912137453, "85": 0.09062318282705863, "86": 0.08700972822753145, "87": 0.5463787093447254, "88": 0.07836250375081882, "89": 0.08653076034798435, "90": 0.0886943363045772, "91": 0.5500785241241015, "92": 0.5466178181031066, "93": 0.09062318282705863, "94": 0.5514399337409712, "95": 0.5523359317444585, "96": 0.08992796293829881, "97": 0.0913720646735376, "98": 0.5510445589010273, "99": 0.08939255982573574}, "3": {"0": 0.4827035376706649, "1": 0.9243036322954556, "2": 0.07333583018545661, "3": 0.923211356802133,