{"0": {"0": 0.19780867402259272, "1": 0.4267681805488678, "2": 0.7608482892767157, "3": 0.6325234780866187, "4": 0.895133551645986, "5": 0.7102506752647373, "6": 0.5715141884950021, "7": 0.37301889117479514, "8": 0.462522896932624, "9": 0.462522896932624, "10": 0.908413575827111, "11": 0.7328306374986883, "12": 0.04549088321206329, "13": 0.9519367141024466, "14": 0.04549088321206329, "15": 0.6671860534384952, "16": 0.17701087752937789, "17": 0.555596344649296, "18": 0.7407035945929132, "19": 0.6369735870507045, "20": 0.4267681805488678, "21": 0.061218146032690726, "22": 0.5199705875089992, "23": 0.555596344649296, "24": 0.5520352324254183, "25": 0.6441859295789252, "26": 0.895133551645986, "27": 0.5715141884950021, "28": 0.6157978598425655, "29": 0.48896194081766287, "30": 0.15136201594029985, "31": 0.5199705875089992, "32": 0.07625847405017538, "33": 0.6157978598425655, "34": 0.7608482892767157, "35": 0.13022066659851111, "36": 0.6369735870507045, "37": 0.3037984627635947, "38": 0.034704080598051454, "39": 0.7124458416501965, "40": 0.7102506752647373, "41": 0.895133551645986, "42": 0.6325234780866187, "43": 0.6441859295789252, "44": 0.8039664216544027, "45": 0.7833468231157579, "46": 0.061218146032690726, "47": 0.8644592603894248, "48": 0.579302579708062, "49": 0.25360815806365733, "50": 0.3037984627635947, "51": 0.9851636211934427, "52": 0.04549088321206329, "53": 0.789332119270737, "54": 0.17701087752937789, "55": 0.15136201594029985, "56": 0.13935106426355015, "57": 0.13935106426355015, "58": 0.15136201594029985, "59": 0.034704080598051454, "60": 0.789332119270737, "61": 0.6034079926331126, "62": 0.579302579708062, "63": 0.7608482892767157, "64": 0.7124458416501965, "65": 0.908413575827111, "66": 0.6148069261665998, "67": 0.04549088321206329, "68": 0.9519367141024466, "69": 0.25360815806365733, "70": 0.932581298973085, "71": 0.932581298973085, "72": 0.07625847405017538, "73": 0.6441859295789252, "74": 0.31405404338616494, "75": 0.9851636211934427, "76": 0.48896194081766287, "77": 0.8039664216544027, "78": 0.37301889117479514, "79": 0.13022066659851111, "80": 0.6034079926331126, "81": 0.6671860534384952, "82": 0.5520352324254183, "83": 0.6148069261665998, "84": 0.31405404338616494, "85": 0.11794728270669494, "86": 0.4267681805488678, "87": 0.789332119270737, "88": 0.8445778367552693, "89": 0.7833468231157579, "90": 0.7328306374986883, "91": 0.37301889117479514, "92": 0.11794728270669494, "93": 0.908413575827111, "94": 0.13935106426355015, "95": 0.9851636211934427, "96": 0.7407035945929132, "97": 0.8445778367552693, "98": 0.19780867402259272, "99": 0.8644592603894248}, "1": {"0": 0.04823801249954494, "1": 0.18316563204742314, "2": 0.7015762832922068, "3": 0.036368798825081365, "4": 0.9600619336383274, "5": 0.6864034204014922, "6": 0.8945103512891379, "7": 0.9756765813804431, "8": 0.036368798825081365, "9": 0.8259101865915492, "10": 0.39182068513552687, "11": 0.849954438000099, "12": 0.2851028079183296, "13": 0.49254221336804443, "14": 0.49254221336804443, "15": 0.5609257394418015, "16": 0.6742780081712347, "17": 0.5305403319826174, "18": 0.5305403319826174, "19": 0.5865196442004288, "20": 0.7654919838625405, "21": 0.5322766227226162, "22": 0.4804042109582933, "23": 0.849954438000099, "24": 0.535712069228129, "25": 0.43318921189096793, "26": 0.9056916589468792, "27": 0.07521014163598977, "28": 0.2828964778093326, "29": 0.8259101865915492, "30": 0.4804042109582933, "31": 0.4114008616935415, "32": 0.03072060678654736, "33": 0.04823801249954494, "34": 0.5609257394418015, "35": 0.9144060558202411, "36": 0.5865196442004288, "37": 0.2828964778093326, "38": 0.9056916589468792, "39": 0.42816809523473687, "40": 0.5865196442004288, "41": 0.3588896111658352, "42": 0.9756765813804431, "43": 0.30245448208658116, "44": 0.42816809523473687, "45": 0.7654919838625405, "46": 0.8945103512891379, "47": 0.7015762832922068, "48": 0.25804936342749035, "49": 0.8163613685452192, "50": 0.8041056961525095, "51": 0.21882971344009422, "52": 0.07215687883357583, "53": 0.30245448208658116, "54": 0.535712069228129, "55": 0.7434416575663279, "56": 0.5305403319826174, "57": 0.8677474810522399, "58": 0.7434416575663279, "59": 0.03072060678654736, "60": 0.9206426348622583, "61": 0.39182068513552687, "62": 0.9144060558202411, "63": 0.6587187086271313, "64": 0.849954438000099, "65": 0.8041056961525095, "66": 0.43318921189096793, "67": 0.07215687883357583, "68": 0.1317988490875528, "69": 0.6587187086271313, "70": 0.8163613685452192, "71": 0.8677474810522399, "72": 0.40850552787377437, "73": 0.42816809523473687, "74": 0.9206426348622583, "75": 0.18316563204742314, "76": 0.21882971344009422, "77": 0.21882971344009422, "78": 0.2828964778093326, "79": 0.2851028079183296, "80": 0.5034785372344439, "81": 0.9600619336383274, "82": 0.3588896111658352, "83": 0.5034785372344439, "84": 0.14907584175644684, "85": 0.40850552787377437, "86": 0.7654919838625405, "87": 0.07521014163598977, "88": 0.1898656880532018, "89": 0.8945103512891379, "90": 0.1317988490875528, "91": 0.3588896111658352, "92": 0.6742780081712347, "93": 0.6864034204014922, "94": 0.1898656880532018, "95": 0.25804936342749035, "96": 0.14907584175644684, "97": 0.03072060678654736, "98": 0.5305403319826174, "99": 0.5322766227226162}, "2": {"0": 0.7106534208445102, "1": 0.23754176308853242, "2": 0.21318573070608332, "3": 0.3760539523523465, "4": 0.694554667386371, "5": 0.6705640620133386, "6": 0.3942535478214011, "7": 0.4934971220886451, "8": 0.21833535550928318, "9": 0.611315223613235, "10": 0.5950152851453057, "11": 0.10809226354892695, "12": 0.23051337170050773, "13": 0.903310073239687, "14": 0.049819439686973485, "15": 0.7142264671939738, "16": 0.6723989030563148, "17": 0.2471651935171371, "18": 0.026940649613161345, "19": 0.598782829292667, "20": 0.026940649613161345, "21": 0.5861963823053229, "22": 0.17996473709819732, "23": 0.6440194108143464, "24": 0.7142264671939738, "25": 0.10809226354892695, "26": 0.9214399021319852, "27": 0.09271181660315336, "28": 0.5950152851453057, "29": 0.4206440805706777, "30": 0.48020852774587497, "31": 0.598782829292667, "32": 0.9214399021319852, "33": 0.7176621735530411, "34": 0.17996473709819732, "35": 0.24239473928272542, "36": 0.3799260166707219, "37": 0.694554667386371, "38": 0.2471651935171371, "39": 0.9312148764948072, "40": 0.17996473709819732, "41": 0.8597367976786465, "42": 0.3942535478214011, "43": 0.2813489199903185, "44": 0.5837810487801275, "45": 0.24239473928272542, "46": 0.1417630865463688, "47": 0.7547908748803763, "48": 0.3651399970742538, "49": 0.903310073239687, "50": 0.5837810487801275, "51": 0.8597367976786465, "52": 0.049819439686973485, "53": 0.21918680943616123, "54": 0.6705640620133386, "55": 0.8597367976786465, "56": 0.5861963823053229, "57": 0.21918680943616123, "58": 0.9214399021319852, "59": 0.2813489199903185, "60": 0.49142854037934774, "61": 0.7106534208445102, "62": 0.4934971220886451, "63": 0.694554667386371, "64": 0.7547908748803763, "65": 0.3760539523523465, "66": 0.04274231533501205, "67": 0.6723989030563148, "68": 0.6427109142692559, "69": 0.3651399970742538, "70": 0.48020852774587497, "71": 0.48020852774587497, "72": 0.04274231533501205, "73": 0.04274231533501205, "74": 0.6427109142692559, "75": 0.9445261205762023, "76": 0.09271181660315336, "77": 0.21318573070608332, "78": 0.3760539523523465, "79": 0.1417630865463688, "80": 0.5861963823053229, "81": 0.5950152851453057, "82": 0.9214399021319852, "83": 0.23754176308853242, "84": 0.026940649613161345, "85": 0.26784694097008666, "86": 0.9312148764948072, "87": 0.9214399021319852, "88": 0.21833535550928318, "89": 0.6440194108143464, "90": 0.7176621735530411, "91": 0.26784694097008666, "92": 0.9445261205762023, "93": 0.611315223613235, "94": 0.10809226354892695, "95": 0.3799260166707219, "96": 0.49142854037934774, "97": 0.4206440805706777, "98": 0.23051337170050773, "99": 0.9312148764948072}, "3": {"0": 0.07336226752198205, "1": 0.5557064138363952, "2": 0.6805320004267628, "3": 0.5557064138363952,