{"0": {"0": 0.4999999999999226, "1": 0.7851789269266947, "2": 0.2533341747417752, "3": 0.4999999999998621, "4": 0.7372462441778269, "5": 0.49999999999991795, "6": 0.7345354165969082, "7": 0.27167761343106933, "8": 0.49999999999987255, "9": 0.21739587118252962, "10": 0.4999999999998597, "11": 0.4999999999999446, "12": 0.49999999999992717, "13": 0.49999999999993605, "14": 0.4999999999999163, "15": 0.4999999999998742, "16": 0.0805362807685578, "17": 0.14359320946804405, "18": 0.4999999999999334, "19": 0.008670193852033603, "20": 0.49999999999990236, "21": 0.07767664784903236, "22": 0.2636845223153582, "23": 0.720888975650538, "24": 0.49999999999994205, "25": 0.7891350549304302, "26": 0.888366928643838, "27": 0.4999999999998753, "28": 0.7969379273348469, "29": 0.7009297300608841, "30": 0.1822685569985253, "31": 0.49999999999992023, "32": 0.1822685569985253, "33": 0.14359320946804405, "34": 0.4999999999999282, "35": 0.07375225259963197, "36": 0.4999999999998692, "37": 0.49999999999995404, "38": 0.49999999999987405, "39": 0.21739587118252962, "40": 0.1353370569217161, "41": 0.8999056085363486, "42": 0.8694064392003147, "43": 0.4999999999998636, "44": 0.008670193852033603, "45": 0.90446930201426, "46": 0.4999999999999371, "47": 0.49999999999985856, "48": 0.22658565551595655, "49": 0.22658565551595655, "50": 0.49999999999991507, "51": 0.4999999999999116, "52": 0.4999999999999293, "53": 0.07375225259963197, "54": 0.08053628076905928, "55": 0.1353370569217161, "56": 0.2636845223153582, "57": 0.8175074706087597, "58": 0.720888975650538, "59": 0.9661994384069819, "60": 0.14359320946804405, "61": 0.49999999999990036, "62": 0.14359320946804405, "63": 0.49999999999987976, "64": 0.9418631123295007, "65": 0.4999999999999156, "66": 0.8175074706087597, "67": 0.49999999999996275, "68": 0.07767664784903236, "69": 0.888366928643838, "70": 0.4999999999999156, "71": 0.49999999999994454, "72": 0.9661994384069819, "73": 0.49999999999991307, "74": 0.8694064392003147, "75": 0.14359320946804405, "76": 0.21739587118252962, "77": 0.49999999999987976, "78": 0.49999999999990036, "79": 0.4999999999999558, "80": 0.08053628076905928, "81": 0.49999999999993183, "82": 0.2533341747417752, "83": 0.7372462441778269, "84": 0.27167761343106933, "85": 0.90446930201426, "86": 0.8999056085363486, "87": 0.9418631123295007, "88": 0.7891350549304302, "89": 0.49999999999994454, "90": 0.4999999999998585, "91": 0.4999999999998597, "92": 0.4999999999998672, "93": 0.4999999999998576, "94": 0.7851789269266947, "95": 0.7345354165969082, "96": 0.7969379273348469, "97": 0.4999999999999363, "98": 0.4999999999999336, "99": 0.7009297300608841}, "1": {"0": 0.49999999999993794, "1": 0.49999999999992406, "2": 0.49999999999994993, "3": 0.177615240895274, "4": 0.736578622582776, "5": 0.49999999999995093, "6": 0.11575491920112885, "7": 0.1567660334574406, "8": 0.4999999999999534, "9": 0.4999999999999538, "10": 0.9007856530268588, "11": 0.49999999999994477, "12": 0.49999999999993994, "13": 0.1361563565960056, "14": 0.2659450568982218, "15": 0.49999999999994077, "16": 0.8012895532405259, "17": 0.09813709316285504, "18": 0.7410631011390276, "19": 0.9571601118751254, "20": 0.4999999999999495, "21": 0.2775547248940594, "22": 0.49999999999993167, "23": 0.49999999999994854, "24": 0.8662625234350522, "25": 0.11575491920112885, "26": 0.18280535022069155, "27": 0.994087956630507, "28": 0.4999999999999626, "29": 0.09813709316285504, "30": 0.4999999999999416, "31": 0.08758406381447895, "32": 0.994087956630507, "33": 0.2659450568982218, "34": 0.49999999999996253, "35": 0.9571601118751254, "36": 0.49999999999996997, "37": 0.8012895532405259, "38": 0.9571601118751254, "39": 0.4999999999999671, "40": 0.4999999999999451, "41": 0.4999999999999693, "42": 0.49999999999994216, "43": 0.7069953445508574, "44": 0.49999999999994293, "45": 0.18280535022069155, "46": 0.4999999999999625, "47": 0.49999999999994404, "48": 0.49999999999997696, "49": 0.1361563565960056, "50": 0.9939697792081297, "51": 0.8453731729224004, "52": 0.7304592850225411, "53": 0.011965705401995042, "54": 0.49999999999995337, "55": 0.7350659180631514, "56": 0.7069953445508574, "57": 0.4999999999999625, "58": 0.9007856530268588, "59": 0.4999999999999535, "60": 0.49999999999993694, "61": 0.011965705401995042, "62": 0.2330783005330483, "63": 0.7410631011390276, "64": 0.8656003363670943, "65": 0.08758406381447895, "66": 0.49999999999997036, "67": 0.1567660334574406, "68": 0.9571601118751254, "69": 0.4999999999999742, "70": 0.7350659180631514, "71": 0.1196108782829407, "72": 0.49999999999994543, "73": 0.49999999999994404, "74": 0.4999999999999529, "75": 0.9939697792081297, "76": 0.08758406381447895, "77": 0.8453731729224004, "78": 0.8662625234350522, "79": 0.4999999999999538, "80": 0.736578622582776, "81": 0.49999999999997574, "82": 0.49999999999997136, "83": 0.49999999999997424, "84": 0.4999999999999767, "85": 0.8656003363670943, "86": 0.2330783005330483, "87": 0.1196108782829407, "88": 0.4999999999999416, "89": 0.177615240895274, "90": 0.9571601118751254, "91": 0.4999999999999497, "92": 0.49999999999993894, "93": 0.49999999999994216, "94": 0.49999999999994993, "95": 0.4999999999999813, "96": 0.7304592850225411, "97": 0.09813709316285504, "98": 0.2775547248940594, "99": 0.1567660334574406}, "2": {"0": 0.03948397319640236, "1": 0.5000000000000548, "2": 0.011323145426770043, "3": 0.2956583951704842, "4": 0.5000000000000656, "5": 0.9517765251457089, "6": 0.9484832514332451, "7": 0.7030640918277686, "8": 0.1129051260292791, "9": 0.8056343803512196, "10": 0.12444657327919889, "11": 0.5000000000000453, "12": 0.1129051260292791, "13": 0.21529076975139755, "14": 0.5000000000000504, "15": 0.5000000000000391, "16": 0.9484832514332451, "17": 0.03948397319640236, "18": 0.500000000000051, "19": 0.9178832276494491, "20": 0.07184438935701393, "21": 0.8812235444131424, "22": 0.7030640918277686, "23": 0.1561947085421923, "24": 0.5000000000000562, "25": 0.5000000000000339, "26": 0.9238952896627315, "27": 0.5000000000000486, "28": 0.5000000000000557, "29": 0.5000000000000353, "30": 0.2195733928207922, "31": 0.8812235444131424, "32": 0.7030640918277686, "33": 0.14503481562901402, "34": 0.9583630725706365, "35": 0.7992477970090013, "36": 0.5000000000000353, "37": 0.5000000000000435, "38": 0.5000000000000531, "39": 0.500000000000054, "40": 0.21529076975139755, "41": 0.29520164520343806, "42": 0.5000000000000322, "43": 0.092637700659432, "44": 0.8594147258070747, "45": 0.005122052730704291, "46": 0.5000000000000259, "47": 0.011323145426770043, "48": 0.5000000000000501, "49": 0.983637479931935, "50": 0.8247473842687629, "51": 0.24444838257580478, "52": 0.29520164520343806, "53": 0.5000000000000321, "54": 0.5000000000000435, "55": 0.8056343803512196, "56": 0.2956583951704842, "57": 0.5000000000000202, "58": 0.9238952896627315, "59": 0.5000000000000305, "60": 0.500000000000054, "61": 0.9178832276494491, "62": 0.500000000000026, "63": 0.1561947085421923, "64": 0.5000000000000218, "65": 0.5000000000000265, "66": 0.092637700659432, "67": 0.5000000000000153, "68": 0.03948397319640236, "69": 0.07184438935701393, "70": 0.5000000000000255, "71": 0.5000000000000252, "72": 0.03948397319640236, "73": 0.14503481562901402, "74": 0.9517765251457089, "75": 0.005122052730704291, "76": 0.1643115980306626, "77": 0.12444657327919889, "78": 0.8247473842687629, "79": 0.5000000000000548, "80": 0.983637479931935, "81": 0.9583630725706365, "82": 0.2195733928207922, "83": 0.1129051260292791, "84": 0.27970828716857, "85": 0.5000000000000218, "86": 0.5000000000000251, "87": 0.5000000000000308, "88": 0.1561947085421923, "89": 0.7992477970090013, "90": 0.8812235444131424, "91": 0.5000000000000486, "92": 0.9238952896627315, "93": 0.983637479931935, "94": 0.07184438935701393, "95": 0.1643115980306626, "96": 0.24444838257580478, "97": 0.8594147258070747, "98": 0.5000000000000453, "99": 0.27970828716857}, "3": {"0": 0.17916438693104686, "1": 0.924853297142703, "2": 0.17916438693104686, "3": 0.5000000000001799,