{"0": {"0": 0.5008302424111085, "1": 0.5010327343390358, "2": 0.5009193283560879, "3": 0.9476287786005388, "4": 0.9457560961666579, "5": 0.5008370807371316, "6": 0.9480246785112487, "7": 0.5009574017995515, "8": 0.9487416606354313, "9": 0.051748995152851834, "10": 0.05125984670177951, "11": 0.051064759910182236, "12": 0.9487455278222344, "13": 0.9482047400426364, "14": 0.0507774595448229, "15": 0.9487416606354313, "16": 0.5011292703389546, "17": 0.5005973667764436, "18": 0.9477584125330152, "19": 0.9475393279352997, "20": 0.5006220044654992, "21": 0.05048569445769694, "22": 0.9481201653986192, "23": 0.05126482204920767, "24": 0.05069809307283825, "25": 0.05139895739784697, "26": 0.9465727305960846, "27": 0.5009136274411381, "28": 0.0507774595448229, "29": 0.05141817004353526, "30": 0.050975270162333455, "31": 0.05163837211357496, "32": 0.9488631451599243, "33": 0.5011260121488601, "34": 0.9482797348060914, "35": 0.5004515289324096, "36": 0.05071485704442002, "37": 0.5009876303559742, "38": 0.5009876303559742, "39": 0.5011639431041164, "40": 0.501025651120498, "41": 0.5009069058368119, "42": 0.05077043310808639, "43": 0.9477131030459778, "44": 0.9481201653986192, "45": 0.05126897560567976, "46": 0.947697595590238, "47": 0.9475393279352997, "48": 0.05036172445969828, "49": 0.5004675993137626, "50": 0.5010556007798467, "51": 0.05069809307283825, "52": 0.947697595590238, "53": 0.050802090374922344, "54": 0.5008642420342437, "55": 0.5006311294890688, "56": 0.9480317619777519, "57": 0.5010199005521012, "58": 0.9457560961666579, "59": 0.948918424440804, "60": 0.05071146380916003, "61": 0.9490158809888759, "62": 0.948862384049074, "63": 0.9488620034936488, "64": 0.5005037719931567, "65": 0.05071146380916003, "66": 0.5008642420342437, "67": 0.05077043310808639, "68": 0.948209048702657, "69": 0.9477556484930253, "70": 0.5010518570025431, "71": 0.9465727305960846, "72": 0.5009069058368119, "73": 0.5005240680626375, "74": 0.5005278003899234, "75": 0.5004603565521405, "76": 0.5008332632094361, "77": 0.9465727305960846, "78": 0.5008332632094361, "79": 0.5010327343390358, "80": 0.9482047400426364, "81": 0.5009193283560879, "82": 0.5002257644662048, "83": 0.5011550998339191, "84": 0.5005973667764436, "85": 0.05048569445769694, "86": 0.051046367529890516, "87": 0.05108315229047396, "88": 0.5011639431041164, "89": 0.501049608703861, "90": 0.050634487802839884, "91": 0.9488620034936488, "92": 0.051064759910182236, "93": 0.5010518570025431, "94": 0.5008370807371316, "95": 0.05161718509982022, "96": 0.9491398674030457, "97": 0.05161718509982022, "98": 0.9477584125330152, "99": 0.050975270162333455}, "1": {"0": 0.49967592576049824, "1": 0.05315460794073903, "2": 0.49957804927937616, "3": 0.49969367048934604, "4": 0.9490856884944371, "5": 0.4997574060044257, "6": 0.49964097468687435, "7": 0.9481802435326481, "8": 0.4996570832476152, "9": 0.49985335762011307, "10": 0.05290168945895926, "11": 0.9489389255921157, "12": 0.4995990747762214, "13": 0.49964407244551146, "14": 0.05315460794073903, "15": 0.9491664766015901, "16": 0.49957060314649937, "17": 0.9491960131713753, "18": 0.49958708160092613, "19": 0.9485168675158702, "20": 0.49961386749572034, "21": 0.4996527649552146, "22": 0.4998142646523598, "23": 0.9490856884944371, "24": 0.49973366234195227, "25": 0.05290168945895926, "26": 0.05198431815967587, "27": 0.49961832399228046, "28": 0.9485168675158702, "29": 0.052409727366526916, "30": 0.9493036611359184, "31": 0.49965824793673264, "32": 0.49969793559897696, "33": 0.4996467965404031, "34": 0.05198431815967587, "35": 0.052868795489080266, "36": 0.9494247391914887, "37": 0.49968902486415284, "38": 0.4995639268786731, "39": 0.9494333410845985, "40": 0.9495014314997468, "41": 0.4996046858770779, "42": 0.49975172737173873, "43": 0.4998647593532302, "44": 0.9493642001637035, "45": 0.49968902486415284, "46": 0.49959823080938587, "47": 0.49981501896953084, "48": 0.49958708160092613, "49": 0.4996163737242172, "50": 0.49966319882305266, "51": 0.49966001715835473, "52": 0.05216967570568413, "53": 0.05203976021136089, "54": 0.05115992399847825, "55": 0.0523876315393013, "56": 0.49964935843658675, "57": 0.4998180428095911, "58": 0.49964407244551146, "59": 0.9491799635791511, "60": 0.49991053332482566, "61": 0.499592521488459, "62": 0.05125210990943348, "63": 0.49969367048934604, "64": 0.4997401762766629, "65": 0.4997323214396421, "66": 0.4998695635374947, "67": 0.49964229723623527, "68": 0.9491960131713753, "69": 0.49970746309739567, "70": 0.4998647593532302, "71": 0.4995868121675321, "72": 0.9479083089906994, "73": 0.9493642001637035, "74": 0.05115992399847825, "75": 0.49971060128604733, "76": 0.49964097468687435, "77": 0.05335045898077807, "78": 0.05334995943885923, "79": 0.4997049141184967, "80": 0.052868795489080266, "81": 0.9479083089906994, "82": 0.949583238300795, "83": 0.49964935843658675, "84": 0.4997401762766629, "85": 0.49971060128604733, "86": 0.9491799635791511, "87": 0.49990902140479554, "88": 0.05216967570568413, "89": 0.4996570832476152, "90": 0.4996042839121574, "91": 0.499592521488459, "92": 0.4997049141184967, "93": 0.05256577981142532, "94": 0.4996378557869205, "95": 0.4996467965404031, "96": 0.49970746309739567, "97": 0.4996042839121574, "98": 0.9481802435326481, "99": 0.05256577981142532}, "2": {"0": 0.05030700527824894, "1": 0.5007398483842782, "2": 0.5013572285740042, "3": 0.9459927284929586, "4": 0.5011487371399815, "5": 0.5018370271189023, "6": 0.051140743329693886, "7": 0.5013476369656696, "8": 0.9459772156038854, "9": 0.5011126139560649, "10": 0.051207905858465366, "11": 0.9443856657896771, "12": 0.05149010168159379, "13": 0.5011848330566292, "14": 0.50033106400667, "15": 0.5029365830624052, "16": 0.5034523927714534, "17": 0.5006661327609386, "18": 0.9459792172669916, "19": 0.050965782651674285, "20": 0.5019070771783141, "21": 0.9481584291561511, "22": 0.5012436268922553, "23": 0.501839339208, "24": 0.502504696960954, "25": 0.5013317733536535, "26": 0.5016292665222897, "27": 0.501052724560253, "28": 0.05134839211101907, "29": 0.050537039485563234, "30": 0.5013636785647066, "31": 0.5020214821129396, "32": 0.50103121941591, "33": 0.5010564454143625, "34": 0.05118218407495165, "35": 0.9482763417032475, "36": 0.05099080316245473, "37": 0.5022154677026656, "38": 0.5010059934174576, "39": 0.05113696439013635, "40": 0.9443856657896771, "41": 0.9481584291561511, "42": 0.5023600823318097, "43": 0.5022314235346012, "44": 0.05219554987543123, "45": 0.9487099928583058, "46": 0.5006619774513625, "47": 0.501424280070585, "48": 0.501424280070585, "49": 0.9485977594529835, "50": 0.9443856657896771, "51": 0.5013045439164217, "52": 0.05114957669719228, "53": 0.9483664866328939, "54": 0.5006218134461277, "55": 0.051116969319432916, "56": 0.9475275524105378, "57": 0.5015263507644248, "58": 0.05056806843643861, "59": 0.9486558693065875, "60": 0.5021919938103279, "61": 0.5006501842631571, "62": 0.050284243635388894, "63": 0.5017261963857267, "64": 0.05105715509909023, "65": 0.9482763417032475, "66": 0.05080851211144197, "67": 0.5014682915312025, "68": 0.050664594226813284, "69": 0.5007398483842782, "70": 0.05103646652398226, "71": 0.5013278132865038, "72": 0.5022314235346012, "73": 0.5012253427409454, "74": 0.05080851211144197, "75": 0.051207905858465366, "76": 0.5019070771783141, "77": 0.5015263507644248, "78": 0.9474737690635747, "79": 0.501839339208, "80": 0.5011927175232196, "81": 0.5009253745210989, "82": 0.9459882247509696, "83": 0.0507450508407969, "84": 0.9494054161464958, "85": 0.9459927284929586, "86": 0.05050788897443715, "87": 0.05114957669719228, "88": 0.5006619774513625, "89": 0.9474737690635747, "90": 0.5006738184828348, "91": 0.9483664866328939, "92": 0.5013045439164217, "93": 0.05134839211101907, "94": 0.5013278132865038, "95": 0.05103646652398226, "96": 0.5010959969051639, "97": 0.9486558693065875, "98": 0.05219554987543123, "99": 0.5011927175232196}, "3": {"0": 0.5002800671441562, "1": 0.5001885394977251, "2": 0.051148159967486506, "3": 0.500178521642129,