{"0": {"0": 0.05561224862900947, "1": 0.06264586144654606, "2": 0.2350972519050556, "3": 0.9493463744011379, "4": 0.3737720232096214, "5": 0.9491585945327684, "6": 0.05561224862900947, "7": 0.43320751628794174, "8": 0.05616960474994333, "9": 0.43289122666521707, "10": 0.9484696546036795, "11": 0.36778231375508397, "12": 0.05316434350725126, "13": 0.41827970532471004, "14": 0.2350972519050556, "15": 0.0672613778858985, "16": 0.054529507696309085, "17": 0.06554794800299157, "18": 0.06105220104855571, "19": 0.06333308048274292, "20": 0.05446125327224835, "21": 0.9488063894603411, "22": 0.9490972205380519, "23": 0.05527691586450098, "24": 0.9492503918623443, "25": 0.05307103186416991, "26": 0.0677304069674403, "27": 0.948897682444048, "28": 0.9493071259591219, "29": 0.0672613778858985, "30": 0.5000469560217452, "31": 0.06264586144654606, "32": 0.9493438813380453, "33": 0.054098436260463956, "34": 0.05626518836306721, "35": 0.9493550716917871, "36": 0.40785418507942633, "37": 0.9489305614059502, "38": 0.05307103186416991, "39": 0.056100139237288404, "40": 0.05446881405278316, "41": 0.9488063894603411, "42": 0.9484660743637386, "43": 0.9488781557668381, "44": 0.054529507696309085, "45": 0.06554794800299157, "46": 0.05296692261721012, "47": 0.9492771461022685, "48": 0.36778231375508397, "49": 0.06105220104855571, "50": 0.43320751628794174, "51": 0.9493438813380453, "52": 0.40785418507942633, "53": 0.9494570593787534, "54": 0.4099477958152952, "55": 0.9493550716917871, "56": 0.9489059006007774, "57": 0.9489107190034665, "58": 0.05954345542663713, "59": 0.9489340317417612, "60": 0.9490312651230772, "61": 0.9490075773491333, "62": 0.9488852994629595, "63": 0.05446125327224835, "64": 0.0642272764368707, "65": 0.949290967203521, "66": 0.0642272764368707, "67": 0.9485613563304243, "68": 0.05645755203391595, "69": 0.949542971001819, "70": 0.5000469560217452, "71": 0.05886520348372015, "72": 0.4473941209352925, "73": 0.05616960474994333, "74": 0.9489442002813031, "75": 0.9481402356894378, "76": 0.4463060833389853, "77": 0.949290967203521, "78": 0.9489561039887504, "79": 0.054098436260463956, "80": 0.9488781557668381, "81": 0.9485613563304243, "82": 0.4099477958152952, "83": 0.9495037886745666, "84": 0.4463060833389853, "85": 0.9492771461022685, "86": 0.053228776016957975, "87": 0.43289122666521707, "88": 0.9481402356894378, "89": 0.9491585945327684, "90": 0.41827970532471004, "91": 0.05296692261721012, "92": 0.9489442002813031, "93": 0.9493071259591219, "94": 0.06333308048274292, "95": 0.4473941209352925, "96": 0.05527691586450098, "97": 0.3737720232096214, "98": 0.05954345542663713, "99": 0.9488852994629595}, "1": {"0": 0.053961046814792676, "1": 0.9478129953682963, "2": 0.0525836763372232, "3": 0.9478129953682963, "4": 0.05269783647334771, "5": 0.05190619757758286, "6": 0.39856369465328567, "7": 0.9492057486827186, "8": 0.9480639209250742, "9": 0.0523309783202176, "10": 0.9487263511311729, "11": 0.05380797923138126, "12": 0.4101270722051847, "13": 0.052807999287248705, "14": 0.052614203858335165, "15": 0.05328735180103772, "16": 0.05444309204987306, "17": 0.051857780796351616, "18": 0.052682009889149756, "19": 0.054458131230153306, "20": 0.05444309204987306, "21": 0.052614203858335165, "22": 0.9488999669406275, "23": 0.05231095124933737, "24": 0.9482651179752833, "25": 0.05410009942723729, "26": 0.0553797810875713, "27": 0.948479598817424, "28": 0.05482541448231408, "29": 0.47140094070601446, "30": 0.9483770115747158, "31": 0.9477379770462151, "32": 0.051155475624668684, "33": 0.05454432628610954, "34": 0.05440888307800723, "35": 0.35022107917952566, "36": 0.05314525536890233, "37": 0.05396025902570296, "38": 0.9492057486827186, "39": 0.9479512330851644, "40": 0.9481175296408021, "41": 0.05269783647334771, "42": 0.05390048358224969, "43": 0.47140094070601446, "44": 0.9483770115747158, "45": 0.9485113489295336, "46": 0.05432221285667342, "47": 0.9481112570738031, "48": 0.5495817176457681, "49": 0.05095303044250696, "50": 0.9487263511311729, "51": 0.053209959445112615, "52": 0.05433460831548892, "53": 0.05451975921919471, "54": 0.9484909665126322, "55": 0.05424064565548141, "56": 0.9479512330851644, "57": 0.05418498341787322, "58": 0.39856369465328567, "59": 0.35022107917952566, "60": 0.05310279350725173, "61": 0.9481342373400934, "62": 0.9478006769432672, "63": 0.05433460831548892, "64": 0.4101270722051847, "65": 0.054319195155076466, "66": 0.05234439866032907, "67": 0.05311755890204142, "68": 0.05418498341787322, "69": 0.05253582362038951, "70": 0.9477693269947411, "71": 0.5495817176457681, "72": 0.9481112570738031, "73": 0.05429800693681974, "74": 0.05310279350725173, "75": 0.051572627684451165, "76": 0.9488404211182387, "77": 0.05209437955828461, "78": 0.0552713318658502, "79": 0.05424064565548141, "80": 0.9478006769432672, "81": 0.9492057486827186, "82": 0.9492057486827186, "83": 0.05390048358224969, "84": 0.9481342373400934, "85": 0.9473276379064175, "86": 0.0553797810875713, "87": 0.054319195155076466, "88": 0.9482651179752833, "89": 0.9486567073817469, "90": 0.9480639209250742, "91": 0.9489050432099531, "92": 0.05432221285667342, "93": 0.05253582362038951, "94": 0.9484909665126322, "95": 0.05440888307800723, "96": 0.94878087529585, "97": 0.05209437955828461, "98": 0.9473276379064175, "99": 0.9488404211182387}, "2": {"0": 0.9456128454111747, "1": 0.936612098221672, "2": 0.052028517658745346, "3": 0.5638112352721927, "4": 0.9480035994589943, "5": 0.5638112352721927, "6": 0.4965069620019895, "7": 0.05188070454985769, "8": 0.9448257539385687, "9": 0.9484617061866807, "10": 0.05086842712626692, "11": 0.05086842712626692, "12": 0.9469245368048518, "13": 0.9456128454111747, "14": 0.05156557493327254, "15": 0.051691454760525765, "16": 0.455493915807349, "17": 0.05188070454985769, "18": 0.051576296525330204, "19": 0.45807648656634203, "20": 0.9467763771325771, "21": 0.9481030074130864, "22": 0.9462522768325055, "23": 0.9459461302771426, "24": 0.607203508776394, "25": 0.5906689124869011, "26": 0.05162370013176021, "27": 0.9462459478936183, "28": 0.9458441872099675, "29": 0.5798929478867154, "30": 0.9471845807531225, "31": 0.05101263808455678, "32": 0.9462459478936183, "33": 0.9476142803932549, "34": 0.9476104337905886, "35": 0.4965069620019895, "36": 0.5515548332566089, "37": 0.05260818647933109, "38": 0.9406127540516152, "39": 0.9464950957484726, "40": 0.607203508776394, "41": 0.9478374294057383, "42": 0.9381550566961286, "43": 0.9406127540516152, "44": 0.9475411135922809, "45": 0.05129095616096038, "46": 0.9423970943127732, "47": 0.9464950957484726, "48": 0.051808809753818554, "49": 0.05175259459064781, "50": 0.05261860170482309, "51": 0.05234488723352465, "52": 0.9478374294057383, "53": 0.9471747512636399, "54": 0.051615426587955496, "55": 0.5515548332566089, "56": 0.05101263808455678, "57": 0.9467763771325771, "58": 0.4555071263628321, "59": 0.9490669694405727, "60": 0.05050631904227839, "61": 0.5798929478867154, "62": 0.9484978662045912, "63": 0.051615426587955496, "64": 0.9469243450247742, "65": 0.05234488723352465, "66": 0.9381550566961286, "67": 0.9481030074130864, "68": 0.9474830200426825, "69": 0.9495334847202863, "70": 0.9476142803932549, "71": 0.051926664639316715, "72": 0.9480035994589943, "73": 0.05068340140695535, "74": 0.4965069620019895, "75": 0.9452528490988604, "76": 0.9476104337905886, "77": 0.05175259459064781, "78": 0.9469243450247742, "79": 0.05068340140695535, "80": 0.936612098221672, "81": 0.05192349094702752, "82": 0.45807648656634203, "83": 0.052477844279471296, "84": 0.5906689124869011, "85": 0.051808809753818554, "86": 0.4503551954003291, "87": 0.9475411135922809, "88": 0.05194299730384734, "89": 0.9474830200426825, "90": 0.051238922139735646, "91": 0.9423970943127732, "92": 0.9458441872099675, "93": 0.9471845807531225, "94": 0.05192349094702752, "95": 0.9471747512636399, "96": 0.05101263808455678, "97": 0.052028517658745346, "98": 0.4555071263628321, "99": 0.9406127540516152}, "3": {"0": 0.9475673760078566, "1": 0.5969635285430972,