{"0": {"0": 0.05000001702416041, "1": 0.5000000352203007, "2": 0.500000024694851, "3": 0.5000000254650736, "4": 0.5000000387973771, "5": 0.5000000155735093, "6": 0.5000000327408125, "7": 0.9499999625663423, "8": 0.05000001218627907, "9": 0.5000000132909415, "10": 0.9499999649906987, "11": 0.9499999669444386, "12": 0.9499999788127702, "13": 0.05000001380059353, "14": 0.9499999617005954, "15": 0.9499999608452216, "16": 0.5000000335606145, "17": 0.05000000865545823, "18": 0.9499999649906987, "19": 0.050000013485049816, "20": 0.9499999714579141, "21": 0.9499999819522051, "22": 0.5000000259319227, "23": 0.05000000642168697, "24": 0.5000000264087626, "25": 0.05000001797147299, "26": 0.05000000697142318, "27": 0.5000000198643929, "28": 0.050000014391520985, "29": 0.5000000366056506, "30": 0.5000000318096771, "31": 0.05000000862380154, "32": 0.050000018919223135, "33": 0.0500000105985236, "34": 0.5000000328730767, "35": 0.5000000302169091, "36": 0.5000000352203007, "37": 0.5000000278500006, "38": 0.05000000859702415, "39": 0.0500000078737136, "40": 0.5000000207763327, "41": 0.9499999598335365, "42": 0.9499999816537176, "43": 0.5000000355144488, "44": 0.5000000317097184, "45": 0.05000001380059353, "46": 0.05000001472138264, "47": 0.5000000123500423, "48": 0.5000000253485017, "49": 0.5000000240180484, "50": 0.5000000336199706, "51": 0.5000000198643929, "52": 0.9499999612729085, "53": 0.05000000743530153, "54": 0.05000001386173458, "55": 0.5000000204795915, "56": 0.5000000327164544, "57": 0.5000000281887115, "58": 0.5000000206115875, "59": 0.050000006426433055, "60": 0.050000015985809866, "61": 0.05000001492377222, "62": 0.05000001893820644, "63": 0.5000000253589367, "64": 0.5000000170182175, "65": 0.5000000127823199, "66": 0.5000000357658354, "67": 0.5000000178047095, "68": 0.5000000283303707, "69": 0.9499999625599147, "70": 0.5000000335606145, "71": 0.5000000253589367, "72": 0.5000000102397957, "73": 0.050000013485049816, "74": 0.5000000132043814, "75": 0.9499999598335365, "76": 0.05000000865545823, "77": 0.9499999714579141, "78": 0.050000018919223135, "79": 0.050000019780546856, "80": 0.05000001501880111, "81": 0.949999967678923, "82": 0.5000000164365384, "83": 0.5000000207763327, "84": 0.9499999647521766, "85": 0.500000026135509, "86": 0.05000000855888147, "87": 0.500000026135509, "88": 0.5000000240180484, "89": 0.05000001492377222, "90": 0.5000000253485017, "91": 0.5000000127823199, "92": 0.500000024694851, "93": 0.05000001797147299, "94": 0.9499999823760883, "95": 0.5000000366056506, "96": 0.5000000140943557, "97": 0.050000019780546856, "98": 0.9499999612729085, "99": 0.05000000609313954}, "1": {"0": 0.5000000656444892, "1": 0.9499999512089954, "2": 0.5000000546869864, "3": 0.5000000464193708, "4": 0.050000063346936914, "5": 0.500000068698931, "6": 0.5000000803401976, "7": 0.5000000536308004, "8": 0.9499999618212478, "9": 0.050000077246799085, "10": 0.9499999584422312, "11": 0.9499999647328302, "12": 0.9499999618212478, "13": 0.5000000421844266, "14": 0.5000000335642589, "15": 0.949999983170494, "16": 0.05000007461694059, "17": 0.9499999554672651, "18": 0.05000007368221149, "19": 0.5000000603418926, "20": 0.5000000499760466, "21": 0.5000000470011795, "22": 0.5000000634266162, "23": 0.5000000550735061, "24": 0.050000054221482376, "25": 0.5000000572921421, "26": 0.5000000468710606, "27": 0.9499999549835338, "28": 0.9499999796275379, "29": 0.5000000457645313, "30": 0.05000007455793043, "31": 0.50000004550763, "32": 0.9499999644113853, "33": 0.050000034521177364, "34": 0.05000007543364938, "35": 0.5000000476500142, "36": 0.5000000663517439, "37": 0.5000000677843884, "38": 0.050000068046175225, "39": 0.5000000556492742, "40": 0.5000000485458354, "41": 0.5000000441836292, "42": 0.5000000654964248, "43": 0.5000000443120799, "44": 0.5000000665938251, "45": 0.5000000441836292, "46": 0.050000068046175225, "47": 0.05000003167346846, "48": 0.9499999530786847, "49": 0.5000000644038771, "50": 0.0500000535571246, "51": 0.05000007455793043, "52": 0.5000000525214869, "53": 0.9499999647328302, "54": 0.9499999609116279, "55": 0.05000005709326932, "56": 0.5000000623425145, "57": 0.5000000644882022, "58": 0.500000050275548, "59": 0.05000004609333689, "60": 0.500000068440259, "61": 0.050000023440758296, "62": 0.500000061043975, "63": 0.5000000629191588, "64": 0.9499999530786847, "65": 0.5000000338921942, "66": 0.9499999527887903, "67": 0.9499999637488877, "68": 0.5000000644882022, "69": 0.05000006102091231, "70": 0.9499999648466524, "71": 0.5000000539575178, "72": 0.05000002854663466, "73": 0.9499999786341324, "74": 0.5000000555337233, "75": 0.9499999644113853, "76": 0.500000027824637, "77": 0.5000000432589538, "78": 0.500000054831609, "79": 0.9499999648466524, "80": 0.5000000317133081, "81": 0.9499999634280224, "82": 0.5000000536308004, "83": 0.050000054221482376, "84": 0.500000025137774, "85": 0.5000000451810689, "86": 0.9499999763943952, "87": 0.9499999817140112, "88": 0.5000000658885956, "89": 0.5000000294251229, "90": 0.5000000546869864, "91": 0.5000000322019386, "92": 0.500000054831609, "93": 0.0500000267785623, "94": 0.5000000485458354, "95": 0.5000000525214869, "96": 0.050000037308470295, "97": 0.5000000235005897, "98": 0.5000000232096854, "99": 0.5000000443120799}, "2": {"0": 0.5000001072623284, "1": 0.9499999117673585, "2": 0.5000000573997609, "3": 0.5000000954273615, "4": 0.5000000986565039, "5": 0.5000001113181771, "6": 0.9499999280751454, "7": 0.5000001012225719, "8": 0.5000001152678986, "9": 0.9499999217038393, "10": 0.5000000764301236, "11": 0.5000001152678986, "12": 0.5000001247635517, "13": 0.05000000966454042, "14": 0.500000087377034, "15": 0.5000000815523424, "16": 0.5000001206409495, "17": 0.500000056495602, "18": 0.9499999172916267, "19": 0.05000001835232108, "20": 0.500000077229314, "21": 0.05000001321369961, "22": 0.5000000743669141, "23": 0.5000001019857871, "24": 0.949999917384732, "25": 0.9499999137370593, "26": 0.9499999128359751, "27": 0.5000000401606207, "28": 0.5000000765593982, "29": 0.9499999117673585, "30": 0.05000001564152488, "31": 0.05000001593555716, "32": 0.05000001270642217, "33": 0.050000012185288926, "34": 0.9499999090842186, "35": 0.5000001082817894, "36": 0.5000000882249004, "37": 0.5000000575008674, "38": 0.05000001382308985, "39": 0.5000000925718825, "40": 0.5000000925718825, "41": 0.050000012749799205, "42": 0.9499999308832299, "43": 0.050000016186960664, "44": 0.5000001053462686, "45": 0.5000001157980422, "46": 0.5000000719983001, "47": 0.050000012185288926, "48": 0.05000001693124974, "49": 0.0500000165973156, "50": 0.05000001698077339, "51": 0.5000001012225719, "52": 0.50000008236961, "53": 0.9499999061490549, "54": 0.5000001114044115, "55": 0.050000006374899604, "56": 0.5000001157466738, "57": 0.9499999519001348, "58": 0.5000000769792186, "59": 0.5000000735063804, "60": 0.05000001374555597, "61": 0.5000000509928936, "62": 0.050000005700867045, "63": 0.05000001835232108, "64": 0.050000016186960664, "65": 0.5000000743669141, "66": 0.05000001321369961, "67": 0.9499999455985376, "68": 0.5000001206409495, "69": 0.5000000758654852, "70": 0.5000000382150618, "71": 0.5000000578990211, "72": 0.9499999338753317, "73": 0.9499999676148149, "74": 0.50000008236961, "75": 0.5000000815523424, "76": 0.5000001114044115, "77": 0.5000000796366298, "78": 0.05000001699499255, "79": 0.5000000359991501, "80": 0.9499999263607366, "81": 0.9499999631803683, "82": 0.9499999519001348, "83": 0.05000001061590886, "84": 0.5000000769792186, "85": 0.05000001374555597, "86": 0.9499999455985376, "87": 0.9499999090842186, "88": 0.05000001382308985, "89": 0.5000000591311635, "90": 0.5000000765593982, "91": 0.05000001693124974, "92": 0.5000000629418535, "93": 0.9499999308832299, "94": 0.5000000796366298, "95": 0.5000000314709268, "96": 0.05000000796777858, "97": 0.05000001699499255, "98": 0.5000000477136808, "99": 0.5000001082817894}, "3": {"0": 0.9499999890235469, "1": 0.9499999911326535, "2": 0.050000025657325184, "3": 0.49999998517493865,