{"0": {"0": 0.05000096320582487, "1": 0.9499997064980338, "2": 0.9499997162310643, "3": 0.949999582294826, "4": 0.05000209834794074, "5": 0.9499997162310643, "6": 0.05000182322501275, "7": 0.9499994135502858, "8": 0.9499996624460988, "9": 0.05000130674468534, "10": 0.9499994573923363, "11": 0.050001371383274276, "12": 0.949999871299575, "13": 0.9499997205931473, "14": 0.05000065248559253, "15": 0.050002079893378445, "16": 0.949999814544338, "17": 0.05000112359974715, "18": 0.05000161979653857, "19": 0.949999640933989, "20": 0.9499999051633826, "21": 0.9499997979040545, "22": 0.050001890048059786, "23": 0.949999554069628, "24": 0.05000208288329466, "25": 0.9499998656023411, "26": 0.9499998299017618, "27": 0.05000132626754007, "28": 0.05000209689418891, "29": 0.0500017271160287, "30": 0.05000182021120267, "31": 0.9499996453310888, "32": 0.05000242070541413, "33": 0.9499997488699166, "34": 0.05000186183249094, "35": 0.0500011028604693, "36": 0.050001319071736466, "37": 0.05000134094443423, "38": 0.05000121035270706, "39": 0.05000213807364602, "40": 0.050001371383274276, "41": 0.9499996678431787, "42": 0.05000090029959869, "43": 0.050001052413445254, "44": 0.050000659535868235, "45": 0.05000080181706795, "46": 0.9499995644092406, "47": 0.05000228701378498, "48": 0.050002211675417164, "49": 0.050002133596830575, "50": 0.9499996235793964, "51": 0.0500009790624195, "52": 0.05000082166093623, "53": 0.9499999051633826, "54": 0.05000130703473048, "55": 0.05000172121801176, "56": 0.050001299809859914, "57": 0.050000870287179186, "58": 0.05000110728725869, "59": 0.9499996453310888, "60": 0.050000859564156, "61": 0.05000099500403965, "62": 0.050000658079205694, "63": 0.05000161979653857, "64": 0.949999521319481, "65": 0.05000099952330836, "66": 0.05000178359946081, "67": 0.9499998525297444, "68": 0.05000149031889216, "69": 0.9499995687815429, "70": 0.05000223416810043, "71": 0.05000200411589837, "72": 0.050001720315780526, "73": 0.949999791147413, "74": 0.05000149031889216, "75": 0.9499996624460988, "76": 0.9499996235793964, "77": 0.0500017271160287, "78": 0.05000182322501275, "79": 0.05000200411589837, "80": 0.9499997446059035, "81": 0.949999531896642, "82": 0.949999777034814, "83": 0.05000104917397037, "84": 0.05000221658743741, "85": 0.9499998512919232, "86": 0.9499995886565502, "87": 0.05000178359946081, "88": 0.05000239064072115, "89": 0.949999521319481, "90": 0.05000134749722176, "91": 0.0500020776954797, "92": 0.05000080181706795, "93": 0.050001283192029636, "94": 0.05000174057435837, "95": 0.949999262691331, "96": 0.9499998880494548, "97": 0.050000900523533134, "98": 0.05000223416810043, "99": 0.9499999256459616}, "1": {"0": 0.05000199704435139, "1": 0.05000092061637782, "2": 0.05000219251010027, "3": 0.9499994164263489, "4": 0.05000178421466982, "5": 0.050001862865611396, "6": 0.050001869884627084, "7": 0.05000208448277569, "8": 0.05000131711670077, "9": 0.050002097249924916, "10": 0.0500016246363761, "11": 0.05000058525317418, "12": 0.9499994261850332, "13": 0.05000171461523556, "14": 0.05000105345055945, "15": 0.05000121063288835, "16": 0.949999809435936, "17": 0.05000179830817665, "18": 0.9499998160675358, "19": 0.9499996032423322, "20": 0.9499997287536822, "21": 0.05000157138498825, "22": 0.9499993845049792, "23": 0.9499995943834174, "24": 0.05000154125427883, "25": 0.05000106043937161, "26": 0.9499996524812941, "27": 0.05000061256854217, "28": 0.9499994105977176, "29": 0.050001173582570585, "30": 0.9499994606529987, "31": 0.050001416511221815, "32": 0.9499995115200236, "33": 0.050001170506348364, "34": 0.05000122513708434, "35": 0.9499997095724676, "36": 0.949999759518355, "37": 0.9499996464726359, "38": 0.05000104224138785, "39": 0.050001038899903615, "40": 0.050001218267196015, "41": 0.050001218267196015, "42": 0.9499996405176919, "43": 0.9499996405176919, "44": 0.9499996162469424, "45": 0.05000081850315439, "46": 0.05000168437466043, "47": 0.0500013537223974, "48": 0.050000877716859946, "49": 0.05000089915408833, "50": 0.05000077250752711, "51": 0.9499998055521031, "52": 0.05000077062713942, "53": 0.9499995115200236, "54": 0.050002104822223545, "55": 0.94999944562411, "56": 0.05000070239584187, "57": 0.050001827336081675, "58": 0.9499996162469424, "59": 0.050001173582570585, "60": 0.05000052672527973, "61": 0.9499997940060471, "62": 0.94999944562411, "63": 0.05000085128374013, "64": 0.0500016246363761, "65": 0.9499994575073645, "66": 0.949999611101983, "67": 0.9499994105977176, "68": 0.05000085128374013, "69": 0.050002014445583706, "70": 0.05000166789022294, "71": 0.0500009314328057, "72": 0.05000171461523556, "73": 0.949999801751953, "74": 0.05000065132655553, "75": 0.050001390841711124, "76": 0.05000089210733491, "77": 0.9499995604763498, "78": 0.9499994655053453, "79": 0.05000166789022294, "80": 0.9499996409357215, "81": 0.9499996690632786, "82": 0.050000591390955605, "83": 0.050001869884627084, "84": 0.050001503865234095, "85": 0.05000038625376356, "86": 0.050001390841711124, "87": 0.050000878824696754, "88": 0.05000104875529468, "89": 0.05000106043937161, "90": 0.9499998055521031, "91": 0.05000142277554627, "92": 0.9499994269625938, "93": 0.050001863166658195, "94": 0.050001503865234095, "95": 0.05000092061637782, "96": 0.9499996464726359, "97": 0.05000034912064746, "98": 0.05000043941234838, "99": 0.9499997134812969}, "2": {"0": 0.9499990805816476, "1": 0.05000133702928762, "2": 0.9499986245504357, "3": 0.050001144985650156, "4": 0.05000135210169131, "5": 0.5489748324119482, "6": 0.9499982010747818, "7": 0.9499983254214959, "8": 0.05000057951502944, "9": 0.05000077235186043, "10": 0.05000068083762879, "11": 0.9499983358964585, "12": 0.9499986645849341, "13": 0.9499995575436259, "14": 0.9499976007752557, "15": 0.05000111321537648, "16": 0.050001209814026316, "17": 0.05000072384294851, "18": 0.05000107121318296, "19": 0.05000063406023755, "20": 0.05000110917970556, "21": 0.05000122081463668, "22": 0.05000124316752425, "23": 0.050000983829429746, "24": 0.9499994867786649, "25": 0.050000195018225835, "26": 0.9499985417386763, "27": 0.9499997184811841, "28": 0.050001064825747475, "29": 0.050001177531709934, "30": 0.05000134847685229, "31": 0.05000057249282508, "32": 0.05000075023092897, "33": 0.050001639037660625, "34": 0.050001067400694085, "35": 0.9499990230006834, "36": 0.949999199344602, "37": 0.949998377540987, "38": 0.05000065430669767, "39": 0.05000113225990292, "40": 0.05000075838916614, "41": 0.9499990805816476, "42": 0.05000084258188675, "43": 0.050001491311055066, "44": 0.9499988739247368, "45": 0.9499993501354176, "46": 0.05000068796889429, "47": 0.050000998731181544, "48": 0.050001274771810884, "49": 0.050001242039020774, "50": 0.050001581228038786, "51": 0.05000109820716233, "52": 0.050000535255683515, "53": 0.9499996155846335, "54": 0.05000115235397544, "55": 0.9499992003954756, "56": 0.9499994208565443, "57": 0.05000118831413574, "58": 0.050001242039020774, "59": 0.05000127281610217, "60": 0.05000059415706787, "61": 0.9499983358964585, "62": 0.050001246643505845, "63": 0.9499987002708352, "64": 0.9499994208565443, "65": 0.949999479162557, "66": 0.9499983254214959, "67": 0.05000103356374223, "68": 0.0500003404188144, "69": 0.9499984007909511, "70": 0.050001345467889036, "71": 0.05000079235567357, "72": 0.05000103356374223, "73": 0.9499993042477894, "74": 0.05000111694637145, "75": 0.050001049455663624, "76": 0.05000049936559077, "77": 0.050001385648781774, "78": 0.9499982010747818, "79": 0.05000111321537648, "80": 0.050001058208509516, "81": 0.05000084258188675, "82": 0.9499986816733322, "83": 0.9499988359389344, "84": 0.050000532412873736, "85": 0.9499994154332192, "86": 0.9499996420380991, "87": 0.050000897287689056, "88": 0.05000077235186043, "89": 0.05000037919458307, "90": 0.05000072384294851, "91": 0.9499986245504357, "92": 0.0500008882850152, "93": 0.05000079232661549, "94": 0.05000075023092897, "95": 0.05000127281610217, "96": 0.050001345467889036, "97": 0.05000110917970556, "98": 0.9499988003876279,