{"0": {"0": 0.8289342866900852, "1": 0.4999999999999102, "2": 0.1440248775299379, "3": 0.8289342866624243, "4": 0.8289342866621999, "5": 0.8289342866624598, "6": 0.49999999999994194, "7": 0.8289342866979528, "8": 0.49999999999997086, "9": 0.8289342866783146, "10": 0.14402470375460094, "11": 0.8289342866900852, "12": 0.4999999999998817, "13": 0.49999999999996636, "14": 0.4999999999999578, "15": 0.8289342866792029, "16": 0.82893428672824, "17": 0.4999999999999619, "18": 0.14402465368983425, "19": 0.4999999999999795, "20": 0.49999999999994316, "21": 0.49999999999998557, "22": 0.14402466812483472, "23": 0.14402461150095675, "24": 0.8289342866853706, "25": 0.8289342866800281, "26": 0.8289342866820255, "27": 0.8289342866779017, "28": 0.8289342866675731, "29": 0.14402443462472816, "30": 0.8289342866710391, "31": 0.49999999999998157, "32": 0.8289342866624598, "33": 0.49999999999996136, "34": 0.14402469275893814, "35": 0.4999999999999656, "36": 0.4999999999999222, "37": 0.8289342866662922, "38": 0.8289342866779017, "39": 0.1440248379368726, "40": 0.49999999999996136, "41": 0.8289342866722249, "42": 0.49999999999995903, "43": 0.8289342866809963, "44": 0.4999999999999847, "45": 0.49999999999993966, "46": 0.8289342866680289, "47": 0.4999999999999554, "48": 0.49999999999996864, "49": 0.8289342867231666, "50": 0.8289342866816793, "51": 0.14402472531980437, "52": 0.14402491450725197, "53": 0.499999999999955, "54": 0.8289342866853706, "55": 0.8289342866094376, "56": 0.14402475707703125, "57": 0.14402475707703125, "58": 0.1440248100805977, "59": 0.49999999999994194, "60": 0.8289342866722249, "61": 0.14402490052799236, "62": 0.8289342866420232, "63": 0.49999999999996836, "64": 0.4999999999999252, "65": 0.4999999999999626, "66": 0.14402469173567367, "67": 0.14402491450725197, "68": 0.4999999999999719, "69": 0.828934286689181, "70": 0.14402475381936763, "71": 0.49999999999995637, "72": 0.14402472531980437, "73": 0.4999999999999284, "74": 0.14402469173567367, "75": 0.4999999999999191, "76": 0.8289342866845402, "77": 0.8289342866798518, "78": 0.14402465611874923, "79": 0.14402466143386775, "80": 0.8289342866800281, "81": 0.49999999999994804, "82": 0.8289342866793585, "83": 0.49999999999994205, "84": 0.8289342866903768, "85": 0.4999999999999642, "86": 0.49999999999996936, "87": 0.4999999999999551, "88": 0.8289342866798518, "89": 0.14402474421651357, "90": 0.1440248379368726, "91": 0.1440248100805977, "92": 0.4999999999999596, "93": 0.49999999999996353, "94": 0.8289342866792029, "95": 0.4999999999999367, "96": 0.4999999999999777, "97": 0.14402470375460094, "98": 0.8289342866675731, "99": 0.8289342866783146}, "1": {"0": 0.5000000000000177, "1": 0.8660226647902197, "2": 0.5000000000000108, "3": 0.14595114082624155, "4": 0.14595114339534038, "5": 0.5000000000000108, "6": 0.500000000000018, "7": 0.8660226647868475, "8": 0.14595113614962585, "9": 0.8660226647598073, "10": 0.14595114103074705, "11": 0.50000000000001, "12": 0.14595113782541613, "13": 0.8660226647600373, "14": 0.5000000000000105, "15": 0.8660226647765065, "16": 0.8660226647487199, "17": 0.5000000000000068, "18": 0.8660226647766138, "19": 0.5000000000000285, "20": 0.14595114201179035, "21": 0.5000000000000066, "22": 0.5000000000000072, "23": 0.5000000000000231, "24": 0.5000000000000051, "25": 0.8660226646965358, "26": 0.14595114082624155, "27": 0.8660226647682194, "28": 0.8660226647391094, "29": 0.14595114079885946, "30": 0.5000000000000157, "31": 0.14595114096957668, "32": 0.14595114201179035, "33": 0.5000000000000026, "34": 0.14595114082204863, "35": 0.14595114056721448, "36": 0.1459511451570838, "37": 0.8660226648401246, "38": 0.8660226647467543, "39": 0.14595114344729831, "40": 0.866022664703036, "41": 0.8660226646965358, "42": 0.8660226647164476, "43": 0.5000000000000177, "44": 0.14595114121150576, "45": 0.8660226647836722, "46": 0.8660226647056911, "47": 0.5000000000000113, "48": 0.8660226647902197, "49": 0.8660226648316269, "50": 0.14595114082204863, "51": 0.14595114322472125, "52": 0.5000000000000197, "53": 0.14595114056721448, "54": 0.8660226647774403, "55": 0.5000000000000033, "56": 0.14595113732486706, "57": 0.8660226647605264, "58": 0.5000000000000027, "59": 0.5000000000000082, "60": 0.8660226647774403, "61": 0.8660226647600373, "62": 0.5000000000000077, "63": 0.145951143775279, "64": 0.5000000000000029, "65": 0.14595114649366925, "66": 0.5000000000000259, "67": 0.8660226647549575, "68": 0.1459511415691822, "69": 0.8660226647487199, "70": 0.1459511451570838, "71": 0.14595114196870884, "72": 0.5000000000000036, "73": 0.1459511424575095, "74": 0.5000000000000056, "75": 0.14595114040161508, "76": 0.14595113287439776, "77": 0.8660226647518553, "78": 0.8660226647511093, "79": 0.14595114289783354, "80": 0.14595113833203688, "81": 0.1459511397724831, "82": 0.8660226648197231, "83": 0.5000000000000042, "84": 0.14595114196870884, "85": 0.5000000000000168, "86": 0.5000000000000238, "87": 0.8660226648136302, "88": 0.5000000000000115, "89": 0.14595114040161508, "90": 0.14595114096957668, "91": 0.8660226648704958, "92": 0.5000000000000091, "93": 0.8660226647766138, "94": 0.8660226647511093, "95": 0.8660226647605264, "96": 0.5000000000000038, "97": 0.866022664811993, "98": 0.8660226647777113, "99": 0.8660226647777113}, "2": {"0": 0.500000000000028, "1": 0.5000000000000445, "2": 0.12099900262255273, "3": 0.5000000000000087, "4": 0.12100903312318892, "5": 0.500000000000018, "6": 0.12100451923798232, "7": 0.8441123445473943, "8": 0.5000000000000216, "9": 0.5000000000000475, "10": 0.5000000000000208, "11": 0.5000000000000329, "12": 0.5000000000000273, "13": 0.8441122664279137, "14": 0.5000000000000093, "15": 0.5000000000000205, "16": 0.8441120018578225, "17": 0.5000000000000309, "18": 0.5000000000000369, "19": 0.5000000000000109, "20": 0.8441121599176755, "21": 0.5000000000000308, "22": 0.500000000000014, "23": 0.8441122043076492, "24": 0.5000000000000137, "25": 0.5000000000000093, "26": 0.5000000000000162, "27": 0.5000000000000322, "28": 0.5000000000000135, "29": 0.844112332134956, "30": 0.5000000000000147, "31": 0.5000000000000164, "32": 0.500000000000024, "33": 0.8441124375490818, "34": 0.5000000000000067, "35": 0.12100916669488217, "36": 0.500000000000026, "37": 0.8441122483733334, "38": 0.8441122127598037, "39": 0.5000000000000164, "40": 0.8441124317970236, "41": 0.12100833756123823, "42": 0.12100592721993181, "43": 0.500000000000026, "44": 0.12099632242360706, "45": 0.8441122149912457, "46": 0.5000000000000527, "47": 0.12100903312318892, "48": 0.8441123363918641, "49": 0.8441121599176755, "50": 0.5000000000000128, "51": 0.5000000000000133, "52": 0.5000000000000137, "53": 0.5000000000000243, "54": 0.5000000000000308, "55": 0.5000000000000085, "56": 0.500000000000017, "57": 0.12099632242360706, "58": 0.12100451923798232, "59": 0.500000000000014, "60": 0.12100268205092238, "61": 0.5000000000000198, "62": 0.5000000000000082, "63": 0.5000000000000315, "64": 0.5000000000000189, "65": 0.8441121256890685, "66": 0.5000000000000255, "67": 0.12100495829954286, "68": 0.12101082780655471, "69": 0.844112233874148, "70": 0.5000000000000243, "71": 0.500000000000014, "72": 0.12100920100534876, "73": 0.12100713831404047, "74": 0.8441123733292579, "75": 0.12100820074104175, "76": 0.8441121155277018, "77": 0.844112233874148, "78": 0.500000000000014, "79": 0.12100916669488217, "80": 0.5000000000000313, "81": 0.12100592721993181, "82": 0.5000000000000187, "83": 0.5000000000000331, "84": 0.5000000000000111, "85": 0.8441123057287708, "86": 0.12100833756123823, "87": 0.8441123057287708, "88": 0.8441122291975811, "89": 0.844112332134956, "90": 0.8441123445473943, "91": 0.5000000000000068, "92": 0.500000000000024, "93": 0.500000000000017, "94": 0.8441120568700617, "95": 0.500000000000026, "96": 0.12100808944373209, "97": 0.1210038996213243, "98": 0.12100376499613152, "99": 0.5000000000000094}, "3": {"0": 0.8759633443206223, "1": 0.11355571263502975, "2": 0.11355567619136221, "3": 0.5000000000000313, "4": 0.11355568167379147,