{"0": {"0": 0.5002428666266518, "1": 0.49999528622065986, "2": 0.9478755369851611, "3": 0.5002772243568736, "4": 0.9478755369851611, "5": 0.05068075115431364, "6": 0.050544183588724714, "7": 0.4999666260092657, "8": 0.949313128556591, "9": 0.5002625776937599, "10": 0.9489799342338847, "11": 0.9498343542160481, "12": 0.9489088362426266, "13": 0.9487630936160056, "14": 0.9487590783127782, "15": 0.9496369284823984, "16": 0.050810665535835894, "17": 0.9498371317819189, "18": 0.498575664293986, "19": 0.5000756931627974, "20": 0.05054031259434572, "21": 0.9489799342338847, "22": 0.9491245174822758, "23": 0.5002174776382955, "24": 0.4999223241187065, "25": 0.4999120914586291, "26": 0.05102705073935046, "27": 0.5002181466940471, "28": 0.49991332387730075, "29": 0.9480976511770642, "30": 0.05077802906939837, "31": 0.9494441136509667, "32": 0.9498393183181417, "33": 0.9495016811045225, "34": 0.499899741378909, "35": 0.5002866045566883, "36": 0.9494035628325839, "37": 0.4976365830247691, "38": 0.5002625776937599, "39": 0.5001677158930289, "40": 0.9498343542160481, "41": 0.9495571471716552, "42": 0.9497508405522612, "43": 0.49992148899688904, "44": 0.5008357303953459, "45": 0.4981999275213933, "46": 0.050737965762054964, "47": 0.05074581765701634, "48": 0.05120402914009904, "49": 0.9499406038934723, "50": 0.9494441136509667, "51": 0.050544183588724714, "52": 0.4976365830247691, "53": 0.49991782399800366, "54": 0.9496369284823984, "55": 0.9498823667663082, "56": 0.5005725317806822, "57": 0.5002188491111491, "58": 0.5005482035165671, "59": 0.9499419833375813, "60": 0.5002382089697062, "61": 0.949313128556591, "62": 0.49785039454358615, "63": 0.051500857935776745, "64": 0.9498823667663082, "65": 0.5000841010944492, "66": 0.9480544064259101, "67": 0.5005725317806822, "68": 0.5002428666266518, "69": 0.9487590783127782, "70": 0.498575664293986, "71": 0.05036701990728713, "72": 0.05036701990728713, "73": 0.5008357303953459, "74": 0.9495571471716552, "75": 0.5005931997667874, "76": 0.050642555629969256, "77": 0.9499406038934723, "78": 0.9498371317819189, "79": 0.05206875139168107, "80": 0.05063491652510038, "81": 0.49991782399800366, "82": 0.5005853801327924, "83": 0.5002382089697062, "84": 0.05206875139168107, "85": 0.05102705073935046, "86": 0.4999877172708532, "87": 0.050642555629969256, "88": 0.050750428967888374, "89": 0.5005911200887947, "90": 0.05120402914009904, "91": 0.49999528622065986, "92": 0.9491245174822758, "93": 0.9489088362426266, "94": 0.05040533276791795, "95": 0.5001672295971594, "96": 0.5001677158930289, "97": 0.5005911200887947, "98": 0.9480544064259101, "99": 0.5002772243568736}, "1": {"0": 0.499368053446504, "1": 0.05015782013782511, "2": 0.949596340492422, "3": 0.949817633371421, "4": 0.499720117187455, "5": 0.5004376039031657, "6": 0.4999816145487995, "7": 0.5000946387835523, "8": 0.9496772794126325, "9": 0.05091447802032758, "10": 0.49973736383675893, "11": 0.4998658074768288, "12": 0.0500756334821025, "13": 0.5000802682786782, "14": 0.949817633371421, "15": 0.5000166638378656, "16": 0.4959935821269959, "17": 0.49999372454365837, "18": 0.5008471826709868, "19": 0.9478654320657074, "20": 0.9496834050634886, "21": 0.5014131550957608, "22": 0.05028681459007679, "23": 0.4985827148974021, "24": 0.050150432143531584, "25": 0.949211174424683, "26": 0.9497289308450154, "27": 0.05091447802032758, "28": 0.9496256279802496, "29": 0.49917552297295176, "30": 0.49981586521085486, "31": 0.5035401968447288, "32": 0.5035401968447288, "33": 0.05031842736696971, "34": 0.9499056294650952, "35": 0.05287893065412941, "36": 0.49964442974414147, "37": 0.9497307247222964, "38": 0.5001699011958758, "39": 0.49932856740808884, "40": 0.051372594330245706, "41": 0.050282893461295115, "42": 0.5000314715104037, "43": 0.5000753089798503, "44": 0.949211174424683, "45": 0.49964341925423583, "46": 0.5004235913354934, "47": 0.05027897233251344, "48": 0.9496673418220458, "49": 0.9493044313914496, "50": 0.4988396155109942, "51": 0.5001695613323548, "52": 0.5007993914348714, "53": 0.49917552297295176, "54": 0.05054926474286328, "55": 0.5000166638378656, "56": 0.4997886408425007, "57": 0.05028258495218115, "58": 0.49810419387498167, "59": 0.9498653623611482, "60": 0.05287893065412941, "61": 0.49964137332668024, "62": 0.4998430895792091, "63": 0.050151716662103864, "64": 0.49932856740808884, "65": 0.49929001547619195, "66": 0.5001699011958758, "67": 0.9493348586963481, "68": 0.49868973550747075, "69": 0.5014131550957608, "70": 0.05015260963964082, "71": 0.49868973550747075, "72": 0.9498772140381481, "73": 0.5010561708195308, "74": 0.949596340492422, "75": 0.05028258495218115, "76": 0.49810419387498167, "77": 0.9496834050634886, "78": 0.49857894149816906, "79": 0.5000802682786782, "80": 0.49973736383675893, "81": 0.5004376039031657, "82": 0.05054926474286328, "83": 0.5000058345385172, "84": 0.49990793260542743, "85": 0.05134404017718245, "86": 0.9478654320657074, "87": 0.5005280854097653, "88": 0.4988396155109942, "89": 0.9493044313914496, "90": 0.49999372454365837, "91": 0.051372594330245706, "92": 0.9499056294650952, "93": 0.05134404017718245, "94": 0.050151716662103864, "95": 0.49981230223828743, "96": 0.0500756334821025, "97": 0.49981230223828743, "98": 0.49857894149816906, "99": 0.4959935821269959}, "2": {"0": 0.9496727552760093, "1": 0.4992531697720647, "2": 0.9495021131935664, "3": 0.4999483715176033, "4": 0.05042654848586589, "5": 0.4999730644528807, "6": 0.050640237050036715, "7": 0.05052930279533383, "8": 0.9498482076527301, "9": 0.49900486387415444, "10": 0.05062554682078779, "11": 0.49996575459214776, "12": 0.05404715948869825, "13": 0.05139306881674133, "14": 0.4992993059473739, "15": 0.05035669374936629, "16": 0.9491607062123519, "17": 0.05112505608242476, "18": 0.05063866729670437, "19": 0.49892583271219837, "20": 0.500038232672844, "21": 0.4994158564171344, "22": 0.9493208787906104, "23": 0.05093881361826716, "24": 0.5000218197747319, "25": 0.050496433178818426, "26": 0.9488363050304157, "27": 0.05055117281071894, "28": 0.9491616329553203, "29": 0.9493781510754749, "30": 0.500080881585869, "31": 0.5000218197747319, "32": 0.9473924193248922, "33": 0.9496617909737138, "34": 0.9493902039645643, "35": 0.500038232672844, "36": 0.500012453861933, "37": 0.4998784671278594, "38": 0.5001335953786235, "39": 0.4994158564171344, "40": 0.05028574867121906, "41": 0.9488349415105104, "42": 0.05112505608242476, "43": 0.05055217228462898, "44": 0.49992045902761856, "45": 0.9488390320702261, "46": 0.050498056711026834, "47": 0.5000315774105857, "48": 0.9496867916840761, "49": 0.050438088950389134, "50": 0.9473924193248922, "51": 0.9483663163030043, "52": 0.4999229336068657, "53": 0.4998798669434542, "54": 0.5000281529428225, "55": 0.4992762378597193, "56": 0.5000268125850831, "57": 0.5001335953786235, "58": 0.5000390960478522, "59": 0.5000344610824652, "60": 0.9488349415105104, "61": 0.9483663163030043, "62": 0.05093881361826716, "63": 0.05028574867121906, "64": 0.9496727552760093, "65": 0.4999620996617813, "66": 0.05049480964661002, "67": 0.05054966352507037, "68": 0.050696534408370665, "69": 0.4999716469521038, "70": 0.9496617909737138, "71": 0.9498415564700059, "72": 0.050640237050036715, "73": 0.49992045902761856, "74": 0.499995614864779, "75": 0.49992509608310276, "76": 0.49991974203909106, "77": 0.9496109529274257, "78": 0.4999756597248384, "79": 0.05404715948869825, "80": 0.05043231871812751, "81": 0.9495903875606264, "82": 0.05055016326202539, "83": 0.9499389110946864, "84": 0.9493208787906104, "85": 0.050496433178818426, "86": 0.5000282706553537, "87": 0.05052930279533383, "88": 0.499995614864779, "89": 0.05055016326202539, "90": 0.4992762378597193, "91": 0.9495903875606264, "92": 0.5000281529428225, "93": 0.9493902039645643, "94": 0.4999483715176033, "95": 0.9498482076527301, "96": 0.9499389110946864, "97": 0.5000141353276768, "98": 0.49892583271219837, "99": 0.5000268125850831}, "3": {"0": 0.9495814674935659, "1": 0.050214250674351035, "2": 0.9492906824490233,