{"0": {"0": 0.050006568449878656, "1": 0.5442752253082755, "2": 0.9499889351070518, "3": 0.05000647856991279, "4": 0.631800935228521, "5": 0.5199994124661615, "6": 0.41135765177389044, "7": 0.949991335314071, "8": 0.05000651121988827, "9": 0.9499952185973422, "10": 0.6408714975238758, "11": 0.9499909564372219, "12": 0.9499913398878322, "13": 0.36746526717113637, "14": 0.5922885812090211, "15": 0.9499914024590179, "16": 0.9499917509016267, "17": 0.9499929021357101, "18": 0.05000625629633285, "19": 0.9499895405616292, "20": 0.3553710391718099, "21": 0.050006875590974775, "22": 0.05000394150270495, "23": 0.05000485884556609, "24": 0.9499915854439438, "25": 0.9499913053574691, "26": 0.05000266508945312, "27": 0.050006925050032215, "28": 0.050005794307101684, "29": 0.9499926107953485, "30": 0.9499901074988448, "31": 0.5199994124661615, "32": 0.631800935228521, "33": 0.05000671959024032, "34": 0.949995410313562, "35": 0.05000720889585147, "36": 0.05000720368459254, "37": 0.9499915281295479, "38": 0.05000598891346522, "39": 0.36746526717113637, "40": 0.9499909564372219, "41": 0.050004441408663586, "42": 0.050006016059319244, "43": 0.0500042595170112, "44": 0.9499944710673733, "45": 0.41805112754509177, "46": 0.050006677043100474, "47": 0.05000394150270495, "48": 0.05000542048806625, "49": 0.5922885812090211, "50": 0.3553710391718099, "51": 0.0500056773228974, "52": 0.0500056773228974, "53": 0.41135765177389044, "54": 0.05000581927592947, "55": 0.9499887095618764, "56": 0.9499919181598235, "57": 0.9499906029968457, "58": 0.6408714975238758, "59": 0.41805112754509177, "60": 0.0500032392849564, "61": 0.5546054972965159, "62": 0.3553710391718099, "63": 0.9499895745646405, "64": 0.9499923502607635, "65": 0.9499909669903431, "66": 0.05000485884556609, "67": 0.5108452800027278, "68": 0.05000671959024032, "69": 0.949989841321939, "70": 0.5108452800027278, "71": 0.050003699856069866, "72": 0.05000497837069398, "73": 0.42726731783235083, "74": 0.9499952029255692, "75": 0.05000581927592947, "76": 0.9499906029968457, "77": 0.05000262446029964, "78": 0.5546054972965159, "79": 0.3553710391718099, "80": 0.05000497837069398, "81": 0.9499919181598235, "82": 0.598876814383789, "83": 0.9499907405091311, "84": 0.5442752253082755, "85": 0.6408714975238758, "86": 0.050004441408663586, "87": 0.42726731783235083, "88": 0.050003699856069866, "89": 0.05000625629633285, "90": 0.5922885812090211, "91": 0.41805112754509177, "92": 0.598876814383789, "93": 0.05000598891346522, "94": 0.9499909669903431, "95": 0.5199994124661615, "96": 0.0500042595170112, "97": 0.949989841321939, "98": 0.9499915854439438, "99": 0.3553710391718099}, "1": {"0": 0.9499882636947811, "1": 0.050012090953001936, "2": 0.05001230457431689, "3": 0.9499909565440428, "4": 0.3839982046161283, "5": 0.0500117198608673, "6": 0.05001285940359661, "7": 0.3553491409394654, "8": 0.05000597790439395, "9": 0.3839982046161283, "10": 0.47826292465434506, "11": 0.5941589555761428, "12": 0.05001154280185969, "13": 0.05001333022900768, "14": 0.050012434567537914, "15": 0.9499880337161454, "16": 0.3971068859950062, "17": 0.05001202912633848, "18": 0.9499909564730014, "19": 0.5110895752019289, "20": 0.05001298702962356, "21": 0.9499890749015663, "22": 0.5723736796173444, "23": 0.05001069844831925, "24": 0.39906001364235866, "25": 0.9499886050735457, "26": 0.6459660170991992, "27": 0.9499891339168376, "28": 0.9499868366324198, "29": 0.05001120400090444, "30": 0.9499878473104957, "31": 0.6459660170991992, "32": 0.5110895752019289, "33": 0.05001298702962356, "34": 0.9499894676745402, "35": 0.05001058682779453, "36": 0.949987422876667, "37": 0.3839982046161283, "38": 0.05000833462265791, "39": 0.4740954604563267, "40": 0.050011080164848204, "41": 0.9499886023313524, "42": 0.47826292465434506, "43": 0.9499901681120688, "44": 0.3553491409394654, "45": 0.9499920471623473, "46": 0.0500124004062622, "47": 0.05001270347605173, "48": 0.9499943833533248, "49": 0.9499941694570225, "50": 0.0500093401026772, "51": 0.46970542296677925, "52": 0.39906001364235866, "53": 0.05000865452765631, "54": 0.05001069844831925, "55": 0.949990633621483, "56": 0.949988274774785, "57": 0.4010287124789834, "58": 0.05001187616660832, "59": 0.050010537623596495, "60": 0.6211816924007931, "61": 0.050010382127667646, "62": 0.4010287124789834, "63": 0.05001058682779453, "64": 0.6211816924007931, "65": 0.4010287124789834, "66": 0.5941589555761428, "67": 0.3971068859950062, "68": 0.9499895539965109, "69": 0.9499873887343901, "70": 0.6278206390105565, "71": 0.05001165211137369, "72": 0.05001187616660832, "73": 0.050011470583516716, "74": 0.6278206390105565, "75": 0.46970542296677925, "76": 0.46970542296677925, "77": 0.9499882636947811, "78": 0.9499889949642492, "79": 0.05000621728376896, "80": 0.9499901130287725, "81": 0.5110895752019289, "82": 0.05001154280185969, "83": 0.9499895539965109, "84": 0.9499883155926525, "85": 0.05000613162171934, "86": 0.9499920471623473, "87": 0.9499878473104957, "88": 0.4740954604563267, "89": 0.05000833462265791, "90": 0.9499891266729028, "91": 0.0500117198608673, "92": 0.9499894782409558, "93": 0.9499894782409558, "94": 0.4010287124789834, "95": 0.0500124004062622, "96": 0.6211816924007931, "97": 0.46970542296677925, "98": 0.9499909564730014, "99": 0.5723736796173444}, "2": {"0": 0.4207125564555059, "1": 0.05000408820875905, "2": 0.05000463382715577, "3": 0.05000383956979937, "4": 0.9499918968309272, "5": 0.050002211242415245, "6": 0.05000484304237433, "7": 0.05000380379897277, "8": 0.9499959423218522, "9": 0.0500039226506136, "10": 0.9499942670975882, "11": 0.5175865070667895, "12": 0.6456982115994903, "13": 0.5946549424305407, "14": 0.05000467652601512, "15": 0.43491704074155235, "16": 0.05000360059771328, "17": 0.050005015916740905, "18": 0.39954675337255197, "19": 0.050004411188618716, "20": 0.05000388491374799, "21": 0.4115336253406432, "22": 0.05000425498884513, "23": 0.4575388150532082, "24": 0.5985890584543276, "25": 0.050004082286804724, "26": 0.050003666276863146, "27": 0.050004305906709165, "28": 0.4115336253406432, "29": 0.05000204114340236, "30": 0.05000450971307775, "31": 0.4115336253406432, "32": 0.6411539620027001, "33": 0.949995974238994, "34": 0.05000466021018243, "35": 0.050004185467935225, "36": 0.43491704074155235, "37": 0.050002316913577885, "38": 0.05000369111454382, "39": 0.949991668816587, "40": 0.5609165804861515, "41": 0.9499926585181746, "42": 0.37220087368406773, "43": 0.9499941845796553, "44": 0.6411539620027001, "45": 0.9499959665400407, "46": 0.9499925014752052, "47": 0.9499941845796553, "48": 0.46626918056799216, "49": 0.5609165804861515, "50": 0.050004114170908706, "51": 0.050001503430183634, "52": 0.05000406339474324, "53": 0.05000454343300337, "54": 0.949991668816587, "55": 0.48071434960935244, "56": 0.5562605239478753, "57": 0.4115336253406432, "58": 0.050002282521912404, "59": 0.38020518630218525, "60": 0.43491704074155235, "61": 0.5985890584543276, "62": 0.48071434960935244, "63": 0.48071434960935244, "64": 0.5985890584543276, "65": 0.9499959665400407, "66": 0.9499926278980583, "67": 0.37220087368406773, "68": 0.4575388150532082, "69": 0.05000454343300337, "70": 0.9499937199151058, "71": 0.6456982115994903, "72": 0.4207125564555059, "73": 0.050004216074093, "74": 0.0500032615665751, "75": 0.46626918056799216, "76": 0.9499932206766257, "77": 0.05000380379897277, "78": 0.46626918056799216, "79": 0.5609165804861515, "80": 0.5609165804861515, "81": 0.05000451014065495, "82": 0.5946549424305407, "83": 0.9499926278980583, "84": 0.39954675337255197, "85": 0.05000281718526284, "86": 0.050004216074093, "87": 0.9499934476344432, "88": 0.9499926585181746, "89": 0.0500039226506136, "90": 0.05000369111454382, "91": 0.949993578862153, "92": 0.05000408820875905, "93": 0.38020518630218525, "94": 0.5175865070667895, "95": 0.9499937199151058, "96": 0.9499939081737272, "97": 0.9499934476344432, "98": 0.5562605239478753, "99": 0.9499942670975882}, "3": {"0": 0.05000378526843692, "1": 0.9499931687622887,