{"0": {"0": 0.05000001460398694, "1": 0.05000000674072268, "2": 0.5577248515832604, "3": 0.05000001460398694, "4": 0.05000000702602995, "5": 0.5074073034189186, "6": 0.4731226651824149, "7": 0.9499999854958282, "8": 0.46094646052252886, "9": 0.9499999946375528, "10": 0.05000001822663867, "11": 0.4126260785444874, "12": 0.050000013919902046, "13": 0.4085409693979035, "14": 0.949999985642169, "15": 0.3552622484321756, "16": 0.05000001283708232, "17": 0.5789540491273854, "18": 0.46673108986456885, "19": 0.5577248515832604, "20": 0.2662802937158124, "21": 0.9499999884178777, "22": 0.0500000143194123, "23": 0.05000001516100949, "24": 0.36841828521669895, "25": 0.40161790294031363, "26": 0.4212072457930296, "27": 0.5789540491273854, "28": 0.5208599255240911, "29": 0.9499999846954994, "30": 0.9499999853643708, "31": 0.4493080538000031, "32": 0.4212072457930296, "33": 0.40161790294031363, "34": 0.050000013919902046, "35": 0.0500000131241367, "36": 0.9499999875848315, "37": 0.4085409693979035, "38": 0.05000001553409256, "39": 0.5475750552505418, "40": 0.05000001624348549, "41": 0.05000001693662546, "42": 0.5142121393241731, "43": 0.9499999860555056, "44": 0.3552622484321756, "45": 0.41262607822778186, "46": 0.05000001820459044, "47": 0.43496912436876267, "48": 0.36841828521669895, "49": 0.9499999871530068, "50": 0.47432336182415424, "51": 0.5475750552505418, "52": 0.3869677842209287, "53": 0.46673108986456885, "54": 0.05000001341119108, "55": 0.9499999867466404, "56": 0.05000001468381109, "57": 0.05000000878087519, "58": 0.5070014639023516, "59": 0.9499999860555056, "60": 0.05000001697083579, "61": 0.47323022476988696, "62": 0.9499999895495159, "63": 0.050000017326821924, "64": 0.05000001693662546, "65": 0.949999985279116, "66": 0.5803145623996028, "67": 0.9499999854958282, "68": 0.41262607822778186, "69": 0.05000001468381109, "70": 0.5074073034189186, "71": 0.37529595327839016, "72": 0.3869677842209287, "73": 0.3772478383964931, "74": 0.46094646052252886, "75": 0.47432336182415424, "76": 0.5142121393241731, "77": 0.5070014639023516, "78": 0.050000012605017054, "79": 0.49829926201822416, "80": 0.5803145623996028, "81": 0.949999985642169, "82": 0.05000001478792642, "83": 0.05000001516100949, "84": 0.43496912436876267, "85": 0.050000014649419916, "86": 0.3552622484321756, "87": 0.4731226651824149, "88": 0.9499999896105142, "89": 0.050000016427005176, "90": 0.3772478383964931, "91": 0.9499999869565956, "92": 0.49829926201822416, "93": 0.050000012508866855, "94": 0.9499999869565956, "95": 0.0500000143194123, "96": 0.2662802937158124, "97": 0.5208599255240911, "98": 0.050000017326821924, "99": 0.9499999935765033}, "1": {"0": 0.05000002755740222, "1": 0.05000002610235413, "2": 0.362518366260521, "3": 0.050000028675162324, "4": 0.6441648585527862, "5": 0.362518366260521, "6": 0.05000003221270376, "7": 0.45455182497496116, "8": 0.949999978299275, "9": 0.5490639930307235, "10": 0.9499999852270802, "11": 0.6441648585527862, "12": 0.05000002433795155, "13": 0.05000002134049761, "14": 0.05000001562537737, "15": 0.9499999777290602, "16": 0.05000002636177184, "17": 0.05000002165640635, "18": 0.05000002251959549, "19": 0.9499999796404914, "20": 0.9499999730938173, "21": 0.050000020580865945, "22": 0.9499999768377737, "23": 0.6193449354973837, "24": 0.9499999899465512, "25": 0.949999980359189, "26": 0.0500000220259542, "27": 0.9499999911793583, "28": 0.050000026212679335, "29": 0.9499999864685142, "30": 0.050000013022066844, "31": 0.2905117373784992, "32": 0.05000001064322822, "33": 0.050000010290432974, "34": 0.7060328603329571, "35": 0.949999984078499, "36": 0.45455182497496116, "37": 0.5490639929462565, "38": 0.9499999872334836, "39": 0.050000011633052115, "40": 0.9499999839554694, "41": 0.050000026245658, "42": 0.9499999784561121, "43": 0.9499999784561121, "44": 0.362518366260521, "45": 0.2766290540155669, "46": 0.4556035535313379, "47": 0.7060328603329571, "48": 0.9499999744093296, "49": 0.9499999810811637, "50": 0.050000021168882955, "51": 0.05000000532161411, "52": 0.5684803223049948, "53": 0.5684803223049948, "54": 0.9499999764552668, "55": 0.050000015664806524, "56": 0.05000002629143113, "57": 0.949999975461117, "58": 0.7060328603329571, "59": 0.6448253459899826, "60": 0.05000001610635188, "61": 0.9499999732432807, "62": 0.4102137956087511, "63": 0.362518366260521, "64": 0.9499999790495728, "65": 0.9499999810811637, "66": 0.4556035535313379, "67": 0.9499999882430491, "68": 0.5490639928916015, "69": 0.05000002541175322, "70": 0.050000026212679335, "71": 0.6448253459899826, "72": 0.05000003343090775, "73": 0.651162985993561, "74": 0.9499999903022978, "75": 0.05000002165640635, "76": 0.9499999802794585, "77": 0.050000010623409794, "78": 0.2766290540155669, "79": 0.9499999747899578, "80": 0.9499999926135401, "81": 0.050000028675162324, "82": 0.9499999763473347, "83": 0.6193449354973837, "84": 0.05000002629143113, "85": 0.05000001125979775, "86": 0.2905117373784992, "87": 0.5490639928617895, "88": 0.05000002433795155, "89": 0.9499999790495728, "90": 0.2766290540155669, "91": 0.9499999919777347, "92": 0.5490639929462565, "93": 0.4102137956087511, "94": 0.651162985993561, "95": 0.050000015664806524, "96": 0.9499999747899578, "97": 0.050000026245658, "98": 0.9499999872046647, "99": 0.9499999802794585}, "2": {"0": 0.9499999932443688, "1": 0.3770531015203999, "2": 0.9499999940684678, "3": 0.35414880858263964, "4": 0.9499999930795175, "5": 0.050000029389521264, "6": 0.27361112250800657, "7": 0.05000002080331, "8": 0.3615776457070649, "9": 0.9499999945787936, "10": 0.05000002527813443, "11": 0.27820396863263214, "12": 0.05000002201522509, "13": 0.9499999927433747, "14": 0.34114066780271396, "15": 0.9499999942720996, "16": 0.05000001710757748, "17": 0.5821609267279175, "18": 0.05000001944424193, "19": 0.5990402181485716, "20": 0.050000027831097416, "21": 0.05000002542889212, "22": 0.9499999960139379, "23": 0.05000002275487758, "24": 0.42694338259732856, "25": 0.9499999968252801, "26": 0.9499999940640378, "27": 0.40086467945651094, "28": 0.43904516479560063, "29": 0.050000010175558544, "30": 0.05000002555592285, "31": 0.9499999976896139, "32": 0.9499999944449641, "33": 0.05000002309117855, "34": 0.050000027801391275, "35": 0.34490664500990154, "36": 0.949999996556034, "37": 0.05000002718266, "38": 0.5324719856753093, "39": 0.9499999948930268, "40": 0.35414880858263964, "41": 0.45114694699380686, "42": 0.34490664500990154, "43": 0.05000002892803426, "44": 0.05000003412683139, "45": 0.050000021152046784, "46": 0.42694338259732856, "47": 0.05000002045759402, "48": 0.27820396863263214, "49": 0.050000011523035154, "50": 0.341140619549239, "51": 0.5821609267279175, "52": 0.3770531015203999, "53": 0.05000002649943236, "54": 0.3770531015203999, "55": 0.9499999935077371, "56": 0.050000020860198405, "57": 0.05000001154558928, "58": 0.9499999929146663, "59": 0.3615776443296157, "60": 0.9499999953412896, "61": 0.43904516479560063, "62": 0.45114694699380686, "63": 0.9499999966726693, "64": 0.05000002175183216, "65": 0.05000002016418111, "66": 0.05000001087591608, "67": 0.05000001798100914, "68": 0.9499999983363346, "69": 0.050000010401655, "70": 0.27361112250800657, "71": 0.5990402181485716, "72": 0.5821609267279175, "73": 0.050000015797837166, "74": 0.5324719856753093, "75": 0.35414880858263964, "76": 0.05000002555592285, "77": 0.6872923707190924, "78": 0.05000002527813443, "79": 0.3411405954225015, "80": 0.050000014543571794, "81": 0.050000021369279724, "82": 0.9499999948930268, "83": 0.45114694699380686, "84": 0.05000001798100914, "85": 0.40086467945651094, "86": 0.9499999944449641, "87": 0.3615776457070649, "88": 0.5821609267279175, "89": 0.05000002542889212, "90": 0.9499999953412896, "91": 0.9499999930795175, "92": 0.3411405954225015, "93": 0.6872923707190924, "94": 0.05000001324971618, "95": 0.3770531015203999, "96": 0.9499999927717291, "97": 0.050000014543571794, "98": 0.050000020860198405, "99": 0.9499999945787936}, "3": {"0": 0.9499999914155056, "1": 0.3637149560968722,