{"0": {"0": 0.05000000000427836, "1": 0.05000000000342268, "2": 0.9499999999973179, "3": 0.0500000000047795, "4": 0.4882138493143814, "5": 0.9499999999965361, "6": 0.9499999999974542, "7": 0.050000000006983174, "8": 0.050000000008684, "9": 0.4882138493143814, "10": 0.4882138493143814, "11": 0.9499999999989275, "12": 0.4882138493143814, "13": 0.9499999999970452, "14": 0.9499999999972228, "15": 0.9499999999980218, "16": 0.9499999999969323, "17": 0.4882138493143814, "18": 0.05000000000417838, "19": 0.4882138493143814, "20": 0.050000000003338645, "21": 0.05000000000477208, "22": 0.9499999999987756, "23": 0.9499999999976614, "24": 0.4882138493143814, "25": 0.94999999999852, "26": 0.9499999999976834, "27": 0.0500000000068967, "28": 0.05000000000626298, "29": 0.9499999999968618, "30": 0.050000000003338645, "31": 0.9499999999985456, "32": 0.9499999999973763, "33": 0.4882138493143814, "34": 0.4882138493143814, "35": 0.05000000000494869, "36": 0.9499999999974542, "37": 0.9499999999982354, "38": 0.050000000008163015, "39": 0.05000000000591387, "40": 0.9499999999985582, "41": 0.9499999999973467, "42": 0.050000000009226886, "43": 0.05000000000500504, "44": 0.050000000006550825, "45": 0.9499999999965512, "46": 0.050000000003491585, "47": 0.9499999999989384, "48": 0.05000000000699996, "49": 0.050000000003546416, "50": 0.9499999999971159, "51": 0.4882138493143814, "52": 0.949999999997728, "53": 0.9499999999976834, "54": 0.9499999999970068, "55": 0.9499999999970774, "56": 0.9499999999968489, "57": 0.05000000000403535, "58": 0.4882138493143814, "59": 0.05000000000772374, "60": 0.9499999999986734, "61": 0.050000000007322035, "62": 0.9499999999971567, "63": 0.05000000000604709, "64": 0.05000000000363029, "65": 0.050000000005069795, "66": 0.4882138493143814, "67": 0.050000000004588846, "68": 0.9499999999974852, "69": 0.4882138493143814, "70": 0.050000000004389325, "71": 0.9499999999970068, "72": 0.0500000000074388, "73": 0.9499999999967079, "74": 0.9499999999969323, "75": 0.949999999998558, "76": 0.949999999998864, "77": 0.05000000000706876, "78": 0.949999999998353, "79": 0.05000000000325599, "80": 0.05000000000397663, "81": 0.05000000000487104, "82": 0.9499999999985226, "83": 0.05000000000247434, "84": 0.05000000000477208, "85": 0.9499999999989384, "86": 0.0500000000073019, "87": 0.949999999998353, "88": 0.05000000000386187, "89": 0.050000000003534384, "90": 0.9499999999979313, "91": 0.9499999999979313, "92": 0.0500000000074388, "93": 0.05000000000487104, "94": 0.050000000004588846, "95": 0.9499999999968618, "96": 0.050000000004773656, "97": 0.4882138493143814, "98": 0.05000000000238683, "99": 0.05000000000500504}, "1": {"0": 0.9499999999462674, "1": 0.9499999999566011, "2": 0.949999999944063, "3": 0.05000000000068747, "4": 0.9499999999376434, "5": 0.9499999999159633, "6": 0.05000000000089286, "7": 0.050000000000534395, "8": 0.9499999999398487, "9": 0.05000000000093084, "10": 0.9499999999258355, "11": 0.949999999942023, "12": 0.05000000000066451, "13": 0.9499999999106814, "14": 0.050000000000594555, "15": 0.05000000000043574, "16": 0.05000000000042267, "17": 0.9499999999476105, "18": 0.949999999932432, "19": 0.9499999999683173, "20": 0.05000000000053263, "21": 0.9499999999699422, "22": 0.9499999999350823, "23": 0.5742729205039105, "24": 0.05000000000045061, "25": 0.05000000000046944, "26": 0.9499999999332263, "27": 0.9499999999314647, "28": 0.05000000000099046, "29": 0.9499999999477308, "30": 0.949999999959635, "31": 0.5742729205039105, "32": 0.9499999999590489, "33": 0.050000000000510844, "34": 0.9499999999710302, "35": 0.9499999999267554, "36": 0.9499999999285486, "37": 0.9499999999541907, "38": 0.9499999999595141, "39": 0.9499999999439099, "40": 0.9499999999381289, "41": 0.949999999930973, "42": 0.9499999999553048, "43": 0.9499999999270134, "44": 0.050000000000625856, "45": 0.05000000000090906, "46": 0.9499999999541907, "47": 0.05000000000092067, "48": 0.9499999999457612, "49": 0.0500000000005999, "50": 0.050000000000734506, "51": 0.05000000000082845, "52": 0.5742729205039105, "53": 0.9499999999355435, "54": 0.0500000000008897, "55": 0.05000000000060707, "56": 0.9499999999630349, "57": 0.05000000000078182, "58": 0.949999999944063, "59": 0.05000000000078182, "60": 0.9499999999500544, "61": 0.9499999999433826, "62": 0.9499999999443092, "63": 0.9499999999477308, "64": 0.9499999999350823, "65": 0.05000000000043117, "66": 0.9499999999750272, "67": 0.050000000000460336, "68": 0.05000000000122552, "69": 0.9499999999537858, "70": 0.05000000000066451, "71": 0.050000000001052536, "72": 0.05000000000099432, "73": 0.05000000000108289, "74": 0.05000000000045453, "75": 0.9499999999768929, "76": 0.9499999999721546, "77": 0.0500000000002672, "78": 0.05000000000043117, "79": 0.9499999999683173, "80": 0.05000000000030354, "81": 0.9499999999710678, "82": 0.9499999999642743, "83": 0.949999999959635, "84": 0.9499999999716913, "85": 0.05000000000025542, "86": 0.050000000000510816, "87": 0.9499999999410301, "88": 0.9499999999690645, "89": 0.05000000000108289, "90": 0.9499999999314647, "91": 0.9499999999654865, "92": 0.9499999999436488, "93": 0.9499999999376434, "94": 0.05000000000099046, "95": 0.050000000001052536, "96": 0.9499999999436488, "97": 0.05000000000093084, "98": 0.9499999999457612, "99": 0.05000000000036725}, "2": {"0": 0.05000000002092564, "1": 0.9499999999969978, "2": 0.050000000015274326, "3": 0.9499999999967318, "4": 0.05000000003258358, "5": 0.050000000016988656, "6": 0.05000000000819955, "7": 0.9499999999972992, "8": 0.9499999999976705, "9": 0.9499999999973001, "10": 0.05000000002106673, "11": 0.05000000002309296, "12": 0.949999999997263, "13": 0.05000000002331213, "14": 0.9499999999984989, "15": 0.050000000019270574, "16": 0.9499999999963831, "17": 0.050000000014609136, "18": 0.9499999999969703, "19": 0.9499999999967753, "20": 0.949999999997241, "21": 0.9499999999979588, "22": 0.9499999999969985, "23": 0.4126316448581172, "24": 0.050000000023304465, "25": 0.05000000001895173, "26": 0.05000000001929246, "27": 0.9499999999982027, "28": 0.0500000000205804, "29": 0.4126316448581172, "30": 0.05000000002761494, "31": 0.9499999999983781, "32": 0.9499999999969352, "33": 0.05000000000999853, "34": 0.05000000001158766, "35": 0.0500000000326195, "36": 0.050000000014805736, "37": 0.4126316448581172, "38": 0.9499999999982346, "39": 0.05000000001977391, "40": 0.05000000003258358, "41": 0.9499999999971782, "42": 0.9499999999971721, "43": 0.050000000015347296, "44": 0.05000000002056156, "45": 0.9499999999965331, "46": 0.9499999999988351, "47": 0.05000000002640377, "48": 0.05000000000947587, "49": 0.9499999999969985, "50": 0.05000000000958944, "51": 0.9499999999985891, "52": 0.05000000000617902, "53": 0.050000000027025426, "54": 0.9499999999976705, "55": 0.05000000003035869, "56": 0.0500000000234475, "57": 0.05000000002092564, "58": 0.949999999998586, "59": 0.05000000001929246, "60": 0.9499999999968551, "61": 0.9499999999976902, "62": 0.05000000001165224, "63": 0.9499999999967318, "64": 0.050000000011428195, "65": 0.050000000010818405, "66": 0.05000000001369889, "67": 0.9499999999979662, "68": 0.050000000017133894, "69": 0.05000000000740287, "70": 0.05000000000736107, "71": 0.05000000001011419, "72": 0.9499999999968058, "73": 0.0500000000193583, "74": 0.9499999999982665, "75": 0.9499999999970608, "76": 0.05000000000849433, "77": 0.05000000001165607, "78": 0.05000000000954241, "79": 0.050000000013249495, "80": 0.05000000000767365, "81": 0.9499999999985284, "82": 0.05000000002337804, "83": 0.9499999999984275, "84": 0.9499999999984676, "85": 0.94999999999865, "86": 0.9499999999991013, "87": 0.05000000002068419, "88": 0.050000000019270574, "89": 0.9499999999969703, "90": 0.0500000000211605, "91": 0.9499999999976617, "92": 0.05000000001058025, "93": 0.949999999997263, "94": 0.05000000002309296, "95": 0.0500000000057141, "96": 0.9499999999963831, "97": 0.05000000001028078, "98": 0.9499999999972992, "99": 0.4126316448581172}, "3": {"0": 0.9499999999981217, "1": 0.9499999999978617,