{"0": {"0": 0.05001153828547538, "1": 0.9499512203582492, "2": 0.35594154563593894, "3": 0.05000825017386219, "4": 0.949944456287483, "5": 0.35594154563593894, "6": 0.050008750564574336, "7": 0.9499427287073624, "8": 0.9499499199620722, "9": 0.35594154563593894, "10": 0.050008433780917086, "11": 0.05000805822257502, "12": 0.05001271182755115, "13": 0.9499527080811958, "14": 0.050011252305289064, "15": 0.9499439591793393, "16": 0.9499445352254989, "17": 0.35594154563593894, "18": 0.05001106319990016, "19": 0.9499641542733613, "20": 0.05001017578545354, "21": 0.9499611252868695, "22": 0.050011252305289064, "23": 0.9499591547248898, "24": 0.9499723917596838, "25": 0.05000964266155608, "26": 0.05001264647019149, "27": 0.9499466755521815, "28": 0.9499386771517035, "29": 0.9499487941456473, "30": 0.949964614566237, "31": 0.9499724157134053, "32": 0.9499606406535974, "33": 0.949940316147981, "34": 0.9499471010675881, "35": 0.9499611252868695, "36": 0.05001340165713161, "37": 0.05000992487702071, "38": 0.05001135911150711, "39": 0.9499473756944414, "40": 0.35594154563593894, "41": 0.9499578831643863, "42": 0.949945131444565, "43": 0.05000632323509575, "44": 0.9499415177510481, "45": 0.9499374205828455, "46": 0.05000800418475845, "47": 0.9499761710374761, "48": 0.05001308681292308, "49": 0.9499629334651918, "50": 0.05000402911128751, "51": 0.35594154563593894, "52": 0.9499695212654404, "53": 0.9499575561710351, "54": 0.9499646621838714, "55": 0.35594154563593894, "56": 0.05001135911150711, "57": 0.9499427363785056, "58": 0.050008433780917086, "59": 0.9499584140712954, "60": 0.9499752436118531, "61": 0.9499714211935528, "62": 0.05001308681292308, "63": 0.9499547642569436, "64": 0.9499447977590099, "65": 0.9499492095936023, "66": 0.05001106319990016, "67": 0.05001045055882336, "68": 0.9499603189202849, "69": 0.9499415262632434, "70": 0.35594154563593894, "71": 0.9499437632331862, "72": 0.35594154563593894, "73": 0.05000964266155608, "74": 0.05001271540269855, "75": 0.05000437528228717, "76": 0.05000400209237923, "77": 0.9499478500996673, "78": 0.949952970327145, "79": 0.949945131444565, "80": 0.35594154563593894, "81": 0.35594154563593894, "82": 0.9499723917596838, "83": 0.9499495412171393, "84": 0.9499763987421017, "85": 0.9499857105967764, "86": 0.9499522019433918, "87": 0.9499584790078683, "88": 0.9499547642569436, "89": 0.9499578831643863, "90": 0.9499584790078683, "91": 0.9499439591793393, "92": 0.9499386771517035, "93": 0.9499646621838714, "94": 0.9499591547248898, "95": 0.35594154563593894, "96": 0.35594154563593894, "97": 0.9499522019433918, "98": 0.9499487941456473, "99": 0.05000670082856581}, "1": {"0": 0.949990075112223, "1": 0.949995355740902, "2": 0.9499917852019539, "3": 0.9499935868069258, "4": 0.4761816933666704, "5": 0.4761816933666704, "6": 0.050034361433759986, "7": 0.4761816933666704, "8": 0.4761816933666704, "9": 0.4761816933666704, "10": 0.05001704788524954, "11": 0.9499912985846164, "12": 0.4761816933666704, "13": 0.9499914444110577, "14": 0.4761816933666704, "15": 0.4761816933666704, "16": 0.05003497285336202, "17": 0.9499960118768678, "18": 0.4761816933666704, "19": 0.949991801636414, "20": 0.4761816933666704, "21": 0.9499912578334021, "22": 0.4761816933666704, "23": 0.4761816933666704, "24": 0.9499903499376188, "25": 0.050035195021629716, "26": 0.4761816933666704, "27": 0.4761816933666704, "28": 0.050033695079695226, "29": 0.9499951749688094, "30": 0.4761816933666704, "31": 0.9499894776507669, "32": 0.4761816933666704, "33": 0.05002688187080466, "34": 0.9499926574888056, "35": 0.0500249915729166, "36": 0.4761816933666704, "37": 0.4761816933666704, "38": 0.9499920007552018, "39": 0.9499912701413276, "40": 0.4761816933666704, "41": 0.9499926064644694, "42": 0.949990075112223, "43": 0.4761816933666704, "44": 0.4761816933666704, "45": 0.4761816933666704, "46": 0.4761816933666704, "47": 0.9499909968083585, "48": 0.050033695079695226, "49": 0.4761816933666704, "50": 0.05003078922239326, "51": 0.0500347421822407, "52": 0.4761816933666704, "53": 0.4761816933666704, "54": 0.4761816933666704, "55": 0.05003385736523132, "56": 0.05003091404028885, "57": 0.9499925534859612, "58": 0.4761816933666704, "59": 0.9499917852019539, "60": 0.050031230105724724, "61": 0.0500163842603448, "62": 0.4761816933666704, "63": 0.4761816933666704, "64": 0.4761816933666704, "65": 0.05003091404028885, "66": 0.4761816933666704, "67": 0.4761816933666704, "68": 0.4761816933666704, "69": 0.4761816933666704, "70": 0.05001705749265426, "71": 0.9499909814680224, "72": 0.9499912701413276, "73": 0.05002408330838572, "74": 0.4761816933666704, "75": 0.4761816933666704, "76": 0.4761816933666704, "77": 0.050034750685094324, "78": 0.4761816933666704, "79": 0.050031230105724724, "80": 0.4761816933666704, "81": 0.9499926574888056, "82": 0.4761816933666704, "83": 0.4761816933666704, "84": 0.050025899837447485, "85": 0.4761816933666704, "86": 0.0500249915729166, "87": 0.9499912578334021, "88": 0.4761816933666704, "89": 0.4761816933666704, "90": 0.4761816933666704, "91": 0.05001748642668101, "92": 0.4761816933666704, "93": 0.4761816933666704, "94": 0.4761816933666704, "95": 0.4761816933666704, "96": 0.949994398925758, "97": 0.4761816933666704, "98": 0.05003385736523132, "99": 0.949991801636414}, "2": {"0": 0.9499903621216055, "1": 0.9499937089030075, "2": 0.41374841037660703, "3": 0.9499821200771374, "4": 0.41374841037660703, "5": 0.41374841037660703, "6": 0.41374841037660703, "7": 0.41374841037660703, "8": 0.9499845517557031, "9": 0.9499849580320123, "10": 0.41374841037660703, "11": 0.05000740538644166, "12": 0.9499837390455479, "13": 0.41374841037660703, "14": 0.9499874165165206, "15": 0.41374841037660703, "16": 0.41374841037660703, "17": 0.41374841037660703, "18": 0.41374841037660703, "19": 0.050008073356750185, "20": 0.949990248340072, "21": 0.9499891578749926, "22": 0.050005899543059354, "23": 0.41374841037660703, "24": 0.05000655264514243, "25": 0.05000665049861107, "26": 0.41374841037660703, "27": 0.41374841037660703, "28": 0.41374841037660703, "29": 0.41374841037660703, "30": 0.050003995140391555, "31": 0.41374841037660703, "32": 0.9499865803251142, "33": 0.9499863064771072, "34": 0.41374841037660703, "35": 0.41374841037660703, "36": 0.9499877346653656, "37": 0.05000714899794896, "38": 0.05000856784960921, "39": 0.41374841037660703, "40": 0.41374841037660703, "41": 0.9499820162656767, "42": 0.05000728446993476, "43": 0.41374841037660703, "44": 0.41374841037660703, "45": 0.9499890663878744, "46": 0.41374841037660703, "47": 0.9499863064771072, "48": 0.41374841037660703, "49": 0.41374841037660703, "50": 0.05000682339523135, "51": 0.9499931951341846, "52": 0.41374841037660703, "53": 0.41374841037660703, "54": 0.9499930970534038, "55": 0.05000758585544813, "56": 0.41374841037660703, "57": 0.05000441767964656, "58": 0.41374841037660703, "59": 0.9499828310304035, "60": 0.9499868157635198, "61": 0.41374841037660703, "62": 0.9499855852920263, "63": 0.41374841037660703, "64": 0.41374841037660703, "65": 0.41374841037660703, "66": 0.41374841037660703, "67": 0.41374841037660703, "68": 0.9499848284794763, "69": 0.9499845902589383, "70": 0.05000714899794896, "71": 0.41374841037660703, "72": 0.9499928727627972, "73": 0.9499855852920263, "74": 0.050004036678375094, "75": 0.41374841037660703, "76": 0.9499827513846739, "77": 0.41374841037660703, "78": 0.05000294977152968, "79": 0.9499845517557031, "80": 0.050007861888512944, "81": 0.9499861231427457, "82": 0.9499964363813986, "83": 0.41374841037660703, "84": 0.41374841037660703, "85": 0.41374841037660703, "86": 0.050007861888512944, "87": 0.05000728446993476, "88": 0.9499837390455479, "89": 0.41374841037660703, "90": 0.41374841037660703, "91": 0.949990248340072, "92": 0.9499945331939372, "93": 0.41374841037660703, "94": 0.41374841037660703, "95": 0.41374841037660703, "96": 0.41374841037660703, "97": 0.05000379292772407, "98": 0.41374841037660703, "99": 0.9499874165165206}, "3": {"0": 0.9499829733679315, "1": 0.050002463551423765,