{"0": {"0": 0.5000008152688582, "1": 0.5000012500966899, "2": 0.5000010857921637, "3": 0.5000009169463382, "4": 0.5000010884967905, "5": 0.5000012722672685, "6": 0.5000009809039161, "7": 0.500001289406679, "8": 0.5000012986527395, "9": 0.5000009229155722, "10": 0.5000013013557649, "11": 0.5000008152688582, "12": 0.5000013264606696, "13": 0.5000009550600167, "14": 0.5000010644178813, "15": 0.1389171468566226, "16": 0.5000012113816856, "17": 0.5000012252367758, "18": 0.5000010520891858, "19": 0.13891526448488234, "20": 0.5000012125491018, "21": 0.5000011562752538, "22": 0.5000011429218181, "23": 0.5000010697269617, "24": 0.5000012666766881, "25": 0.5000013053128879, "26": 0.5000009781726794, "27": 0.5000010443140301, "28": 0.5000009404206147, "29": 0.500001145529877, "30": 0.5000012311060384, "31": 0.1390286604968013, "32": 0.5000011740640653, "33": 0.5000013272508983, "34": 0.5000012647820442, "35": 0.5000013397777077, "36": 0.5000006396395655, "37": 0.5000012666766881, "38": 0.5000011194797369, "39": 0.13891114794599424, "40": 0.500000698217438, "41": 0.5000009679366894, "42": 0.5000012647820442, "43": 0.500000698217438, "44": 0.1389230155105241, "45": 0.5000003924039496, "46": 0.5000006962867118, "47": 0.5000005789000974, "48": 0.5000013321584917, "49": 0.5000005597398685, "50": 0.5000012428745457, "51": 0.5000011103690568, "52": 0.5000009980650988, "53": 0.5000009175845264, "54": 0.5000008391366005, "55": 0.5000011589980667, "56": 0.5000011077317347, "57": 0.5000013040302899, "58": 0.5000010280471293, "59": 0.5000011831528695, "60": 0.5000010004135549, "61": 0.5000005519406393, "62": 0.5000007697563141, "63": 0.9262513733110864, "64": 0.1389230155105241, "65": 0.5000004956147869, "66": 0.5000011589980667, "67": 0.5000011005296378, "68": 0.5000009179320508, "69": 0.5000010004135549, "70": 0.5000013321584917, "71": 0.5000012252367758, "72": 0.5000009404206147, "73": 0.5000008391366005, "74": 0.13891114794599424, "75": 0.5000005348634808, "76": 0.5000011962389947, "77": 0.5000005727649385, "78": 0.5000009705782585, "79": 0.1389171468566226, "80": 0.5000013264606696, "81": 0.5000011562752538, "82": 0.5000006354240341, "83": 0.5000010280471293, "84": 0.5000012311060384, "85": 0.5000007697563141, "86": 0.5000011816451666, "87": 0.5000009809039161, "88": 0.5000012125491018, "89": 0.1388758145840402, "90": 0.5000005428960819, "91": 0.5000009163130208, "92": 0.5000008458306622, "93": 0.5000004775300084, "94": 0.5000011003325243, "95": 0.500000652656444, "96": 0.5000011831528695, "97": 0.5000011740640653, "98": 0.5000006962867118, "99": 0.5000004229153311}, "1": {"0": 0.5000035878825115, "1": 0.5000052688085317, "2": 0.15746424822701183, "3": 0.5000022889410832, "4": 0.5000063673414983, "5": 0.5000054556830344, "6": 0.5000034369964914, "7": 0.5000020547054611, "8": 0.1574641604644348, "9": 0.5000057173623094, "10": 0.5000056987150054, "11": 0.5000049856235468, "12": 0.9797028319080023, "13": 0.5000055845209019, "14": 0.5000027328201329, "15": 0.15746420373278464, "16": 0.5000044978884133, "17": 0.5000024390684167, "18": 0.5000047466080219, "19": 0.5000042187696689, "20": 0.5000062230790201, "21": 0.5000044614871428, "22": 0.5000063673414983, "23": 0.15746428258837852, "24": 0.15746410499633673, "25": 0.5000030691252971, "26": 0.15746413154167427, "27": 0.5000059043136605, "28": 0.5000064157172989, "29": 0.5000069254741162, "30": 0.5000023219939325, "31": 0.5000054115610879, "32": 0.5000047466080219, "33": 0.5000035878825115, "34": 0.15746418611660745, "35": 0.5000053842267537, "36": 0.15746419623374885, "37": 0.1574641873985501, "38": 0.5000063933343222, "39": 0.500003299684264, "40": 0.1574640650339247, "41": 0.1574641604644348, "42": 0.5000028260443017, "43": 0.5000059984247296, "44": 0.5000062901235216, "45": 0.5000042100655604, "46": 0.5000033369937786, "47": 0.5000066770040712, "48": 0.5000024746450277, "49": 0.5000040148251734, "50": 0.1574643257673234, "51": 0.15746408888082736, "52": 0.5000055117590311, "53": 0.15746408888082736, "54": 0.5000050819057744, "55": 0.5000017184982457, "56": 0.5000042100655604, "57": 0.15746427194660456, "58": 0.500003894878789, "59": 0.5000028260443017, "60": 0.5000063726708666, "61": 0.5000044244166073, "62": 0.15746425775102668, "63": 0.15746411059613913, "64": 0.5000026921133769, "65": 0.15746430675740625, "66": 0.5000031552806892, "67": 0.5000049902924089, "68": 0.5000023219939325, "69": 0.1574641741346075, "70": 0.15746410499633673, "71": 0.1574643257673234, "72": 0.5000062230790201, "73": 0.9797028319080023, "74": 0.5000038846243529, "75": 0.500003894878789, "76": 0.5000057341970494, "77": 0.5000050360990916, "78": 0.5000027780841052, "79": 0.15746417815545657, "80": 0.15746424822701183, "81": 0.5000010273527306, "82": 0.5000038846243529, "83": 0.5000063726708666, "84": 0.5000031524121845, "85": 0.15746417815545657, "86": 0.5000042187696689, "87": 0.5000050360990916, "88": 0.5000047131931307, "89": 0.15746420373278464, "90": 0.5000047980614828, "91": 0.5000056987150054, "92": 0.50000521527772, "93": 0.15746419623374885, "94": 0.15746422520812944, "95": 0.5000062811764194, "96": 0.15746409931121536, "97": 0.5000054556830344, "98": 0.50000260763886, "99": 0.15746424571477402}, "2": {"0": 0.5000026407914052, "1": 0.5000021183335664, "2": 0.500002394901165, "3": 0.5000018871318255, "4": 0.5000029953862759, "5": 0.5000025648741951, "6": 0.500002006919848, "7": 0.5000024037822663, "8": 0.500002556721616, "9": 0.5000024863065591, "10": 0.5000026834329079, "11": 0.500002638264577, "12": 0.5000027214340915, "13": 0.9962107831460167, "14": 0.5000029441269491, "15": 0.5000025506696244, "16": 0.5000027834570192, "17": 0.5000020801162786, "18": 0.500002006919848, "19": 0.500001590838035, "20": 0.5000023030704001, "21": 0.500002967567297, "22": 0.5000023311443704, "23": 0.5000022657569048, "24": 0.5000013282311955, "25": 0.5000015437999197, "26": 0.5000020427569667, "27": 0.50000107249663, "28": 0.5000024982019438, "29": 0.5000021108932786, "30": 0.5000013282311955, "31": 0.5000024967397838, "32": 0.5000026363398016, "33": 0.500002082178427, "34": 0.5000019747921937, "35": 0.5000024063770552, "36": 0.1318627084343204, "37": 0.5000019608121611, "38": 0.500002277561298, "39": 0.5000020976369655, "40": 0.5000025336942533, "41": 0.5000026834329079, "42": 0.500002819121294, "43": 0.5000021797455038, "44": 0.500001800397115, "45": 0.5000022657569048, "46": 0.5000023280792736, "47": 0.5000024292820795, "48": 0.5000023258770178, "49": 0.5000017191229642, "50": 0.500002819121294, "51": 0.5000019092059901, "52": 0.5000013334010234, "53": 0.5000025656052751, "54": 0.5000023324603616, "55": 0.1320171880970941, "56": 0.5000025486787526, "57": 0.1317082287715467, "58": 0.5000026077651991, "59": 0.50000240821115, "60": 0.5000014239327868, "61": 0.5000019092059901, "62": 0.5000023280792736, "63": 0.500002723831788, "64": 0.5000013639252007, "65": 0.5000016640355348, "66": 0.500002082178427, "67": 0.13178546860293355, "68": 0.50000240821115, "69": 0.5000017517317743, "70": 0.13178546860293355, "71": 0.5000020044529716, "72": 0.5000013203957026, "73": 0.500001138780649, "74": 0.5000021018633719, "75": 0.5000023594841858, "76": 0.5000024863065591, "77": 0.5000021009898177, "78": 0.500002638264577, "79": 0.5000022387268108, "80": 0.5000020613626242, "81": 0.5000027834570192, "82": 0.500002393091354, "83": 0.5000021018633719, "84": 0.5000019631781906, "85": 0.5000020976369655, "86": 0.5000027214340915, "87": 0.5000020801162786, "88": 0.5000008243568262, "89": 0.5000023030704001, "90": 0.5000020427569667, "91": 0.500001189330963, "92": 0.5000017092344519, "93": 0.5000025648741951, "94": 0.5000021108932786, "95": 0.5000015437999197, "96": 0.5000010504949088, "97": 0.5000017517317743, "98": 0.5000017092344519, "99": 0.5000019608121611}, "3": {"0": 0.4999932219204381, "1": 0.4999911120978784, "2": 0.4999888290007243, "3": 0.4999935532903127, "4": 0.8711938578631613, "5": 0.4999901837999216, "6": 0.4999919396673445, "7": 0.8711886542518732,