{"0": {"0": 0.6883324505669097, "1": 3.2141034884153223e-13, "2": 4.0016566937435013e-13, "3": 5.020989990242628e-13, "4": 6.097477171681258e-13, "5": 4.100381250902905e-13, "6": 0.6883324505669097, "7": 5.445628101235338e-13, "8": 0.6883324505669097, "9": 0.6883324505669097, "10": 5.216005403512472e-13, "11": 5.176152164475377e-13, "12": 0.6883324505669097, "13": 4.3418372366814137e-13, "14": 0.6883324505669097, "15": 5.868465879053271e-13, "16": 2.722814050617669e-13, "17": 0.6883324505669097, "18": 2.881538914549421e-13, "19": 0.6883324505669097, "20": 0.6883324505669097, "21": 6.031018177882785e-13, "22": 0.6883324505669097, "23": 4.180965624993562e-13, "24": 6.998133287217213e-13, "25": 0.6883324505669097, "26": 0.6883324505669097, "27": 4.1267481065128364e-13, "28": 0.6883324505669097, "29": 0.6883324505669097, "30": 0.6883324505669097, "31": 0.6883324505669097, "32": 0.6883324505669097, "33": 2.0008283468717507e-13, "34": 0.6883324505669097, "35": 3.4074301310101875e-13, "36": 0.6883324505669097, "37": 0.6883324505669097, "38": 0.6883324505669097, "39": 0.6883324505669097, "40": 0.6883324505669097, "41": 4.520629754972556e-13, "42": 0.6883324505669097, "43": 0.6883324505669097, "44": 0.6883324505669097, "45": 0.6883324505669097, "46": 2.7656324467362e-13, "47": 0.6883324505669097, "48": 2.9342329395266355e-13, "49": 6.367343345781292e-13, "50": 0.6883324505669097, "51": 0.6883324505669097, "52": 0.6883324505669097, "53": 0.6883324505669097, "54": 0.6883324505669097, "55": 0.6883324505669097, "56": 0.6883324505669097, "57": 0.6883324505669097, "58": 0.6883324505669097, "59": 5.970616028922912e-13, "60": 0.6883324505669097, "61": 5.523598109008175e-13, "62": 1.4407694572747106e-13, "63": 2.724119380901823e-13, "64": 0.6883324505669097, "65": 5.216005403512472e-13, "66": 0.6883324505669097, "67": 0.6883324505669097, "68": 0.6883324505669097, "69": 3.198513553824212e-13, "70": 0.6883324505669097, "71": 0.6883324505669097, "72": 0.6883324505669097, "73": 6.031018177882785e-13, "74": 7.691003873922318e-13, "75": 0.6883324505669097, "76": 0.6883324505669097, "77": 4.593741218681609e-13, "78": 3.917294502284549e-13, "79": 0.6883324505669097, "80": 0.6883324505669097, "81": 0.6883324505669097, "82": 6.998133287217213e-13, "83": 0.6883324505669097, "84": 5.020989990242628e-13, "85": 0.6883324505669097, "86": 0.6883324505669097, "87": 0.6883324505669097, "88": 0.6883324505669097, "89": 1.9586472511422745e-13, "90": 0.6883324505669097, "91": 2.7656324467362e-13, "92": 0.6883324505669097, "93": 0.6883324505669097, "94": 0.6883324505669097, "95": 0.6883324505669097, "96": 0.6883324505669097, "97": 0.6883324505669097, "98": 0.6883324505669097, "99": 0.6883324505669097}, "1": {"0": 6.830064053847761e-13, "1": 0.7371450047994745, "2": 0.7371450047994745, "3": 0.7371450047994745, "4": 0.7371450047994745, "5": 0.7371450047994745, "6": 3.6898218826975634e-13, "7": 0.7371450047994745, "8": 0.7371450047994745, "9": 0.7371450047994745, "10": 7.918667528921648e-13, "11": 0.7371450047994745, "12": 4.123120795565687e-13, "13": 4.302321251346117e-13, "14": 3.3246338265073774e-13, "15": 3.606415043509013e-13, "16": 7.428606696516268e-13, "17": 3.533939714474845e-13, "18": 0.7371450047994745, "19": 4.4591336343815134e-13, "20": 4.2046879236458005e-13, "21": 0.7371450047994745, "22": 0.7371450047994745, "23": 6.907257413564257e-13, "24": 4.671626957535524e-13, "25": 0.7371450047994745, "26": 0.7371450047994745, "27": 0.7371450047994745, "28": 0.7371450047994745, "29": 5.515649818838552e-13, "30": 0.7371450047994745, "31": 6.042275800994571e-13, "32": 0.7371450047994745, "33": 6.655536878410182e-13, "34": 0.7371450047994745, "35": 0.7371450047994745, "36": 0.7371450047994745, "37": 0.7371450047994745, "38": 0.7371450047994745, "39": 2.2982066053490725e-13, "40": 6.643948696210088e-13, "41": 0.7371450047994745, "42": 0.7371450047994745, "43": 0.7371450047994745, "44": 0.7371450047994745, "45": 0.7371450047994745, "46": 0.7371450047994745, "47": 0.7371450047994745, "48": 0.7371450047994745, "49": 0.7371450047994745, "50": 0.7371450047994745, "51": 5.300981223435082e-13, "52": 0.7371450047994745, "53": 0.7371450047994745, "54": 5.533723677509198e-13, "55": 7.912762341163642e-13, "56": 0.7371450047994745, "57": 2.955325375405617e-13, "58": 0.7371450047994745, "59": 0.7371450047994745, "60": 7.300274849829147e-13, "61": 0.7371450047994745, "62": 0.7371450047994745, "63": 2.766861838754599e-13, "64": 3.0211379004972853e-13, "65": 3.714303348258134e-13, "66": 0.7371450047994745, "67": 0.7371450047994745, "68": 0.7371450047994745, "69": 0.7371450047994745, "70": 4.671626957535524e-13, "71": 0.7371450047994745, "72": 0.7371450047994745, "73": 2.757824909419276e-13, "74": 1.8032075217545064e-13, "75": 0.7371450047994745, "76": 2.2982066053490725e-13, "77": 0.7371450047994745, "78": 6.222090903695105e-13, "79": 0.7371450047994745, "80": 7.150304066140937e-13, "81": 0.7371450047994745, "82": 0.7371450047994745, "83": 0.7371450047994745, "84": 0.7371450047994745, "85": 6.90292047227556e-13, "86": 3.513837207358994e-13, "87": 6.90292047227556e-13, "88": 0.7371450047994745, "89": 0.7371450047994745, "90": 0.7371450047994745, "91": 3.188395813697916e-13, "92": 3.1328652328511523e-13, "93": 0.7371450047994745, "94": 3.5110834633589363e-13, "95": 0.7371450047994745, "96": 6.643948696210088e-13, "97": 0.7371450047994745, "98": 1.594197906848958e-13, "99": 0.7371450047994745}, "2": {"0": 0.6750854630083296, "1": 7.941182710047349e-13, "2": 0.6750854630083296, "3": 1.1480023269328467e-12, "4": 0.6750854630083296, "5": 0.6750854630083296, "6": 1.4757170118002591e-12, "7": 0.6750854630083296, "8": 5.722175035314048e-13, "9": 6.138272224461976e-13, "10": 0.6750854630083296, "11": 0.6750854630083296, "12": 8.077761547743128e-13, "13": 4.797605178105087e-13, "14": 0.6750854630083296, "15": 8.650001005525749e-13, "16": 0.6750854630083296, "17": 5.885286959105768e-13, "18": 0.6750854630083296, "19": 1.201963214551534e-12, "20": 0.6750854630083296, "21": 1.042278313881546e-12, "22": 0.6750854630083296, "23": 4.212216711699742e-13, "24": 1.027369455429718e-12, "25": 0.6750854630083296, "26": 0.6750854630083296, "27": 7.654982292798587e-13, "28": 0.6750854630083296, "29": 8.989566217603217e-13, "30": 0.6750854630083296, "31": 0.6750854630083296, "32": 8.590309924033098e-13, "33": 1.2932830277653666e-12, "34": 0.6750854630083296, "35": 2.106108355849871e-13, "36": 1.1480023269328467e-12, "37": 0.6750854630083296, "38": 9.830560865554222e-13, "39": 0.6750854630083296, "40": 0.6750854630083296, "41": 7.984345953890418e-13, "42": 9.288390349001487e-13, "43": 0.6750854630083296, "44": 0.6750854630083296, "45": 0.6750854630083296, "46": 0.6750854630083296, "47": 0.6750854630083296, "48": 0.6750854630083296, "49": 0.6750854630083296, "50": 3.5681033569799447e-13, "51": 0.6750854630083296, "52": 0.6750854630083296, "53": 4.537997208835221e-13, "54": 4.295154962016549e-13, "55": 0.6750854630083296, "56": 0.6750854630083296, "57": 0.6750854630083296, "58": 4.849429967976043e-13, "59": 0.6750854630083296, "60": 0.6750854630083296, "61": 0.6750854630083296, "62": 0.6750854630083296, "63": 0.6750854630083296, "64": 1.201963214551534e-12, "65": 0.6750854630083296, "66": 4.550847987557019e-13, "67": 0.6750854630083296, "68": 0.6750854630083296, "69": 0.6750854630083296, "70": 0.6750854630083296, "71": 0.6750854630083296, "72": 3.8274911463992937e-13, "73": 0.6750854630083296, "74": 0.6750854630083296, "75": 0.6750854630083296, "76": 2.861087517657024e-13, "77": 0.6750854630083296, "78": 8.650001005525749e-13, "79": 9.387427176811264e-13, "80": 3.4907621267122245e-13, "81": 1.1442626082241163e-12, "82": 0.6750854630083296, "83": 0.6750854630083296, "84": 0.6750854630083296, "85": 0.6750854630083296, "86": 0.6750854630083296, "87": 0.6750854630083296, "88": 0.6750854630083296, "89": 0.6750854630083296, "90": 0.6750854630083296, "91": 0.6750854630083296, "92": 0.6750854630083296, "93": 4.915280432777111e-13,