{"0": {"0": 0.14798151792183445, "1": 0.49999999536796996, "2": 0.14797749911609623, "3": 0.8657342250770967, "4": 0.4999999966446169, "5": 0.49999999429703146, "6": 0.23314201729385803, "7": 0.4999999956742328, "8": 0.14792466424834366, "9": 0.0952430961737293, "10": 0.18536019188083944, "11": 0.8712642056178623, "12": 0.9377039345696355, "13": 0.7226860873048602, "14": 0.8619654838430764, "15": 0.4999999951534688, "16": 0.7130258112015276, "17": 0.4999999959786039, "18": 0.965750382413699, "19": 0.49999999590833255, "20": 0.499999994905342, "21": 0.4999999953010582, "22": 0.8619654838430764, "23": 0.17141165023944588, "24": 0.4999999964483709, "25": 0.965750382413699, "26": 0.49999999526519656, "27": 0.1481279549118624, "28": 0.8657342250770967, "29": 0.21456460508802033, "30": 0.1290524319508241, "31": 0.7498098473441553, "32": 0.7130258112015276, "33": 0.23102505721679042, "34": 0.1481279549118624, "35": 0.16009997559340022, "36": 0.8712642056178623, "37": 0.49999999560448793, "38": 0.4999999970150423, "39": 0.4999999952142051, "40": 0.4999999955393261, "41": 0.17208380686593147, "42": 0.14794304340862885, "43": 0.26307132111345255, "44": 0.49999999689397756, "45": 0.49999999560448793, "46": 0.26307132111345255, "47": 0.4999999956973128, "48": 0.14792466424834366, "49": 0.17141165023944588, "50": 0.4999999960916257, "51": 0.14797749911609623, "52": 0.4999999976505291, "53": 0.18536019188083944, "54": 0.23314201729385803, "55": 0.4999999961719432, "56": 0.14794304340862885, "57": 0.1516944826117323, "58": 0.23145201318143127, "59": 0.21456460508802033, "60": 0.8657342250770967, "61": 0.4999999961873227, "62": 0.4999999961034801, "63": 0.0952430961737293, "64": 0.49999999655150973, "65": 0.9023405045632574, "66": 0.9023405045632574, "67": 0.4999999961873227, "68": 0.16009997559340022, "69": 0.4999999980859716, "70": 0.8657342250770967, "71": 0.965750382413699, "72": 0.9377039345696355, "73": 0.1516944826117323, "74": 0.4999999945482535, "75": 0.49999999655150973, "76": 0.23145201318143147, "77": 0.7226860873048602, "78": 0.7226860873048602, "79": 0.49999999768398495, "80": 0.4999999957467784, "81": 0.4999999955393261, "82": 0.7226860873048602, "83": 0.4999999952142051, "84": 0.4999999960916257, "85": 0.7730299511709845, "86": 0.7498077950480044, "87": 0.23102505721679042, "88": 0.49999999805174006, "89": 0.4999999979541663, "90": 0.49999999608919965, "91": 0.7498077950480044, "92": 0.16009997559340022, "93": 0.4999999952046992, "94": 0.4999999980445998, "95": 0.4999999952046992, "96": 0.7730299511709845, "97": 0.1290524319508241, "98": 0.4999999959786039, "99": 0.4999999957467784}, "1": {"0": 0.870053432205232, "1": 0.8791769482862466, "2": 0.5000000035945396, "3": 0.9662570533638212, "4": 0.2540425380208093, "5": 0.5000000057882353, "6": 0.8872336270984662, "7": 0.5000000071926471, "8": 0.5000000066845098, "9": 0.5000000061961831, "10": 0.877379295938445, "11": 0.5000000070262663, "12": 0.5000000039757578, "13": 0.8791769482862466, "14": 0.5000000041877405, "15": 0.5000000035343058, "16": 0.8872336270984662, "17": 0.769758849010691, "18": 0.5000000066845098, "19": 0.5000000085381762, "20": 0.06716283015958867, "21": 0.5000000056677779, "22": 0.5000000047545259, "23": 0.5000000064941494, "24": 0.5000000048217698, "25": 0.8642215587721129, "26": 0.5000000071321095, "27": 0.9633290100395807, "28": 0.500000006122286, "29": 0.9340615856412682, "30": 0.5000000064456724, "31": 0.5000000063355055, "32": 0.5000000058763296, "33": 0.5000000056890312, "34": 0.23372244402587622, "35": 0.5000000071128314, "36": 0.500000006122286, "37": 0.024299035241121376, "38": 0.21833573183760932, "39": 0.5000000072165354, "40": 0.23372244402587622, "41": 0.7432079496011867, "42": 0.8578226906536721, "43": 0.7432079496011867, "44": 0.5000000064677336, "45": 0.5000000061961831, "46": 0.024299035241121376, "47": 0.877379295938445, "48": 0.5000000065518213, "49": 0.5000000057124651, "50": 0.5000000069599182, "51": 0.5000000053404808, "52": 0.23610078799138345, "53": 0.024299035241121376, "54": 0.8000519157602446, "55": 0.5000000047545259, "56": 0.5000000071078057, "57": 0.8000519157602446, "58": 0.1964924832923338, "59": 0.5000000067813262, "60": 0.5000000055779714, "61": 0.8642215587721129, "62": 0.5000000059537104, "63": 0.5000000049032978, "64": 0.9662570533638212, "65": 0.8686104855626339, "66": 0.5000000067767391, "67": 0.769758849010691, "68": 0.8686104855626339, "69": 0.21833573183760932, "70": 0.024299035241121376, "71": 0.23610078799138345, "72": 0.5000000042690881, "73": 0.5000000052656492, "74": 0.06716283015958867, "75": 0.22484260403958223, "76": 0.5000000020938702, "77": 0.5000000029768552, "78": 0.09863438809464092, "79": 0.5000000033288865, "80": 0.2741501513255137, "81": 0.22484260403958223, "82": 0.5000000070262663, "83": 0.9340615856412682, "84": 0.870053432205232, "85": 0.2540425380208093, "86": 0.5000000057124651, "87": 0.9633290100395807, "88": 0.09863438809464092, "89": 0.5000000048217698, "90": 0.5000000049032978, "91": 0.5000000054592262, "92": 0.5000000052656492, "93": 0.5000000056677779, "94": 0.2741501513255137, "95": 0.5000000071926471, "96": 0.1964924832923338, "97": 0.9329879800289347, "98": 0.024299035241121376, "99": 0.9329879800289347}, "2": {"0": 0.06702284180377563, "1": 0.4999999574333638, "2": 0.24098934096168678, "3": 0.9753020386062409, "4": 0.4999999282604822, "5": 0.06292008657734478, "6": 0.10110116475693343, "7": 0.22413744070322889, "8": 0.49999993657665043, "9": 0.9846393469242019, "10": 0.7707979657726661, "11": 0.24402054573207782, "12": 0.4999999275899558, "13": 0.49999993324375197, "14": 0.49999993142574317, "15": 0.753980426306966, "16": 0.8070756838710076, "17": 0.8501910146326469, "18": 0.4999999393390879, "19": 0.75397941022387, "20": 0.8783405579906245, "21": 0.24098934096168678, "22": 0.020423968619681338, "23": 0.4999999432336978, "24": 0.08012616137959945, "25": 0.7707979657726661, "26": 0.24402054573207782, "27": 0.8783405579906245, "28": 0.18612956201390712, "29": 0.4999999224263869, "30": 0.4999999555076393, "31": 0.8939322235206064, "32": 0.49999996955356957, "33": 0.4999999703223664, "34": 0.06432398257987512, "35": 0.4999999555076393, "36": 0.24098934096168678, "37": 0.49999995582367524, "38": 0.7476249764511591, "39": 0.24416424302398823, "40": 0.020423968619681338, "41": 0.4999999651600496, "42": 0.06432398257987512, "43": 0.4999999644771368, "44": 0.7539896558075339, "45": 0.7539709427013498, "46": 0.7539856761513223, "47": 0.10110116475693343, "48": 0.9753020386062409, "49": 0.7539751764626099, "50": 0.7476249764511591, "51": 0.8501910146326468, "52": 0.8501910146326469, "53": 0.9846393469242019, "54": 0.22413744070322889, "55": 0.4999999315355599, "56": 0.06702284180377563, "57": 0.2305328404526385, "58": 0.18612956201390712, "59": 0.4999999740727906, "60": 0.49999993184969144, "61": 0.49999994401645265, "62": 0.4999999330217829, "63": 0.8939322235206064, "64": 0.24098934096168678, "65": 0.4999999399051741, "66": 0.020423968619681338, "67": 0.49999994918029145, "68": 0.4999999393390879, "69": 0.4999999644771368, "70": 0.8783405579906245, "71": 0.06432398257987512, "72": 0.24417861275317926, "73": 0.9846393469242019, "74": 0.24417861275317926, "75": 0.7782349195289431, "76": 0.05947882445382894, "77": 0.8939322235206064, "78": 0.49999993340262877, "79": 0.49999996543199315, "80": 0.4999999391694066, "81": 0.8070756838710076, "82": 0.753980426306966, "83": 0.4999999637949779, "84": 0.4999999290197582, "85": 0.8783405579906245, "86": 0.2305328404526385, "87": 0.4999999574333638, "88": 0.05947882445382894, "89": 0.06292008657734478, "90": 0.4999999391694066, "91": 0.8230765608352575, "92": 0.08012616137959945, "93": 0.8230765608352575, "94": 0.49999993340262877, "95": 0.7782349195289431, "96": 0.8939322235206064, "97": 0.4999999745901457, "98": 0.49999996413024106, "99": 0.49999995582367524}, "3": {"0": 0.5000000030428989, "1": 0.5000000037037281, "2": 0.5000000032070063, "3": 0.21243015367504134,