{"0": {"0": 0.49999999999464, "1": 0.4999999999962653, "2": 0.4999999999968395, "3": 0.4999999999979552, "4": 0.49999999999515554, "5": 0.4999999999971334, "6": 0.49999999999578004, "7": 0.49999999999298306, "8": 0.88972465812251, "9": 0.49999999999655337, "10": 0.4999999999952547, "11": 0.49999999999505895, "12": 0.07574342558267763, "13": 0.49999999999390293, "14": 0.49999999999655115, "15": 0.49999999999679423, "16": 0.8894216286983176, "17": 0.49999999999638417, "18": 0.49999999999759326, "19": 0.49999999999464, "20": 0.8894216286983176, "21": 0.49999999999705, "22": 0.49999999999352396, "23": 0.49999999999450717, "24": 0.4999999999949062, "25": 0.4999999999940184, "26": 0.49999999999620054, "27": 0.49999999999405914, "28": 0.49999999999607847, "29": 0.8886599788007746, "30": 0.4999999999942592, "31": 0.4999999999941302, "32": 0.49999999999751843, "33": 0.4999999999954353, "34": 0.499999999996404, "35": 0.49999999999562195, "36": 0.49999999999803924, "37": 0.4999999999979058, "38": 0.49999999999771766, "39": 0.49999999999625633, "40": 0.49999999999655115, "41": 0.499999999996762, "42": 0.4999999999956406, "43": 0.49999999999712963, "44": 0.4999999999976824, "45": 0.49999999999722955, "46": 0.09869098684962782, "47": 0.49999999999530725, "48": 0.49999999999841105, "49": 0.49999999999615885, "50": 0.4999999999971314, "51": 0.49999999999686573, "52": 0.49999999999861566, "53": 0.4999999999951865, "54": 0.49999999999589745, "55": 0.4999999999969321, "56": 0.499999999996082, "57": 0.49999999999589745, "58": 0.49999999999564293, "59": 0.4999999999983655, "60": 0.49999999999491174, "61": 0.4999999999970651, "62": 0.49999999999620054, "63": 0.49999999999491174, "64": 0.49999999999530725, "65": 0.49999999999561884, "66": 0.4999999999948955, "67": 0.8890489330262057, "68": 0.49999999999846606, "69": 0.4999999999961921, "70": 0.49999999999566763, "71": 0.4999999999978094, "72": 0.4999999999962217, "73": 0.49999999999782146, "74": 0.499999999998202, "75": 0.49999999999566763, "76": 0.4999999999948955, "77": 0.07574342558267763, "78": 0.4999999999979682, "79": 0.8885165933653381, "80": 0.4999999999949062, "81": 0.4999999999951692, "82": 0.49999999999622774, "83": 0.49999999999812816, "84": 0.4999999999975295, "85": 0.49999999999622274, "86": 0.49999999999757777, "87": 0.4999999999988412, "88": 0.4999999999974774, "89": 0.49999999999586375, "90": 0.49999999999443945, "91": 0.49999999999578004, "92": 0.4999999999976711, "93": 0.499999999998041, "94": 0.4999999999956406, "95": 0.8885165933653381, "96": 0.49999999999717587, "97": 0.8897943243704297, "98": 0.4999999999952547, "99": 0.4999999999981114}, "1": {"0": 0.5000000000751671, "1": 0.5000000000512277, "2": 0.5000000000761304, "3": 0.5000000000538208, "4": 0.5000000000868333, "5": 0.500000000070618, "6": 0.5000000000379219, "7": 0.5000000000698793, "8": 0.5000000000565588, "9": 0.5000000000434139, "10": 0.5000000000868333, "11": 0.9572416827992549, "12": 0.5000000000577864, "13": 0.5000000000622307, "14": 0.5000000000747123, "15": 0.5000000000289186, "16": 0.5000000000375051, "17": 0.5000000000461452, "18": 0.5000000000823772, "19": 0.5000000000782115, "20": 0.5000000000285054, "21": 0.5000000000526039, "22": 0.5000000000474283, "23": 0.5000000000764819, "24": 0.5000000000681573, "25": 0.5000000000433543, "26": 0.5000000000417912, "27": 0.5000000000874243, "28": 0.5000000000592606, "29": 0.5000000000406526, "30": 0.5000000000448878, "31": 0.5000000000739315, "32": 0.5000000000528536, "33": 0.5000000000512277, "34": 0.5000000000756137, "35": 0.5000000000639032, "36": 0.5000000000641309, "37": 0.5000000000746254, "38": 0.5000000000448878, "39": 0.5000000000823772, "40": 0.9572416827992549, "41": 0.500000000021707, "42": 0.5000000000925199, "43": 0.5000000000267308, "44": 0.500000000085973, "45": 0.5000000000745691, "46": 0.5000000000638538, "47": 0.5000000000547786, "48": 0.5000000000437121, "49": 0.5000000000815263, "50": 0.5000000000433331, "51": 0.5000000000359902, "52": 0.5000000001148137, "53": 0.5000000000903695, "54": 0.5000000000375882, "55": 0.500000000071716, "56": 0.5000000000259027, "57": 0.5000000000524034, "58": 0.5000000000311153, "59": 0.5000000000461452, "60": 0.5000000000462069, "61": 0.5000000000852767, "62": 0.5000000000288533, "63": 0.5000000000208956, "64": 0.5000000000547786, "65": 0.5000000000853133, "66": 0.5000000000754288, "67": 0.5000000000752103, "68": 0.5000000000746254, "69": 0.5000000000852767, "70": 0.5000000000488661, "71": 0.5000000000820055, "72": 0.5000000000589888, "73": 0.500000000060616, "74": 0.5000000000698793, "75": 0.5000000000806215, "76": 0.05498712163330566, "77": 0.5000000000668849, "78": 0.5000000000815263, "79": 0.5000000000393039, "80": 0.5000000000432048, "81": 0.5000000000555347, "82": 0.5000000000294944, "83": 0.5000000000244331, "84": 0.5000000000668849, "85": 0.5000000000296303, "86": 0.5000000000782115, "87": 0.5000000000367564, "88": 0.5000000000584983, "89": 0.5000000000565588, "90": 0.5000000000377144, "91": 0.5000000000320655, "92": 0.5000000000277673, "93": 0.5000000000237141, "94": 0.5000000000681573, "95": 0.05498712163330566, "96": 0.5000000000369658, "97": 0.5000000000528536, "98": 0.5000000000903695, "99": 0.5000000000761304}, "2": {"0": 0.4999999999655629, "1": 0.49999999994782185, "2": 0.10290668986665508, "3": 0.49999999995770383, "4": 0.499999999969803, "5": 0.10290697520866841, "6": 0.4999999999811311, "7": 0.49999999994961936, "8": 0.4999999999719449, "9": 0.10290678836200991, "10": 0.4999999999716474, "11": 0.49999999994277866, "12": 0.49999999995426647, "13": 0.4999999999698801, "14": 0.49999999995974476, "15": 0.4999999999748097, "16": 0.4999999999832181, "17": 0.10290672250006185, "18": 0.4999999999637613, "19": 0.4999999999829988, "20": 0.4999999999756204, "21": 0.49999999998223227, "22": 0.9315588041970861, "23": 0.49999999997468414, "24": 0.9313396036334409, "25": 0.4999999999723752, "26": 0.4999999999590189, "27": 0.10290681225470609, "28": 0.10290683680816883, "29": 0.4999999999530142, "30": 0.10290683680816883, "31": 0.49999999998238776, "32": 0.49999999997376177, "33": 0.9301224682157623, "34": 0.9308818729170514, "35": 0.49999999997747274, "36": 0.49999999998017397, "37": 0.9315239503256999, "38": 0.49999999993277705, "39": 0.10290686527905554, "40": 0.4999999999702283, "41": 0.9308818729170514, "42": 0.10290672250006185, "43": 0.4999999999764142, "44": 0.49999999998749234, "45": 0.49999999997263567, "46": 0.49999999998597244, "47": 0.4999999999734437, "48": 0.49999999998278144, "49": 0.49999999998104216, "50": 0.10290686527905554, "51": 0.499999999966227, "52": 0.49999999997149447, "53": 0.499999999966272, "54": 0.4999999999732015, "55": 0.49999999997396893, "56": 0.4999999999422422, "57": 0.9309115520276753, "58": 0.10290680313483505, "59": 0.4999999999767938, "60": 0.49999999995974476, "61": 0.10290688231486494, "62": 0.49999999994263333, "63": 0.4999999999862081, "64": 0.499999999969803, "65": 0.4999999999601283, "66": 0.49999999994782185, "67": 0.4999999999711211, "68": 0.4999999999593806, "69": 0.1029067435649999, "70": 0.10290681225470609, "71": 0.4999999999748091, "72": 0.10290666626741918, "73": 0.4999999999447603, "74": 0.4999999999796903, "75": 0.4999999999552794, "76": 0.4999999999750978, "77": 0.4999999999874045, "78": 0.49999999997263567, "79": 0.49999999998744615, "80": 0.49999999995279554, "81": 0.49999999997894873, "82": 0.4999999999765071, "83": 0.10290670143512379, "84": 0.4999999999698801, "85": 0.49999999997238015, "86": 0.4999999999858237, "87": 0.9301224682157623, "88": 0.4999999999590189, "89": 0.499999999966227, "90": 0.4999999999701652, "91": 0.4999999999638439, "92": 0.4999999999750978, "93": 0.4999999999788519, "94": 0.4999999999652237, "95": 0.49999999997149447, "96": 0.49999999998192196, "97": 0.10290668986665508, "98": 0.49999999997376177, "99": 0.49999999997396893}, "3": {"0": 0.5000000000727696, "1": 0.11637648782143634, "2": 0.5000000000704439, "3": 0.5000000000537449,