{"0": {"0": 0.7698743338184946, "1": 0.4513386580621813, "2": 0.7698743338184946, "3": 0.4513386580621813, "4": 0.4513386580621813, "5": 5.687106307734999e-06, "6": 0.7698743338184946, "7": 0.4513386580621813, "8": 0.7698743338184946, "9": 0.7698743338184946, "10": 0.4513386580621813, "11": 0.4513386580621813, "12": 0.7698743338184946, "13": 0.7698743338184946, "14": 0.4513386580621813, "15": 6.049500563824196e-06, "16": 0.7698743338184946, "17": 0.7698743338184946, "18": 0.7698743338184946, "19": 0.4513386580621813, "20": 0.7698743338184946, "21": 4.452800653486526e-06, "22": 0.7698743338184946, "23": 0.7698743338184946, "24": 0.7698743338184946, "25": 0.4513386580621813, "26": 0.7698743338184946, "27": 7.178390446111375e-06, "28": 7.066086009932783e-06, "29": 4.5467792459159385e-06, "30": 0.4513386580621813, "31": 0.4513386580621813, "32": 0.4513386580621813, "33": 0.7698743338184946, "34": 0.7698743338184946, "35": 0.7698743338184946, "36": 0.4513386580621813, "37": 0.4513386580621813, "38": 0.4513386580621813, "39": 0.4513386580621813, "40": 4.452800653486526e-06, "41": 3.4383868124070815e-06, "42": 0.4513386580621813, "43": 0.4513386580621813, "44": 0.4513386580621813, "45": 4.5467792459159385e-06, "46": 0.4513386580621813, "47": 0.7698743338184946, "48": 0.4513386580621813, "49": 0.4513386580621813, "50": 0.4513386580621813, "51": 0.4513386580621813, "52": 4.770230410067265e-06, "53": 0.7698743338184946, "54": 0.7698743338184946, "55": 0.7698743338184946, "56": 0.4513386580621813, "57": 6.397815165340095e-06, "58": 0.4513386580621813, "59": 2.3828832878657817e-06, "60": 0.4513386580621813, "61": 2.8435531538674994e-06, "62": 0.7698743338184946, "63": 0.4513386580621813, "64": 0.7698743338184946, "65": 0.4513386580621813, "66": 0.4513386580621813, "67": 0.4513386580621813, "68": 0.4513386580621813, "69": 0.7698743338184946, "70": 0.7698743338184946, "71": 5.384060701785164e-06, "72": 0.7698743338184946, "73": 5.838425426496984e-06, "74": 0.7698743338184946, "75": 0.4513386580621813, "76": 0.4513386580621813, "77": 0.7698743338184946, "78": 7.232143006124984e-06, "79": 0.4513386580621813, "80": 0.7698743338184946, "81": 4.770230410067265e-06, "82": 0.7698743338184946, "83": 5.523144287659719e-06, "84": 0.7698743338184946, "85": 6.065958892127369e-06, "86": 5.617239884568815e-06, "87": 0.7698743338184946, "88": 0.7698743338184946, "89": 6.397815165340095e-06, "90": 6.065958892127369e-06, "91": 0.7698743338184946, "92": 0.7698743338184946, "93": 0.7698743338184946, "94": 0.7698743338184946, "95": 0.7698743338184946, "96": 0.7698743338184946, "97": 0.7698743338184946, "98": 0.7698743338184946, "99": 0.4513386580621813}, "1": {"0": 0.567676998325467, "1": 0.8487910698727146, "2": 0.8487910698727146, "3": 0.567676998325467, "4": 6.199159720518903e-05, "5": 0.567676998325467, "6": 6.52860568109641e-05, "7": 5.6039308774216695e-05, "8": 0.8487910698727146, "9": 0.8487910698727146, "10": 0.567676998325467, "11": 0.8487910698727146, "12": 0.567676998325467, "13": 4.530900830099886e-05, "14": 0.567676998325467, "15": 5.063380806032715e-05, "16": 0.8487910698727146, "17": 0.8487910698727146, "18": 0.8487910698727146, "19": 6.639581285452301e-05, "20": 0.8487910698727146, "21": 0.8487910698727146, "22": 0.8487910698727146, "23": 5.359517599023964e-05, "24": 4.180260911042931e-05, "25": 0.8487910698727146, "26": 0.567676998325467, "27": 5.797700272922487e-05, "28": 5.004662697948267e-05, "29": 5.8951360814670024e-05, "30": 6.55256061515561e-05, "31": 4.287631439647667e-05, "32": 0.567676998325467, "33": 0.8487910698727146, "34": 0.8487910698727146, "35": 0.567676998325467, "36": 0.567676998325467, "37": 5.6221826346693345e-05, "38": 4.076936518842846e-05, "39": 0.567676998325467, "40": 4.8768727097895135e-05, "41": 0.567676998325467, "42": 0.567676998325467, "43": 0.8487910698727146, "44": 0.567676998325467, "45": 5.712023579073372e-05, "46": 0.567676998325467, "47": 0.8487910698727146, "48": 4.9186269047002775e-05, "49": 0.8487910698727146, "50": 6.639581285452301e-05, "51": 5.472365962190406e-05, "52": 3.962829021006699e-05, "53": 0.567676998325467, "54": 0.8487910698727146, "55": 0.8487910698727146, "56": 0.8487910698727146, "57": 0.8487910698727146, "58": 0.8487910698727146, "59": 0.567676998325467, "60": 2.538234887582206e-05, "61": 4.4722924122413355e-05, "62": 0.567676998325467, "63": 0.8487910698727146, "64": 0.567676998325467, "65": 0.8487910698727146, "66": 0.8487910698727146, "67": 0.567676998325467, "68": 0.567676998325467, "69": 0.8487910698727146, "70": 4.221442333771498e-05, "71": 0.567676998325467, "72": 0.8487910698727146, "73": 0.8487910698727146, "74": 5.940481133056632e-05, "75": 0.8487910698727146, "76": 2.538234887582206e-05, "77": 0.8487910698727146, "78": 0.567676998325467, "79": 6.199159720518903e-05, "80": 5.080961733414065e-05, "81": 0.8487910698727146, "82": 0.8487910698727146, "83": 3.7016531395754825e-05, "84": 4.3841764421356525e-05, "85": 0.8487910698727146, "86": 4.8768727097895135e-05, "87": 4.3841764421356525e-05, "88": 5.080961733414065e-05, "89": 4.076936518842846e-05, "90": 0.8487910698727146, "91": 0.8487910698727146, "92": 4.530900830099886e-05, "93": 0.8487910698727146, "94": 0.8487910698727146, "95": 4.9186269047002775e-05, "96": 0.567676998325467, "97": 3.7016531395754825e-05, "98": 2.9475680407335012e-05, "99": 0.8487910698727146}, "2": {"0": 0.417447157810379, "1": 0.8341548116244073, "2": 0.8341548116244073, "3": 0.417447157810379, "4": 0.417447157810379, "5": 0.8341548116244073, "6": 0.8341548116244073, "7": 3.968512601027598e-06, "8": 0.417447157810379, "9": 7.2267976513346365e-06, "10": 0.417447157810379, "11": 0.417447157810379, "12": 0.417447157810379, "13": 0.417447157810379, "14": 7.2456438504973966e-06, "15": 7.94886217645801e-06, "16": 0.8341548116244073, "17": 0.417447157810379, "18": 0.8341548116244073, "19": 0.417447157810379, "20": 0.417447157810379, "21": 0.8341548116244073, "22": 0.417447157810379, "23": 0.8341548116244073, "24": 0.417447157810379, "25": 0.8341548116244073, "26": 6.002142997370503e-06, "27": 0.417447157810379, "28": 0.8341548116244073, "29": 0.8341548116244073, "30": 7.491242276476918e-06, "31": 0.417447157810379, "32": 6.9922689889613355e-06, "33": 0.417447157810379, "34": 0.8341548116244073, "35": 7.852888256774722e-06, "36": 7.331919874154011e-06, "37": 0.8341548116244073, "38": 0.417447157810379, "39": 0.8341548116244073, "40": 7.338469149572259e-06, "41": 8.006753663733053e-06, "42": 0.8341548116244073, "43": 3.686824052818069e-06, "44": 0.417447157810379, "45": 0.417447157810379, "46": 0.417447157810379, "47": 7.062831401806356e-06, "48": 0.8341548116244073, "49": 0.417447157810379, "50": 0.8341548116244073, "51": 0.8341548116244073, "52": 0.417447157810379, "53": 7.44897858335219e-06, "54": 4.6010387452449585e-06, "55": 0.417447157810379, "56": 0.417447157810379, "57": 0.417447157810379, "58": 7.852888256774722e-06, "59": 0.8341548116244073, "60": 3.6659599370770054e-06, "61": 0.8341548116244073, "62": 3.974431088229005e-06, "63": 0.8341548116244073, "64": 0.8341548116244073, "65": 0.8341548116244073, "66": 0.417447157810379, "67": 0.8341548116244073, "68": 0.8341548116244073, "69": 0.417447157810379, "70": 0.417447157810379, "71": 0.417447157810379, "72": 0.417447157810379, "73": 0.8341548116244073, "74": 5.408382713612047e-06, "75": 0.8341548116244073, "76": 0.417447157810379, "77": 0.8341548116244073, "78": 0.8341548116244073, "79": 0.8341548116244073, "80": 6.674516561119655e-06, "81": 5.097132642941643e-06, "82": 6.6454248113789365e-06, "83": 0.8341548116244073, "84": 2.804614739578058e-06, "85": 3.409423450085068e-06, "86": 4.6010387452449585e-06, "87": 0.417447157810379, "88": 3.023276268539234e-06, "89": 0.8341548116244073, "90": 0.8341548116244073, "91": 7.44897858335219e-06, "92": 0.8341548116244073, "93": 7.062831401806356e-06, "94": 0.8341548116244073, "95": 0.8341548116244073, "96": 0.417447157810379, "97": 0.417447157810379, "98": 0.417447157810379,