{"0": {"0": 0.6080482240629184, "1": 0.7190932544124443, "2": 0.9844871173121441, "3": 0.6302887959322205, "4": 0.38497007885850243, "5": 0.4928653928825606, "6": 0.18600425289629446, "7": 0.4830741218929121, "8": 0.6821536071163079, "9": 0.1560773630407727, "10": 0.11534271450413355, "11": 0.29629053905729175, "12": 0.743721248866315, "13": 0.5955590030346282, "14": 0.676347246196406, "15": 0.289523593833962, "16": 0.6362665016545463, "17": 0.7231370788524472, "18": 0.6766166625003132, "19": 0.6346957249021885, "20": 0.6552520577793102, "21": 0.6525298763431542, "22": 0.9844871173121441, "23": 0.7818458744635689, "24": 0.33504210510748517, "25": 0.6643000727226794, "26": 0.33504210510748517, "27": 0.7183746797035806, "28": 0.7147026532004718, "29": 0.6302887959322205, "30": 0.4928653928825606, "31": 0.7818458744635689, "32": 0.6681177629317452, "33": 0.5460878334293604, "34": 0.4830741218929121, "35": 0.5334934789248273, "36": 0.6081991266654241, "37": 0.33983454873646196, "38": 0.6763926309971922, "39": 0.4777347158891782, "40": 0.7144601938769515, "41": 0.6081991266654241, "42": 0.3563845169546959, "43": 0.447767542031287, "44": 0.6517449659308003, "45": 0.6256887205557484, "46": 0.7559621614358913, "47": 0.6552520577793102, "48": 0.11534271450413355, "49": 0.11475643794609788, "50": 0.06685948219972807, "51": 0.15770415504302462, "52": 0.26155198693674375, "53": 0.6821536071163079, "54": 0.14364186855800543, "55": 0.06685948219972807, "56": 0.11475643794609788, "57": 0.3563845169546959, "58": 0.14364186855800543, "59": 0.6256887205557484, "60": 0.6362665016545463, "61": 0.14364186855800543, "62": 0.33243457891213635, "63": 0.06685948219972807, "64": 0.7128237580182479, "65": 0.7128237580182479, "66": 0.15770415504302462, "67": 0.7147026532004718, "68": 0.29149744063543714, "69": 0.6763740499710564, "70": 0.6681177629317452, "71": 0.743721248866315, "72": 0.4275995822856665, "73": 0.6643000727226794, "74": 0.7183746797035806, "75": 0.5938784793713905, "76": 0.6857771957569522, "77": 0.6080482240629184, "78": 0.5334934789248273, "79": 0.7559621614358913, "80": 0.447767542031287, "81": 0.4777347158891782, "82": 0.676347246196406, "83": 0.5938784793713905, "84": 0.1560773630407727, "85": 0.6346949406286893, "86": 0.5460878334293604, "87": 0.7231370788524472, "88": 0.6517449659308003, "89": 0.29629053905729175, "90": 0.38497007885850243, "91": 0.7782857481786143, "92": 0.6766166625003132, "93": 0.4275995822856665, "94": 0.33243457891213635, "95": 0.6857771957569522, "96": 0.33983454873646196, "97": 0.6346957249021885, "98": 0.18600425289629446, "99": 0.7782857481786143}, "1": {"0": 0.5160882134797609, "1": 0.6980311718324126, "2": 0.7544703841050172, "3": 0.18904492654324456, "4": 0.7194120387689367, "5": 0.38590782529178513, "6": 0.7194635376639666, "7": 0.18752452099115352, "8": 0.7614952534236492, "9": 0.16641831999712886, "10": 0.7308010085020129, "11": 0.381880490157257, "12": 0.18752452099115352, "13": 0.7806483485042264, "14": 0.6396728070803855, "15": 0.18904492654324456, "16": 0.8233682252756459, "17": 0.6624536062248119, "18": 0.4642066101401039, "19": 0.7308010169272546, "20": 0.23062197899863646, "21": 0.7372815293979091, "22": 0.2114009589502892, "23": 0.6430738717927292, "24": 0.27623725613662675, "25": 0.25681255894056865, "26": 0.6430738717927292, "27": 0.27623725613662675, "28": 0.1684316195345006, "29": 0.7806483485042264, "30": 0.7875717295617163, "31": 0.6701303885463986, "32": 0.6822621131149549, "33": 0.23356021542041816, "34": 0.7614952534236492, "35": 0.381880490157257, "36": 0.2530992095492025, "37": 0.2568125589705973, "38": 0.5016160520130821, "39": 0.6827632415849502, "40": 0.39061623695268993, "41": 0.4642066101401039, "42": 0.23062197899863646, "43": 0.20970777729158863, "44": 0.5324549864011139, "45": 0.6547768239032252, "46": 0.39061623695268993, "47": 0.23356021542041816, "48": 0.7561351580111251, "49": 0.6433988035572502, "50": 0.21140095897017064, "51": 0.5016160520130821, "52": 0.6809295122346165, "53": 0.7194635376639666, "54": 0.8233682252756459, "55": 0.6980311718324126, "56": 0.7875717295617163, "57": 0.5324549864011139, "58": 0.7561351580111251, "59": 0.4781751981900335, "60": 0.48280797894433874, "61": 0.7248731948085801, "62": 0.16641831999712886, "63": 0.20816064544519647, "64": 0.7531728571449878, "65": 0.2530992095492025, "66": 0.6827632415849502, "67": 0.5160882134797609, "68": 0.8360397731051816, "69": 0.6433988035572502, "70": 0.6598290506206955, "71": 0.20816064544519647, "72": 0.7091588678644127, "73": 0.48280797894433874, "74": 0.7308010169272546, "75": 0.23062197899863646, "76": 0.20970777729158863, "77": 0.1684316195345006, "78": 0.2114009589502892, "79": 0.6802632117944474, "80": 0.062087046888685576, "81": 0.6598290506206955, "82": 0.6802632117944474, "83": 0.7531728571449878, "84": 0.062087046888685576, "85": 0.381880490157257, "86": 0.7372815293979091, "87": 0.6951066499347441, "88": 0.7091588678644127, "89": 0.38590782529178513, "90": 0.8360397731051816, "91": 0.4781751981900335, "92": 0.062087046888685576, "93": 0.7544703841050172, "94": 0.6951066499347441, "95": 0.42688647092489684, "96": 0.42688647092489684, "97": 0.7248731948085801, "98": 0.25681255894056865, "99": 0.6624536062248119}, "2": {"0": 0.3726679874276656, "1": 0.7173208586545747, "2": 0.3966620987257748, "3": 0.6945818340016684, "4": 0.6048274045403108, "5": 0.7995667465206012, "6": 0.7396513492901031, "7": 0.3726679874276656, "8": 0.25353276180026096, "9": 0.7995667465206012, "10": 0.740365791393113, "11": 0.5857500292394938, "12": 0.011241957040416306, "13": 0.728336863169101, "14": 0.29910014958898273, "15": 0.7933860005462422, "16": 0.22675308622453466, "17": 0.5857500292394938, "18": 0.7713855816624153, "19": 0.692456520998675, "20": 0.5874422520530466, "21": 0.25302669697475594, "22": 0.4339621492929085, "23": 0.5005748079185326, "24": 0.740365791393113, "25": 0.39345386780569996, "26": 0.7396171537907852, "27": 0.7913820548315266, "28": 0.8035444964870391, "29": 0.6127275468703295, "30": 0.6013942375798901, "31": 0.22675308622453466, "32": 0.7713653337672959, "33": 0.011241957040416306, "34": 0.8772549584315529, "35": 0.13546497624483372, "36": 0.2380755062554883, "37": 0.594349806540233, "38": 0.7396513492901031, "39": 0.7965009360223194, "40": 0.8152188362159405, "41": 0.48854709261676743, "42": 0.6914952536471701, "43": 0.7173208586545747, "44": 0.7913820548315266, "45": 0.7713855816624153, "46": 0.5857500292394938, "47": 0.6013942375798901, "48": 0.16141754131804859, "49": 0.7933860005462422, "50": 0.692456520998675, "51": 0.3819525248859058, "52": 0.16141754131804859, "53": 0.8035444964870391, "54": 0.011241957040416306, "55": 0.6127275468703295, "56": 0.8152188363543292, "57": 0.5874422520530466, "58": 0.2380755062554883, "59": 0.5857500292394938, "60": 0.4302375989023996, "61": 0.8085295616964046, "62": 0.48854709261676743, "63": 0.4302375989023996, "64": 0.6953087976615219, "65": 0.7965009360223194, "66": 0.4339621492929945, "67": 0.6048274045403108, "68": 0.8035444964870391, "69": 0.25302669697475594, "70": 0.7963933954858389, "71": 0.2145530178948371, "72": 0.728336863169101, "73": 0.29910014958898273, "74": 0.6945818340016684, "75": 0.39345386780569996, "76": 0.34659048736171205, "77": 0.4026528523171825, "78": 0.13546497624483372, "79": 0.2145530178948371, "80": 0.621757399041442, "81": 0.8772548861959661, "82": 0.6948717156698869, "83": 0.8035444964870391, "84": 0.621757399041442, "85": 0.8085295616964046, "86": 0.7963933954858389, "87": 0.6953087976615219, "88": 0.6948717156698869, "89": 0.4339621492929945, "90": 0.25353276180026096, "91": 0.6948717156698869, "92": 0.8772548861959661, "93": 0.5005748079185326, "94": 0.594349806540233, "95": 0.3966620987257748, "96": 0.3819525248859058, "97": 0.8152188362159405, "98": 0.4026528523171825, "99": 0.34659048736171205}, "3": {"0": 0.8568865522774697, "1": 0.7768441069575871, "2": 0.225561306716566, "3": 0.20510482003692, "4": 0.2987522546775202,