{"0": {"0": 0.9499999999997892, "1": 0.5559604057156353, "2": 0.949999999999726, "3": 0.3184889288409711, "4": 0.9499999999998949, "5": 0.6015190289502623, "6": 0.3982390018379585, "7": 0.44173582790170085, "8": 0.5396575098529555, "9": 0.9499999999997629, "10": 0.5577689006153872, "11": 0.05000000000004476, "12": 0.949999999999783, "13": 0.9499999999997715, "14": 0.5396575098529555, "15": 0.050000000000042066, "16": 0.6689854421909662, "17": 0.949999999999837, "18": 0.6261070252183712, "19": 0.05000000000006277, "20": 0.05000000000004691, "21": 0.49033678193560326, "22": 0.05000000000002211, "23": 0.32575508207459625, "24": 0.2914492186574189, "25": 0.32575508207459625, "26": 0.547319161399419, "27": 0.05000000000007525, "28": 0.05000000000006864, "29": 0.723281624299704, "30": 0.050000000000040706, "31": 0.6768221175693743, "32": 0.45290130563097397, "33": 0.6689854421909662, "34": 0.3982390018379585, "35": 0.5577689006153872, "36": 0.6015190289502623, "37": 0.9499999999997879, "38": 0.9499999999997015, "39": 0.9499999999998598, "40": 0.5559604057156353, "41": 0.05000000000007562, "42": 0.05000000000003139, "43": 0.9499999999999091, "44": 0.9499999999998465, "45": 0.3828741763805137, "46": 0.28239271088750684, "47": 0.9499999999997929, "48": 0.5396575098529555, "49": 0.3938524516871924, "50": 0.6036234897003103, "51": 0.9499999999998057, "52": 0.6273448816383979, "53": 0.9499999999998414, "54": 0.9499999999998561, "55": 0.723281624299704, "56": 0.5766027486232264, "57": 0.547319161399419, "58": 0.050000000000059705, "59": 0.49033678193560326, "60": 0.3938524516871924, "61": 0.3828741763805137, "62": 0.28239271088750684, "63": 0.9499999999997323, "64": 0.05000000000003396, "65": 0.050000000000043204, "66": 0.0500000000000641, "67": 0.5766027486232264, "68": 0.9499999999997715, "69": 0.9499999999997626, "70": 0.6261070252183712, "71": 0.5171283971112544, "72": 0.9499999999999356, "73": 0.40318152083013126, "74": 0.05000000000006864, "75": 0.5171283971112544, "76": 0.6768221175693743, "77": 0.6036234897003103, "78": 0.9499999999998965, "79": 0.5171283971112544, "80": 0.050000000000029854, "81": 0.3828741763805137, "82": 0.949999999999928, "83": 0.40318152083013126, "84": 0.6273448816383979, "85": 0.050000000000028126, "86": 0.050000000000037625, "87": 0.45290130563097397, "88": 0.9499999999998598, "89": 0.2914492186574189, "90": 0.32575508207459625, "91": 0.44173582790170085, "92": 0.9499999999997892, "93": 0.3184889288409711, "94": 0.9499999999998465, "95": 0.6689854421909662, "96": 0.949999999999869, "97": 0.9499999999999028, "98": 0.050000000000021035, "99": 0.9499999999998814}, "1": {"0": 0.639903514839399, "1": 0.0500000000000758, "2": 0.9499999999998995, "3": 0.33274393171211625, "4": 0.32776458856851903, "5": 0.05000000000005281, "6": 0.9499999999999016, "7": 0.31429776558377476, "8": 0.9499999999998957, "9": 0.5209566186403924, "10": 0.9499999999999059, "11": 0.9499999999999443, "12": 0.5483132686633441, "13": 0.33274393171211625, "14": 0.541835049780165, "15": 0.05000000000008177, "16": 0.541835049780165, "17": 0.5209566186403924, "18": 0.0500000000000551, "19": 0.05000000000006424, "20": 0.050000000000101755, "21": 0.29540816318266944, "22": 0.7124214129633544, "23": 0.050000000000030895, "24": 0.7378701556225964, "25": 0.3624387439415806, "26": 0.6581476135586835, "27": 0.9499999999999431, "28": 0.050000000000060156, "29": 0.05000000000008671, "30": 0.46017430453061087, "31": 0.7208056178360753, "32": 0.33274393171211625, "33": 0.468808376732027, "34": 0.9499999999998757, "35": 0.9499999999998867, "36": 0.37782449079469616, "37": 0.9499999999999478, "38": 0.9499999999998987, "39": 0.050000000000100325, "40": 0.3624387439415806, "41": 0.9499999999998903, "42": 0.05000000000007736, "43": 0.46017430453061087, "44": 0.05000000000003868, "45": 0.9499999999998984, "46": 0.468808376732027, "47": 0.9499999999999419, "48": 0.9499999999999088, "49": 0.9499999999999005, "50": 0.9499999999999076, "51": 0.05000000000008642, "52": 0.0500000000000758, "53": 0.32776458856851903, "54": 0.05000000000011019, "55": 0.3624387439415806, "56": 0.9499999999999118, "57": 0.949999999999968, "58": 0.050000000000098306, "59": 0.9499999999999088, "60": 0.7208056178360753, "61": 0.38213584776482495, "62": 0.9499999999999538, "63": 0.05000000000006133, "64": 0.5483132686633441, "65": 0.9499999999999147, "66": 0.050000000000098306, "67": 0.9499999999999508, "68": 0.29540816318266944, "69": 0.40137122268516323, "70": 0.7124214129633544, "71": 0.4493687012979717, "72": 0.05000000000004869, "73": 0.639903514839399, "74": 0.40137122268516323, "75": 0.4493687012979717, "76": 0.37782449079469616, "77": 0.050000000000060156, "78": 0.9499999999998714, "79": 0.949999999999941, "80": 0.9499999999998829, "81": 0.9499999999999102, "82": 0.9499999999999529, "83": 0.639903514839399, "84": 0.949999999999955, "85": 0.05000000000004089, "86": 0.6581476135586835, "87": 0.05000000000009387, "88": 0.9499999999999493, "89": 0.05000000000004336, "90": 0.9499999999999159, "91": 0.6581476135586835, "92": 0.38213584776482495, "93": 0.05000000000005861, "94": 0.31429776558377476, "95": 0.7378701556225964, "96": 0.949999999999958, "97": 0.40137122268516323, "98": 0.05000000000004869, "99": 0.9499999999999102}, "2": {"0": 0.9499999999997574, "1": 0.050000000000203076, "2": 0.05000000000019629, "3": 0.9499999999997425, "4": 0.3237027997310301, "5": 0.4863199545539343, "6": 0.28291403296973816, "7": 0.9499999999997337, "8": 0.05000000000020903, "9": 0.704947641227965, "10": 0.050000000000244994, "11": 0.6986638840025224, "12": 0.4726177552322103, "13": 0.9499999999996941, "14": 0.6373944522439552, "15": 0.05000000000020903, "16": 0.6025774694679482, "17": 0.9499999999996768, "18": 0.050000000000291575, "19": 0.05000000000029557, "20": 0.3222195826828981, "21": 0.9499999999996711, "22": 0.9499999999998395, "23": 0.9499999999998892, "24": 0.050000000000214984, "25": 0.050000000000211056, "26": 0.9499999999997544, "27": 0.9499999999998487, "28": 0.3478464843947847, "29": 0.6408023552150157, "30": 0.9499999999998635, "31": 0.2756895084865893, "32": 0.9499999999997548, "33": 0.05000000000015928, "34": 0.6025774694679482, "35": 0.9499999999997628, "36": 0.3222195826828981, "37": 0.3478464843947847, "38": 0.9499999999996713, "39": 0.6373944522439552, "40": 0.9499999999998341, "41": 0.4726177552322103, "42": 0.4863199545539343, "43": 0.6760458218944989, "44": 0.5381605551861137, "45": 0.4726177552322103, "46": 0.2756895084865893, "47": 0.4617501460572466, "48": 0.28291403296973816, "49": 0.5861983471948675, "50": 0.05000000000007964, "51": 0.9499999999997824, "52": 0.9499999999997026, "53": 0.9499999999998259, "54": 0.05000000000010792, "55": 0.050000000000230416, "56": 0.05000000000017979, "57": 0.3374243890061658, "58": 0.05000000000016255, "59": 0.9499999999996365, "60": 0.9499999999998578, "61": 0.3222195826828981, "62": 0.9499999999998243, "63": 0.704947641227965, "64": 0.6986638840025224, "65": 0.9499999999996481, "66": 0.9499999999997439, "67": 0.6760458218944989, "68": 0.05000000000017979, "69": 0.050000000000171935, "70": 0.9499999999998027, "71": 0.9499999999999129, "72": 0.2616711860325817, "73": 0.6139663297998776, "74": 0.9499999999998668, "75": 0.05000000000019636, "76": 0.6139663297998776, "77": 0.05000000000016809, "78": 0.05000000000016255, "79": 0.949999999999872, "80": 0.9499999999997628, "81": 0.3374243890061658, "82": 0.05000000000010154, "83": 0.4617501460572466, "84": 0.3407562973294287, "85": 0.6139663297998776, "86": 0.2616711860325817, "87": 0.9499999999999014, "88": 0.050000000000171935, "89": 0.9499999999998772, "90": 0.9499999999998182, "91": 0.6408023552150157, "92": 0.3407562973294287, "93": 0.3237027997310301, "94": 0.28291403296973816, "95": 0.9499999999998635, "96": 0.5381605551861137, "97": 0.5861983471948675, "98": 0.05000000000019636, "99": 0.050000000000098146}, "3": {"0": 0.35319657850791364, "1": 0.050000000000174905, "2": 0.050000000000412104,