{"0": {"0": 3.4011615472138423e-13, "1": 3.5215802778047933e-13, "2": 5.957596535521735e-13, "3": 2.6584649275864e-13, "4": 2.9064561287150595e-13, "5": 3.0290694641166357e-13, "6": 2.9143205773126593e-13, "7": 0.7605437723717832, "8": 0.7605437723717832, "9": 0.9584781234765868, "10": 0.44323334167148737, "11": 0.7132373047398837, "12": 3.5215802778047933e-13, "13": 1.3577181025517146e-13, "14": 0.782263335401798, "15": 0.7129509674788315, "16": 3.8699189041368613e-13, "17": 1.8392711197748666e-13, "18": 3.1493218601742547e-13, "19": 4.186449765616681e-13, "20": 0.782263335401798, "21": 0.7887674382034651, "22": 0.8321650308278492, "23": 3.865539431557927e-13, "24": 0.782263335401798, "25": 0.6571201355619575, "26": 0.7472395522353705, "27": 0.4674219362275165, "28": 0.40022403145575836, "29": 0.8750029853884649, "30": 0.4674219362275165, "31": 2.180255789528361e-13, "32": 3.678755260989634e-13, "33": 0.4674219362275165, "34": 3.668264645907601e-13, "35": 2.4543585942200055e-13, "36": 0.9895549762209198, "37": 2.1094971045557254e-13, "38": 0.623939208413461, "39": 4.18393175172491e-13, "40": 1.470627572926147e-13, "41": 4.4427481179479706e-13, "42": 0.9047619789256727, "43": 2.0932248828083405e-13, "44": 1.7005807736069212e-13, "45": 0.4861533228399383, "46": 2.7368415320612734e-13, "47": 0.7887674382034651, "48": 0.7472395522353705, "49": 0.9047619789256727, "50": 0.8033261868916326, "51": 0.9335590521515049, "52": 0.9842890381864832, "53": 0.9335590521515049, "54": 0.9842890381864832, "55": 2.7901378969438415e-13, "56": 1.3195103240176948e-13, "57": 0.8033261868916326, "58": 0.44323334167148737, "59": 1.5746609300871274e-13, "60": 0.623939208413461, "61": 0.9895549762209198, "62": 0.6519686103718023, "63": 3.3203444514397815e-13, "64": 0.9584781234765868, "65": 3.668264645907601e-13, "66": 2.4543585942200055e-13, "67": 0.8321650308278492, "68": 1.4532280643575297e-13, "69": 1.9349594520684307e-13, "70": 3.4564944092582356e-13, "71": 0.7132373047398837, "72": 0.7466336125755324, "73": 0.6466609922523846, "74": 4.1894569786189366e-13, "75": 3.3203444514397815e-13, "76": 0.4861533228399383, "77": 2.7661078219729075e-13, "78": 0.4861533228399383, "79": 2.5593366802869224e-13, "80": 0.4861533228399383, "81": 3.027782820685672e-13, "82": 0.7466336125755324, "83": 0.6519686103718023, "84": 0.6466609922523846, "85": 2.5593366802869224e-13, "86": 1.3830539109864537e-13, "87": 0.4674219362275165, "88": 2.9143205773126593e-13, "89": 0.9047619789256727, "90": 0.7129501351315387, "91": 1.617223289483369e-13, "92": 0.7129509674788315, "93": 0.40022403145575836, "94": 1.513891410342836e-13, "95": 3.4564944092582356e-13, "96": 0.8001270062162209, "97": 0.8001270062162209, "98": 0.6571201355619575, "99": 0.8750029853884649}, "1": {"0": 1.8567883486404572e-12, "1": 2.503036249861749e-12, "2": 1.5529737426420729e-12, "3": 1.8685531872097347e-12, "4": 0.4750083534847414, "5": 0.4334117231433028, "6": 1.4559714345374711e-12, "7": 0.9221117045333416, "8": 0.7171745430197658, "9": 0.5159633348734232, "10": 0.8233569519479972, "11": 0.920694102284821, "12": 0.7926714147235154, "13": 2.8014439567335782e-12, "14": 0.6557828823955547, "15": 1.0103829042056423e-12, "16": 0.4456942229312255, "17": 0.9391154294844761, "18": 0.7171745430197658, "19": 0.6449041092845216, "20": 0.7171745430197658, "21": 0.6391092929876094, "22": 0.4349256415816001, "23": 0.8761465710507103, "24": 0.9221117045333416, "25": 0.6449041092845216, "26": 0.975853672777282, "27": 2.482708766049104e-12, "28": 0.9080902100623607, "29": 0.5735168060098403, "30": 0.5616643982688094, "31": 0.6449041092845216, "32": 0.6391092929876094, "33": 2.846389904333963e-12, "34": 2.6168223705117345e-12, "35": 1.871749907778322e-12, "36": 1.2371895705963128e-12, "37": 2.451022462506777e-12, "38": 1.96386573124936e-12, "39": 0.4486780229380309, "40": 1.335409205693658e-12, "41": 0.7482040104590433, "42": 0.5616643982688094, "43": 1.7961164887745454e-12, "44": 0.975853672777282, "45": 1.403452373226199e-12, "46": 0.4349256415816001, "47": 1.1579664250878695e-12, "48": 0.4750083534847414, "49": 2.91771189084773e-12, "50": 0.4168760323628694, "51": 2.130422744622759e-12, "52": 1.8300119432501595e-12, "53": 0.4565581756665609, "54": 1.4231949521669815e-12, "55": 1.1684336260752522e-12, "56": 2.076648626049747e-12, "57": 1.696330163433312e-12, "58": 0.5735168060098403, "59": 0.4456942229312255, "60": 0.4334117231433028, "61": 0.9080902100623607, "62": 0.5159633348734232, "63": 8.553719466945185e-13, "64": 0.4168760323628694, "65": 0.4565581756665609, "66": 0.7006266142187618, "67": 0.9080902100623607, "68": 0.8430887004249499, "69": 0.4565581756665609, "70": 1.0383243130248736e-12, "71": 0.8430887004249499, "72": 0.9391154294844761, "73": 0.6557828823955547, "74": 1.343126253100342e-12, "75": 0.4456942229312255, "76": 0.7006266142187618, "77": 0.6391092929876094, "78": 2.8379718459054052e-12, "79": 0.5692330600612883, "80": 1.0652113723113795e-12, "81": 1.8750930074396785e-12, "82": 9.150059716250797e-13, "83": 8.48165081716656e-13, "84": 0.7926714147235154, "85": 0.6939549471008866, "86": 2.503036249861749e-12, "87": 0.9221117045333416, "88": 1.8567883486404572e-12, "89": 6.67704602846829e-13, "90": 0.6939549471008866, "91": 1.4189859229527026e-12, "92": 0.5692330600612883, "93": 0.8233569519479972, "94": 7.764868713210364e-13, "95": 0.7482040104590433, "96": 0.920694102284821, "97": 1.3084111852558672e-12, "98": 0.4486780229380309, "99": 0.8761465710507103}, "2": {"0": 4.175867355999675e-13, "1": 0.6021251607465541, "2": 0.6430609707215365, "3": 3.1098095517606647e-13, "4": 0.7178801267835617, "5": 0.764571424694297, "6": 1.4318291883163407e-13, "7": 2.6680114671721327e-13, "8": 3.0710459203556463e-13, "9": 0.7972547670111798, "10": 0.7178801267835617, "11": 0.558806526474324, "12": 0.5170418775231794, "13": 0.8781329507369806, "14": 1.805983461526866e-13, "15": 0.7668362098553925, "16": 0.7451670783223032, "17": 1.7597054734406464e-13, "18": 2.971222196018847e-13, "19": 0.9271729677063294, "20": 0.6121203523625028, "21": 0.45372156100037186, "22": 0.8598915671498898, "23": 0.497294217628221, "24": 3.4443541719508844e-13, "25": 0.4626881059986941, "26": 3.261288546160361e-13, "27": 0.9965287051662641, "28": 2.8044855521193474e-13, "29": 0.9965287051662641, "30": 0.5101704827609602, "31": 2.297703710779755e-13, "32": 0.5045778846538201, "33": 0.558806526474324, "34": 0.5045778846538201, "35": 2.5671620900177026e-13, "36": 2.361192382806388e-13, "37": 1.4022427760596737e-13, "38": 1.6755354509258356e-13, "39": 0.7538416712278979, "40": 2.271049551332484e-13, "41": 0.497294217628221, "42": 2.0387506263589735e-13, "43": 0.7668362098553925, "44": 2.4482695650005865e-13, "45": 0.4626881059986941, "46": 0.6267159824149682, "47": 0.6021251607465541, "48": 0.6121203523625028, "49": 0.9271729677063294, "50": 0.46063700099118476, "51": 2.836253603055092e-13, "52": 0.5101704827609602, "53": 0.8730019014241122, "54": 2.738919673146343e-13, "55": 1.0267914627669694e-13, "56": 2.671994862691574e-13, "57": 0.7740207834206616, "58": 0.764571424694297, "59": 3.3903497465208267e-13, "60": 0.8781329507369806, "61": 0.7451670783223032, "62": 0.45372156100037186, "63": 0.4792306618529061, "64": 9.898527416711215e-14, "65": 0.5170418775231794, "66": 0.8848058613360288, "67": 9.02991730763433e-14, "68": 0.558806526474324, "69": 0.46063700099118476, "70": 2.665388192596957e-13, "71": 0.8730019014241122, "72": 2.8191040051866747e-13, "73": 0.6267159824149682, "74": 0.8562177328388962, "75": 0.8158785582346295, "76": 2.297703710779755e-13, "77": 3.3613151998693246e-13, "78": 3.0311723046062003e-13, "79": 0.45372156100037186, "80": 0.8598915671498898, "81": 3.188446798915129e-13, "82": 3.1098095517606647e-13, "83": 0.6430609707215365, "84": 0.6267159824149682, "85": 0.8848058613360288, "86": 0.4792306618529061, "87": 0.5170418775231794, "88": 0.8158785582346295, "89": 0.7538416712278979, "90": 1.404913939560277e-13, "91": 0.5170418775231794,