{"0": {"0": 0.7261339175412846, "1": 0.7261339175412846, "2": 0.7261339175412846, "3": 0.7261339175412846, "4": 9.1106312206168e-08, "5": 0.7261339175412846, "6": 8.451628610257873e-08, "7": 6.906650500745631e-08, "8": 0.7261339175412846, "9": 0.7261339175412846, "10": 3.6949888090024753e-08, "11": 7.801558628696944e-08, "12": 0.7261339175412846, "13": 6.824934994100665e-08, "14": 0.7261339175412846, "15": 6.121866373614516e-08, "16": 0.7261339175412846, "17": 7.242936009785733e-08, "18": 0.7261339175412846, "19": 6.989929294432279e-08, "20": 9.166559203125837e-08, "21": 0.7261339175412846, "22": 1.9146919062845355e-08, "23": 6.002059822620285e-08, "24": 0.7261339175412846, "25": 0.7261339175412846, "26": 0.7261339175412846, "27": 4.3789079222487317e-08, "28": 9.042269354012296e-08, "29": 8.152644723466163e-08, "30": 6.666272824023092e-08, "31": 0.7261339175412846, "32": 0.7261339175412846, "33": 0.7261339175412846, "34": 0.7261339175412846, "35": 0.7261339175412846, "36": 0.7261339175412846, "37": 7.754798604520139e-08, "38": 0.7261339175412846, "39": 7.285884019910209e-08, "40": 6.032571549158001e-08, "41": 0.7261339175412846, "42": 3.900779314348472e-08, "43": 0.7261339175412846, "44": 0.7261339175412846, "45": 7.789514261635132e-08, "46": 2.5650567419613167e-08, "47": 7.922014768955369e-08, "48": 0.7261339175412846, "49": 6.906650500745631e-08, "50": 6.989929294432279e-08, "51": 0.7261339175412846, "52": 0.7261339175412846, "53": 0.7261339175412846, "54": 0.7261339175412846, "55": 0.7261339175412846, "56": 0.7261339175412846, "57": 0.7261339175412846, "58": 0.7261339175412846, "59": 0.7261339175412846, "60": 0.7261339175412846, "61": 7.5086651845496e-08, "62": 0.7261339175412846, "63": 0.7261339175412846, "64": 0.7261339175412846, "65": 7.922014768955369e-08, "66": 7.754798604520139e-08, "67": 7.468098668833544e-08, "68": 6.032571549158001e-08, "69": 7.150199758839934e-08, "70": 6.108432998645877e-08, "71": 6.18264731324511e-08, "72": 0.7261339175412846, "73": 3.8455483992427934e-08, "74": 2.2136758678283123e-08, "75": 0.7261339175412846, "76": 3.734049334416772e-08, "77": 9.166559203125837e-08, "78": 0.7261339175412846, "79": 0.7261339175412846, "80": 0.7261339175412846, "81": 0.7261339175412846, "82": 0.7261339175412846, "83": 4.0763223617330814e-08, "84": 0.7261339175412846, "85": 6.18264731324511e-08, "86": 0.7261339175412846, "87": 0.7261339175412846, "88": 0.7261339175412846, "89": 0.7261339175412846, "90": 0.7261339175412846, "91": 0.7261339175412846, "92": 6.108432998645877e-08, "93": 0.7261339175412846, "94": 0.7261339175412846, "95": 0.3468393051400492, "96": 6.121866373614516e-08, "97": 0.7261339175412846, "98": 3.575099879419967e-08, "99": 0.7261339175412846}, "1": {"0": 0.6625600648088612, "1": 4.148524865096497e-08, "2": 0.6625600648088612, "3": 0.6625600648088612, "4": 0.6625600648088612, "5": 0.6625600648088612, "6": 2.5740172749229536e-08, "7": 3.899936576889003e-08, "8": 0.6625600648088612, "9": 0.6625600648088612, "10": 3.5341662212728465e-08, "11": 4.284230824121101e-08, "12": 0.6625600648088612, "13": 2.2137267392326832e-08, "14": 3.407150273077578e-08, "15": 0.6625600648088612, "16": 2.2511988664074604e-08, "17": 0.6625600648088612, "18": 0.6625600648088612, "19": 0.6625600648088612, "20": 0.6625600648088612, "21": 0.6625600648088612, "22": 0.6625600648088612, "23": 0.6625600648088612, "24": 0.6625600648088612, "25": 0.6625600648088612, "26": 2.8885796261773887e-08, "27": 0.6625600648088612, "28": 0.6625600648088612, "29": 2.2923955730173992e-08, "30": 3.4463922946047755e-08, "31": 0.6625600648088612, "32": 0.6625600648088612, "33": 3.7076394118917993e-08, "34": 2.9269665321752214e-08, "35": 0.6625600648088612, "36": 3.288584026375899e-08, "37": 0.6625600648088612, "38": 3.172317049587322e-08, "39": 2.2923955730173992e-08, "40": 0.6625600648088612, "41": 0.6625600648088612, "42": 3.641371381169687e-08, "43": 0.6625600648088612, "44": 3.662927216943293e-08, "45": 0.6625600648088612, "46": 1.7237802451456433e-08, "47": 3.541462991328493e-08, "48": 0.6625600648088612, "49": 0.6625600648088612, "50": 3.8066937119798665e-08, "51": 0.6625600648088612, "52": 0.6625600648088612, "53": 0.6625600648088612, "54": 0.6625600648088612, "55": 0.6625600648088612, "56": 4.2889211794869726e-08, "57": 0.6625600648088612, "58": 3.6930982392688586e-08, "59": 4.075202085511826e-08, "60": 3.3293520760874575e-08, "61": 0.6625600648088612, "62": 2.8990444204566116e-08, "63": 0.6625600648088612, "64": 0.6625600648088612, "65": 0.6625600648088612, "66": 3.4463922946047755e-08, "67": 2.037601042755913e-08, "68": 2.2644448908832065e-08, "69": 3.662927216943293e-08, "70": 0.6625600648088612, "71": 0.6625600648088612, "72": 0.6625600648088612, "73": 0.6625600648088612, "74": 0.6625600648088612, "75": 0.6625600648088612, "76": 0.6625600648088612, "77": 0.6625600648088612, "78": 3.541462991328493e-08, "79": 0.6625600648088612, "80": 0.6625600648088612, "81": 0.6625600648088612, "82": 2.1421154120605504e-08, "83": 3.288584026375899e-08, "84": 1.625230600648669e-08, "85": 0.6625600648088612, "86": 1.9537963256796392e-08, "87": 2.678557430793792e-08, "88": 0.6625600648088612, "89": 0.6625600648088612, "90": 3.641371381169687e-08, "91": 4.148524865096497e-08, "92": 1.7468855346849876e-08, "93": 3.5341662212728465e-08, "94": 0.6625600648088612, "95": 0.6625600648088612, "96": 0.6625600648088612, "97": 1.7468855346849876e-08, "98": 0.6625600648088612, "99": 1.2870086374614768e-08}, "2": {"0": 0.6681681268731785, "1": 0.6681681268731785, "2": 1.8370381950370263e-08, "3": 2.6277580953081006e-08, "4": 0.6681681268731785, "5": 4.0190713374873506e-08, "6": 0.6681681268731785, "7": 3.843950752709896e-08, "8": 0.6681681268731785, "9": 2.1401204993264622e-08, "10": 0.6681681268731785, "11": 0.6681681268731785, "12": 2.968788332543131e-08, "13": 0.6681681268731785, "14": 0.6681681268731785, "15": 0.6681681268731785, "16": 2.303535982735094e-08, "17": 0.6681681268731785, "18": 0.6681681268731785, "19": 2.3959029667022004e-08, "20": 0.6681681268731785, "21": 1.573264518290522e-08, "22": 0.6681681268731785, "23": 1.8582654291536184e-08, "24": 0.6681681268731785, "25": 0.6681681268731785, "26": 0.6681681268731785, "27": 3.453999546980513e-08, "28": 2.2193194159732664e-08, "29": 3.6489751498452044e-08, "30": 0.6681681268731785, "31": 0.6681681268731785, "32": 4.05657916811231e-08, "33": 0.6681681268731785, "34": 0.6681681268731785, "35": 0.6681681268731785, "36": 0.6681681268731785, "37": 3.241274481634037e-08, "38": 0.6681681268731785, "39": 0.6681681268731785, "40": 3.2462562381798166e-08, "41": 3.883015336236714e-08, "42": 0.6681681268731785, "43": 0.6681681268731785, "44": 3.3107587944385354e-08, "45": 0.6681681268731785, "46": 0.6681681268731785, "47": 0.6681681268731785, "48": 3.308345750212765e-08, "49": 0.6681681268731785, "50": 0.6681681268731785, "51": 0.6681681268731785, "52": 1.9169654140657154e-08, "53": 3.4930415354721066e-08, "54": 0.6681681268731785, "55": 0.6681681268731785, "56": 2.394560121654566e-08, "57": 2.86183638168677e-08, "58": 0.6681681268731785, "59": 3.2177785900414035e-08, "60": 4.0190713374873506e-08, "61": 2.701240391994201e-08, "62": 0.6681681268731785, "63": 0.6681681268731785, "64": 0.6681681268731785, "65": 0.6681681268731785, "66": 0.6681681268731785, "67": 0.6681681268731785, "68": 0.6681681268731785, "69": 0.6681681268731785, "70": 0.6681681268731785, "71": 0.6681681268731785, "72": 0.6681681268731785, "73": 0.6681681268731785, "74": 1.6541728751063826e-08, "75": 0.6681681268731785, "76": 0.6681681268731785, "77": 3.2177785900414035e-08, "78": 0.6681681268731785, "79": 2.9449868143882482e-08, "80": 0.6681681268731785, "81": 1.4714967461358695e-08, "82": 0.6681681268731785, "83": 2.2193194159732664e-08, "84": 0.6681681268731785, "85": 0.6681681268731785, "86": 0.6681681268731785, "87": 0.6681681268731785, "88": 0.6681681268731785, "89": 0.6681681268731785, "90": 0.6681681268731785, "91": 0.6681681268731785, "92": 3.241274481634037e-08,