{"0": {"0": 2.984123853389422e-08, "1": 2.035203383190338e-08, "2": 0.7237993760091535, "3": 2.443250245370397e-08, "4": 0.4699525540071374, "5": 2.4920698439109452e-08, "6": 2.650425293452723e-08, "7": 0.7646676800132941, "8": 0.9594229581940887, "9": 0.867162580202943, "10": 2.389014626636279e-08, "11": 0.9233811648493369, "12": 3.0123088098466706e-08, "13": 0.8377567812783291, "14": 0.7966340257929944, "15": 0.4699525540071374, "16": 0.896806726021498, "17": 2.8807756721189832e-08, "18": 0.7921338388819594, "19": 2.4920698439109452e-08, "20": 0.6347499293267546, "21": 0.3485279225505594, "22": 0.6911521881372176, "23": 0.8191943433754466, "24": 2.627356132420932e-08, "25": 1.3218693871020534e-08, "26": 0.44465886327669524, "27": 0.2203387565147601, "28": 0.48303098227531394, "29": 0.9233811648493369, "30": 0.7149999776801303, "31": 0.867162580202943, "32": 0.3485279225505594, "33": 0.3528595961533426, "34": 0.48303098227531394, "35": 0.6347499293267546, "36": 0.7646676800132941, "37": 0.896806726021498, "38": 0.3528595961533426, "39": 2.2060667166482636e-08, "40": 1.7004795675091152e-08, "41": 0.6744846860325826, "42": 0.27120489699476746, "43": 2.831603279513734e-08, "44": 0.7237993641718128, "45": 0.44465886327669524, "46": 0.4208217753687873, "47": 0.8080571509590999, "48": 0.2203387565147601, "49": 0.6744846860325826, "50": 0.3559944188372903, "51": 2.984123853389422e-08, "52": 0.7149999776801303, "53": 0.7638845223490255, "54": 0.6347499293267546, "55": 1.6224463381983264e-08, "56": 0.39920630199763407, "57": 2.463776645557136e-08, "58": 1.72977403416367e-08, "59": 0.6911521901820838, "60": 0.7237993641718128, "61": 2.721486574466008e-08, "62": 0.3485279225505594, "63": 1.017601691595169e-08, "64": 0.48303098227531394, "65": 0.7532241712938201, "66": 0.27120489699476746, "67": 0.4208217753687873, "68": 0.8961741036934472, "69": 0.42297847714696013, "70": 0.3528595961533426, "71": 0.7681239626550186, "72": 0.6911521901820838, "73": 0.7681239626550186, "74": 0.3559944188372903, "75": 1.6224463381983264e-08, "76": 8.502397837545576e-09, "77": 0.8191943433754466, "78": 0.7921338388819594, "79": 0.3528595961533426, "80": 0.8961741036934472, "81": 0.7532241712938201, "82": 0.7638845223490255, "83": 2.0444715867020735e-08, "84": 0.8287475739526603, "85": 0.422978470792296, "86": 0.6347499293267546, "87": 0.8080571509590999, "88": 0.8377567812783291, "89": 2.443250245370397e-08, "90": 0.39920630199763407, "91": 0.422978470792296, "92": 0.8287475739526603, "93": 1.0222357933510368e-08, "94": 0.48303098227531394, "95": 0.7966340257929944, "96": 0.27120489699476746, "97": 0.9594229581940887, "98": 1.231888322778568e-08, "99": 0.27120489699476746}, "1": {"0": 7.834995649321102e-08, "1": 0.9779844806824941, "2": 0.4630640199489765, "3": 0.85071477300245, "4": 0.40606469968009534, "5": 0.3584998071224116, "6": 0.2745638784493847, "7": 0.4751255373242319, "8": 0.3466949898173116, "9": 0.8368202443502322, "10": 0.7905145996933415, "11": 9.800350581320956e-08, "12": 1.1839648186882799e-07, "13": 0.5757635431066339, "14": 0.680382790332623, "15": 0.2749390309840813, "16": 4.832458098315357e-08, "17": 0.8087123623355017, "18": 0.4541513570784509, "19": 9.732545421020344e-08, "20": 0.748059382571443, "21": 8.836238901362912e-08, "22": 0.7914709217191518, "23": 0.3751727661839027, "24": 0.3466949898173116, "25": 1.178480182571021e-07, "26": 1.1053025940868147e-07, "27": 9.307108387917153e-08, "28": 0.680382790332623, "29": 0.4009210651122624, "30": 0.260913174913053, "31": 8.937505258194719e-08, "32": 0.2965931656356966, "33": 0.36116514433564834, "34": 0.49725036071401957, "35": 0.32534555988578906, "36": 0.3967655068329396, "37": 0.3751727661839027, "38": 0.36116514433564834, "39": 9.771291094732759e-08, "40": 0.260913174913053, "41": 0.2965931656356966, "42": 0.32534555988578906, "43": 0.7914709217191518, "44": 0.40606469968009534, "45": 5.362163894256843e-08, "46": 0.8368201840970184, "47": 0.4739423517848169, "48": 0.2965931656356966, "49": 0.5757635431066339, "50": 0.7905145996933415, "51": 1.1638136151209616e-07, "52": 1.2258613164904358e-07, "53": 0.8087123623355017, "54": 0.8094046729571087, "55": 7.834995649321102e-08, "56": 9.800174645409972e-08, "57": 0.9534650957290864, "58": 0.85071477300245, "59": 9.307108387917153e-08, "60": 1.1491470476709022e-07, "61": 5.919824093441399e-08, "62": 0.8368202443502322, "63": 0.8094046729571087, "64": 0.9534650957290864, "65": 0.8226502954598484, "66": 0.5491095666341566, "67": 0.8017366442799823, "68": 0.8372038200491396, "69": 0.3967655068329396, "70": 0.9779844806824941, "71": 0.4009210651122624, "72": 0.8372038200491396, "73": 5.849187378730561e-08, "74": 0.8094046729571087, "75": 0.4739423517848169, "76": 0.8226502954598484, "77": 8.937505258194719e-08, "78": 0.49725036071401957, "79": 0.2749390309840813, "80": 0.4541513570784509, "81": 0.8017366442799823, "82": 4.900175290660478e-08, "83": 0.9446786432790371, "84": 0.5491095666341566, "85": 0.5827309391960032, "86": 1.1638136151209616e-07, "87": 0.748059382571443, "88": 0.5240370527480198, "89": 0.4630640199489765, "90": 0.5757635431066339, "91": 0.2965931656356966, "92": 0.3584998071224116, "93": 0.4751255373242319, "94": 9.732545421020344e-08, "95": 8.836238901362912e-08, "96": 0.5240370527480198, "97": 0.5827309391960032, "98": 0.9446786432790371, "99": 4.8856455473663796e-08}, "2": {"0": 1.1310545037200187e-08, "1": 1.2350368880406306e-08, "2": 0.4665236762775155, "3": 0.4826613061861341, "4": 7.501142232247634e-09, "5": 0.9564589189850203, "6": 9.074044185061682e-09, "7": 0.739787570454316, "8": 0.44636102801964406, "9": 0.4676439864968325, "10": 0.3319279493384351, "11": 1.2084408530093126e-08, "12": 0.7095296948813586, "13": 0.44844726978524263, "14": 0.7601333758720656, "15": 0.5521252685342339, "16": 0.4665236762775155, "17": 0.7881100633751126, "18": 0.7548381047125818, "19": 1.1754763881385631e-08, "20": 0.3630032731632806, "21": 0.7855128361656682, "22": 0.7262667226174201, "23": 0.3630032731632806, "24": 9.92270734353323e-09, "25": 1.0895252364769852e-08, "26": 1.212185718319617e-08, "27": 0.8118561733295768, "28": 1.2350368880406306e-08, "29": 0.4429565878922975, "30": 0.9564589189850203, "31": 0.5200413941142632, "32": 5.046381332965434e-09, "33": 0.4826613061861341, "34": 0.7881100633273457, "35": 0.7451718957736937, "36": 0.40428849415421403, "37": 0.7238051039836991, "38": 0.7548381047125818, "39": 0.7881100633273457, "40": 0.7238048237998878, "41": 0.508863965106761, "42": 5.150825153133574e-09, "43": 6.52602690482582e-09, "44": 0.7095296948813586, "45": 0.40428849415421403, "46": 0.7014166871274915, "47": 6.52602690482582e-09, "48": 0.8200181635603125, "49": 6.911999420650544e-09, "50": 0.7014166871274915, "51": 0.30524737080231834, "52": 8.761106469185189e-09, "53": 0.43547557368503753, "54": 0.9120947067155818, "55": 0.9919098728224418, "56": 0.5200413941142632, "57": 0.4429565878922975, "58": 1.1430561893322293e-08, "59": 0.46977129207306356, "60": 0.7238048237998878, "61": 0.9120947067155818, "62": 0.7475414068209726, "63": 0.44858983158768956, "64": 0.7262667226174201, "65": 4.537022092530841e-09, "66": 0.7181303577885201, "67": 0.7451718957736937, "68": 0.5521252685342339, "69": 0.8118561733295768, "70": 1.1764461155087706e-08, "71": 0.7181303577885201, "72": 0.8200181635603105, "73": 1.1430561893322293e-08, "74": 0.9919098728224418, "75": 0.46990123640603665, "76": 0.8200181635603125, "77": 0.7014166871274915, "78": 0.46990123640603665, "79": 0.8277943224306876, "80": 0.4463605655036623, "81": 0.7855128361656682, "82": 0.8277943224306876, "83": 0.44858983158768956, "84": 0.3630032731632806, "85": 0.739787570454316, "86": 0.508863965106761, "87": 0.43547557368503753, "88": 8.761106469185189e-09, "89": 1.1209482542042187e-08, "90": 0.7601333758720656, "91": 0.3319279493384351, "92": 5.882230577543853e-09, "93": 0.30524737080231834, "94": 1.1310545037200187e-08, "95": 0.44636102801964406, "96": 0.3630032731632806,