{"0": {"0": 0.3955201914126921, "1": 0.8530445666842434, "2": 0.8698778206323694, "3": 0.8376295258664093, "4": 0.7107502391494414, "5": 0.9744470948116806, "6": 0.8376295258664093, "7": 0.30565607849580767, "8": 0.6645046841447009, "9": 0.6629382510239425, "10": 0.3955201914126921, "11": 0.025868921746939555, "12": 0.7220324937887018, "13": 0.7220324937887018, "14": 0.6272821407281848, "15": 0.5292185622000334, "16": 0.23296201888009138, "17": 0.7437414494824612, "18": 0.6272821407281848, "19": 0.004701147549853698, "20": 0.6959977953610383, "21": 0.5292185622000334, "22": 0.890611113763433, "23": 0.8698778206323694, "24": 0.7279463926143164, "25": 0.2009226760077866, "26": 0.3478102764015477, "27": 0.6959977953610383, "28": 0.06912559343127725, "29": 0.9889233273815566, "30": 0.8376295258664093, "31": 0.06912559343127725, "32": 0.775348596100813, "33": 0.303611736801093, "34": 0.0916299738856895, "35": 0.2102360395158098, "36": 0.3955201914126921, "37": 0.17086143744099314, "38": 0.5628292451831503, "39": 0.41380819888246195, "40": 0.8530445666842434, "41": 0.2009226760077866, "42": 0.7107502391494414, "43": 0.16620718709605575, "44": 0.3602272555284617, "45": 0.3602272555284617, "46": 0.775348596100813, "47": 0.004701147549853698, "48": 0.890611113763433, "49": 0.6272821407281848, "50": 0.2102360395158098, "51": 0.23296201888009138, "52": 0.06912559343127725, "53": 0.2078497244860404, "54": 0.6629382510239425, "55": 0.13903947462566768, "56": 0.3478102764015477, "57": 0.17086143744099314, "58": 0.23296201888009138, "59": 0.7795135393714974, "60": 0.2815793290541489, "61": 0.7795135393714974, "62": 0.5628292451831503, "63": 0.8376295258664093, "64": 0.2556133099657922, "65": 0.18534570306940085, "66": 0.3602272555284617, "67": 0.13903947462566768, "68": 0.6645046841447009, "69": 0.5128072968297694, "70": 0.6959977953610383, "71": 0.30565607849580767, "72": 0.5628292451831503, "73": 0.5292185622000334, "74": 0.17086143744099314, "75": 0.004701147549853698, "76": 0.0916299738856895, "77": 0.9889233273815566, "78": 0.2078497244860404, "79": 0.5128072968297694, "80": 0.6629382510239425, "81": 0.30565607849580767, "82": 0.8530445666842434, "83": 0.9744470948116806, "84": 0.6060706456712924, "85": 0.18534570306940085, "86": 0.7279463926143164, "87": 0.7437414494824612, "88": 0.17086143744099314, "89": 0.16620718709605575, "90": 0.0916299738856895, "91": 0.23296201888009138, "92": 0.2556133099657922, "93": 0.2815793290541489, "94": 0.025868921746939555, "95": 0.5128072968297694, "96": 0.303611736801093, "97": 0.41380819888246195, "98": 0.6060706456712924, "99": 0.5628292451831503}, "1": {"0": 0.17361984566109429, "1": 0.5564852693356661, "2": 0.575943707037949, "3": 0.40010840960433036, "4": 0.8260732140871986, "5": 0.6748820325908789, "6": 0.10378057595140014, "7": 0.3110178411695528, "8": 0.17361984566109429, "9": 0.9378094634892713, "10": 0.8341600202288453, "11": 0.4510898328003434, "12": 0.5564852693356661, "13": 0.2984966380914532, "14": 0.31990702486063766, "15": 0.23897554599239235, "16": 0.1072209606631758, "17": 0.7062200076910763, "18": 0.4935336368551042, "19": 0.7505635969028702, "20": 0.10378057595140014, "21": 0.4046018751705277, "22": 0.9378094634892713, "23": 0.4510898328003434, "24": 0.550175312089251, "25": 0.6772639668250655, "26": 0.18240931840907754, "27": 0.06429363958722442, "28": 0.2984966380914532, "29": 0.31990702486063766, "30": 0.09652790615599396, "31": 0.8341600202288453, "32": 0.18240931840907754, "33": 0.7986944985247952, "34": 0.33195257880591955, "35": 0.7800723711029915, "36": 0.575943707037949, "37": 0.4935336368551042, "38": 0.5825278559765702, "39": 0.40716206891658757, "40": 0.550175312089251, "41": 0.1816523616860705, "42": 0.7986944985247952, "43": 0.5864593437884098, "44": 0.33195257880591955, "45": 0.7420161560915524, "46": 0.06429363958722442, "47": 0.40010840960433036, "48": 0.1072209606631758, "49": 0.14827068729725595, "50": 0.15536388091150916, "51": 0.22054930578577658, "52": 0.7564318981347374, "53": 0.06429363958722442, "54": 0.7420161560915524, "55": 0.23897554599239235, "56": 0.4046018751705277, "57": 0.0185577568709428, "58": 0.5825278559765702, "59": 0.7719458825692358, "60": 0.8260732140871986, "61": 0.9809744907199428, "62": 0.550175312089251, "63": 0.5864593437884098, "64": 0.2984966380914532, "65": 0.7564318981347374, "66": 0.7420161560915524, "67": 0.043258102884441846, "68": 0.18240931840907754, "69": 0.1816523616860705, "70": 0.0185577568709428, "71": 0.7505635969028702, "72": 0.07170905281230662, "73": 0.12162693821754769, "74": 0.14827068729725595, "75": 0.8703473312808906, "76": 0.7800723711029915, "77": 0.07170905281230662, "78": 0.4650025860008869, "79": 0.48064859262782583, "80": 0.22054930578577658, "81": 0.8703473312808906, "82": 0.40716206891658757, "83": 0.6748820325908789, "84": 0.48064859262782583, "85": 0.7719458825692358, "86": 0.550175312089251, "87": 0.09652790615599396, "88": 0.15536388091150916, "89": 0.4650025860008869, "90": 0.7062200076910763, "91": 0.10378057595140014, "92": 0.12162693821754769, "93": 0.4510898328003434, "94": 0.043258102884441846, "95": 0.9809744907199428, "96": 0.3110178411695528, "97": 0.6772639668250655, "98": 0.7986944985247952, "99": 0.23897554599239235}, "2": {"0": 0.5508268579270781, "1": 0.31937313140339185, "2": 0.4530853259653997, "3": 0.7913320864319604, "4": 0.2750874611638514, "5": 0.14998578185077355, "6": 0.2868873635547003, "7": 0.2389426924550932, "8": 0.5158785113262723, "9": 0.9542294094984578, "10": 0.2389426924550932, "11": 0.6709900213795015, "12": 0.8528116173012255, "13": 0.915970174478521, "14": 0.10396834608487626, "15": 0.12272520049092805, "16": 0.34329328284998706, "17": 0.809403156092154, "18": 0.9269406254787069, "19": 0.6653983703848134, "20": 0.2637159385429295, "21": 0.298303297988199, "22": 0.7848528900072747, "23": 0.3353808938383115, "24": 0.915970174478521, "25": 0.9606184870305611, "26": 0.17916422964149775, "27": 0.8879641042360569, "28": 0.8601913640761311, "29": 0.14052031389063485, "30": 0.9281340514623542, "31": 0.5158785113262723, "32": 0.9542294094984578, "33": 0.8528116173012255, "34": 0.14998578185077355, "35": 0.2868873635547003, "36": 0.3444928525408396, "37": 0.9542294094984578, "38": 0.7471427048289079, "39": 0.1173477425759763, "40": 0.5158785113262723, "41": 0.5098051005667719, "42": 0.8601913640761311, "43": 0.6330068656951617, "44": 0.3981546858824918, "45": 0.11637313802164131, "46": 0.9269406254787069, "47": 0.298303297988199, "48": 0.14052031389063485, "49": 0.3981546858824918, "50": 0.7205553075768909, "51": 0.9269406254787069, "52": 0.8212356169294708, "53": 0.34329328284998706, "54": 0.3353808938383115, "55": 0.9281340514623542, "56": 0.6330068656951617, "57": 0.3444928525408396, "58": 0.5488053258591633, "59": 0.5098051005667719, "60": 0.9269406254787069, "61": 0.19024657245449506, "62": 0.15088549192350575, "63": 0.8212356169294708, "64": 0.1173477425759763, "65": 0.4530853259653997, "66": 0.6709900213795015, "67": 0.8879641042360569, "68": 0.3444928525408396, "69": 0.7205553075768909, "70": 0.6653983703848134, "71": 0.11637313802164131, "72": 0.19024657245449506, "73": 0.17916422964149775, "74": 0.3981546858824918, "75": 0.7848528900072747, "76": 0.2750874611638514, "77": 0.809403156092154, "78": 0.7471427048289079, "79": 0.14998578185077355, "80": 0.15088549192350575, "81": 0.4225331199815143, "82": 0.029702163757025613, "83": 0.19024657245449506, "84": 0.4225331199815143, "85": 0.09107653676440859, "86": 0.09107653676440859, "87": 0.1613375589723644, "88": 0.12272520049092805, "89": 0.10396834608487626, "90": 0.1613375589723644, "91": 0.2637159385429295, "92": 0.9606184870305611, "93": 0.15088549192350575, "94": 0.31937313140339185, "95": 0.5508268579270781, "96": 0.6709900213795015, "97": 0.5488053258591633, "98": 0.7913320864319604, "99": 0.029702163757025613}, "3": {"0": 0.2687383112664411, "1": 0.32928714678013615, "2": 0.11485705815528122, "3": 0.6956134777104449,