{"0": {"0": 0.9499999639828292, "1": 0.5000000026800979, "2": 0.5000000031971878, "3": 0.5000000030077505, "4": 0.5000000034620409, "5": 0.9499999540950211, "6": 0.5000000018279052, "7": 0.5000000044428272, "8": 0.05000001896252261, "9": 0.5000000041719944, "10": 0.500000002971491, "11": 0.5000000037956669, "12": 0.5000000031736169, "13": 0.05000002445758824, "14": 0.500000003891897, "15": 0.9499999670977599, "16": 0.5000000034590241, "17": 0.5000000043846218, "18": 0.5000000041526483, "19": 0.5000000033598261, "20": 0.5000000029922669, "21": 0.050000021864312016, "22": 0.949999962109114, "23": 0.05000002598144442, "24": 0.9499999623773772, "25": 0.050000021373258235, "26": 0.5000000028781066, "27": 0.500000002904959, "28": 0.05000002531702562, "29": 0.05000002509921672, "30": 0.9499999688578435, "31": 0.5000000033185651, "32": 0.500000003448781, "33": 0.9499999692854773, "34": 0.050000020152738356, "35": 0.5000000040082047, "36": 0.5000000017295121, "37": 0.5000000034898479, "38": 0.50000000381369, "39": 0.949999986820134, "40": 0.5000000039651489, "41": 0.05000001554244718, "42": 0.050000021427118145, "43": 0.05000002571449247, "44": 0.5000000019846842, "45": 0.05000002401541814, "46": 0.05000001806626186, "47": 0.9499999707831133, "48": 0.9499999502328157, "49": 0.5000000035993604, "50": 0.5000000017031466, "51": 0.05000002531702562, "52": 0.500000001744924, "53": 0.05000002172077274, "54": 0.9499999604132501, "55": 0.9499999637821599, "56": 0.9499999542385935, "57": 0.5000000015212428, "58": 0.5000000029486129, "59": 0.05000002431812853, "60": 0.949999978708746, "61": 0.05000002190403045, "62": 0.5000000037956669, "63": 0.05000002431812853, "64": 0.9499999819914146, "65": 0.500000003683436, "66": 0.5000000041267555, "67": 0.050000022518513196, "68": 0.05000002397769049, "69": 0.9499999585338949, "70": 0.5000000037266022, "71": 0.500000002314647, "72": 0.5000000044428272, "73": 0.5000000019796835, "74": 0.9499999663728111, "75": 0.9499999724601094, "76": 0.9499999678291442, "77": 0.050000022211271825, "78": 0.5000000033574505, "79": 0.050000022211271825, "80": 0.949999958403613, "81": 0.9499999602563635, "82": 0.9499999604132501, "83": 0.05000001554244718, "84": 0.9499999811886886, "85": 0.5000000017228814, "86": 0.5000000033963359, "87": 0.9499999707831133, "88": 0.05000001896252261, "89": 0.9499999862300547, "90": 0.5000000030077505, "91": 0.9499999678291442, "92": 0.5000000041719944, "93": 0.500000002314647, "94": 0.5000000020633777, "95": 0.05000002509921672, "96": 0.05000002172077274, "97": 0.5000000015985939, "98": 0.5000000033598261, "99": 0.5000000033574505}, "1": {"0": 0.4999999613859094, "1": 0.4999999589114634, "2": 0.4999999509605739, "3": 0.9499999867821247, "4": 0.05000009864516096, "5": 0.49999996157241244, "6": 0.4999999444556451, "7": 0.49999996151236903, "8": 0.49999995715524814, "9": 0.4999999588160603, "10": 0.49999996467061986, "11": 0.05000010537441129, "12": 0.4999999468103602, "13": 0.499999954742296, "14": 0.9499999895545314, "15": 0.49999993338789495, "16": 0.050000062407247386, "17": 0.05000007602619114, "18": 0.4999999695437834, "19": 0.05000005563467995, "20": 0.4999999711787255, "21": 0.05000010280727392, "22": 0.05000006390041939, "23": 0.949999981137574, "24": 0.4999999651941622, "25": 0.49999996134996283, "26": 0.050000034086366926, "27": 0.4999999754827132, "28": 0.05000008479375486, "29": 0.4999999507071104, "30": 0.4999999720312853, "31": 0.49999996505110655, "32": 0.9499999749814569, "33": 0.9499999836349393, "34": 0.49999994170264184, "35": 0.4999999524857091, "36": 0.9499999812974151, "37": 0.050000100172092804, "38": 0.49999997403363566, "39": 0.05000007994147692, "40": 0.949999979738628, "41": 0.49999994170264184, "42": 0.05000009488363284, "43": 0.49999994086289457, "44": 0.49999998013442704, "45": 0.050000092078020066, "46": 0.050000086802802116, "47": 0.49999997988610323, "48": 0.49999992970631013, "49": 0.4999999507071104, "50": 0.9499999806259081, "51": 0.949999987135822, "52": 0.9499999914845074, "53": 0.9499999739117105, "54": 0.050000086802802116, "55": 0.4999999572595861, "56": 0.9499999806259081, "57": 0.9499999836349393, "58": 0.05000010278645452, "59": 0.05000009241920653, "60": 0.4999999675386315, "61": 0.4999999680049182, "62": 0.050000046209603265, "63": 0.9499999808807822, "64": 0.9499999867821247, "65": 0.05000009488363284, "66": 0.9499999872265348, "67": 0.0500000333901179, "68": 0.49999994357741906, "69": 0.9499999855655454, "70": 0.05000008479375486, "71": 0.949999987135822, "72": 0.499999954742296, "73": 0.49999993338789495, "74": 0.49999994509718804, "75": 0.49999997222782255, "76": 0.4999999651941622, "77": 0.4999999589114634, "78": 0.05000007602619114, "79": 0.49999995733505165, "80": 0.49999995827989696, "81": 0.9499999920063391, "82": 0.49999998376931576, "83": 0.05000005563467995, "84": 0.49999994603383063, "85": 0.4999999441605455, "86": 0.4999999594318175, "87": 0.499999972548594, "88": 0.4999999468103602, "89": 0.4999999509605739, "90": 0.9499999872265348, "91": 0.949999979738628, "92": 0.050000031203623695, "93": 0.05000007994147692, "94": 0.050000092078020066, "95": 0.49999997971590876, "96": 0.4999999806749814, "97": 0.49999997862979306, "98": 0.4999999588160603, "99": 0.050000031950209696}, "2": {"0": 0.050000056319973264, "1": 0.05000006147636036, "2": 0.4999999785911047, "3": 0.49999999275507734, "4": 0.9499999685767491, "5": 0.49999998263527007, "6": 0.4999999832278332, "7": 0.0500000589406351, "8": 0.0500000430283158, "9": 0.49999998100258847, "10": 0.49999999219643276, "11": 0.49999997745949143, "12": 0.49999998152265346, "13": 0.499999983980813, "14": 0.050000034013148564, "15": 0.05000002751947452, "16": 0.4999999906771214, "17": 0.49999998514909194, "18": 0.4999999842597599, "19": 0.05000003638393584, "20": 0.9499999718905578, "21": 0.05000006034923786, "22": 0.49999998383682687, "23": 0.9499999861030863, "24": 0.9499999839461148, "25": 0.4999999842597599, "26": 0.49999998449965033, "27": 0.05000003792863224, "28": 0.9499999769973649, "29": 0.9499999718275687, "30": 0.9499999736850839, "31": 0.05000004579206027, "32": 0.949999979931708, "33": 0.050000037690049376, "34": 0.050000039844986494, "35": 0.050000046397941075, "36": 0.9499999687892932, "37": 0.05000003336489149, "38": 0.050000037958964696, "39": 0.9499999764844244, "40": 0.949999979931708, "41": 0.05000003638393584, "42": 0.499999985214524, "43": 0.49999998112785304, "44": 0.4999999843319176, "45": 0.49999997695463716, "46": 0.9499999702432268, "47": 0.4999999810329633, "48": 0.05000005328663269, "49": 0.9499999664551109, "50": 0.49999998161727, "51": 0.9499999729060815, "52": 0.49999998193240464, "53": 0.9499999685767491, "54": 0.4999999821182148, "55": 0.9499999794930679, "56": 0.05000004246622706, "57": 0.9499999788856546, "58": 0.4999999832278332, "59": 0.4999999785582758, "60": 0.050000035747452744, "61": 0.49999998514909194, "62": 0.4999999785911047, "63": 0.0500000430283158, "64": 0.49999998383682687, "65": 0.05000003241806866, "66": 0.050000047655476276, "67": 0.05000003963264601, "68": 0.4999999941351479, "69": 0.9499999876866319, "70": 0.05000003518851668, "71": 0.9499999711373848, "72": 0.4999999810329633, "73": 0.9499999834293341, "74": 0.4999999785582758, "75": 0.050000047655476276, "76": 0.050000037690049376, "77": 0.49999999224982516, "78": 0.05000002526214711, "79": 0.0500000589406351, "80": 0.4999999821587522, "81": 0.9499999711159661, "82": 0.05000003518851668, "83": 0.49999998158803527, "84": 0.4999999843319176, "85": 0.05000003336489149, "86": 0.9499999764844244, "87": 0.050000056319973264, "88": 0.9499999740566656, "89": 0.9499999849816863, "90": 0.9499999711373848, "91": 0.499999985214524, "92": 0.4999999919904065, "93": 0.4999999910591074, "94": 0.050000046397941075, "95": 0.9499999736850839, "96": 0.9499999849816863, "97": 0.9499999664551109, "98": 0.49999998100258847, "99": 0.9499999740566656}, "3": {"0": 0.5000000146412216, "1": 0.9499999892573812, "2": 0.0500000434634978,