{"0": {"0": 0.9499995657753837, "1": 0.05000090120600162, "2": 0.9499993856641156, "3": 0.9499996656752278, "4": 0.0500014708313623, "5": 0.0500008765862711, "6": 0.05000115395845144, "7": 0.05000123874407937, "8": 0.9499998313897983, "9": 0.9499994831423981, "10": 0.9499995778603283, "11": 0.05000182972245815, "12": 0.9499994831423981, "13": 0.050000976814426536, "14": 0.05000118301261917, "15": 0.9499995963109849, "16": 0.050001050909949156, "17": 0.05000073667955668, "18": 0.050000957435178996, "19": 0.9499994361562475, "20": 0.9499994429768165, "21": 0.05000120102195582, "22": 0.9499996841872487, "23": 0.9499995589343473, "24": 0.9499997833172235, "25": 0.9499993356257825, "26": 0.9499998914409051, "27": 0.9499996678128912, "28": 0.9499995290673244, "29": 0.050000555320403914, "30": 0.9499999054616629, "31": 0.050001003549230566, "32": 0.05000163434778207, "33": 0.05000073667955668, "34": 0.9499996776893411, "35": 0.9499992872372882, "36": 0.9499996841872487, "37": 0.05000184995735538, "38": 0.05000096757500794, "39": 0.0500011712079131, "40": 0.050000350803917036, "41": 0.9499998597175188, "42": 0.9499994440841504, "43": 0.9499997216260705, "44": 0.9499997021643605, "45": 0.9499996684977092, "46": 0.050000842393617226, "47": 0.050001447564103095, "48": 0.9499995657753837, "49": 0.050000799273899256, "50": 0.05000058133307902, "51": 0.9499995392282944, "52": 0.05000101001600425, "53": 0.9499994280830606, "54": 0.05000108077537849, "55": 0.05000142327272362, "56": 0.05000182972245815, "57": 0.05000185581068981, "58": 0.9499998838070731, "59": 0.05000117528658522, "60": 0.9499997021643605, "61": 0.9499997647865899, "62": 0.05000135977209766, "63": 0.05000123661317358, "64": 0.05000085212500329, "65": 0.9499999021055663, "66": 0.050001375493569256, "67": 0.05000109055303413, "68": 0.949999747542619, "69": 0.05000088256846569, "70": 0.05000073541568115, "71": 0.05000116494722741, "72": 0.9499994418694826, "73": 0.9499996684977092, "74": 0.05000045060300081, "75": 0.05000067988604883, "76": 0.050001030738511074, "77": 0.05000101001600425, "78": 0.05000109267587701, "79": 0.9499994361562475, "80": 0.05000116494722741, "81": 0.050000421196808614, "82": 0.05000115461324295, "83": 0.949999214400545, "84": 0.949999747542619, "85": 0.05000048840721327, "86": 0.05000075521666523, "87": 0.05000058764329261, "88": 0.9499995392282944, "89": 0.050001375493569256, "90": 0.050000576828351385, "91": 0.9499998914409051, "92": 0.9499994429768165, "93": 0.9499995589343473, "94": 0.05000088256846569, "95": 0.05000075521666523, "96": 0.0500005463379385, "97": 0.9499997833172235, "98": 0.949999690016753, "99": 0.9499993856641156}, "1": {"0": 0.9499998633798854, "1": 0.050000689524562124, "2": 0.9499998721397821, "3": 0.9499998995132785, "4": 0.05000112458169481, "5": 0.050000911726375774, "6": 0.050000518085616084, "7": 0.0500008315175821, "8": 0.949999919510724, "9": 0.9499998853592775, "10": 0.050000684251816904, "11": 0.050000429176951675, "12": 0.05000038177699511, "13": 0.05000058488922543, "14": 0.9499999525006289, "15": 0.05000041575879105, "16": 0.9499997737540327, "17": 0.050000659003392456, "18": 0.05000075790942053, "19": 0.9499998556718545, "20": 0.9499998591435432, "21": 0.9499998522468147, "22": 0.9499998357845716, "23": 0.05000062615241556, "24": 0.050000319386782115, "25": 0.9499999625224125, "26": 0.9499998585260173, "27": 0.9499999040946289, "28": 0.05000075173367864, "29": 0.0500008309348418, "30": 0.9499999727124746, "31": 0.05000095606197755, "32": 0.050000752841927606, "33": 0.9499999454249491, "34": 0.05000077733959546, "35": 0.050000239496075724, "36": 0.05000081852634689, "37": 0.05000057475439152, "38": 0.05000038054044115, "39": 0.050000618311022385, "40": 0.949999892986387, "41": 0.050000350961994344, "42": 0.050000775408898794, "43": 0.05000067548006356, "44": 0.050000342125908454, "45": 0.05000038866979773, "46": 0.9499998591435432, "47": 0.05000058488922543, "48": 0.05000062615241556, "49": 0.949999975537513, "50": 0.05000080409436522, "51": 0.05000073258938259, "52": 0.050000880778870604, "53": 0.9499998733166701, "54": 0.050000654348715694, "55": 0.949999936658335, "56": 0.05000045550388224, "57": 0.9499999021500525, "58": 0.05000043748543657, "59": 0.05000089532870258, "60": 0.050000374624821, "61": 0.05000042160416582, "62": 0.9499998658209183, "63": 0.05000105633371457, "64": 0.05000039508882011, "65": 0.9499998903698079, "66": 0.050000735178116665, "67": 0.9499998853592775, "68": 0.05000047137271615, "69": 0.0500006547353023, "70": 0.050000618311022385, "71": 0.9499998301722073, "72": 0.05000044766435129, "73": 0.0500006547353023, "74": 0.9499998357845716, "75": 0.05000091505776188, "76": 0.050000627220485504, "77": 0.05000100619784606, "78": 0.050000880778870604, "79": 0.9499998644634386, "80": 0.05000042160416582, "81": 0.9499998984397791, "82": 0.05000111238655294, "83": 0.9499998721397821, "84": 0.05000073258938259, "85": 0.050000659003392456, "86": 0.949999892986387, "87": 0.05000055585550378, "88": 0.050000327174357845, "89": 0.05000075888211177, "90": 0.05000033774003178, "91": 0.05000063397586478, "92": 0.05000088778162444, "93": 0.05000080409436522, "94": 0.05000079017764021, "95": 0.05000031698793239, "96": 0.9499999329104591, "97": 0.05000075888211177, "98": 0.05000057475439152, "99": 0.05000044389081222}, "2": {"0": 0.9499988972085374, "1": 0.9499985607398642, "2": 0.9499991938320635, "3": 0.94999890321344, "4": 0.9499992149461498, "5": 0.9499993061650136, "6": 0.9499988902899442, "7": 0.05000052062939875, "8": 0.9499995066174165, "9": 0.9499987723096666, "10": 0.050000312527074486, "11": 0.05000021951118637, "12": 0.9499991031458741, "13": 0.9499991569424849, "14": 0.9499995004151052, "15": 0.949998872828989, "16": 0.05000024549342419, "17": 0.050000471320754636, "18": 0.05000035872578793, "19": 0.050000189055648465, "20": 0.9499985400343947, "21": 0.9499990118602154, "22": 0.05000021186180973, "23": 0.05000031183524269, "24": 0.9499996491311229, "25": 0.9499984808523104, "26": 0.05000039056505794, "27": 0.05000017290599348, "28": 0.05000019455489603, "29": 0.9499988834750706, "30": 0.05000023366500398, "31": 0.9499989952531952, "32": 0.9499993471235328, "33": 0.9499987723096666, "34": 0.9499992403490733, "35": 0.05000013490856782, "36": 0.05000053100024636, "37": 0.9499987326790358, "38": 0.9499993868268821, "39": 0.9499991596515605, "40": 0.9499989962795922, "41": 0.9499988081343618, "42": 0.9499990399183619, "43": 0.94999917132386, "44": 0.9499985665127654, "45": 0.05000017290599348, "46": 0.9499985682551915, "47": 0.9499993471235328, "48": 0.9499990658456311, "49": 0.9499984418032119, "50": 0.949999382924377, "51": 0.9499990477607837, "52": 0.0500003352673206, "53": 0.9499986215553384, "54": 0.9499991569424849, "55": 0.9499985665127654, "56": 0.05000030082047433, "57": 0.9499990194220247, "58": 0.05000048667329061, "59": 0.94999958566193, "60": 0.9499995066174165, "61": 0.05000025657045245, "62": 0.9499989952531952, "63": 0.05000037811129693, "64": 0.05000023255636846, "65": 0.9499989916079004, "66": 0.9499989696550089, "67": 0.949998530086992, "68": 0.9499986198488484, "69": 0.0500003352673206, "70": 0.9499984418032119, "71": 0.050000213918341106, "72": 0.05000048893495343, "73": 0.050000471320754636, "74": 0.05000020246225069, "75": 0.9499990658456311, "76": 0.05000028379078056, "77": 0.9499987867922493, "78": 0.9499987337877389, "79": 0.05000019528252897, "80": 0.949998872828989, "81": 0.9499995798257802, "82": 0.9499987867922493, "83": 0.05000019573951013, "84": 0.9499985607398642, "85": 0.9499991225919634, "86": 0.949999265043496, "87": 0.9499995602948209, "88": 0.9499993969318834, "89": 0.9499989696550089, "90": 0.9499988972085374, "91": 0.050000116832501995, "92": 0.949998965104153, "93": 0.949998965104153, "94": 0.05000030082047433, "95": 0.9499988834750706, "96": 0.05000043923862545, "97": 0.05000021186180973, "98": 0.050000121662940565, "99": 0.9499989916079004}, "3": {"0": 0.05000110915051414,