{"0": {"0": 0.0034981419419378686, "1": 0.0039242904165825414, "2": 0.0037915609357977442, "3": 0.003632033472842279, "4": 0.003768172940691838, "5": 0.003627896416370043, "6": 0.0038597774825969793, "7": 0.003694049974764698, "8": 0.003918754212248661, "9": 0.003957151928759843, "10": 0.003593328347432958, "11": 0.0026180039183485333, "12": 0.0033744302776505374, "13": 0.003549332025432498, "14": 0.0028989764803350896, "15": 0.0039242904165825414, "16": 0.003886116716857329, "17": 0.0037134840138737706, "18": 0.003226282205558547, "19": 0.003135775141311101, "20": 0.004055098847078701, "21": 0.0036420470197081043, "22": 0.003664978730680204, "23": 0.0028119271880995274, "24": 0.0032845170721437886, "25": 0.003729662335444909, "26": 0.003964289115123204, "27": 0.0035022647145571515, "28": 0.0037348472303319748, "29": 0.0038597774825969793, "30": 0.003539602752549218, "31": 0.003955588164412306, "32": 0.0027186163429688192, "33": 0.003024305275796388, "34": 0.003595525862108675, "35": 0.003613976515496427, "36": 0.002750189744950859, "37": 0.003915521287085906, "38": 0.0031817221003018407, "39": 0.0038096481404134358, "40": 0.00377410974450746, "41": 0.003792101776845613, "42": 0.0013750948724754295, "43": 0.003678980672095782, "44": 0.003341666563966947, "45": 0.002747821384100972, "46": 0.0035434527396896345, "47": 0.0016777927377780145, "48": 0.0037132325232565764, "49": 0.003695968665476366, "50": 0.003392893631557497, "51": 0.0030598877280416216, "52": 0.0037601978261508997, "53": 0.0035434527396896345, "54": 0.003751324863920586, "55": 0.0029345380212687446, "56": 0.003756528914244727, "57": 0.003189283379139147, "58": 0.003666038570275397, "59": 0.003729662335444909, "60": 0.003771836139336653, "61": 0.003957151928759843, "62": 0.003597332474624958, "63": 0.0031817221003018407, "64": 0.0036420470197081043, "65": 0.0036355533813209676, "66": 0.0037976336542090575, "67": 0.0036960034425203535, "68": 0.0035223313099662784, "69": 0.003862119453699308, "70": 0.003632033472842279, "71": 0.0030598877280416216, "72": 0.0017610968723945344, "73": 0.003392893631557497, "74": 0.003226282205558547, "75": 0.0035050598673833392, "76": 0.003825778414944336, "77": 0.003825778414944336, "78": 0.004055098847078701, "79": 0.003549332025432498, "80": 0.003694049974764698, "81": 0.0036978583213272964, "82": 0.0035022647145571515, "83": 0.0027624239046670487, "84": 0.0034981419419378686, "85": 0.0037348472303319748, "86": 0.003792101776845613, "87": 0.0037132325232565764, "88": 0.001839490336047891, "89": 0.003678392233173483, "90": 0.0028989764803350896, "91": 0.0013812119523335244, "92": 0.003756528914244727, "93": 0.003709903598253284, "94": 0.0033744302776505374, "95": 0.003341666563966947, "96": 0.003666038570275397, "97": 0.0036003617715698807, "98": 0.003024305275796388, "99": 0.0036003617715698807}, "1": {"0": 0.0025021917206046853, "1": 0.003368951494328445, "2": 0.0038728319173866065, "3": 0.0029146894128222554, "4": 0.0036091865330868935, "5": 0.003827031267588422, "6": 0.0029146894128222554, "7": 0.004328639318676046, "8": 0.003940048847718302, "9": 0.0028265125664068275, "10": 0.0031227777142037194, "11": 0.0036954497642111995, "12": 0.0034891002028816895, "13": 0.0032653575837234394, "14": 0.003903825325956195, "15": 0.004019802336337128, "16": 0.003456535434872454, "17": 0.0038441239203069414, "18": 0.0033966356774516116, "19": 0.003716438403878713, "20": 0.0036434167813453383, "21": 0.002861728231209526, "22": 0.0040390984540073106, "23": 0.003735653679256584, "24": 0.0032941104018021894, "25": 0.003339995043671806, "26": 0.0038484473724863157, "27": 0.0033028594112607243, "28": 0.0025021917206046853, "29": 0.003932063257322373, "30": 0.004019114448596562, "31": 0.0037784470276218105, "32": 0.0037047918875086085, "33": 0.0037047918875086085, "34": 0.003516704287786993, "35": 0.003805726897901747, "36": 0.0035292933059066344, "37": 0.003568225581571491, "38": 0.0036280850357661514, "39": 0.0037820465050173264, "40": 0.0031330896639673598, "41": 0.0038067471344683038, "42": 0.003396097534331879, "43": 0.0037160879681249802, "44": 0.0034403859024592963, "45": 0.0040616002182986164, "46": 0.003951625834130498, "47": 0.003974611053386917, "48": 0.003921185546361455, "49": 0.003626294191046245, "50": 0.003727010740719561, "51": 0.0029691890045454084, "52": 0.003053158913920392, "53": 0.0038943054795090885, "54": 0.003108854167142399, "55": 0.003875470842767971, "56": 0.003419608059041216, "57": 0.0034403859024592963, "58": 0.0029785977824239003, "59": 0.0037820465050173264, "60": 0.003777361265421184, "61": 0.003671269426792492, "62": 0.0038640868618048376, "63": 0.0036074384187131966, "64": 0.0038640868618048376, "65": 0.0037160879681249802, "66": 0.0033459430633442262, "67": 0.0017596282726293272, "68": 0.0040636178438062075, "69": 0.0017646466529533172, "70": 0.0037784470276218105, "71": 0.003108854167142399, "72": 0.0036434167813453383, "73": 0.0032946012090904124, "74": 0.0038441239203069414, "75": 0.0014892988912119502, "76": 0.002583944752373173, "77": 0.00320920308935862, "78": 0.004019114448596562, "79": 0.0016983178387258058, "80": 0.0037517779392670612, "81": 0.0033935763467937826, "82": 0.003607893377725934, "83": 0.0012919723761865864, "84": 0.0016470552009010947, "85": 0.003929044109349392, "86": 0.0038943054795090885, "87": 0.003396097534331879, "88": 0.003568225581571491, "89": 0.002861728231209526, "90": 0.0038100248586100485, "91": 0.00320920308935862, "92": 0.0036074384187131966, "93": 0.003903825325956195, "94": 0.003456535434872454, "95": 0.0032653575837234394, "96": 0.003053158913920392, "97": 0.0038484473724863157, "98": 0.003940048847718302, "99": 0.0033459430633442262}, "2": {"0": 0.003067832725432234, "1": 0.0027263634672582875, "2": 0.0022518657705685088, "3": 0.0021630150190656847, "4": 0.002905381993558729, "5": 0.0029994413189540457, "6": 0.002257614588340359, "7": 0.002814721631194579, "8": 0.002790703688672552, "9": 0.002227318031273097, "10": 0.0027796541008224583, "11": 0.002664590341877675, "12": 0.00229029146766232, "13": 0.0016459264733186987, "14": 0.0024728059408836087, "15": 0.0027651524303736593, "16": 0.0030412082526303412, "17": 0.00305601327164553, "18": 0.002889972447420016, "19": 0.0022434462258056494, "20": 0.002999095345521693, "21": 0.002718239725493385, "22": 0.00299773708321385, "23": 0.002387369256449429, "24": 0.0028598348525884464, "25": 0.0011471380634971366, "26": 0.0011936846282247144, "27": 0.0030388145081955273, "28": 0.0027564052023448756, "29": 0.0025122050980566947, "30": 0.002758125664452831, "31": 0.002837527027738166, "32": 0.0029499005977891265, "33": 0.0025649576850606632, "34": 0.0025649576850606632, "35": 0.003066727540592374, "36": 0.002258071539989818, "37": 0.0024168193924493193, "38": 0.0026340180384142224, "39": 0.0013970778856356287, "40": 0.002998285745318396, "41": 0.0029833890015316515, "42": 0.002285290946558628, "43": 0.002623708212774969, "44": 0.0025041455412775056, "45": 0.002321433686841944, "46": 0.0028656589412350245, "47": 0.0030307564200173494, "48": 0.002623708212774969, "49": 0.002536443651322319, "50": 0.0012391899507902058, "51": 0.0030295744620789902, "52": 0.0028267903925234573, "53": 0.002227318031273097, "54": 0.0027796541008224583, "55": 0.0028928319093193882, "56": 0.0024168193924493193, "57": 0.002549588561916571, "58": 0.002921732809447009, "59": 0.00290409581702657, "60": 0.0028457285356801674, "61": 0.001387631044655231, "62": 0.0028441372712288415, "63": 0.003030856277121229, "64": 0.00270005635551371, "65": 0.0030674973347247646, "66": 0.0029048736311284755, "67": 0.0021196182771823073, "68": 0.0029216163083752673, "69": 0.002591803300165397, "70": 0.0030374197493452126, "71": 0.002832065751009358, "72": 0.0030533353391687963, "73": 0.0030307564200173494, "74": 0.0030947868208815216, "75": 0.0016459264733186987, "76": 0.002758125664452831, "77": 0.0022322643315025687, "78": 0.0029554118021443035, "79": 0.002832065751009358, "80": 0.0030412082526303412,