{"0": {"0": 0.5092514015732275, "1": 0.5092514015732275, "2": 0.5092514015732275, "3": 0.5092514015732275, "4": 0.5092514015732275, "5": 0.5092514015732275, "6": 0.5092514015732275, "7": 0.5092514015732275, "8": 0.5092514015732275, "9": 0.5092514015732275, "10": 0.5092514015732275, "11": 0.5092514015732275, "12": 0.5092514015732275, "13": 0.5092514015732275, "14": 0.5092514015732275, "15": 0.5092514015732275, "16": 0.5092514015732275, "17": 0.5092514015732275, "18": 0.5092514015732275, "19": 0.5092514015732275, "20": 0.5092514015732275, "21": 0.5092514015732275, "22": 0.5092514015732275, "23": 0.5092514015732275, "24": 0.5092514015732275, "25": 0.5092514015732275, "26": 0.5092514015732275, "27": 0.5092514015732275, "28": 0.5092514015732275, "29": 0.5092514015732275, "30": 0.5092514015732275, "31": 0.5092514015732275, "32": 0.5092514015732275, "33": 0.5092514015732275, "34": 0.5092514015732275, "35": 0.5092514015732275, "36": 0.5092514015732275, "37": 0.5092514015732275, "38": 0.5092514015732275, "39": 0.5092514015732275, "40": 0.5092514015732275, "41": 0.5092514015732275, "42": 0.5092514015732275, "43": 0.5092514015732275, "44": 0.5092514015732275, "45": 0.5092514015732275, "46": 0.5092514015732275, "47": 0.5092514015732275, "48": 0.5092514015732275, "49": 0.5092514015732275, "50": 0.5092514015732275, "51": 0.5092514015732275, "52": 0.5092514015732275, "53": 0.5092514015732275, "54": 0.5092514015732275, "55": 0.5092514015732275, "56": 0.5092514015732275, "57": 0.5092514015732275, "58": 0.5092514015732275, "59": 0.5092514015732275, "60": 0.5092514015732275, "61": 0.0005667355122932023, "62": 0.5092514015732275, "63": 0.5092514015732275, "64": 0.5092514015732275, "65": 0.5092514015732275, "66": 0.5092514015732275, "67": 0.5092514015732275, "68": 0.5092514015732275, "69": 0.5092514015732275, "70": 0.5092514015732275, "71": 0.5092514015732275, "72": 0.5092514015732275, "73": 0.5092514015732275, "74": 0.5092514015732275, "75": 0.5092514015732275, "76": 0.5092514015732275, "77": 0.5092514015732275, "78": 0.5092514015732275, "79": 0.5092514015732275, "80": 0.5092514015732275, "81": 0.5092514015732275, "82": 0.5092514015732275, "83": 0.00014168387807330057, "84": 0.5092514015732275, "85": 0.5092514015732275, "86": 0.5092514015732275, "87": 0.5092514015732275, "88": 0.5092514015732275, "89": 0.5092514015732275, "90": 0.5092514015732275, "91": 0.5092514015732275, "92": 0.5092514015732275, "93": 0.5092514015732275, "94": 0.5092514015732275, "95": 0.5092514015732275, "96": 0.5092514015732275, "97": 0.5092514015732275, "98": 0.5092514015732275, "99": 0.5092514015732275}, "1": {"0": 0.4683209818949423, "1": 0.4683209818949423, "2": 0.4683209818949423, "3": 0.4683209818949423, "4": 0.4683209818949423, "5": 0.4683209818949423, "6": 0.4683209818949423, "7": 0.4683209818949423, "8": 0.4683209818949423, "9": 0.4683209818949423, "10": 0.4683209818949423, "11": 0.4683209818949423, "12": 0.4683209818949423, "13": 0.4683209818949423, "14": 0.4683209818949423, "15": 0.4683209818949423, "16": 0.4683209818949423, "17": 0.4683209818949423, "18": 0.4683209818949423, "19": 0.4683209818949423, "20": 0.4683209818949423, "21": 0.4683209818949423, "22": 0.4683209818949423, "23": 0.4683209818949423, "24": 0.4683209818949423, "25": 0.4683209818949423, "26": 0.4683209818949423, "27": 0.4683209818949423, "28": 0.4683209818949423, "29": 0.4683209818949423, "30": 0.4683209818949423, "31": 0.4683209818949423, "32": 0.4683209818949423, "33": 0.4683209818949423, "34": 0.4683209818949423, "35": 0.4683209818949423, "36": 0.4683209818949423, "37": 0.4683209818949423, "38": 0.4683209818949423, "39": 0.4683209818949423, "40": 0.4683209818949423, "41": 0.4683209818949423, "42": 0.4683209818949423, "43": 0.4683209818949423, "44": 0.4683209818949423, "45": 0.4683209818949423, "46": 0.4683209818949423, "47": 0.4683209818949423, "48": 0.4683209818949423, "49": 0.4683209818949423, "50": 0.4683209818949423, "51": 0.4683209818949423, "52": 0.4683209818949423, "53": 0.4683209818949423, "54": 0.4683209818949423, "55": 0.4683209818949423, "56": 0.4683209818949423, "57": 0.4683209818949423, "58": 0.4683209818949423, "59": 0.4683209818949423, "60": 0.4683209818949423, "61": 0.4683209818949423, "62": 0.4683209818949423, "63": 0.4683209818949423, "64": 0.4683209818949423, "65": 0.4683209818949423, "66": 0.4683209818949423, "67": 0.4683209818949423, "68": 0.4683209818949423, "69": 0.4683209818949423, "70": 0.4683209818949423, "71": 0.4683209818949423, "72": 0.4683209818949423, "73": 0.4683209818949423, "74": 0.4683209818949423, "75": 0.4683209818949423, "76": 0.4683209818949423, "77": 0.4683209818949423, "78": 0.4683209818949423, "79": 0.4683209818949423, "80": 0.4683209818949423, "81": 0.4683209818949423, "82": 0.4683209818949423, "83": 0.4683209818949423, "84": 0.4683209818949423, "85": 0.4683209818949423, "86": 0.4683209818949423, "87": 0.4683209818949423, "88": 0.4683209818949423, "89": 0.4683209818949423, "90": 0.4683209818949423, "91": 0.4683209818949423, "92": 0.4683209818949423, "93": 0.4683209818949423, "94": 0.4683209818949423, "95": 0.4683209818949423, "96": 0.4683209818949423, "97": 0.4683209818949423, "98": 0.4683209818949423, "99": 0.4683209818949423}, "2": {"0": 0.4373522624339039, "1": 0.4373522624339039, "2": 0.4373522624339039, "3": 0.4373522624339039, "4": 0.4373522624339039, "5": 0.4373522624339039, "6": 0.4373522624339039, "7": 0.4373522624339039, "8": 0.4373522624339039, "9": 0.4373522624339039, "10": 0.4373522624339039, "11": 0.4373522624339039, "12": 0.4373522624339039, "13": 0.4373522624339039, "14": 0.4373522624339039, "15": 0.4373522624339039, "16": 0.4373522624339039, "17": 0.4373522624339039, "18": 0.4373522624339039, "19": 0.4373522624339039, "20": 0.4373522624339039, "21": 0.4373522624339039, "22": 0.4373522624339039, "23": 0.4373522624339039, "24": 0.4373522624339039, "25": 0.4373522624339039, "26": 0.4373522624339039, "27": 0.4373522624339039, "28": 0.4373522624339039, "29": 0.4373522624339039, "30": 0.4373522624339039, "31": 0.4373522624339039, "32": 0.4373522624339039, "33": 0.4373522624339039, "34": 0.4373522624339039, "35": 0.4373522624339039, "36": 0.4373522624339039, "37": 0.9510955040788317, "38": 0.4373522624339039, "39": 0.4373522624339039, "40": 0.4373522624339039, "41": 0.4373522624339039, "42": 0.4373522624339039, "43": 0.4373522624339039, "44": 0.4373522624339039, "45": 0.4373522624339039, "46": 0.4373522624339039, "47": 0.4373522624339039, "48": 0.4373522624339039, "49": 0.4373522624339039, "50": 0.4373522624339039, "51": 0.4373522624339039, "52": 0.4373522624339039, "53": 0.4373522624339039, "54": 0.4373522624339039, "55": 0.4373522624339039, "56": 0.4373522624339039, "57": 0.4373522624339039, "58": 0.4373522624339039, "59": 0.4373522624339039, "60": 0.4373522624339039, "61": 0.4373522624339039, "62": 0.4373522624339039, "63": 0.4373522624339039, "64": 0.4373522624339039, "65": 0.4373522624339039, "66": 0.4373522624339039, "67": 0.4373522624339039, "68": 0.4373522624339039, "69": 0.4373522624339039, "70": 0.4373522624339039, "71": 0.4373522624339039, "72": 0.4373522624339039, "73": 0.4373522624339039, "74": 0.4373522624339039, "75": 0.4373522624339039, "76": 0.4373522624339039, "77": 0.4373522624339039, "78": 0.4373522624339039, "79": 0.4373522624339039, "80": 0.4373522624339039, "81": 0.4373522624339039, "82": 0.4373522624339039, "83": 0.4373522624339039, "84": 0.4373522624339039, "85": 0.4373522624339039, "86": 0.4373522624339039, "87": 0.4373522624339039, "88": 0.4373522624339039, "89": 0.4373522624339039, "90": 0.4373522624339039, "91": 0.4373522624339039, "92": 0.4373522624339039, "93": 0.4373522624339039, "94": 0.4373522624339039, "95": 0.4373522624339039, "96": 0.4373522624339039, "97": 0.4373522624339039, "98": 0.4373522624339039, "99": 0.4373522624339039}, "3": {"0": 0.4964317207905511, "1": 0.4964317207905511, "2": 0.4964317207905511, "3": 0.4964317207905511, "4": 0.4964317207905511, "5": 0.4964317207905511, "6": 0.4964317207905511,