{"0": {"0": 0.4177255730684939, "1": 0.05000539522709037, "2": 0.949997570109602, "3": 0.48618741976770136, "4": 0.30036959867520857, "5": 0.4463539603395076, "6": 0.05000401867701792, "7": 0.050005567736067326, "8": 0.9499979200501576, "9": 0.5205811601862187, "10": 0.33874374408923813, "11": 0.3101568222736335, "12": 0.33874374408923813, "13": 0.4177255730684939, "14": 0.5205811601862187, "15": 0.4776635931156286, "16": 0.949998076547701, "17": 0.9499977406630298, "18": 0.5459906949044987, "19": 0.9499984773480368, "20": 0.5459906949044987, "21": 0.32707896272381176, "22": 0.6105512228021406, "23": 0.05000489522982253, "24": 0.05000217300194229, "25": 0.050005700942678484, "26": 0.9499977043564772, "27": 0.9499982980183617, "28": 0.6853224961522211, "29": 0.46403494507925735, "30": 0.9499982018342752, "31": 0.9499978604098727, "32": 0.48584667067480486, "33": 0.40739811592285924, "34": 0.46403494507925735, "35": 0.48584667067480486, "36": 0.0500041808817729, "37": 0.05000489522982253, "38": 0.9499978827836677, "39": 0.33874374408923813, "40": 0.3101568222736335, "41": 0.32707896272381176, "42": 0.4463539603395076, "43": 0.050005363574905065, "44": 0.050004452060721356, "45": 0.05000397959990123, "46": 0.9499980091089777, "47": 0.05000285047133925, "48": 0.7219394578706697, "49": 0.30036959867520857, "50": 0.618837807475012, "51": 0.7053863089610872, "52": 0.48618741976770136, "53": 0.949997915552625, "54": 0.46403494507925735, "55": 0.9499986089515496, "56": 0.9499980804349356, "57": 0.7219394578706697, "58": 0.33874374408923813, "59": 0.6853224961522211, "60": 0.40739811592285924, "61": 0.4776635931156286, "62": 0.6105512228021406, "63": 0.5417043151425411, "64": 0.9499986089515496, "65": 0.9499975555882397, "66": 0.05000204916035853, "67": 0.9499976635664459, "68": 0.05000394750547449, "69": 0.9499974762038674, "70": 0.9499973867183303, "71": 0.731352808578918, "72": 0.618837807475012, "73": 0.3101568222736335, "74": 0.7053863089610872, "75": 0.731352808578918, "76": 0.9499988703315149, "77": 0.05000200933850896, "78": 0.9499980091089777, "79": 0.0500038608790854, "80": 0.6105512228021406, "81": 0.618837807475012, "82": 0.05000462369745359, "83": 0.5417043151425411, "84": 0.618837807475012, "85": 0.9499979200501576, "86": 0.618837807475012, "87": 0.9499976843271172, "88": 0.050004452060721356, "89": 0.9499976843271172, "90": 0.9499981740724107, "91": 0.5788073111754504, "92": 0.5788073111754504, "93": 0.5205811601862187, "94": 0.949997915552625, "95": 0.9499982018342752, "96": 0.5417043151425411, "97": 0.05000462369745359, "98": 0.618837807475012, "99": 0.050001989799950616}, "1": {"0": 0.2991931673262945, "1": 0.36463129497892366, "2": 0.42015422073206055, "3": 0.9499990009713029, "4": 0.4700117997446725, "5": 0.696528776143762, "6": 0.0500012864600472, "7": 0.9499990514631313, "8": 0.696528776143762, "9": 0.7470553215684416, "10": 0.3645549472669864, "11": 0.05000148774608924, "12": 0.9499991045266081, "13": 0.9499989987883906, "14": 0.05000197449511408, "15": 0.47632529665464307, "16": 0.05000154155619103, "17": 0.05000144635754947, "18": 0.05000118741948195, "19": 0.650517081059827, "20": 0.050001224358854235, "21": 0.6822432710320684, "22": 0.7215397603669741, "23": 0.9499989837077347, "24": 0.4447325522590273, "25": 0.050001749948461856, "26": 0.949999017585433, "27": 0.05000149209025892, "28": 0.9499991029299013, "29": 0.2991931673262945, "30": 0.05000154023091269, "31": 0.05000050234631951, "32": 0.05000167940310671, "33": 0.05000134719437228, "34": 0.47632529665464307, "35": 0.05000174579060716, "36": 0.6274315457636802, "37": 0.05000162340388799, "38": 0.9499991045266081, "39": 0.05000061217942712, "40": 0.42015422073206055, "41": 0.47632529665464307, "42": 0.9499988500432434, "43": 0.3252462865327197, "44": 0.6274315457636802, "45": 0.05000154155619103, "46": 0.9499995321948022, "47": 0.9499989745949777, "48": 0.47632529665464307, "49": 0.607707572359419, "50": 0.7269954939061426, "51": 0.7470553215684416, "52": 0.36463129497892366, "53": 0.05000174579060716, "54": 0.05000155399740282, "55": 0.05000178526717607, "56": 0.3252462865327197, "57": 0.4447325522590273, "58": 0.43171296938724046, "59": 0.05000176818296778, "60": 0.4700117997446725, "61": 0.05000149685931412, "62": 0.05000062776680885, "63": 0.607707572359419, "64": 0.28817011959500893, "65": 0.7269954939061426, "66": 0.05000162340388799, "67": 0.46658801533705585, "68": 0.05000113858808877, "69": 0.7215397603669741, "70": 0.05000067359718614, "71": 0.9499994086041661, "72": 0.9499989441428488, "73": 0.9499989635524402, "74": 0.9499994494832527, "75": 0.607707572359419, "76": 0.43171296938724046, "77": 0.32146216100981906, "78": 0.28817011959500893, "79": 0.9499988848003511, "80": 0.42015422073206055, "81": 0.9499990146422113, "82": 0.46658801533705585, "83": 0.9499989793925301, "84": 0.9499995140691875, "85": 0.9499989745949777, "86": 0.32146216100981906, "87": 0.9499989987883906, "88": 0.3645549472669864, "89": 0.28817011959500893, "90": 0.607707572359419, "91": 0.0500012864600472, "92": 0.05000118741948195, "93": 0.9499991029299013, "94": 0.05000154023091269, "95": 0.9499991397983688, "96": 0.6822432710320684, "97": 0.650517081059827, "98": 0.9499995698991843, "99": 0.9499989635524402}, "2": {"0": 0.9499980946141307, "1": 0.05000107058063487, "2": 0.9499976292313255, "3": 0.4200180918625751, "4": 0.05000075184176385, "5": 0.3055876436298326, "6": 0.5351124237548528, "7": 0.6378282533520623, "8": 0.5695211306244874, "9": 0.2958524856533957, "10": 0.9499972841709079, "11": 0.9499976184167489, "12": 0.4200180918625751, "13": 0.7184509542055753, "14": 0.05000097257619325, "15": 0.3055876436298326, "16": 0.05000103976410484, "17": 0.05000112884785926, "18": 0.949997668377603, "19": 0.9499972985237768, "20": 0.5371345990055245, "21": 0.05000122328366033, "22": 0.6910738802003495, "23": 0.5695211306244874, "24": 0.9499977837255056, "25": 0.7184509542055753, "26": 0.6531368719088086, "27": 0.47255392197045554, "28": 0.05000073943331016, "29": 0.5275977706415416, "30": 0.9499971724260898, "31": 0.5405651844815615, "32": 0.6378282533520623, "33": 0.9499980325972157, "34": 0.310486921247107, "35": 0.05000091787760941, "36": 0.5026198039145283, "37": 0.6361893889489383, "38": 0.05000075184176385, "39": 0.9499979980283322, "40": 0.05000085437851663, "41": 0.3055876436298326, "42": 0.5351124237548528, "43": 0.6361893889489383, "44": 0.5764385272832484, "45": 0.39974404491553495, "46": 0.050001164809444984, "47": 0.05000106557058601, "48": 0.29303627996447135, "49": 0.9499988092083744, "50": 0.29303627996447135, "51": 0.6625993312615941, "52": 0.37998639020151403, "53": 0.31252684858613144, "54": 0.5275977706415416, "55": 0.05000112884785926, "56": 0.31252684858613144, "57": 0.05000090713894082, "58": 0.949998164621112, "59": 0.5026198039145283, "60": 0.6531368719088086, "61": 0.5764385272832484, "62": 0.05000102157841406, "63": 0.9499983671760877, "64": 0.9499989647177813, "65": 0.5275977706415416, "66": 0.3684378536384926, "67": 0.4954351929530882, "68": 0.05000102157841406, "69": 0.949997668377603, "70": 0.9499983671760877, "71": 0.05000073372043617, "72": 0.4301082321498544, "73": 0.05000055171854563, "74": 0.47255392197045554, "75": 0.3684378536384926, "76": 0.9499976292313255, "77": 0.05000092361207843, "78": 0.9499979980283322, "79": 0.05000062481476095, "80": 0.9499980946141307, "81": 0.2958524856533957, "82": 0.4954351929530882, "83": 0.31252684858613144, "84": 0.5371345990055245, "85": 0.05000062481476095, "86": 0.9499977837255056, "87": 0.5405651844815615, "88": 0.310486921247107, "89": 0.9499974696633238, "90": 0.6910738802003495, "91": 0.37998639020151403, "92": 0.05000092361207843, "93": 0.05000085437851663, "94": 0.9499974696633238, "95": 0.6625993312615941, "96": 0.4301082321498544, "97": 0.05000055171854563, "98": 0.4301082321498544, "99": 0.39974404491553495}, "3": {"0": 0.050015739738228704, "1": 0.05001681101766493, "2": 0.5714906496827132, "3": 0.5115860033715425,