{"0": {"0": 0.5468123625708028, "1": 0.9499999999995483, "2": 0.05000000000036462, "3": 0.9499999999994553, "4": 0.9499999999992992, "5": 0.050000000000338704, "6": 0.05000000000072802, "7": 0.9499999999995806, "8": 0.457846975232356, "9": 0.9499999999996496, "10": 0.05000000000052186, "11": 0.4504722891679742, "12": 0.9499999999994944, "13": 0.949999999999829, "14": 0.050000000000467705, "15": 0.949999999999556, "16": 0.05000000000066794, "17": 0.9499999999995448, "18": 0.4504722891679742, "19": 0.050000000000474325, "20": 0.05000000000056529, "21": 0.5466607930532443, "22": 0.949999999999728, "23": 0.05000000000044534, "24": 0.05000000000026218, "25": 0.949999999999803, "26": 0.9499999999995417, "27": 0.949999999999479, "28": 0.4549078662869628, "29": 0.05000000000033214, "30": 0.4516849088601871, "31": 0.9499999999997034, "32": 0.4549078662869628, "33": 0.9499999999996059, "34": 0.48505490057094003, "35": 0.9499999999996036, "36": 0.9499999999997395, "37": 0.05000000000068935, "38": 0.41984884996744193, "39": 0.9499999999996322, "40": 0.9499999999996036, "41": 0.05000000000044534, "42": 0.9499999999995774, "43": 0.9499999999995437, "44": 0.05000000000064472, "45": 0.050000000000459205, "46": 0.050000000000284706, "47": 0.9499999999996468, "48": 0.9499999999995271, "49": 0.05000000000020791, "50": 0.4718805975473077, "51": 0.9499999999998211, "52": 0.9499999999994904, "53": 0.9499999999995037, "54": 0.9499999999994553, "55": 0.9499999999995303, "56": 0.9499999999997452, "57": 0.4813030834640278, "58": 0.050000000000544914, "59": 0.9499999999998213, "60": 0.457846975232356, "61": 0.9499999999997015, "62": 0.9499999999998157, "63": 0.5466607930532443, "64": 0.4516849088601871, "65": 0.4718805975473077, "66": 0.9499999999998086, "67": 0.4495959701940885, "68": 0.05000000000036401, "69": 0.9499999999998361, "70": 0.9499999999995417, "71": 0.9499999999998059, "72": 0.050000000000578824, "73": 0.9499999999996398, "74": 0.9499999999997651, "75": 0.050000000000229604, "76": 0.949999999999786, "77": 0.4813030834640278, "78": 0.9499999999997903, "79": 0.05000000000028941, "80": 0.05000000000052327, "81": 0.05000000000052186, "82": 0.9499999999998059, "83": 0.9499999999996178, "84": 0.41984884996744193, "85": 0.9499999999995437, "86": 0.4495959701940885, "87": 0.05000000000016607, "88": 0.4488205237801084, "89": 0.9499999999997635, "90": 0.9499999999996471, "91": 0.050000000000282645, "92": 0.48505490057094003, "93": 0.9499999999996178, "94": 0.05000000000023386, "95": 0.9499999999998516, "96": 0.05000000000032236, "97": 0.9499999999996322, "98": 0.949999999999556, "99": 0.4488205237801084}, "1": {"0": 0.9499999999998582, "1": 0.5466490694804103, "2": 0.05000000000059583, "3": 0.5089606249001981, "4": 0.9499999999996356, "5": 0.49446851651351603, "6": 0.05000000000053419, "7": 0.05000000000101416, "8": 0.050000000000688084, "9": 0.9499999999996395, "10": 0.9499999999994542, "11": 0.050000000000566716, "12": 0.050000000000763406, "13": 0.9499999999995776, "14": 0.050000000000807454, "15": 0.05000000000056627, "16": 0.949999999999597, "17": 0.5032478038576124, "18": 0.5032478038576124, "19": 0.050000000000860564, "20": 0.05000000000062335, "21": 0.05000000000042773, "22": 0.05000000000080482, "23": 0.05000000000059583, "24": 0.949999999999626, "25": 0.050000000000221145, "26": 0.949999999999785, "27": 0.9499999999995827, "28": 0.5168845586089986, "29": 0.9499999999996926, "30": 0.9499999999998068, "31": 0.9499999999996867, "32": 0.0500000000006405, "33": 0.4944685867586448, "34": 0.050000000000763406, "35": 0.05000000000052037, "36": 0.9499999999997828, "37": 0.5039299711393614, "38": 0.9499999999995606, "39": 0.5089606224578026, "40": 0.9499999999995976, "41": 0.9499999999995455, "42": 0.9499999999994699, "43": 0.05000000000018512, "44": 0.540504106512446, "45": 0.9499999999996791, "46": 0.9499999999998178, "47": 0.9499999999996268, "48": 0.9499999999995876, "49": 0.05000000000040241, "50": 0.050000000000360215, "51": 0.05000000000062335, "52": 0.050000000000333875, "53": 0.050000000000263674, "54": 0.05000000000069235, "55": 0.050000000000448436, "56": 0.05000000000027895, "57": 0.9499999999996359, "58": 0.0500000000003992, "59": 0.05000000000026928, "60": 0.5089606249001981, "61": 0.949999999999626, "62": 0.050000000000603166, "63": 0.05000000000034325, "64": 0.9499999999996214, "65": 0.05000000000053553, "66": 0.9499999999996147, "67": 0.9499999999997728, "68": 0.9499999999997994, "69": 0.9499999999997174, "70": 0.9499999999997353, "71": 0.5466490694804103, "72": 0.05000000000030158, "73": 0.5168845586089986, "74": 0.9499999999997938, "75": 0.9499999999998283, "76": 0.9499999999998395, "77": 0.05000000000074244, "78": 0.9499999999998463, "79": 0.9499999999997913, "80": 0.4944685867586448, "81": 0.05000000000072651, "82": 0.05000000000062998, "83": 0.050000000000360215, "84": 0.9499999999998073, "85": 0.05000000000032025, "86": 0.5039299711393614, "87": 0.9499999999995976, "88": 0.050000000000687085, "89": 0.9499999999996268, "90": 0.9499999999998587, "91": 0.05000000000028314, "92": 0.05000000000016694, "93": 0.050000000000448436, "94": 0.9499999999998197, "95": 0.050000000000267095, "96": 0.540504106512446, "97": 0.9499999999998068, "98": 0.05000000000052037, "99": 0.9499999999995455}, "2": {"0": 0.9499999999986914, "1": 0.949999999999207, "2": 0.4632548964856252, "3": 0.9499999999991813, "4": 0.4772797718190334, "5": 0.9499999999989157, "6": 0.050000000000077954, "7": 0.9499999999987656, "8": 0.05000000000021081, "9": 0.4754887521294185, "10": 0.429200760753623, "11": 0.3946458237849446, "12": 0.44434904667910713, "13": 0.05000000000014154, "14": 0.4730667582844203, "15": 0.4729148890257537, "16": 0.9499999999988809, "17": 0.44455138350202694, "18": 0.9499999999992683, "19": 0.9499999999991232, "20": 0.9499999999993878, "21": 0.9499999999987947, "22": 0.050000000000119615, "23": 0.9499999999990287, "24": 0.9499999999988573, "25": 0.3946458237849446, "26": 0.050000000000103344, "27": 0.5619820205029409, "28": 0.05000000000019822, "29": 0.9499999999995552, "30": 0.9499999999987974, "31": 0.5384922476843143, "32": 0.050000000000129094, "33": 0.4441467098561873, "34": 0.05000000000010886, "35": 0.9499999999990492, "36": 0.050000000000105405, "37": 0.9499999999989408, "38": 0.05000000000018004, "39": 0.47907079150864834, "40": 0.5659403245502148, "41": 0.050000000000112295, "42": 0.05000000000011348, "43": 0.05000000000014223, "44": 0.9499999999992389, "45": 0.4731933159999758, "46": 0.05000000000017836, "47": 0.46060651830789956, "48": 0.05000000000009373, "49": 0.050000000000149876, "50": 0.9499999999990553, "51": 0.45617860939442556, "52": 0.9499999999984006, "53": 0.9499999999994814, "54": 0.05000000000005562, "55": 0.9499999999994704, "56": 0.9499999999994286, "57": 0.050000000000134964, "58": 0.46060651830789956, "59": 0.050000000000161644, "60": 0.9499999999990736, "61": 0.9499999999993645, "62": 0.9499999999991752, "63": 0.05000000000019206, "64": 0.9499999999987656, "65": 0.05000000000016435, "66": 0.05000000000007494, "67": 0.5277194525925466, "68": 0.9499999999991393, "69": 0.9499999999995876, "70": 0.5619820205029409, "71": 0.9499999999989157, "72": 0.4772797718190334, "73": 0.9499999999991393, "74": 0.5277194525925466, "75": 0.44434904667910713, "76": 0.5384922476843143, "77": 0.4730667582844203, "78": 0.9499999999990926, "79": 0.45617860939442556, "80": 0.5659403245502148, "81": 0.050000000000067484, "82": 0.05000000000005981, "83": 0.9499999999995616, "84": 0.9499999999986277, "85": 0.050000000000120934, "86": 0.05000000000006047, "87": 0.05000000000009603, "88": 0.9499999999990553, "89": 0.9499999999989868, "90": 0.050000000000129094, "91": 0.05000000000016435, "92": 0.429200760753623, "93": 0.05000000000018004, "94": 0.05000000000008083, "95": 0.9499999999995463, "96": 0.05000000000011348, "97": 0.4729148890257537, "98": 0.9499999999990287, "99": 0.9499999999989868}, "3": {"0": 0.9499999999995303, "1": 0.050000000000179075,