{"0": {"0": 0.050000000280262226, "1": 0.05000000021074802, "2": 0.9499999994378248, "3": 0.9499999995044341, "4": 0.05000000018243426, "5": 0.050000000123877134, "6": 0.05000000012627871, "7": 0.05000000021659107, "8": 0.9499999995674515, "9": 0.0500000001491349, "10": 0.050000000210620725, "11": 0.9499999995720593, "12": 0.9499999997242841, "13": 0.050000000115399, "14": 0.5089252113675957, "15": 0.9499999994184968, "16": 0.9499999995720593, "17": 0.9499999994657506, "18": 0.05000000017043463, "19": 0.050000000132811855, "20": 0.05000000019646998, "21": 0.050000000074897945, "22": 0.05000000015571163, "23": 0.05000000012802208, "24": 0.9499999996072135, "25": 0.9499999994650783, "26": 0.9499999996003472, "27": 0.05000000025701931, "28": 0.05000000012000562, "29": 0.5089252113675957, "30": 0.050000000199291184, "31": 0.0500000002046036, "32": 0.9499999994650783, "33": 0.05000000010044845, "34": 0.9499999994026334, "35": 0.0500000002361044, "36": 0.05000000021510776, "37": 0.05000000020947207, "38": 0.5089252113675957, "39": 0.9499999997837257, "40": 0.050000000217278205, "41": 0.9499999996492321, "42": 0.050000000279293785, "43": 0.050000000151396586, "44": 0.05000000016478021, "45": 0.05000000018230977, "46": 0.05000000018941113, "47": 0.9499999993886261, "48": 0.9499999995873029, "49": 0.05000000006313936, "50": 0.05000000009432454, "51": 0.9499999997836961, "52": 0.050000000122515556, "53": 0.050000000167741906, "54": 0.9499999994378248, "55": 0.05000000016228836, "56": 0.05000000022564173, "57": 0.050000000128114355, "58": 0.05000000016170623, "59": 0.5089252113675957, "60": 0.050000000227623645, "61": 0.050000000077855815, "62": 0.05000000022564173, "63": 0.05000000012895987, "64": 0.05000000019945042, "65": 0.05000000006000281, "66": 0.05000000018542845, "67": 0.05000000023016551, "68": 0.050000000214007065, "69": 0.9499999995873029, "70": 0.050000000184942384, "71": 0.050000000202862244, "72": 0.9499999996460523, "73": 0.05000000008726456, "74": 0.05000000018315491, "75": 0.050000000097591674, "76": 0.05000000023590864, "77": 0.9499999995390318, "78": 0.05000000010531036, "79": 0.5089252113675957, "80": 0.9499999996890348, "81": 0.9499999998234313, "82": 0.050000000091217134, "83": 0.0500000001180522, "84": 0.05000000010554018, "85": 0.9499999995845119, "86": 0.05000000022793803, "87": 0.05000000011396902, "88": 0.050000000097591674, "89": 0.0500000000756983, "90": 0.9499999994378248, "91": 0.050000000085217315, "92": 0.050000000227623645, "93": 0.050000000115399, "94": 0.05000000009432454, "95": 0.9499999997922559, "96": 0.05000000018941113, "97": 0.050000000214007065, "98": 0.9499999996492321, "99": 0.9499999994378248}, "1": {"0": 0.9499999996670234, "1": 0.05000000116353191, "2": 0.9499999994798825, "3": 0.9499999993959023, "4": 0.05000000100232472, "5": 0.050000001053238534, "6": 0.050000000512687603, "7": 0.9499999993652983, "8": 0.05000000103218398, "9": 0.05000000097318416, "10": 0.05000000103500596, "11": 0.050000001377337934, "12": 0.05000000114594795, "13": 0.949999999506208, "14": 0.050000001160271326, "15": 0.9499999992949084, "16": 0.9499999992824749, "17": 0.050000001324900366, "18": 0.9499999996474542, "19": 0.9499999996301938, "20": 0.9499999996860036, "21": 0.9499999994609747, "22": 0.9499999993507378, "23": 0.05000000154609037, "24": 0.9499999994609747, "25": 0.9499999996668027, "26": 0.050000001481056405, "27": 0.050000000434123754, "28": 0.050000001236831945, "29": 0.05000000045667638, "30": 0.9499999993959023, "31": 0.05000000085059465, "32": 0.050000001377337934, "33": 0.050000001466453003, "34": 0.9499999993847734, "35": 0.9499999994306348, "36": 0.9499999998236497, "37": 0.05000000078961739, "38": 0.05000000120994372, "39": 0.5208367291437497, "40": 0.9499999994348013, "41": 0.949999999506208, "42": 0.9499999996412374, "43": 0.050000001316671906, "44": 0.9499999995851278, "45": 0.5208367291437497, "46": 0.050000000491735905, "47": 0.05000000107821513, "48": 0.05000000069070479, "49": 0.9499999996057991, "50": 0.050000001152533474, "51": 0.05000000072437277, "52": 0.050000001402482674, "53": 0.05000000059269285, "54": 0.05000000107821513, "55": 0.05000000096243533, "56": 0.05000000138747333, "57": 0.05000000100979564, "58": 0.4982160698808954, "59": 0.9499999996965703, "60": 0.9499999996845432, "61": 0.9499999997218875, "62": 0.050000001053238534, "63": 0.9499999995261612, "64": 0.050000001152533474, "65": 0.050000001203459266, "66": 0.9499999995559555, "67": 0.05000000107549222, "68": 0.05000000119856921, "69": 0.050000000580135665, "70": 0.05000000066245018, "71": 0.9499999998561837, "72": 0.5208367291437497, "73": 0.9499999995487187, "74": 0.05000000078961739, "75": 0.9499999996380228, "76": 0.050000001203459266, "77": 0.9499999996773426, "78": 0.9499999995385664, "79": 0.050000001466453003, "80": 0.05000000069373667, "81": 0.05000000066075608, "82": 0.9499999995559555, "83": 0.9499999995487187, "84": 0.050000000594371305, "85": 0.9499999996301938, "86": 0.9499999995438423, "87": 0.9499999995385664, "88": 0.05000000097318416, "89": 0.9499999997174007, "90": 0.050000000618415974, "91": 0.05000000051609199, "92": 0.9499999996380228, "93": 0.05000000154609037, "94": 0.05000000116353191, "95": 0.05000000107549222, "96": 0.4982160698808954, "97": 0.9499999996057991, "98": 0.05000000057297398, "99": 0.050000000297185654}, "2": {"0": 0.9499999996321056, "1": 0.050000000064914896, "2": 0.9499999996224038, "3": 0.9499999997072579, "4": 0.050000000082882065, "5": 0.050000000143956405, "6": 0.05000000009334986, "7": 0.05000000011406535, "8": 0.0500000000916941, "9": 0.05000000011071933, "10": 0.050000000089328894, "11": 0.9499999996352, "12": 0.9499999995487092, "13": 0.05000000012553624, "14": 0.9499999996152632, "15": 0.9499999996115758, "16": 0.9499999996720647, "17": 0.05000000005362308, "18": 0.05000000011662975, "19": 0.9499999998115938, "20": 0.9499999996529778, "21": 0.05000000009488931, "22": 0.050000000130319425, "23": 0.9499999995361259, "24": 0.9499999996527078, "25": 0.05000000008181913, "26": 0.949999999677837, "27": 0.9499999997092372, "28": 0.05000000007288036, "29": 0.050000000122071564, "30": 0.05000000010782417, "31": 0.05000000008031265, "32": 0.949999999642521, "33": 0.05000000011961358, "34": 0.9499999995282449, "35": 0.949999999819588, "36": 0.05000000008843796, "37": 0.9499999996287498, "38": 0.05000000008340432, "39": 0.9499999998176, "40": 0.949999999635576, "41": 0.05000000012952048, "42": 0.9499999995986977, "43": 0.050000000089328894, "44": 0.9499999995716027, "45": 0.9499999997924993, "46": 0.9499999998057879, "47": 0.05000000004170216, "48": 0.9499999996766595, "49": 0.0500000001235299, "50": 0.9499999995871768, "51": 0.05000000005095155, "52": 0.9499999998478441, "53": 0.9499999997532539, "54": 0.05000000012397392, "55": 0.05000000007213293, "56": 0.0500000001235299, "57": 0.9499999995282449, "58": 0.9499999994501404, "59": 0.05000000006198696, "60": 0.050000000082882065, "61": 0.9499999998094366, "62": 0.050000000130319425, "63": 0.9499999997486185, "64": 0.05000000009468845, "65": 0.9499999994501404, "66": 0.949999999827541, "67": 0.9499999996224038, "68": 0.050000000143956405, "69": 0.05000000010825105, "70": 0.9499999995881135, "71": 0.05000000014471093, "72": 0.9499999996290247, "73": 0.9499999997105952, "74": 0.0500000000754672, "75": 0.05000000012553624, "76": 0.050000000122071564, "77": 0.05000000008084522, "78": 0.9499999995948769, "79": 0.9499999995948769, "80": 0.9499999997105952, "81": 0.949999999719176, "82": 0.05000000011406535, "83": 0.05000000014471093, "84": 0.05000000008031265, "85": 0.05000000006385963, "86": 0.050000000036066465, "87": 0.05000000010970668, "88": 0.05000000011961358, "89": 0.949999999859588, "90": 0.9499999996625929, "91": 0.9499999997486185, "92": 0.050000000055359664, "93": 0.9499999997940567, "94": 0.05000000004042261, "95": 0.0500000000754672, "96": 0.9499999997092372, "97": 0.9499999998389185, "98": 0.9499999996766595, "99": 0.9499999997532539},