{"0": {"0": 0.500000011324566, "1": 0.07125357109806182, "2": 0.5000000139251219, "3": 0.07732512718823276, "4": 0.5000000176468904, "5": 0.07264657967130214, "6": 0.5000000091567306, "7": 0.5000000127819948, "8": 0.5000000158732051, "9": 0.5000000153551175, "10": 0.500000007324997, "11": 0.500000009463851, "12": 0.5000000125923287, "13": 0.5000000128309697, "14": 0.5000000102662292, "15": 0.5000000165513723, "16": 0.5000000074281163, "17": 0.5000000156219613, "18": 0.5000000146699515, "19": 0.5000000120311392, "20": 0.5000000084213041, "21": 0.5000000142524257, "22": 0.500000014018334, "23": 0.9046713011891776, "24": 0.5000000135718877, "25": 0.5000000105939211, "26": 0.5000000154697448, "27": 0.5000000092708196, "28": 0.5000000166707798, "29": 0.5000000144918121, "30": 0.5000000154697448, "31": 0.5000000138043381, "32": 0.5000000112076076, "33": 0.5000000130632749, "34": 0.5000000166707798, "35": 0.5000000171451234, "36": 0.5000000196434297, "37": 0.5000000072719415, "38": 0.5000000172054161, "39": 0.5000000075039421, "40": 0.5000000105184073, "41": 0.5000000091593712, "42": 0.5000000053180916, "43": 0.5000000127819948, "44": 0.5000000138879155, "45": 0.500000006561548, "46": 0.5000000072427819, "47": 0.5000000142166794, "48": 0.5000000148342707, "49": 0.5000000148549159, "50": 0.5000000074759644, "51": 0.5000000172054161, "52": 0.5000000155442186, "53": 0.5000000132215393, "54": 0.5000000115835275, "55": 0.07161994392050339, "56": 0.9064807018712928, "57": 0.5000000159640556, "58": 0.5000000123173463, "59": 0.5000000105184073, "60": 0.0727131541586862, "61": 0.5000000148342707, "62": 0.5000000066107697, "63": 0.5000000138043381, "64": 0.5000000120311392, "65": 0.5000000120064816, "66": 0.5000000055593327, "67": 0.5000000161788757, "68": 0.5000000138879155, "69": 0.500000015656654, "70": 0.500000015113081, "71": 0.5000000086234349, "72": 0.5000000122593274, "73": 0.5000000133367999, "74": 0.5000000135718877, "75": 0.9064807018712928, "76": 0.500000007009167, "77": 0.5000000061586731, "78": 0.07264657967130214, "79": 0.500000007828327, "80": 0.5000000045796855, "81": 0.07125357109806182, "82": 0.5000000143459586, "83": 0.5000000098621002, "84": 0.5000000090688932, "85": 0.5000000075554408, "86": 0.5000000120064816, "87": 0.5000000131603444, "88": 0.5000000130632749, "89": 0.5000000080894378, "90": 0.5000000140723572, "91": 0.5000000065801722, "92": 0.5000000115843941, "93": 0.5000000140981619, "94": 0.5000000128309697, "95": 0.5000000156219613, "96": 0.5000000139146775, "97": 0.5000000069573387, "98": 0.5000000159640556, "99": 0.5000000070361785}, "1": {"0": 0.49999999375755855, "1": 0.499999995059304, "2": 0.4999999915068151, "3": 0.4999999913163917, "4": 0.49999998940447615, "5": 0.499999986019966, "6": 0.4999999892097431, "7": 0.499999988344386, "8": 0.4999999941253315, "9": 0.49999998982324634, "10": 0.4999999899027666, "11": 0.49999999042942644, "12": 0.4999999945140901, "13": 0.49999999055284194, "14": 0.49999998920793587, "15": 0.4999999902001349, "16": 0.8793715193482001, "17": 0.4999999856818889, "18": 0.499999991227717, "19": 0.49999999182483995, "20": 0.49999998747189645, "21": 0.4999999903942371, "22": 0.49999999547379714, "23": 0.4999999914586042, "24": 0.49999999092081215, "25": 0.4999999899211983, "26": 0.49999999205424106, "27": 0.4999999913163917, "28": 0.49999999563376885, "29": 0.49999999112708604, "30": 0.4999999893988194, "31": 0.499999988010755, "32": 0.4999999914884895, "33": 0.4999999859000607, "34": 0.4999999850104641, "35": 0.07806933463244657, "36": 0.8793715193482001, "37": 0.4999999920602653, "38": 0.49999999159724745, "39": 0.49999999460487154, "40": 0.4999999931772104, "41": 0.4999999859407388, "42": 0.49999998991547373, "43": 0.4999999914974007, "44": 0.4999999914909271, "45": 0.4999999942129818, "46": 0.4999999930745466, "47": 0.49999999005571705, "48": 0.4999999925417773, "49": 0.4999999942129818, "50": 0.49999999019783015, "51": 0.49999999351473395, "52": 0.08188910844741876, "53": 0.49999999725423294, "54": 0.4999999925417773, "55": 0.499999991227717, "56": 0.49999999008366125, "57": 0.4999999914287072, "58": 0.49999998844704796, "59": 0.4999999859000607, "60": 0.4999999910649506, "61": 0.4999999944091936, "62": 0.499999993009983, "63": 0.4999999924283371, "64": 0.4999999924283371, "65": 0.49999998750320884, "66": 0.4999999914974007, "67": 0.0714166494152351, "68": 0.49999999248832566, "69": 0.4999999969305306, "70": 0.49999998940447615, "71": 0.4999999913674801, "72": 0.4999999914906711, "73": 0.4999999914884895, "74": 0.4999999966694898, "75": 0.49999999055284194, "76": 0.0714166494152351, "77": 0.49999998920793587, "78": 0.49999999005571705, "79": 0.49999999702183884, "80": 0.49999998991547373, "81": 0.4999999914586042, "82": 0.499999988010755, "83": 0.49999999019783015, "84": 0.49999999182483995, "85": 0.49999998841221055, "86": 0.4999999910649506, "87": 0.4999999930745466, "88": 0.4999999914287072, "89": 0.4999999915068151, "90": 0.4999999962441628, "91": 0.499999988344386, "92": 0.49999998825066305, "93": 0.4999999893988194, "94": 0.4999999899211983, "95": 0.07806933463244657, "96": 0.49999999008366125, "97": 0.4999999944091936, "98": 0.49999999205424106, "99": 0.4999999920602653}, "2": {"0": 0.5000000309131722, "1": 0.5000000505375924, "2": 0.500000047604134, "3": 0.5000000354293522, "4": 0.5000000216692824, "5": 0.5000000349288429, "6": 0.500000034648199, "7": 0.860742859036296, "8": 0.5000000339269867, "9": 0.04954655084879217, "10": 0.50000001970373, "11": 0.5000000505228778, "12": 0.500000029436461, "13": 0.5000000269772591, "14": 0.5000000432267977, "15": 0.5000000287386535, "16": 0.5000000320995628, "17": 0.5000000338354473, "18": 0.5000000340821047, "19": 0.50000002277269, "20": 0.5000000208301998, "21": 0.5000000345791554, "22": 0.5000000242742582, "23": 0.5000000338215361, "24": 0.5000000327607979, "25": 0.5000000359239453, "26": 0.5000000296299209, "27": 0.5000000269617482, "28": 0.5000000320995628, "29": 0.5000000151980561, "30": 0.5000000243126316, "31": 0.5000000214594837, "32": 0.5000000242390298, "33": 0.8607245143354338, "34": 0.5000000269617482, "35": 0.5000000108346412, "36": 0.500000034648199, "37": 0.5000000338215361, "38": 0.500000035843783, "39": 0.5000000206632029, "40": 0.5000000205171222, "41": 0.04954655084879217, "42": 0.5000000258022493, "43": 0.500000028349791, "44": 0.5000000469145034, "45": 0.5000000210003668, "46": 0.5000000294443291, "47": 0.5000000341108474, "48": 0.5000000295296219, "49": 0.5000000291890488, "50": 0.5000000242390298, "51": 0.8607795484380203, "52": 0.5000000313172117, "53": 0.500000034250711, "54": 0.5000000186647662, "55": 0.5000000310958778, "56": 0.5000000365226965, "57": 0.5000000179471097, "58": 0.5000000399971054, "59": 0.5000000453201925, "60": 0.5000000173494652, "61": 0.5000000311498565, "62": 0.5000000338354473, "63": 0.500000029436461, "64": 0.500000035843783, "65": 0.5000000147648109, "66": 0.5000000328207985, "67": 0.5000000287386535, "68": 0.5000000165191428, "69": 0.5000000368829837, "70": 0.5000000121371291, "71": 0.5000000248899619, "72": 0.5000000197402715, "73": 0.5000000340320923, "74": 0.8607245143354338, "75": 0.5000000275231055, "76": 0.5000000294099234, "77": 0.5000000302531302, "78": 0.5000000127733164, "79": 0.5000000299441099, "80": 0.5000000258022493, "81": 0.5000000155749282, "82": 0.5000000339268921, "83": 0.5000000365226965, "84": 0.5000000399971054, "85": 0.5000000171253556, "86": 0.5000000294099234, "87": 0.5000000155479389, "88": 0.5000000294443291, "89": 0.5000000190727489, "90": 0.5000000328207985, "91": 0.5000000208301998, "92": 0.5000000218757765, "93": 0.5000000165191428, "94": 0.8608529272414689, "95": 0.5000000340320923, "96": 0.500000028349791, "97": 0.8607061696345717, "98": 0.5000000179619726, "99": 0.5000000354293522}, "3": {"0": 0.49999998292075876, "1": 0.4999999844811668, "2": 0.4999999860246833, "3": 0.4999999893817193, "4": 0.4999999819868632, "5": 0.499999979465996, "6": 0.11052559954638458,