{"0": {"0": 0.500001142516464, "1": 0.9499938626398682, "2": 0.9499928865032423, "3": 0.500001568017449, "4": 0.500001048582492, "5": 0.278949057315131, "6": 0.5000007807203268, "7": 0.9499881802605272, "8": 0.5000011143639883, "9": 0.5000004737710788, "10": 0.050006714482396755, "11": 0.9499890040784299, "12": 0.5000014960397138, "13": 0.5000008556862727, "14": 0.5000013579349651, "15": 0.7224145786077154, "16": 0.5000013403892589, "17": 0.5000009088015809, "18": 0.5000010822223424, "19": 0.9499941650325023, "20": 0.9499884535275507, "21": 0.5000010822223424, "22": 0.5000004544007904, "23": 0.9499906830403022, "24": 0.735587897756631, "25": 0.5000013610486915, "26": 0.278949057315131, "27": 0.050006211378888304, "28": 0.9499911124697302, "29": 0.9499898313880991, "30": 0.500001084417061, "31": 0.9499908661240353, "32": 0.9499944806437026, "33": 0.5000005664343716, "34": 0.05000300610855331, "35": 0.5000009983030833, "36": 0.05000711232771243, "37": 0.9499886418265187, "38": 0.5000011365894997, "39": 0.050004395604461765, "40": 0.5000012601044492, "41": 0.05000385288900054, "42": 0.7426613918516918, "43": 0.05000476437532642, "44": 0.5000010746038113, "45": 0.050006501308936635, "46": 0.050004930871715494, "47": 0.5000013610486915, "48": 0.9499914848982682, "49": 0.9499923744956644, "50": 0.5000010968985007, "51": 0.05000611179799746, "52": 0.05000565135484257, "53": 0.9499962262531183, "54": 0.500000487285423, "55": 0.5000012024934088, "56": 0.500000569274305, "57": 0.9499970825162511, "58": 0.050004978969622305, "59": 0.05000578745919446, "60": 0.5000013591754214, "61": 0.949988895706446, "62": 0.05000476437532642, "63": 0.9499892797418338, "64": 0.2548885953084198, "65": 0.9499955562348651, "66": 0.5000013052857525, "67": 0.735587897756631, "68": 0.05000697117232571, "69": 0.5000009872939589, "70": 0.9499907670697523, "71": 0.9499899249147252, "72": 0.5000005217318038, "73": 0.050006438793341726, "74": 0.5000011208487675, "75": 0.735587897756631, "76": 0.5000011572804739, "77": 0.05000447269274615, "78": 0.05000578745919446, "79": 0.2548885953084198, "80": 0.5000004278431364, "81": 0.278949057315131, "82": 0.9499923744956644, "83": 0.5000010968985007, "84": 0.7224145786077154, "85": 0.05000525078668369, "86": 0.7426613918516918, "87": 0.500001048582492, "88": 0.05000335724119838, "89": 0.9499926789883715, "90": 0.5000014105841777, "91": 0.500000487285423, "92": 0.9499898313880991, "93": 0.05000525078668369, "94": 0.9499926789883715, "95": 0.05000611179799746, "96": 0.05000565135484257, "97": 0.7224145786077154, "98": 0.5000005604243838, "99": 0.5000013579349651}, "1": {"0": 0.9499974376826703, "1": 0.05001374373922171, "2": 0.9499971838005101, "3": 0.4999972637391369, "4": 0.49999739494117024, "5": 0.05001443552358696, "6": 0.05001458415015217, "7": 0.4999977616460661, "8": 0.050012215413775526, "9": 0.9499980874851155, "10": 0.49999706383960035, "11": 0.9499967927294996, "12": 0.4999979242062121, "13": 0.9499975487367458, "14": 0.05001282065998931, "15": 0.49999907900630314, "16": 0.49999777737866713, "17": 0.05001400354276543, "18": 0.49999777899445064, "19": 0.9499970179093329, "20": 0.26167562503521896, "21": 0.05000756015907458, "22": 0.49999734733553947, "23": 0.05000720245373448, "24": 0.4999972637391369, "25": 0.49999702244095146, "26": 0.05001357324915028, "27": 0.9499972116351088, "28": 0.25898511332627233, "29": 0.4999969435479281, "30": 0.9499972179327846, "31": 0.050006778970545646, "32": 0.49999897805510995, "33": 0.9499982895717722, "34": 0.050007384564445735, "35": 0.05000990166434595, "36": 0.949998463676111, "37": 0.49999779351840923, "38": 0.050013619748544756, "39": 0.9499974670799153, "40": 0.49999889801889763, "41": 0.9499976774137799, "42": 0.4999969435479281, "43": 0.49999702469287866, "44": 0.05000631368273926, "45": 0.9499973658387939, "46": 0.49999739494117024, "47": 0.4999973602754023, "48": 0.49999789379261717, "49": 0.4999973583964079, "50": 0.4999975492496914, "51": 0.05001288152096109, "52": 0.4999975888701993, "53": 0.49999706383960035, "54": 0.9499972844533966, "55": 0.9499988735092767, "56": 0.49999738470773325, "57": 0.9499972591673171, "58": 0.49999898529597864, "59": 0.49999735716995153, "60": 0.05001319054931889, "61": 0.9499972179327846, "62": 0.49999879443509965, "63": 0.9499982895717722, "64": 0.25898511332627233, "65": 0.9499971948801688, "66": 0.9499972591673171, "67": 0.05001157590199101, "68": 0.9499985733851518, "69": 0.9499977423793808, "70": 0.9499973658387939, "71": 0.9499976774137799, "72": 0.49999789379261717, "73": 0.49999847569413314, "74": 0.05000968257643352, "75": 0.949999051513873, "76": 0.4999973602754023, "77": 0.05001325013963608, "78": 0.05001319054931889, "79": 0.4999988894972253, "80": 0.4999979242062121, "81": 0.7191807704491749, "82": 0.49999831043440857, "83": 0.05000968257643352, "84": 0.05001400354276543, "85": 0.4999973011417096, "86": 0.49999763097398453, "87": 0.26167562503521896, "88": 0.4999978536311489, "89": 0.4999978536311489, "90": 0.9499974670799153, "91": 0.49999763097398453, "92": 0.7191807704491749, "93": 0.05001157590199101, "94": 0.4999986926067668, "95": 0.4999986926067668, "96": 0.9499974376826703, "97": 0.4999973583964079, "98": 0.9499985733851518, "99": 0.4999988967592046}, "2": {"0": 0.9499983107582862, "1": 0.500001433206767, "2": 0.9499982888594346, "3": 0.9499982100882919, "4": 0.9499982188693346, "5": 0.2930422501848958, "6": 0.05000602030349295, "7": 0.5000011555067612, "8": 0.7385235750839656, "9": 0.9499982470896804, "10": 0.05000518285715458, "11": 0.9499984659215424, "12": 0.9499979633489635, "13": 0.5000017002917867, "14": 0.5000016190216781, "15": 0.949998170403981, "16": 0.05000590863215769, "17": 0.5000017962812765, "18": 0.0500050556998715, "19": 0.9499991262240679, "20": 0.9499986686092514, "21": 0.25756981953671865, "22": 0.5000015383999666, "23": 0.5000012338183696, "24": 0.05000348367614417, "25": 0.500001564371938, "26": 0.2930422501848958, "27": 0.2815363435929582, "28": 0.500001502074874, "29": 0.5000017285298266, "30": 0.9499983107582862, "31": 0.5000015658657038, "32": 0.2786485817189374, "33": 0.2815363435929582, "34": 0.05000559732845214, "35": 0.05000639471178951, "36": 0.05000733743372833, "37": 0.5000014916967372, "38": 0.9499987990822447, "39": 0.5000013965952224, "40": 0.05000525147647006, "41": 0.25756981953671865, "42": 0.9499982888594346, "43": 0.9499982229390935, "44": 0.05000514693570993, "45": 0.050005802579473055, "46": 0.5000016199743991, "47": 0.9499993026501737, "48": 0.0500075855664406, "49": 0.050005226939130634, "50": 0.9499985216456102, "51": 0.9499981148401315, "52": 0.05000548202721014, "53": 0.9499984214654982, "54": 0.05000328568568098, "55": 0.05000655857977576, "56": 0.050003668716864166, "57": 0.5000017495751049, "58": 0.5000018953365033, "59": 0.0500052860247466, "60": 0.5000011562010074, "61": 0.5000018163689927, "62": 0.949998170403981, "63": 0.500001737401482, "64": 0.05000628607745382, "65": 0.500001502074874, "66": 0.7433139003991152, "67": 0.05000518285715458, "68": 0.5000016403039436, "69": 0.9499984659215424, "70": 0.9499985216456102, "71": 0.5000015790719858, "72": 0.7433139003991152, "73": 0.050005226939130634, "74": 0.9499993343046257, "75": 0.2815363435929582, "76": 0.05000559732845214, "77": 0.9499982229390935, "78": 0.05000602030349295, "79": 0.5000013706912342, "80": 0.5000006946135276, "81": 0.9499981148401315, "82": 0.5000011562010074, "83": 0.2786485817189374, "84": 0.7385235750839656, "85": 0.5000016190216781, "86": 0.05000525147647006, "87": 0.2930422501848958, "88": 0.9499982470896804, "89": 0.5000013482701067, "90": 0.5000015658657038, "91": 0.500001483447392, "92": 0.05000639471178951, "93": 0.05000628607745382, "94": 0.5000015383999666, "95": 0.5000018163689927, "96": 0.5000013194770766, "97": 0.7433139003991152, "98": 0.5000013194770766, "99": 0.500001564371938}, "3": {"0": 0.9499950614375673, "1": 0.5000045099323487, "2": 0.500002697955266, "3": 0.26578676995978184,