{"0": {"0": 0.42447606331221177, "1": 0.19244133293493998, "2": 0.2169745006315607, "3": 0.22964785599725435, "4": 0.22665318412009555, "5": 0.5138025370428867, "6": 0.5650355971384748, "7": 0.6012473058341165, "8": 0.5528568270999719, "9": 0.7378015374932642, "10": 0.6665137735662297, "11": 0.8835298694433362, "12": 0.46787075371813625, "13": 0.30783425049086605, "14": 0.03977669721198002, "15": 0.6665032651276269, "16": 0.698725975241838, "17": 0.8694764168498104, "18": 0.6303937551675729, "19": 0.9794500214955055, "20": 0.16836128464243372, "21": 0.16836128464243372, "22": 0.2244050520105766, "23": 0.19358817580588342, "24": 0.3501371769288082, "25": 0.9138493734813649, "26": 0.7378015374932642, "27": 0.6346956385976187, "28": 0.08769842391576466, "29": 0.2145444189114902, "30": 0.8274363734800554, "31": 0.8860444886964328, "32": 0.3501371769288082, "33": 0.5933600248812141, "34": 0.3608479896625366, "35": 0.6012473058341165, "36": 0.19244133293493998, "37": 0.8694764168498101, "38": 0.698725975241838, "39": 0.6664927566890242, "40": 0.40993707346616187, "41": 0.8274363734800554, "42": 0.6812030119113291, "43": 0.4741387907519171, "44": 0.9138493734813649, "45": 0.3608479896625366, "46": 0.6346956385976187, "47": 0.6346956385976187, "48": 0.8661101880901945, "49": 0.4741387907519171, "50": 0.8274363734800554, "51": 0.46787075371813625, "52": 0.5965141832447625, "53": 0.8835298694433362, "54": 0.22964785599725435, "55": 0.4231747347364969, "56": 0.8694764168498104, "57": 0.7244627534907995, "58": 0.7335578921283843, "59": 0.22665318412009555, "60": 0.41655590410132937, "61": 0.24738619565725448, "62": 0.8274363734800554, "63": 0.5965141832447625, "64": 0.6665032651276269, "65": 0.5528568270999719, "66": 0.5933600248812141, "67": 0.9138493734813649, "68": 0.6812030119113291, "69": 0.7335578921283843, "70": 0.8860444886964328, "71": 0.2169745006315607, "72": 0.6970068929119854, "73": 0.5120373076958398, "74": 0.7244627534907995, "75": 0.2243425306669351, "76": 0.6303937551675729, "77": 0.41655590410132937, "78": 0.03977669721198002, "79": 0.5138025370428867, "80": 0.10775701353543139, "81": 0.10775701353543139, "82": 0.8661101880901945, "83": 0.9794500214955055, "84": 0.2145444189114902, "85": 0.24738619565725448, "86": 0.7335578921283843, "87": 0.6346956385976187, "88": 0.42447606331221177, "89": 0.5650355971384748, "90": 0.30783425049086605, "91": 0.2243425306669351, "92": 0.16693065074179214, "93": 0.5933600248812141, "94": 0.08769842391576466, "95": 0.16693065074179214, "96": 0.19358817580588342, "97": 0.6970068929119854, "98": 0.7335578921283843, "99": 0.30783425049086605}, "1": {"0": 0.336993874669108, "1": 0.32321009601640127, "2": 0.7039209990683761, "3": 0.2588938964708478, "4": 0.4422516330515575, "5": 0.3868857782377984, "6": 0.8381403089783579, "7": 0.8193283264789647, "8": 0.4411147638409403, "9": 0.27578555635174784, "10": 0.31199027881327246, "11": 0.25610028879057145, "12": 0.31196004964575674, "13": 0.16244806522331795, "14": 0.16145735299478753, "15": 0.25738346622089436, "16": 0.2898893367017604, "17": 0.336993874669108, "18": 0.7024244144389815, "19": 0.7039209990683761, "20": 0.16145735582923254, "21": 0.8673001235464807, "22": 0.2773704859307815, "23": 0.8381403089783579, "24": 0.4422516330515575, "25": 0.22735437457661023, "26": 0.336993874669108, "27": 0.2773704859307815, "28": 0.6764964254783192, "29": 0.25738346622089436, "30": 0.8985931985648651, "31": 0.336993874669108, "32": 0.7853555361099769, "33": 0.3777218947396762, "34": 0.5285508948735644, "35": 0.5117208532279564, "36": 0.07683784566355953, "37": 0.07683784566355953, "38": 0.5999604308910802, "39": 0.2898893367025361, "40": 0.7471113939152396, "41": 0.9147421714609001, "42": 0.7611663343982376, "43": 0.7024244144389815, "44": 0.8309214313952136, "45": 0.49090465562970553, "46": 0.03691203548156635, "47": 0.8045788927257802, "48": 0.3853277648694342, "49": 0.3777218947396762, "50": 0.8751345047152148, "51": 0.8751345047152148, "52": 0.9147421714609001, "53": 0.19549580794238552, "54": 0.5999604308910802, "55": 0.32321009601640127, "56": 0.06713243693249576, "57": 0.49090465562970553, "58": 0.7611663343982376, "59": 0.8985931985648651, "60": 0.3868857782377984, "61": 0.16145735582923254, "62": 0.9147421714609001, "63": 0.44567821614130104, "64": 0.27578555635174784, "65": 0.7263859118108023, "66": 0.7668326297820749, "67": 0.8751345047152148, "68": 0.7668326297820749, "69": 0.4411147638409403, "70": 0.5285508948735644, "71": 0.44987220745266454, "72": 0.5117208532279564, "73": 0.7330768138817922, "74": 0.8045788927257802, "75": 0.3853277648694342, "76": 0.19549580794238552, "77": 0.6275401313489297, "78": 0.16244806522331795, "79": 0.03691203548156635, "80": 0.31196004964575674, "81": 0.6764964254783192, "82": 0.8193283264789647, "83": 0.6275401313489297, "84": 0.7471107386548899, "85": 0.861062861605578, "86": 0.8673001235464807, "87": 0.8309214313952136, "88": 0.25610028879057145, "89": 0.44987220745266454, "90": 0.2596491116236904, "91": 0.861062861605578, "92": 0.22735437457661023, "93": 0.2596491116236904, "94": 0.7853555361099769, "95": 0.2898893367025361, "96": 0.7330768138817922, "97": 0.7471113939152396, "98": 0.7263859118108023, "99": 0.06713243693249576}, "2": {"0": 0.21738538250781686, "1": 0.023382074334132447, "2": 0.21738538250781686, "3": 0.294508137967079, "4": 0.37803183961492204, "5": 0.12114668148836452, "6": 0.24868931412099077, "7": 0.8378720879675848, "8": 0.8324168924360895, "9": 0.16677801046468443, "10": 0.4203060829601276, "11": 0.25960594353684097, "12": 0.21738538250781686, "13": 0.023382074334132447, "14": 0.3520583397367266, "15": 0.4639197753503051, "16": 0.848549760761288, "17": 0.8332956314427618, "18": 0.4652312762309587, "19": 0.8324168924360895, "20": 0.17568074996075567, "21": 0.5204376617471931, "22": 0.1578752709686132, "23": 0.16677801046468443, "24": 0.24868931412099077, "25": 0.17920247441670217, "26": 0.4652312762309587, "27": 0.4319642058738017, "28": 0.3520583397367458, "29": 0.4639197753503051, "30": 0.8485434427988803, "31": 0.8206336697572144, "32": 0.8206336697572144, "33": 0.4723788008926947, "34": 0.17568074996075567, "35": 0.83996556545394, "36": 0.3520583397367458, "37": 0.8387664281316147, "38": 0.25960594353684097, "39": 0.17568074996075567, "40": 0.23925281152876132, "41": 0.28152600043286546, "42": 0.32622482150421817, "43": 0.577258073050847, "44": 0.4955357246638368, "45": 0.8471676956031526, "46": 0.577258073050847, "47": 0.5204376617471931, "48": 0.2675824767448509, "49": 0.37803183961492204, "50": 0.12887920878060755, "51": 0.8475736762259798, "52": 0.23925281152876132, "53": 0.2675824767448509, "54": 0.21111358078054662, "55": 0.12114668148836452, "56": 0.4649472345371555, "57": 0.46541964082317855, "58": 0.8393469707415728, "59": 0.847316891497235, "60": 0.8322624615781413, "61": 0.8378720879675848, "62": 0.28152600043286546, "63": 0.33969585774007627, "64": 0.3520583397367164, "65": 0.84716606425259, "66": 0.8466530025812582, "67": 0.862904162808593, "68": 0.46447482825113245, "69": 0.33969585774007627, "70": 0.847316891497235, "71": 0.3520583397367266, "72": 0.5204376617471931, "73": 0.21111358078054662, "74": 0.28152600043286546, "75": 0.6047000844135675, "76": 0.83996556545394, "77": 0.4649472345371555, "78": 0.32622482150421817, "79": 0.862904162808593, "80": 0.6047000844135675, "81": 0.4797913572102132, "82": 0.4797913572102132, "83": 0.12887920878060755, "84": 0.023382074334132447, "85": 0.1578752709686132, "86": 0.8387664281316147, "87": 0.4723788008926947, "88": 0.4319642058738017, "89": 0.8466617541393282, "90": 0.8471676956031526, "91": 0.17920247441662274, "92": 0.8485434427988803, "93": 0.25960594353684097, "94": 0.4955357246638368, "95": 0.4203060829601276, "96": 0.294508137967079, "97": 0.8393469707415728, "98": 0.17920247441670217, "99": 0.8466617541393282}, "3": {"0": 0.6020020772923353, "1": 0.16555155615794054, "2": 0.8284276354634279, "3": 0.8284276354634279,