{"0": {"0": 0.3130684592211769, "1": 0.3630356166403301, "2": 0.8343613248140511, "3": 0.5639224454181204, "4": 0.1632921392263948, "5": 0.5473651462295519, "6": 0.34556184995596273, "7": 0.9645130202611252, "8": 0.3130684592211769, "9": 0.7173738711471183, "10": 0.3550011622206155, "11": 0.34556184995596273, "12": 0.7852539910139338, "13": 0.8462160738590634, "14": 0.7065450046125783, "15": 0.26981668123098146, "16": 0.43937037440947496, "17": 0.3406667263536389, "18": 0.40791354179430345, "19": 0.30054213023411186, "20": 0.8343613248140511, "21": 0.03886829594564567, "22": 0.5473651462295519, "23": 0.023098627274574235, "24": 0.30054213023411186, "25": 0.023098627274574235, "26": 0.0573357078354563, "27": 0.28801400417102374, "28": 0.4875117604018343, "29": 0.4875117604018343, "30": 0.3130684592211769, "31": 0.6558519854588863, "32": 0.3630356166403301, "33": 0.6030894339264035, "34": 0.9238188787537245, "35": 0.3550011622206155, "36": 0.2105566233733988, "37": 0.8998057685830494, "38": 0.7139832531334469, "39": 0.12170496610159331, "40": 0.0573357078354563, "41": 0.14542975446759818, "42": 0.8718226505746599, "43": 0.9272744737103056, "44": 0.99426650047296, "45": 0.03886829594564567, "46": 0.26981668123098146, "47": 0.6030894339264035, "48": 0.6135960465658958, "49": 0.6373698300901061, "50": 0.2105566233733988, "51": 0.7044661814317026, "52": 0.14542975446759818, "53": 0.8462160738590634, "54": 0.4704843346815888, "55": 0.8841646918949657, "56": 0.8718226505746599, "57": 0.12170496610159331, "58": 0.43937037440947496, "59": 0.2209759108180236, "60": 0.04526705296809638, "61": 0.1632921392263948, "62": 0.8998057685830494, "63": 0.11360331378115113, "64": 0.3574021937874951, "65": 0.7852539910139338, "66": 0.4875117604018343, "67": 0.8718226505746599, "68": 0.34556184995596273, "69": 0.9272744737103056, "70": 0.3550011622206155, "71": 0.417204265775457, "72": 0.6135960465658958, "73": 0.8718226505746599, "74": 0.4704843346815888, "75": 0.1632921392263948, "76": 0.3574021937874951, "77": 0.8841646918949657, "78": 0.40791354179430345, "79": 0.5639224454181204, "80": 0.6135960465658958, "81": 0.9645130202611252, "82": 0.7139832531334469, "83": 0.7173738711471183, "84": 0.18695279666787507, "85": 0.3406667263536389, "86": 0.99426650047296, "87": 0.9238188787537245, "88": 0.6373698300901061, "89": 0.04526705296809638, "90": 0.7044661814317026, "91": 0.6558519854588863, "92": 0.2209759108180236, "93": 0.7065450046125783, "94": 0.11360331378115113, "95": 0.18695279666787507, "96": 0.28801400417102374, "97": 0.5473651462295519, "98": 0.8841646918949657, "99": 0.417204265775457}, "1": {"0": 0.3765622330965793, "1": 0.40670189949264807, "2": 0.8994879531136166, "3": 0.6431853332598975, "4": 0.927689357417357, "5": 0.04791728487463057, "6": 0.927689357417357, "7": 0.6431853332598975, "8": 0.3978355614865624, "9": 0.015928970453014224, "10": 0.18824193983275747, "11": 0.025638098523545677, "12": 0.7804588824284486, "13": 0.11888978336919395, "14": 0.659026983445836, "15": 0.14761381286210112, "16": 0.7627369435993969, "17": 0.7804588824284486, "18": 0.27248570120236715, "19": 0.308020578831668, "20": 0.16415174153725445, "21": 0.18824193983275747, "22": 0.015928970453014224, "23": 0.4974394406473691, "24": 0.8446856525040816, "25": 0.9581711472379011, "26": 0.8994879531136166, "27": 0.2713394670860334, "28": 0.40230656037292, "29": 0.1806572356437662, "30": 0.11888978336919395, "31": 0.5159534411731594, "32": 0.3920938291465223, "33": 0.8096995266454758, "34": 0.659026983445836, "35": 0.3920938291465223, "36": 0.17759333813745348, "37": 0.3765622330965793, "38": 0.7256460905917048, "39": 0.7804588824284486, "40": 0.5617028681731906, "41": 0.27248570120236715, "42": 0.6377086152614316, "43": 0.451406283436825, "44": 0.8096995266454758, "45": 0.3874335514222877, "46": 0.9581711472379011, "47": 0.1806572356437662, "48": 0.11888978336919395, "49": 0.6377086152614316, "50": 0.10961119541064583, "51": 0.4974394406473691, "52": 0.6127630989519376, "53": 0.06749965018886533, "54": 0.6904862093529344, "55": 0.1424902977335529, "56": 0.8446856525040816, "57": 0.8096995266454758, "58": 0.7627369435993969, "59": 0.3874335514222877, "60": 0.927689357417357, "61": 0.04791728487463057, "62": 0.40670189949264807, "63": 0.40230656037292, "64": 0.27248570120236715, "65": 0.1476138127256178, "66": 0.5617028681731906, "67": 0.10961119541064583, "68": 0.9196169181437571, "69": 0.9767202744595906, "70": 0.927689357417357, "71": 0.40230656037292, "72": 0.738808699893818, "73": 0.308020578831668, "74": 0.6904862093529344, "75": 0.3978355614865624, "76": 0.9196169181437571, "77": 0.7410618769688276, "78": 0.6127630989519376, "79": 0.582251743274167, "80": 0.9767202744595906, "81": 0.308020578831668, "82": 0.025638098523545677, "83": 0.7256460905917048, "84": 0.8446856525040816, "85": 0.14761381285248493, "86": 0.2713394670860334, "87": 0.1424902977335529, "88": 0.7256460905917048, "89": 0.1476138127256178, "90": 0.451406283436825, "91": 0.17759333813745348, "92": 0.16415174153725445, "93": 0.5159534411731594, "94": 0.7410618769688276, "95": 0.582251743274167, "96": 0.06749965018886533, "97": 0.738808699893818, "98": 0.8994879531136166, "99": 0.7627369435993969}, "2": {"0": 0.9599115872864763, "1": 0.13031497972641792, "2": 0.8551432829822343, "3": 0.9116067716825818, "4": 0.9133889444975793, "5": 0.614186242921509, "6": 0.361390775291392, "7": 0.709400742585544, "8": 0.43786719390132195, "9": 0.06043536595493061, "10": 0.043599619327719705, "11": 0.07216694282053739, "12": 0.2432265009323364, "13": 0.2432265009323364, "14": 0.7423665562845547, "15": 0.781642813206965, "16": 0.2022446958197971, "17": 0.19474284286181198, "18": 0.6340125157919736, "19": 0.4094610503426044, "20": 0.6466302862296267, "21": 0.13031497972641792, "22": 0.03295306600379444, "23": 0.6340125157919736, "24": 0.5702484707912916, "25": 0.16297562804583388, "26": 0.007930796250268324, "27": 0.4517601964736362, "28": 0.09392793567765298, "29": 0.2105001047409886, "30": 0.28380848469758313, "31": 0.03295306600379444, "32": 0.781642813206965, "33": 0.46632974835054575, "34": 0.46632974835054575, "35": 0.9116067716825818, "36": 0.43646711327413346, "37": 0.07216694282053739, "38": 0.28380848469758313, "39": 0.5669748220788215, "40": 0.3399334937753863, "41": 0.43646711327413346, "42": 0.2666578023236093, "43": 0.9924212542199304, "44": 0.06043536595493061, "45": 0.9924212542199304, "46": 0.2022446958197971, "47": 0.5702484707912916, "48": 0.5779772102970595, "49": 0.28690945538328433, "50": 0.29554683735168963, "51": 0.08876841045461864, "52": 0.7423665562845547, "53": 0.09392793567765298, "54": 0.2666578023236093, "55": 0.4936062686206298, "56": 0.6466302862296267, "57": 0.8930417128563606, "58": 0.781642813206965, "59": 0.16297562804583388, "60": 0.4517601964736362, "61": 0.7988262518098197, "62": 0.8123140601936278, "63": 0.361390775291392, "64": 0.2432265009323364, "65": 0.818836799705208, "66": 0.614186242921509, "67": 0.8123140601936278, "68": 0.29554683735168963, "69": 0.8930417128563606, "70": 0.9471474506688793, "71": 0.5669748220788215, "72": 0.9207158392904364, "73": 0.709400742585544, "74": 0.8551432829822343, "75": 0.43786719390132195, "76": 0.5702484707912916, "77": 0.08876841045461864, "78": 0.5779772102970595, "79": 0.4936062686206298, "80": 0.709400742585544, "81": 0.4094610503426044, "82": 0.28690945538328433, "83": 0.2105001047409886, "84": 0.9599115872864763, "85": 0.13031497972641792, "86": 0.19474284286181198, "87": 0.9924212542199304, "88": 0.9207158392904364, "89": 0.9471474506688793, "90": 0.9133889444975793, "91": 0.3399334937753863, "92": 0.9207158392904364, "93": 0.7988262518098197, "94": 0.007930796250268324, "95": 0.614186242921509, "96": 0.5779772102970595, "97": 0.043599619327719705, "98": 0.818836799705208, "99": 0.6466302862296267}, "3": {"0": 0.7451550035959567, "1": 0.29380173188058845, "2": 0.5919134447900934, "3": 0.3755557058707121, "4": 0.8413395321833055,