{"0": {"0": 0.4999999999982102, "1": 0.05000000005850953, "2": 0.49999999999803907, "3": 0.499999999996359, "4": 0.949999999758226, "5": 0.4999999999957162, "6": 0.49999999999652767, "7": 0.9499999997420223, "8": 0.050000000038235654, "9": 0.4999999999959084, "10": 0.9499999997013513, "11": 0.49999999999517636, "12": 0.05000000006189488, "13": 0.9499999998479167, "14": 0.9499999997173201, "15": 0.49999999999501576, "16": 0.9499999997987193, "17": 0.4999999999976067, "18": 0.050000000079130705, "19": 0.4999999999950527, "20": 0.4999999999974919, "21": 0.49999999999902517, "22": 0.05000000007277977, "23": 0.9499999996866828, "24": 0.9499999998000825, "25": 0.4999999999966988, "26": 0.05000000007350114, "27": 0.9499999998010071, "28": 0.49999999999585726, "29": 0.050000000068351244, "30": 0.9499999997897632, "31": 0.9499999997771653, "32": 0.49999999999503686, "33": 0.4999999999955798, "34": 0.49999999999612055, "35": 0.05000000009198811, "36": 0.49999999999728806, "37": 0.49999999999606193, "38": 0.9499999997173201, "39": 0.05000000007577517, "40": 0.949999999764067, "41": 0.05000000006289658, "42": 0.050000000080515264, "43": 0.05000000008415748, "44": 0.4999999999983251, "45": 0.49999999999533756, "46": 0.4999999999977899, "47": 0.9499999997425426, "48": 0.9499999997840871, "49": 0.4999999999958543, "50": 0.4999999999958543, "51": 0.05000000004025763, "52": 0.9499999998479167, "53": 0.49999999999654443, "54": 0.05000000003999633, "55": 0.050000000068351244, "56": 0.4999999999966988, "57": 0.9499999998885826, "58": 0.949999999745812, "59": 0.9499999997084069, "60": 0.05000000003675057, "61": 0.4999999999982931, "62": 0.499999999996594, "63": 0.49999999999611655, "64": 0.49999999999615696, "65": 0.949999999745812, "66": 0.949999999758226, "67": 0.49999999999660155, "68": 0.4999999999973028, "69": 0.05000000003043742, "70": 0.050000000042078746, "71": 0.49999999999585726, "72": 0.05000000004289736, "73": 0.49999999999728806, "74": 0.9499999997897632, "75": 0.9499999998000825, "76": 0.05000000003638989, "77": 0.05000000009198811, "78": 0.9499999997225959, "79": 0.49999999999683564, "80": 0.0500000001026618, "81": 0.499999999996359, "82": 0.050000000019998166, "83": 0.9499999997766783, "84": 0.05000000003094744, "85": 0.9499999997987193, "86": 0.9499999999005035, "87": 0.9499999997420223, "88": 0.9499999997425426, "89": 0.49999999999615696, "90": 0.9499999997840871, "91": 0.4999999999979542, "92": 0.4999999999975263, "93": 0.49999999999503686, "94": 0.9499999997845702, "95": 0.9499999997845702, "96": 0.05000000006289658, "97": 0.49999999999683564, "98": 0.499999999996594, "99": 0.05000000007577517}, "1": {"0": 0.9499999999280047, "1": 0.9499999999829656, "2": 0.5000000000307431, "3": 0.9499999999321536, "4": 0.05000000032716137, "5": 0.500000000024075, "6": 0.0500000001966923, "7": 0.9499999999265034, "8": 0.5000000000379532, "9": 0.050000000399372406, "10": 0.050000000389962634, "11": 0.5000000000288176, "12": 0.5000000000289317, "13": 0.9499999999415872, "14": 0.9499999999413073, "15": 0.050000000418384066, "16": 0.050000000311711146, "17": 0.05000000040918692, "18": 0.050000000344393676, "19": 0.5000000000246556, "20": 0.5000000000308433, "21": 0.94999999996072, "22": 0.5000000000250582, "23": 0.5000000000372602, "24": 0.5000000000203835, "25": 0.0500000004132968, "26": 0.05000000043048619, "27": 0.5000000000338952, "28": 0.5000000000372602, "29": 0.5000000000270566, "30": 0.50000000001685, "31": 0.05000000027877859, "32": 0.5000000000378708, "33": 0.05000000017802676, "34": 0.050000000433278555, "35": 0.9499999999315323, "36": 0.0500000001996862, "37": 0.5000000000154963, "38": 0.05000000034806418, "39": 0.9499999999128186, "40": 0.5000000000301041, "41": 0.5000000000098372, "42": 0.9499999999470986, "43": 0.5000000000294664, "44": 0.5000000000170504, "45": 0.9499999999548265, "46": 0.050000000171535386, "47": 0.5000000000370801, "48": 0.05000000027399898, "49": 0.5000000000308433, "50": 0.5000000000120375, "51": 0.5000000000169476, "52": 0.5000000000121391, "53": 0.500000000025678, "54": 0.5000000000351567, "55": 0.05000000017403209, "56": 0.5000000000079534, "57": 0.9499999999254984, "58": 0.9499999999386197, "59": 0.9499999999264765, "60": 0.5000000000187523, "61": 0.5000000000139488, "62": 0.05000000043604856, "63": 0.05000000030000285, "64": 0.5000000000292092, "65": 0.5000000000370801, "66": 0.05000000031974755, "67": 0.0500000002347491, "68": 0.5000000000086161, "69": 0.5000000000379532, "70": 0.05000000012941212, "71": 0.9499999999718428, "72": 0.9499999999303951, "73": 0.9499999999343857, "74": 0.9499999999374495, "75": 0.949999999944889, "76": 0.5000000000135283, "77": 0.5000000000250582, "78": 0.05000000027399898, "79": 0.9499999999386197, "80": 0.949999999944889, "81": 0.9499999999280047, "82": 0.050000000418384066, "83": 0.05000000011737455, "84": 0.05000000015005529, "85": 0.9499999999659748, "86": 0.050000000309929064, "87": 0.9499999999254984, "88": 0.5000000000170619, "89": 0.5000000000146045, "90": 0.5000000000358797, "91": 0.5000000000179399, "92": 0.500000000008425, "93": 0.500000000025678, "94": 0.9499999999735493, "95": 0.9499999999548265, "96": 0.5000000000351567, "97": 0.05000000032716137, "98": 0.05000000030000285, "99": 0.9499999999265034}, "2": {"0": 0.05000000012156812, "1": 0.9499999997400158, "2": 0.05000000009837008, "3": 0.050000000189627976, "4": 0.5000000001728455, "5": 0.9499999995249748, "6": 0.5000000002763305, "7": 0.9499999995657673, "8": 0.5000000002188454, "9": 0.05000000019725793, "10": 0.050000000156194616, "11": 0.9499999997786903, "12": 0.05000000010747305, "13": 0.5000000001804388, "14": 0.9499999998274838, "15": 0.5000000001793734, "16": 0.949999999742543, "17": 0.5000000001555411, "18": 0.5000000002395123, "19": 0.9499999995738, "20": 0.050000000115124815, "21": 0.5000000002128044, "22": 0.5000000002521248, "23": 0.9499999997563808, "24": 0.5000000002172453, "25": 0.5000000001896917, "26": 0.9499999997766264, "27": 0.5000000001605361, "28": 0.9499999997466699, "29": 0.05000000018168038, "30": 0.9499999998768099, "31": 0.0500000002070114, "32": 0.5000000002204598, "33": 0.5000000000772663, "34": 0.9499999995457423, "35": 0.05000000012712605, "36": 0.5000000001800184, "37": 0.50000000019618, "38": 0.500000000174808, "39": 0.9499999997728712, "40": 0.5000000001710866, "41": 0.5000000001740159, "42": 0.5000000001967781, "43": 0.5000000001790326, "44": 0.5000000002302613, "45": 0.5000000001967196, "46": 0.05000000013901866, "47": 0.05000000010963011, "48": 0.5000000002016916, "49": 0.5000000002190748, "50": 0.05000000021603018, "51": 0.05000000015076296, "52": 0.5000000001507061, "53": 0.5000000001452849, "54": 0.5000000001931137, "55": 0.0500000001542821, "56": 0.9499999996590995, "57": 0.5000000001387976, "58": 0.05000000009084019, "59": 0.500000000148757, "60": 0.5000000002302177, "61": 0.5000000000743785, "62": 0.05000000010963011, "63": 0.05000000012712605, "64": 0.5000000001687478, "65": 0.050000000074614054, "66": 0.5000000001713818, "67": 0.9499999995657673, "68": 0.050000000140316095, "69": 0.050000000160191876, "70": 0.500000000194985, "71": 0.5000000001728455, "72": 0.05000000010801509, "73": 0.5000000001710866, "74": 0.5000000001748426, "75": 0.05000000009862897, "76": 0.9499999997563808, "77": 0.9499999998883132, "78": 0.5000000002141249, "79": 0.5000000001790326, "80": 0.5000000002075641, "81": 0.5000000002188454, "82": 0.5000000002172453, "83": 0.5000000001804388, "84": 0.5000000001095374, "85": 0.05000000023435505, "86": 0.05000000015076296, "87": 0.5000000001164421, "88": 0.5000000002141249, "89": 0.5000000001774805, "90": 0.500000000154778, "91": 0.5000000001713818, "92": 0.05000000009481399, "93": 0.5000000001967196, "94": 0.9499999997400158, "95": 0.50000000009809, "96": 0.050000000115124815, "97": 0.05000000013901866, "98": 0.5000000002128044, "99": 0.5000000001800184}, "3": {"0": 0.5000000000170786, "1": 0.5000000000253544, "2": 0.5000000000321818, "3": 0.9499999999451338,