{"0": {"0": 0.050456116267174334, "1": 0.0509131542293745, "2": 0.9450046619810173, "3": 0.05068254392494215, "4": 0.9493794433463114, "5": 0.05134819884817408, "6": 0.05028818767916504, "7": 0.050798214473441516, "8": 0.054783707473200015, "9": 0.051816444887211835, "10": 0.9496672071527925, "11": 0.052398591034527514, "12": 0.05029931374421143, "13": 0.9477209826824079, "14": 0.05035556184390183, "15": 0.05292931876360474, "16": 0.5075395978308884, "17": 0.050659650817904064, "18": 0.051831240244517574, "19": 0.050214275840927164, "20": 0.05050737482692753, "21": 0.050798214473441516, "22": 0.05239716415361905, "23": 0.9488263806983126, "24": 0.05027274625815785, "25": 0.4832034560751993, "26": 0.054783707473200015, "27": 0.05011830379886517, "28": 0.948223919961795, "29": 0.05029931374421143, "30": 0.9497912795702529, "31": 0.05076310610632416, "32": 0.948919616501867, "33": 0.9492912946366137, "34": 0.05066447248676581, "35": 0.9497508775062464, "36": 0.05031463402958869, "37": 0.05050737482692753, "38": 0.9492967846643943, "39": 0.9498216396819957, "40": 0.9450046619810173, "41": 0.050677597064384836, "42": 0.949695869544048, "43": 0.05065190386202966, "44": 0.5075395978308884, "45": 0.05063603123920951, "46": 0.050209150411468534, "47": 0.050672650203827524, "48": 0.05131857047366018, "49": 0.46591885045948817, "50": 0.05019874688745097, "51": 0.9450046619810173, "52": 0.46591885045948817, "53": 0.9490545847763534, "54": 0.9477209826824079, "55": 0.05019874688745097, "56": 0.5075395978308884, "57": 0.9487508907348066, "58": 0.9498499434978622, "59": 0.9493754486226013, "60": 0.5385034743439945, "61": 0.948223919961795, "62": 0.9492967846643943, "63": 0.051345125159575976, "64": 0.9496590289925493, "65": 0.05142498088548454, "66": 0.052398591034527514, "67": 0.9496567282533582, "68": 0.05011830379886517, "69": 0.05092156968143209, "70": 0.05131857047366018, "71": 0.9496590289925493, "72": 0.05092156968143209, "73": 0.9497912795702529, "74": 0.05324586586845147, "75": 0.9476113820760106, "76": 0.948919616501867, "77": 0.05027274625815785, "78": 0.05142498088548454, "79": 0.949059809690805, "80": 0.05324586586845147, "81": 0.9499108198409978, "82": 0.9493754486226013, "83": 0.050214275840927164, "84": 0.05076310610632416, "85": 0.050456116267174334, "86": 0.051345125159575976, "87": 0.4832034560751993, "88": 0.051831240244517574, "89": 0.05031463402958869, "90": 0.05239716415361905, "91": 0.5385034743439945, "92": 0.9476113820760106, "93": 0.5075395978308884, "94": 0.05292931876360474, "95": 0.050329825408952034, "96": 0.949059809690805, "97": 0.9488263806983126, "98": 0.9450046619810173, "99": 0.9498499434978622}, "1": {"0": 0.05189248871112001, "1": 0.9493841733121252, "2": 0.5148320387833136, "3": 0.05238443558237477, "4": 0.9476471390159449, "5": 0.05395770059689225, "6": 0.5049342287684123, "7": 0.05112688731452203, "8": 0.051940992104451064, "9": 0.0517647330219651, "10": 0.051940992104451064, "11": 0.9435566258483684, "12": 0.9340763732848064, "13": 0.9275109539354117, "14": 0.9487834627140765, "15": 0.050293338568375354, "16": 0.050638316103150165, "17": 0.4723019329859044, "18": 0.05241311662040552, "19": 0.0574801066681624, "20": 0.054392413713654233, "21": 0.050338030982112335, "22": 0.9477567425539408, "23": 0.5247739099992195, "24": 0.05345635126122707, "25": 0.9439204437831268, "26": 0.5368460261898556, "27": 0.9489635872103626, "28": 0.9435013895500377, "29": 0.9488687949725013, "30": 0.9173102530558639, "31": 0.050383916119523094, "32": 0.05019937398150503, "33": 0.5082987896816563, "34": 0.5148320387833136, "35": 0.9387554769677058, "36": 0.050181763109870256, "37": 0.4723019329859044, "38": 0.054392413713654233, "39": 0.4855932616387338, "40": 0.5082987896816563, "41": 0.05065496492790586, "42": 0.9173522075545273, "43": 0.05395770059689225, "44": 0.050170822468401474, "45": 0.05061265186513973, "46": 0.05065756906170653, "47": 0.5247739099992195, "48": 0.0574801066681624, "49": 0.948733876392297, "50": 0.949389717841199, "51": 0.051650150746766564, "52": 0.9340763732848064, "53": 0.9439204437831268, "54": 0.948733876392297, "55": 0.05108457811716381, "56": 0.9458680310855416, "57": 0.9434144987252069, "58": 0.050181763109870256, "59": 0.050383916119523094, "60": 0.9173522075545273, "61": 0.05238443558237477, "62": 0.05113229237449676, "63": 0.05034396238455108, "64": 0.9497423052548233, "65": 0.9496463500963548, "66": 0.9497423052548233, "67": 0.5049342287684123, "68": 0.05189248871112001, "69": 0.9496614641389911, "70": 0.9496614641389911, "71": 0.9478756708907032, "72": 0.9488687949725013, "73": 0.05176503265720815, "74": 0.05108457811716381, "75": 0.9435013895500377, "76": 0.5368460261898556, "77": 0.05057810311049224, "78": 0.050170822468401474, "79": 0.534746728921021, "80": 0.9477567425539408, "81": 0.9496948589205995, "82": 0.4855932616387338, "83": 0.9463822486919844, "84": 0.05065756906170653, "85": 0.051650150746766564, "86": 0.9463822486919844, "87": 0.05033209957967359, "88": 0.534746728921021, "89": 0.9434144987252069, "90": 0.05067612145928893, "91": 0.051728175630613535, "92": 0.9489635872103626, "93": 0.05057810311049224, "94": 0.9478756708907032, "95": 0.9458680310855416, "96": 0.0517647330219651, "97": 0.05112688731452203, "98": 0.050338030982112335, "99": 0.05067612145928893}, "2": {"0": 0.45059010165461777, "1": 0.9495955197356603, "2": 0.9493924592940612, "3": 0.949496467526047, "4": 0.9495175584444597, "5": 0.515241804886919, "6": 0.05054900397452895, "7": 0.053678161360353825, "8": 0.9492464499193334, "9": 0.9497948103820709, "10": 0.9496832142201065, "11": 0.053666146166925666, "12": 0.05030709400815274, "13": 0.9488569140848496, "14": 0.9498190033899608, "15": 0.9495382299710601, "16": 0.9494229214438252, "17": 0.05023941925747276, "18": 0.050184717990032685, "19": 0.05075102797408397, "20": 0.949235110672705, "21": 0.9490747997465074, "22": 0.05023941925747276, "23": 0.9490747962672358, "24": 0.949928435913314, "25": 0.9495384396669664, "26": 0.4820562995324553, "27": 0.515241804886919, "28": 0.9491051280605112, "29": 0.05115869012325791, "30": 0.9497592758442899, "31": 0.9490899621638735, "32": 0.05369010735721336, "33": 0.05054900397452895, "34": 0.9495852287007442, "35": 0.9492076643907834, "36": 0.5401520679879612, "37": 0.05067625697312967, "38": 0.050184717990032685, "39": 0.9495245790143607, "40": 0.05067625697312967, "41": 0.050356159296704305, "42": 0.949051596223144, "43": 0.9487647534256858, "44": 0.9495975622210866, "45": 0.05037551398704199, "46": 0.050615286830343914, "47": 0.9492152071149818, "48": 0.9497592758442899, "49": 0.9499031656847702, "50": 0.5292207263925244, "51": 0.05043120869951259, "52": 0.5401520679879612, "53": 0.050088489894591845, "54": 0.050356159296704305, "55": 0.5401520679879612, "56": 0.949834866837574, "57": 0.9498289591914253, "58": 0.5438711949211248, "59": 0.05111738547357294, "60": 0.9498062681768606, "61": 0.051803562247633286, "62": 0.45059010165461777, "63": 0.9498090475884964, "64": 0.9496008438783831, "65": 0.9493837823427785, "66": 0.9499033384524789, "67": 0.9492126928735822, "68": 0.05029997132419915, "69": 0.050610686544287735, "70": 0.9490747997465074, "71": 0.9495319806096102, "72": 0.9494243629704698, "73": 0.4729417148384919, "74": 0.9494229214438252, "75": 0.9496076035574909, "76": 0.9496070106385542, "77": 0.9487647534256858, "78": 0.949051596223144, "79": 0.9490899621638735, "80": 0.05111738547357294, "81": 0.9493924592940612, "82": 0.5052988375806393, "83": 0.9498190033899608, "84": 0.9492464499193334, "85": 0.4729417148384919, "86": 0.949803505319277, "87": 0.050615286830343914, "88": 0.05369010735721336, "89": 0.05115869012325791, "90": 0.9495171774191111, "91": 0.9499033384524789, "92": 0.5292207263925244, "93": 0.4820562995324553, "94": 0.9495245790143607, "95": 0.053678161360353825, "96": 0.050088489894591845, "97": 0.5052988375806393, "98": 0.05029997132419915, "99": 0.5438711949211248}, "3": {"0": 0.05031687262913653,