{"0": {"0": 0.5200959116889041, "1": 0.5200959116889041, "2": 0.5200959116889041, "3": 0.5200959116889041, "4": 0.5200959116889041, "5": 0.5200959116889041, "6": 0.5200959116889041, "7": 0.5200959116889041, "8": 0.5200959116889041, "9": 0.5200959116889041, "10": 0.5200959116889041, "11": 0.5200959116889041, "12": 0.5200959116889041, "13": 0.5200959116889041, "14": 0.5200959116889041, "15": 0.5200959116889041, "16": 0.5200959116889041, "17": 0.5200959116889041, "18": 0.5200959116889041, "19": 0.5200959116889041, "20": 0.5200959116889041, "21": 0.5200959116889041, "22": 0.5200959116889041, "23": 0.5200959116889041, "24": 0.5200959116889041, "25": 0.5200959116889041, "26": 0.5200959116889041, "27": 0.5200959116889041, "28": 0.5200959116889041, "29": 0.5200959116889041, "30": 0.5200959116889041, "31": 0.5200959116889041, "32": 0.5200959116889041, "33": 0.5200959116889041, "34": 0.5200959116889041, "35": 0.5200959116889041, "36": 0.5200959116889041, "37": 0.5200959116889041, "38": 0.5200959116889041, "39": 0.5200959116889041, "40": 0.5200959116889041, "41": 0.5200959116889041, "42": 0.5200959116889041, "43": 0.5200959116889041, "44": 0.5200959116889041, "45": 0.5200959116889041, "46": 0.5200959116889041, "47": 0.5200959116889041, "48": 0.5200959116889041, "49": 0.5200959116889041, "50": 0.5200959116889041, "51": 0.5200959116889041, "52": 0.5200959116889041, "53": 0.5200959116889041, "54": 0.5200959116889041, "55": 0.5200959116889041, "56": 0.5200959116889041, "57": 0.5200959116889041, "58": 0.5200959116889041, "59": 0.5200959116889041, "60": 0.5200959116889041, "61": 0.5200959116889041, "62": 0.5200959116889041, "63": 0.5200959116889041, "64": 0.5200959116889041, "65": 0.5200959116889041, "66": 0.5200959116889041, "67": 0.5200959116889041, "68": 0.5200959116889041, "69": 0.5200959116889041, "70": 0.5200959116889041, "71": 0.5200959116889041, "72": 0.5200959116889041, "73": 0.5200959116889041, "74": 0.5200959116889041, "75": 0.5200959116889041, "76": 0.5200959116889041, "77": 0.5200959116889041, "78": 0.5200959116889041, "79": 0.5200959116889041, "80": 0.5200959116889041, "81": 0.5200959116889041, "82": 0.5200959116889041, "83": 0.5200959116889041, "84": 0.5200959116889041, "85": 0.5200959116889041, "86": 0.5200959116889041, "87": 0.5200959116889041, "88": 0.5200959116889041, "89": 0.5200959116889041, "90": 0.5200959116889041, "91": 0.5200959116889041, "92": 0.5200959116889041, "93": 0.5200959116889041, "94": 0.5200959116889041, "95": 0.5200959116889041, "96": 0.5200959116889041, "97": 0.5200959116889041, "98": 0.5200959116889041, "99": 0.5200959116889041}, "1": {"0": 0.43692308754012776, "1": 0.43692308754012776, "2": 0.43692308754012776, "3": 0.43692308754012776, "4": 0.43692308754012776, "5": 0.43692308754012776, "6": 0.43692308754012776, "7": 0.43692308754012776, "8": 0.43692308754012776, "9": 0.43692308754012776, "10": 0.43692308754012776, "11": 0.43692308754012776, "12": 0.43692308754012776, "13": 0.43692308754012776, "14": 0.43692308754012776, "15": 0.43692308754012776, "16": 0.43692308754012776, "17": 0.43692308754012776, "18": 0.43692308754012776, "19": 0.43692308754012776, "20": 0.43692308754012776, "21": 0.43692308754012776, "22": 0.43692308754012776, "23": 0.43692308754012776, "24": 0.43692308754012776, "25": 0.43692308754012776, "26": 0.43692308754012776, "27": 0.43692308754012776, "28": 0.43692308754012776, "29": 0.43692308754012776, "30": 0.43692308754012776, "31": 0.43692308754012776, "32": 0.43692308754012776, "33": 0.43692308754012776, "34": 0.43692308754012776, "35": 0.43692308754012776, "36": 0.43692308754012776, "37": 0.43692308754012776, "38": 0.43692308754012776, "39": 0.43692308754012776, "40": 0.43692308754012776, "41": 0.43692308754012776, "42": 0.43692308754012776, "43": 0.43692308754012776, "44": 0.43692308754012776, "45": 0.43692308754012776, "46": 0.43692308754012776, "47": 0.43692308754012776, "48": 0.43692308754012776, "49": 0.43692308754012776, "50": 0.43692308754012776, "51": 0.43692308754012776, "52": 0.43692308754012776, "53": 0.43692308754012776, "54": 0.43692308754012776, "55": 0.43692308754012776, "56": 0.43692308754012776, "57": 0.43692308754012776, "58": 0.43692308754012776, "59": 0.43692308754012776, "60": 0.43692308754012776, "61": 0.43692308754012776, "62": 0.43692308754012776, "63": 0.43692308754012776, "64": 0.43692308754012776, "65": 0.43692308754012776, "66": 0.43692308754012776, "67": 0.43692308754012776, "68": 0.43692308754012776, "69": 0.43692308754012776, "70": 0.43692308754012776, "71": 0.43692308754012776, "72": 0.43692308754012776, "73": 0.43692308754012776, "74": 0.43692308754012776, "75": 0.43692308754012776, "76": 0.43692308754012776, "77": 0.43692308754012776, "78": 0.43692308754012776, "79": 0.43692308754012776, "80": 0.43692308754012776, "81": 0.43692308754012776, "82": 0.43692308754012776, "83": 0.43692308754012776, "84": 0.43692308754012776, "85": 0.43692308754012776, "86": 0.43692308754012776, "87": 0.43692308754012776, "88": 0.43692308754012776, "89": 0.43692308754012776, "90": 0.43692308754012776, "91": 0.43692308754012776, "92": 0.43692308754012776, "93": 0.43692308754012776, "94": 0.9738641851128598, "95": 0.43692308754012776, "96": 0.43692308754012776, "97": 0.43692308754012776, "98": 0.43692308754012776, "99": 0.43692308754012776}, "2": {"0": 0.5128306852103657, "1": 0.5128306852103657, "2": 0.5128306852103657, "3": 0.5128306852103657, "4": 0.5128306852103657, "5": 0.5128306852103657, "6": 0.5128306852103657, "7": 0.5128306852103657, "8": 0.5128306852103657, "9": 0.5128306852103657, "10": 0.5128306852103657, "11": 0.5128306852103657, "12": 0.5128306852103657, "13": 0.5128306852103657, "14": 0.5128306852103657, "15": 0.5128306852103657, "16": 0.5128306852103657, "17": 0.5128306852103657, "18": 0.5128306852103657, "19": 0.5128306852103657, "20": 0.5128306852103657, "21": 0.5128306852103657, "22": 0.5128306852103657, "23": 0.5128306852103657, "24": 0.5128306852103657, "25": 0.5128306852103657, "26": 0.5128306852103657, "27": 0.5128306852103657, "28": 0.5128306852103657, "29": 0.5128306852103657, "30": 0.5128306852103657, "31": 0.5128306852103657, "32": 0.5128306852103657, "33": 0.5128306852103657, "34": 0.5128306852103657, "35": 0.5128306852103657, "36": 0.5128306852103657, "37": 0.5128306852103657, "38": 0.5128306852103657, "39": 0.5128306852103657, "40": 0.5128306852103657, "41": 0.5128306852103657, "42": 0.5128306852103657, "43": 0.5128306852103657, "44": 0.5128306852103657, "45": 0.5128306852103657, "46": 0.5128306852103657, "47": 0.5128306852103657, "48": 0.5128306852103657, "49": 0.5128306852103657, "50": 0.5128306852103657, "51": 0.5128306852103657, "52": 0.5128306852103657, "53": 0.5128306852103657, "54": 0.5128306852103657, "55": 0.5128306852103657, "56": 0.5128306852103657, "57": 0.5128306852103657, "58": 0.5128306852103657, "59": 0.5128306852103657, "60": 0.5128306852103657, "61": 0.5128306852103657, "62": 0.5128306852103657, "63": 0.5128306852103657, "64": 0.5128306852103657, "65": 0.5128306852103657, "66": 0.5128306852103657, "67": 0.5128306852103657, "68": 0.5128306852103657, "69": 0.5128306852103657, "70": 0.5128306852103657, "71": 0.5128306852103657, "72": 0.5128306852103657, "73": 0.5128306852103657, "74": 0.5128306852103657, "75": 0.5128306852103657, "76": 0.5128306852103657, "77": 0.5128306852103657, "78": 0.5128306852103657, "79": 0.5128306852103657, "80": 0.5128306852103657, "81": 0.5128306852103657, "82": 0.5128306852103657, "83": 0.5128306852103657, "84": 0.5128306852103657, "85": 0.5128306852103657, "86": 0.5128306852103657, "87": 0.5128306852103657, "88": 0.5128306852103657, "89": 0.5128306852103657, "90": 0.5128306852103657, "91": 0.5128306852103657, "92": 0.5128306852103657, "93": 0.5128306852103657, "94": 0.5128306852103657, "95": 0.5128306852103657, "96": 0.5128306852103657, "97": 0.5128306852103657, "98": 0.5128306852103657, "99": 0.5128306852103657}, "3": {"0": 0.5584059969504274, "1": 0.5584059969504274, "2": 0.5584059969504274, "3": 0.5584059969504274,