{"0": {"0": 0.05000906847136975, "1": 0.05000659101350051, "2": 0.05001262525443575, "3": 0.05000954585947372, "4": 0.9499925438777719, "5": 0.949991482933171, "6": 0.05000934599489693, "7": 0.05000882396286875, "8": 0.05000538364099375, "9": 0.9499916396640643, "10": 0.9499885543875412, "11": 0.05000723470746658, "12": 0.05000709106911877, "13": 0.05000855930363766, "14": 0.050009186998628156, "15": 0.05000652487794889, "16": 0.9499893684823031, "17": 0.05000847795053669, "18": 0.05001060054017332, "19": 0.050008857464029964, "20": 0.05000841041673902, "21": 0.05000538364099375, "22": 0.05000788110065206, "23": 0.050003822261868704, "24": 0.9499869966795954, "25": 0.050008546355247444, "26": 0.0500099426386923, "27": 0.050009186998628156, "28": 0.9499915592196523, "29": 0.9499926649385728, "30": 0.9499934142674485, "31": 0.9499918919001803, "32": 0.05001040828580367, "33": 0.9499931634409333, "34": 0.9499942829735348, "35": 0.05000248253369628, "36": 0.05000908154368139, "37": 0.050006164836294345, "38": 0.9499898772154292, "39": 0.050008131884877696, "40": 0.05000973753159342, "41": 0.9499911522424608, "42": 0.949994465969604, "43": 0.0500099426386923, "44": 0.9499961852655718, "45": 0.9499926537863658, "46": 0.05000716907817229, "47": 0.9499938167067177, "48": 0.9499960816748938, "49": 0.9499906645847587, "50": 0.9499912000433173, "51": 0.949997367311449, "52": 0.0500090764896085, "53": 0.9499879606489181, "54": 0.050008985631838906, "55": 0.05001021595835697, "56": 0.05000553296801962, "57": 0.050003545534559386, "58": 0.05000486876579671, "59": 0.9499925438777719, "60": 0.949994465969604, "61": 0.05000596879212717, "62": 0.050002984396063585, "63": 0.050004492815919455, "64": 0.9499949452819033, "65": 0.9499950609197915, "66": 0.05000808468850522, "67": 0.9499919892996429, "68": 0.9499898972524146, "69": 0.05000734078533535, "70": 0.05001080218550552, "71": 0.949990678890973, "72": 0.9499975304598958, "73": 0.0500108466674946, "74": 0.949990678890973, "75": 0.9499924551320154, "76": 0.05001142293305376, "77": 0.9499911522424608, "78": 0.9499921633497878, "79": 0.9499931717790777, "80": 0.05000443029595591, "81": 0.050004341325806285, "82": 0.9499926537863658, "83": 0.05001021595835697, "84": 0.9499898772154292, "85": 0.9499913172125254, "86": 0.050004279651818834, "87": 0.9499916967265791, "88": 0.05000850530065306, "89": 0.9499918919001803, "90": 0.05000847795053669, "91": 0.05000850530065306, "92": 0.9499913172125254, "93": 0.9499916396640643, "94": 0.05001060054017332, "95": 0.05000659101350051, "96": 0.9499902304649805, "97": 0.05001040828580367, "98": 0.9499907997494613, "99": 0.05000394055032603}, "1": {"0": 0.05000854880747083, "1": 0.9499868462388192, "2": 0.9499927176973517, "3": 0.9499881241198909, "4": 0.050014039106023075, "5": 0.05001538771755469, "6": 0.05001927057305962, "7": 0.05001377100527251, "8": 0.9499893998060143, "9": 0.050004477394667915, "10": 0.05001942510062515, "11": 0.05000901986505099, "12": 0.05000678497783316, "13": 0.9499934231194096, "14": 0.05000775069219714, "15": 0.9499867020268069, "16": 0.9499927507416893, "17": 0.050014047456177504, "18": 0.9499876443032471, "19": 0.0500145979441195, "20": 0.9499834709733771, "21": 0.9499820145208447, "22": 0.9499860758529947, "23": 0.949986590774493, "24": 0.9499804587486624, "25": 0.9499825283984332, "26": 0.9499845175606895, "27": 0.05001714273635677, "28": 0.9499835206834089, "29": 0.9499884385644023, "30": 0.05000701955301154, "31": 0.05000736519742225, "32": 0.9499844905085408, "33": 0.050006479861771334, "34": 0.9499872895748596, "35": 0.9499848830382011, "36": 0.949988164282229, "37": 0.05001381698908905, "38": 0.050017097614941664, "39": 0.9499899636530544, "40": 0.9499876443032471, "41": 0.0500088926857177, "42": 0.050006777235670846, "43": 0.9499804587486624, "44": 0.9499917603417044, "45": 0.05001345308921007, "46": 0.9499910072604223, "47": 0.050011596097595874, "48": 0.05001154757527399, "49": 0.9499817227699494, "50": 0.9499834315833126, "51": 0.05000776468977957, "52": 0.9499860758529947, "53": 0.05000748737312894, "54": 0.9499821423361468, "55": 0.9499914587790366, "56": 0.9499836609237293, "57": 0.9499893998060143, "58": 0.9499904211244283, "59": 0.9499882712391172, "60": 0.05001299186846206, "61": 0.9499827506469962, "62": 0.05001501489965392, "63": 0.05001442011295662, "64": 0.9499884915901988, "65": 0.050006516262563055, "66": 0.9499859421855417, "67": 0.05000688550263625, "68": 0.9499932953872465, "69": 0.050013792218977865, "70": 0.05001550138439427, "71": 0.05001714273635677, "72": 0.9499949818265272, "73": 0.050004446342858846, "74": 0.9499884385644023, "75": 0.9499810143396977, "76": 0.9499775974398368, "77": 0.9499849917157968, "78": 0.05001017853294215, "79": 0.05000736757358224, "80": 0.949988164282229, "81": 0.9499942457950994, "82": 0.05000736757358224, "83": 0.9499955469216889, "84": 0.9499785793625071, "85": 0.9499849917157968, "86": 0.05001355447134168, "87": 0.949990353309283, "88": 0.9499821423361468, "89": 0.9499882712391172, "90": 0.9499835813930568, "91": 0.05001538771755469, "92": 0.05001747852168088, "93": 0.05001356995566632, "94": 0.05001017853294215, "95": 0.050011596097595874, "96": 0.05001747852168088, "97": 0.050008474464782376, "98": 0.9499910938433778, "99": 0.05001567895953389}, "2": {"0": 0.05002310816897484, "1": 0.949976615515689, "2": 0.050013964080104306, "3": 0.949992655908162, "4": 0.05001754095900447, "5": 0.05002460820937609, "6": 0.05001787092874588, "7": 0.050009282879355674, "8": 0.9499859978986306, "9": 0.050016376097187246, "10": 0.9499940973215206, "11": 0.9499849346742995, "12": 0.050017837909305224, "13": 0.9499922516505764, "14": 0.050015161513137354, "15": 0.05000951910472522, "16": 0.050019830195822235, "17": 0.050012592434178924, "18": 0.05001753629394834, "19": 0.05001782566832834, "20": 0.05001028732839346, "21": 0.05001841090751853, "22": 0.050016290618718394, "23": 0.9499846097389576, "24": 0.050019378334500174, "25": 0.05001423858762678, "26": 0.05002460820937609, "27": 0.9499862738092353, "28": 0.05001942402497683, "29": 0.05000968225512802, "30": 0.05001093787631302, "31": 0.94998654971984, "32": 0.050012787847992714, "33": 0.05001617224970632, "34": 0.05001598474923562, "35": 0.05001843162255555, "36": 0.05002041822852496, "37": 0.05001755356762787, "38": 0.05000773383389948, "39": 0.05001666324090209, "40": 0.05001619365646495, "41": 0.05001336746770389, "42": 0.050019645061271864, "43": 0.050014915574285654, "44": 0.05001472294458859, "45": 0.949986015481823, "46": 0.05000893546437294, "47": 0.9499872463120509, "48": 0.05002174335645541, "49": 0.05001774084965924, "50": 0.05001497500627339, "51": 0.9499924673371497, "52": 0.05002008355927363, "53": 0.05002200191324323, "54": 0.9499815615907545, "55": 0.050017837909305224, "56": 0.05001754095900447, "57": 0.05000799237461781, "58": 0.05000991509791112, "59": 0.05001423858762678, "60": 0.05001634626750144, "61": 0.9499922516505764, "62": 0.05001648127734555, "63": 0.05001876086775429, "64": 0.050017476700728265, "65": 0.050008145309359195, "66": 0.05000921581127778, "67": 0.05001648127734555, "68": 0.05001755356762787, "69": 0.050015161513137354, "70": 0.05001472294458859, "71": 0.05002287963644968, "72": 0.949985311816324, "73": 0.05002174335645541, "74": 0.05000833162045105, "75": 0.05001497500627339, "76": 0.05001444446753116, "77": 0.9499869393806726, "78": 0.050017476700728265, "79": 0.050006624312735184, "80": 0.9499809265495032, "81": 0.05001833797287962, "82": 0.0500154102823592, "83": 0.9499892290762689, "84": 0.05002230178946361, "85": 0.9499862738092353, "86": 0.05002287963644968, "87": 0.05001546766779896, "88": 0.05000809682823248, "89": 0.9499872463120509, "90": 0.9499846097389576, "91": 0.9499839223293322, "92": 0.05002200191324323, "93": 0.0500154102823592, "94": 0.05001782566832834, "95": 0.9499784581525379, "96": 0.050011140800714504, "97": 0.05002063042679429, "98": 0.05001341960211024, "99": 0.050005570400357253},