{"0": {"0": 2.344327999281524e-08, "1": 0.768034696881581, "2": 0.46931388666088475, "3": 0.8843387937785223, "4": 0.4693138822518885, "5": 1.6009010862756537e-08, "6": 0.5012467780916466, "7": 0.8179950455031668, "8": 0.5904522662701301, "9": 0.49429295407353546, "10": 2.2168410841355837e-08, "11": 1.7186442414018913e-08, "12": 1.3056467228683942e-08, "13": 0.46931388666088475, "14": 2.2866176490924875e-08, "15": 0.4815832687937114, "16": 2.3633907603145512e-08, "17": 0.8673069630427167, "18": 0.7503522215643706, "19": 0.7070142587708873, "20": 2.6882440054700743e-08, "21": 2.1164011281245336e-08, "22": 2.3104315669627922e-08, "23": 0.8844273222326569, "24": 1.8753233015035934e-08, "25": 1.8850420333648774e-08, "26": 2.39539486451596e-08, "27": 2.1816151719091724e-08, "28": 0.754276389205787, "29": 0.5012467780916466, "30": 0.812519802125252, "31": 0.49429295407353546, "32": 0.7783712613145678, "33": 9.376616507517967e-09, "34": 1.761868456824898e-08, "35": 0.754276389205787, "36": 0.8662736698602926, "37": 0.5622917654968049, "38": 2.345644701323531e-08, "39": 0.5622917654968049, "40": 0.8856252010186165, "41": 1.2795379507309992e-08, "42": 2.0728602723274365e-08, "43": 0.766030495296871, "44": 0.8856252010186165, "45": 1.8437204932175273e-08, "46": 0.5271132334907701, "47": 0.49153293150815736, "48": 0.766030495296871, "49": 1.761868456824898e-08, "50": 0.5271132334907701, "51": 0.8179950455031668, "52": 2.2158157097153666e-08, "53": 0.8844273222326569, "54": 0.5789915586263961, "55": 0.8662736698602926, "56": 0.5904522662701301, "57": 2.3890817630315395e-08, "58": 2.4647612809617357e-08, "59": 1.2323806404808678e-08, "60": 0.49429295407353546, "61": 1.7275942568120357e-08, "62": 0.5789915586263961, "63": 9.604264573657447e-09, "64": 0.7925760444044154, "65": 0.4815832687937114, "66": 2.109962395753058e-08, "67": 0.7925760444044154, "68": 0.8632661914044294, "69": 1.8850420333648774e-08, "70": 0.8067025364144352, "71": 0.875922883916775, "72": 0.812519802125252, "73": 0.7070142587708873, "74": 0.7080409556925551, "75": 0.768034696881581, "76": 2.344327999281524e-08, "77": 0.5644831619569541, "78": 0.8673069630427167, "79": 1.0582005640622668e-08, "80": 0.8067025364144352, "81": 0.8783192374229842, "82": 0.8632661914044294, "83": 1.6961239761280406e-08, "84": 0.7503522215643706, "85": 0.8783192374229842, "86": 1.1079078548576833e-08, "87": 0.5644831619569541, "88": 0.7080409556925551, "89": 2.176337204810913e-08, "90": 2.2168410841355837e-08, "91": 1.6961239761280406e-08, "92": 2.3633907603145512e-08, "93": 0.875922883916775, "94": 1.7186442414018913e-08, "95": 1.054981197876529e-08, "96": 0.49153293150815736, "97": 0.7783712613145678, "98": 2.1816151719091724e-08, "99": 2.3104315669627922e-08}, "1": {"0": 4.570496878402477e-08, "1": 0.8561252995241078, "2": 7.323364840684236e-08, "3": 0.5616514881581971, "4": 0.7146329322759506, "5": 0.4498697316250984, "6": 0.43647521361538116, "7": 0.5023871634075511, "8": 7.066656358492589e-08, "9": 0.650670457065584, "10": 6.990058305787285e-08, "11": 0.5023871634075511, "12": 0.8560518463563318, "13": 7.066656358492589e-08, "14": 0.8420398863156616, "15": 0.43647538545806963, "16": 0.46226339007675, "17": 0.5762300357352488, "18": 0.45269176951629075, "19": 5.8435577317500303e-08, "20": 6.990058305787285e-08, "21": 5.512095836483742e-08, "22": 0.650670527507569, "23": 0.45269176951629075, "24": 0.650670457065584, "25": 0.8420398863157237, "26": 4.532412906460324e-08, "27": 0.5762300357352488, "28": 3.8644414005165887e-08, "29": 0.39709695352195706, "30": 5.512095836483742e-08, "31": 0.4221384663164014, "32": 0.4221384663164014, "33": 4.890331614998487e-08, "34": 6.001283672147177e-08, "35": 0.7774970384780855, "36": 7.10968932601451e-08, "37": 0.549797836593342, "38": 0.8863405929958561, "39": 0.46226339007675, "40": 6.154587727662848e-08, "41": 0.5335732221338833, "42": 0.9522199820842775, "43": 0.8420398863156616, "44": 0.4498697316250984, "45": 5.5228526622995994e-08, "46": 0.8420398863156535, "47": 0.7090194983952678, "48": 0.856051797426697, "49": 4.4162830430894834e-08, "50": 6.591572238857712e-08, "51": 0.5402804477096541, "52": 0.8863405929958561, "53": 4.935456006985483e-08, "54": 0.856051797426697, "55": 0.4646942861917297, "56": 0.5616514881581971, "57": 0.79772865262465, "58": 0.5402804477096541, "59": 0.4707746865566792, "60": 0.6978484413518187, "61": 5.8435577317500303e-08, "62": 0.7774970384780855, "63": 0.549797836593342, "64": 2.9422942883839175e-08, "65": 0.8561252995241078, "66": 0.5069804695211009, "67": 0.4078436001657657, "68": 5.5228526622995994e-08, "69": 0.4078436001657657, "70": 3.9692955084316186e-08, "71": 0.7146329322759913, "72": 0.6978484413518187, "73": 0.7146329322759506, "74": 6.268840334707256e-08, "75": 0.6121670690039546, "76": 6.383106732990151e-08, "77": 0.9522199820842775, "78": 6.260767907827596e-08, "79": 0.79772865262465, "80": 0.8765388539192895, "81": 0.5335732221338833, "82": 0.4646942861917297, "83": 4.4162830430894834e-08, "84": 2.905683860782678e-08, "85": 6.591572238857712e-08, "86": 0.573320097480909, "87": 4.890331614998487e-08, "88": 1.9322207002582943e-08, "89": 0.6121670690039546, "90": 6.154587727662848e-08, "91": 0.573320097480909, "92": 0.5023871634075511, "93": 0.7090194983952678, "94": 0.5069804695211009, "95": 0.8765388539192895, "96": 0.5023871634075511, "97": 0.43647538545806963, "98": 0.8420398863156535, "99": 6.383106732990151e-08}, "2": {"0": 0.6965371264881977, "1": 0.3780598247616702, "2": 2.0768807988746182e-08, "3": 0.7439698192958355, "4": 0.671862473936759, "5": 0.8255448116694521, "6": 0.6972112538118802, "7": 0.6972112538118802, "8": 0.6775884244223322, "9": 0.7079804590836493, "10": 0.8276190328341879, "11": 0.7957491593618479, "12": 0.7698044587280095, "13": 0.7810293014269779, "14": 0.6469933430311635, "15": 0.8276193230852745, "16": 0.8136841832763797, "17": 0.7471702049922782, "18": 0.7079790267516446, "19": 2.5474978930024115e-08, "20": 0.6214051832218108, "21": 0.3581845534153634, "22": 0.7772337749753917, "23": 2.5047814629900555e-08, "24": 0.9681110615360697, "25": 0.7680076726031784, "26": 0.7899875711895736, "27": 0.7471702049922782, "28": 0.6516355463895449, "29": 0.5000494422255539, "30": 0.6965371264881977, "31": 0.7397945744018787, "32": 0.9681110615360697, "33": 0.49319054549591734, "34": 0.3780598247616702, "35": 0.340546581340462, "36": 2.6744935992090722e-08, "37": 1.4867465833626721e-08, "38": 3.790834440308554e-08, "39": 0.7919243677000536, "40": 0.7957491593618479, "41": 0.6653256018350491, "42": 0.7698993254097659, "43": 0.7899875711895736, "44": 0.7480947278519572, "45": 0.7698993254097659, "46": 3.214261965288351e-08, "47": 1.1307779617919937e-08, "48": 2.8584494201620243e-08, "49": 0.7094485032024325, "50": 0.7094379173923563, "51": 0.49319054549591734, "52": 0.6516355463895449, "53": 2.3687722590292547e-08, "54": 0.7094505197063515, "55": 0.671862473936759, "56": 0.7826696930356654, "57": 3.84872901666602e-08, "58": 1.3884642421616873e-08, "59": 0.3581845534153634, "60": 1.895417220154277e-08, "61": 0.7489612481667439, "62": 3.3974024850633993e-08, "63": 1.979840712707477e-08, "64": 0.7601968936192061, "65": 0.7079804590836493, "66": 3.367734228276146e-08, "67": 0.7489612481667439, "68": 1.2523907314950278e-08, "69": 0.6214051832218108, "70": 0.7698044587280095, "71": 0.7919243677000536, "72": 0.6608083964233383, "73": 0.7954863643924053, "74": 0.7954863643924053, "75": 0.8136841832763797, "76": 2.4420745342130357e-08, "77": 0.6608083964233383, "78": 0.5000494422255539, "79": 0.7439698192958355, "80": 1.4292247100810122e-08, "81": 0.7826696930356654, "82": 0.7480947278519572, "83": 0.7601968936192061, "84": 2.0768807988746182e-08, "85": 0.8276190328341879, "86": 0.6469933430311635, "87": 0.6653256018350491, "88": 2.0188453129985515e-08, "89": 1.3372467996045361e-08, "90": 1.6327096931421416e-08, "91": 0.7680076726031784, "92": 0.7810293014269779, "93": 2.0188453129985515e-08, "94": 3.214261965288351e-08,