{"0": {"0": 0.5000000000230099, "1": 0.2744750544843708, "2": 0.050000000556749594, "3": 0.5000000000127904, "4": 0.5000000000123771, "5": 0.05000000058337015, "6": 0.7022652545009331, "7": 0.9499999999435722, "8": 0.9499999999181111, "9": 0.9499999999321699, "10": 0.5000000000231368, "11": 0.9499999999283619, "12": 0.5000000000275632, "13": 0.05000000054448105, "14": 0.2744750544843708, "15": 0.5000000000225575, "16": 0.05000000064400888, "17": 0.7022652545009331, "18": 0.5000000000181029, "19": 0.05000000035884243, "20": 0.05000000035042846, "21": 0.5000000000231368, "22": 0.050000000291685075, "23": 0.050000000655787, "24": 0.9499999999525761, "25": 0.5000000000222216, "26": 0.5000000000210356, "27": 0.050000000377814255, "28": 0.5000000000115684, "29": 0.9499999999163391, "30": 0.500000000022841, "31": 0.5000000000079086, "32": 0.5000000000205376, "33": 0.05000000040352089, "34": 0.9499999999734612, "35": 0.050000000376769924, "36": 0.500000000022734, "37": 0.2744750544843708, "38": 0.949999999963748, "39": 0.05000000053235282, "40": 0.500000000016585, "41": 0.949999999923081, "42": 0.5000000000159925, "43": 0.05000000023584196, "44": 0.5000000000230875, "45": 0.050000000329759396, "46": 0.9499999999260367, "47": 0.9499999999166218, "48": 0.9499999999233711, "49": 0.05000000049525785, "50": 0.050000000628620776, "51": 0.5000000000212803, "52": 0.9499999999750995, "53": 0.05000000021546049, "54": 0.9499999999478519, "55": 0.9499999999155166, "56": 0.500000000022734, "57": 0.5000000000196348, "58": 0.05000000064400888, "59": 0.05000000064362571, "60": 0.9499999999181111, "61": 0.9499999999139215, "62": 0.050000000272240525, "63": 0.5000000000114204, "64": 0.05000000055068823, "65": 0.5000000000209529, "66": 0.500000000018822, "67": 0.5000000000115438, "68": 0.5000000000275632, "69": 0.5000000000159925, "70": 0.5000000000088344, "71": 0.9499999999583109, "72": 0.500000000023543, "73": 0.9499999999422122, "74": 0.9499999999187567, "75": 0.9499999999549531, "76": 0.9499999999163391, "77": 0.5000000000173196, "78": 0.9499999999435722, "79": 0.7022652545009331, "80": 0.9499999999478519, "81": 0.5000000000134388, "82": 0.5000000000078834, "83": 0.5000000000137255, "84": 0.5000000000119444, "85": 0.9499999999666816, "86": 0.5000000000067194, "87": 0.05000000055068823, "88": 0.050000000376769924, "89": 0.5000000000086597, "90": 0.05000000026617641, "91": 0.5000000000119444, "92": 0.050000000201760444, "93": 0.9499999999525761, "94": 0.5000000000105178, "95": 0.05000000059772276, "96": 0.9499999999321699, "97": 0.050000000628620776, "98": 0.500000000023543, "99": 0.9499999999283619}, "1": {"0": 0.49999999999518685, "1": 0.0500000000424789, "2": 0.9499999999300224, "3": 0.49999999999424777, "4": 0.49999999999422134, "5": 0.05000000002721892, "6": 0.05000000002787539, "7": 0.050000000049423676, "8": 0.49999999999538786, "9": 0.050000000045069715, "10": 0.7291043347302704, "11": 0.4999999999928998, "12": 0.49999999999567235, "13": 0.05000000004353494, "14": 0.05000000003968104, "15": 0.49999999999678874, "16": 0.05000000003827086, "17": 0.9499999999688891, "18": 0.4999999999932173, "19": 0.9499999999473535, "20": 0.9499999999492514, "21": 0.4999999999931498, "22": 0.49999999999490174, "23": 0.9499999999281001, "24": 0.4999999999967177, "25": 0.9499999999453079, "26": 0.749924646870221, "27": 0.9499999999675297, "28": 0.49999999999319733, "29": 0.49999999999387335, "30": 0.4999999999975739, "31": 0.05000000004058859, "32": 0.05000000003528053, "33": 0.949999999905327, "34": 0.9499999999397222, "35": 0.050000000037829506, "36": 0.7291043347302704, "37": 0.050000000013609464, "38": 0.050000000044798015, "39": 0.49999999999516226, "40": 0.2926904877759916, "41": 0.49999999999333833, "42": 0.9499999999369504, "43": 0.4999999999946285, "44": 0.49999999999467615, "45": 0.49999999999516226, "46": 0.4999999999933698, "47": 0.9499999999706215, "48": 0.2926904877759916, "49": 0.749924646870221, "50": 0.9499999999588633, "51": 0.49999999999311817, "52": 0.9499999999526635, "53": 0.4999999999946776, "54": 0.949999999954368, "55": 0.949999999941543, "56": 0.05000000004559217, "57": 0.49999999999404243, "58": 0.050000000030127015, "59": 0.4999999999961955, "60": 0.9499999999421541, "61": 0.05000000004043635, "62": 0.25035084424624987, "63": 0.4999999999962507, "64": 0.050000000042165926, "65": 0.4999999999946776, "66": 0.49999999999564915, "67": 0.706034841907714, "68": 0.05000000003275269, "69": 0.25035084424624987, "70": 0.9499999999698611, "71": 0.05000000003968104, "72": 0.4999999999933939, "73": 0.05000000002239901, "74": 0.0500000000389112, "75": 0.05000000002123945, "76": 0.9499999999265014, "77": 0.949999999977184, "78": 0.05000000002021818, "79": 0.499999999996697, "80": 0.49999999999602884, "81": 0.05000000001506351, "82": 0.49999999999538786, "83": 0.49999999999564915, "84": 0.9499999999300224, "85": 0.49999999999424777, "86": 0.49999999999335365, "87": 0.49999999999319733, "88": 0.4999999999966849, "89": 0.9499999999265014, "90": 0.706034841907714, "91": 0.49999999999486167, "92": 0.49999999999422134, "93": 0.9499999999710771, "94": 0.706034841907714, "95": 0.4999999999962507, "96": 0.49999999999743083, "97": 0.949999999941543, "98": 0.49999999999490174, "99": 0.9499999999794316}, "2": {"0": 0.25554850812587804, "1": 0.9499999999866027, "2": 0.49999999999753786, "3": 0.4999999999981971, "4": 0.9499999999644445, "5": 0.949999999964063, "6": 0.49999999999738964, "7": 0.9499999999654596, "8": 0.4999999999981614, "9": 0.9499999999823067, "10": 0.27417951836504917, "11": 0.9499999999644204, "12": 0.2973612193579863, "13": 0.49999999999849976, "14": 0.4999999999980814, "15": 0.05000000026716908, "16": 0.4999999999984015, "17": 0.4999999999976142, "18": 0.49999999999854294, "19": 0.9499999999749461, "20": 0.05000000012558223, "21": 0.4999999999973545, "22": 0.4999999999976573, "23": 0.05000000028202786, "24": 0.050000000207377854, "25": 0.9499999999731319, "26": 0.49999999999800326, "27": 0.49999999999828937, "28": 0.4999999999992303, "29": 0.49999999999768874, "30": 0.05000000011230595, "31": 0.9499999999812585, "32": 0.49999999999722944, "33": 0.9499999999757938, "34": 0.4999999999982077, "35": 0.05000000017083425, "36": 0.05000000019216276, "37": 0.9499999999731319, "38": 0.49999999999815187, "39": 0.9499999999671925, "40": 0.49999999999726774, "41": 0.9499999999789107, "42": 0.05000000019002372, "43": 0.9499999999641902, "44": 0.4999999999988599, "45": 0.9499999999568305, "46": 0.4999999999976573, "47": 0.7240129556720214, "48": 0.49999999999890005, "49": 0.949999999964005, "50": 0.4999999999982401, "51": 0.9499999999757107, "52": 0.499999999998226, "53": 0.49999999999836375, "54": 0.4999999999980485, "55": 0.05000000031189953, "56": 0.49999999999781575, "57": 0.9499999999635653, "58": 0.49999999999909855, "59": 0.050000000123181114, "60": 0.9499999999735358, "61": 0.9499999999710161, "62": 0.949999999964005, "63": 0.2973612193579863, "64": 0.9499999999827298, "65": 0.9499999999757107, "66": 0.05000000024563449, "67": 0.9499999999807958, "68": 0.49999999999806366, "69": 0.4999999999992499, "70": 0.49999999999831646, "71": 0.4999999999982077, "72": 0.7240129556720214, "73": 0.050000000251657864, "74": 0.7240129556720214, "75": 0.9499999999710161, "76": 0.4999999999981822, "77": 0.05000000024300427, "78": 0.05000000009608138, "79": 0.49999999999854294, "80": 0.4999999999990242, "81": 0.9499999999820314, "82": 0.050000000127925895, "83": 0.4999999999984015, "84": 0.49999999999768874, "85": 0.49999999999907596, "86": 0.05000000024563449, "87": 0.05000000019002372, "88": 0.9499999999682691, "89": 0.27417951836504917, "90": 0.9499999999749461, "91": 0.9499999999644204, "92": 0.4999999999986147, "93": 0.0500000001952831, "94": 0.0500000001952831, "95": 0.25554850812587804, "96": 0.9499999999841345, "97": 0.050000000251657864, "98": 0.4999999999983966, "99": 0.4999999999991447}, "3": {"0": 0.5000000001563666, "1": 0.5000000002337385, "2": 0.5000000003348086,