{"0": {"0": 0.3978513652002259, "1": 0.8157758090590688, "2": 0.3978513652002259, "3": 0.8157758090590688, "4": 0.8157758090590688, "5": 0.8157758090590688, "6": 0.3978513652002259, "7": 0.3978513652002259, "8": 0.8157758090590688, "9": 0.3978513652002259, "10": 0.8157758090590688, "11": 0.3978513652002259, "12": 0.3978513652002259, "13": 0.3978513652002259, "14": 0.00027222995964702295, "15": 0.8157758090590688, "16": 0.8157758090590688, "17": 0.000250010952739496, "18": 0.8157758090590688, "19": 0.8157758090590688, "20": 0.00014031338665721776, "21": 0.3978513652002259, "22": 0.8157758090590688, "23": 0.3978513652002259, "24": 0.3978513652002259, "25": 0.8157758090590688, "26": 0.3978513652002259, "27": 0.8157758090590688, "28": 0.8157758090590688, "29": 0.8157758090590688, "30": 0.8157758090590688, "31": 0.3978513652002259, "32": 0.3978513652002259, "33": 0.3978513652002259, "34": 0.3978513652002259, "35": 0.3978513652002259, "36": 0.8157758090590688, "37": 0.00022996179737424328, "38": 0.3978513652002259, "39": 0.8157758090590688, "40": 0.3978513652002259, "41": 0.3978513652002259, "42": 0.3978513652002259, "43": 0.8157758090590688, "44": 0.3978513652002259, "45": 0.3978513652002259, "46": 0.3978513652002259, "47": 0.8157758090590688, "48": 0.3978513652002259, "49": 0.3978513652002259, "50": 0.3978513652002259, "51": 0.3978513652002259, "52": 0.3978513652002259, "53": 0.3978513652002259, "54": 0.3978513652002259, "55": 0.3978513652002259, "56": 0.3978513652002259, "57": 0.8157758090590688, "58": 0.3978513652002259, "59": 0.3978513652002259, "60": 0.3978513652002259, "61": 0.0001886766611295351, "62": 0.3978513652002259, "63": 0.8157758090590688, "64": 0.3978513652002259, "65": 0.3978513652002259, "66": 0.3978513652002259, "67": 0.3978513652002259, "68": 0.3978513652002259, "69": 0.3978513652002259, "70": 0.0001886766611295351, "71": 0.3978513652002259, "72": 0.3978513652002259, "73": 0.8157758090590688, "74": 0.3978513652002259, "75": 0.8157758090590688, "76": 0.3978513652002259, "77": 0.8157758090590688, "78": 0.8157758090590688, "79": 0.00014031338665721776, "80": 0.3978513652002259, "81": 0.8157758090590688, "82": 0.3978513652002259, "83": 0.8157758090590688, "84": 0.3978513652002259, "85": 0.3978513652002259, "86": 0.3978513652002259, "87": 0.8157758090590688, "88": 0.8157758090590688, "89": 0.3978513652002259, "90": 0.8157758090590688, "91": 0.00022996179737424328, "92": 0.8157758090590688, "93": 0.8157758090590688, "94": 0.3978513652002259, "95": 0.8157758090590688, "96": 0.8157758090590688, "97": 0.3978513652002259, "98": 0.8157758090590688, "99": 0.8157758090590688}, "1": {"0": 0.815824523735095, "1": 0.003464472709160921, "2": 0.0031400557206386643, "3": 0.0014984843119722473, "4": 0.815824523735095, "5": 0.00284517730582171, "6": 0.0015413769503463068, "7": 0.0034247643701957728, "8": 0.4760744699246101, "9": 0.0028998879658800516, "10": 0.4760744699246101, "11": 0.4760744699246101, "12": 0.0029279248308667493, "13": 0.4760744699246101, "14": 0.003018196496473959, "15": 0.0031452164075793927, "16": 0.4760744699246101, "17": 0.4760744699246101, "18": 0.4760744699246101, "19": 0.4760744699246101, "20": 0.4760744699246101, "21": 0.815824523735095, "22": 0.0029935823799015614, "23": 0.815824523735095, "24": 0.4760744699246101, "25": 0.4760744699246101, "26": 0.815824523735095, "27": 0.4760744699246101, "28": 0.4760744699246101, "29": 0.4760744699246101, "30": 0.815824523735095, "31": 0.4760744699246101, "32": 0.0030146042400154296, "33": 0.003464472709160921, "34": 0.0015726082037896964, "35": 0.815824523735095, "36": 0.815824523735095, "37": 0.0007403271766893776, "38": 0.815824523735095, "39": 0.4760744699246101, "40": 0.815824523735095, "41": 0.0015444256410916371, "42": 0.4760744699246101, "43": 0.4760744699246101, "44": 0.815824523735095, "45": 0.4760744699246101, "46": 0.4760744699246101, "47": 0.815824523735095, "48": 0.0034513328130236424, "49": 0.815824523735095, "50": 0.815824523735095, "51": 0.815824523735095, "52": 0.003052232708739229, "53": 0.0029935823799015614, "54": 0.815824523735095, "55": 0.4760744699246101, "56": 0.815824523735095, "57": 0.815824523735095, "58": 0.003052232708739229, "59": 0.4760744699246101, "60": 0.0031659058109343007, "61": 0.815824523735095, "62": 0.4760744699246101, "63": 0.815824523735095, "64": 0.002731455995269384, "65": 0.0034506128391492744, "66": 0.0033082593250417878, "67": 0.815824523735095, "68": 0.4760744699246101, "69": 0.4760744699246101, "70": 0.4760744699246101, "71": 0.0030146042400154296, "72": 0.4760744699246101, "73": 0.0034513328130236424, "74": 0.4760744699246101, "75": 0.0028998879658800516, "76": 0.4760744699246101, "77": 0.815824523735095, "78": 0.0007403271766893776, "79": 0.002731455995269384, "80": 0.0033082593250417878, "81": 0.815824523735095, "82": 0.815824523735095, "83": 0.4760744699246101, "84": 0.003018196496473959, "85": 0.815824523735095, "86": 0.815824523735095, "87": 0.4760744699246101, "88": 0.815824523735095, "89": 0.4760744699246101, "90": 0.815824523735095, "91": 0.4760744699246101, "92": 0.4760744699246101, "93": 0.815824523735095, "94": 0.4760744699246101, "95": 0.815824523735095, "96": 0.4760744699246101, "97": 0.0015444256410916371, "98": 0.0014984843119722473, "99": 0.815824523735095}, "2": {"0": 0.3743583991943271, "1": 0.8031371242467182, "2": 0.3743583991943271, "3": 0.8031371242467182, "4": 0.8031371242467182, "5": 0.8031371242467182, "6": 0.0024899242468442483, "7": 0.8031371242467182, "8": 0.3743583991943271, "9": 0.8031371242467182, "10": 0.3743583991943271, "11": 0.3743583991943271, "12": 0.8031371242467182, "13": 0.8031371242467182, "14": 0.8031371242467182, "15": 0.3743583991943271, "16": 0.8031371242467182, "17": 0.8031371242467182, "18": 0.0021482397093611806, "19": 0.3743583991943271, "20": 0.3743583991943271, "21": 0.0022227728120805855, "22": 0.3743583991943271, "23": 0.3743583991943271, "24": 0.3743583991943271, "25": 0.8031371242467182, "26": 0.8031371242467182, "27": 0.3743583991943271, "28": 0.3743583991943271, "29": 0.002392037403863639, "30": 0.002273761496794849, "31": 0.3743583991943271, "32": 0.3743583991943271, "33": 0.8031371242467182, "34": 0.3743583991943271, "35": 0.8031371242467182, "36": 0.8031371242467182, "37": 0.3743583991943271, "38": 0.8031371242467182, "39": 0.8031371242467182, "40": 0.0019081340461698923, "41": 0.3743583991943271, "42": 0.0019728745455559306, "43": 0.3743583991943271, "44": 0.3743583991943271, "45": 0.8031371242467182, "46": 0.8031371242467182, "47": 0.0024859635469244206, "48": 0.3743583991943271, "49": 0.3743583991943271, "50": 0.002060942583569826, "51": 0.3743583991943271, "52": 0.3743583991943271, "53": 0.0022163089387988054, "54": 0.8031371242467182, "55": 0.3743583991943271, "56": 0.8031371242467182, "57": 0.0019728745455559306, "58": 0.3743583991943271, "59": 0.3743583991943271, "60": 0.8031371242467182, "61": 0.002392037403863639, "62": 0.3743583991943271, "63": 0.3743583991943271, "64": 0.8031371242467182, "65": 0.8031371242467182, "66": 0.0022034958699415756, "67": 0.8031371242467182, "68": 0.3743583991943271, "69": 0.8031371242467182, "70": 0.3743583991943271, "71": 0.3743583991943271, "72": 0.0024899242468442483, "73": 0.0021962330019333178, "74": 0.0011368807483974246, "75": 0.002087945508017778, "76": 0.002057339319526887, "77": 0.3743583991943271, "78": 0.8031371242467182, "79": 0.3743583991943271, "80": 0.002194780428331666, "81": 0.0022712024307891764, "82": 0.8031371242467182, "83": 0.8031371242467182, "84": 0.002060942583569826, "85": 0.8031371242467182, "86": 0.8031371242467182, "87": 0.8031371242467182, "88": 0.3743583991943271, "89": 0.0022227728120805855, "90": 0.8031371242467182, "91": 0.0022697462876863648, "92": 0.0021962330019333178, "93": 0.0021482397093611806, "94": 0.3743583991943271, "95": 0.8031371242467182, "96": 0.3743583991943271, "97": 0.3743583991943271, "98": 0.3743583991943271, "99": 0.3743583991943271}, "3": {"0": 0.6098310179190809, "1": 0.6098310179190809,