{"0": {"0": 2.338099148622848e-13, "1": 0.6833150136795167, "2": 4.0124888779309386e-13, "3": 5.475070802517761e-13, "4": 0.6833150136795167, "5": 0.6833150136795167, "6": 0.6833150136795167, "7": 2.565664272021704e-13, "8": 1.898517792439589e-13, "9": 0.6833150136795167, "10": 0.6833150136795167, "11": 0.6833150136795167, "12": 1.249101845469178e-13, "13": 0.6833150136795167, "14": 2.209941764443917e-13, "15": 0.6833150136795167, "16": 3.594014857783622e-13, "17": 0.6833150136795167, "18": 0.6833150136795167, "19": 0.6833150136795167, "20": 0.6833150136795167, "21": 0.6833150136795167, "22": 0.6833150136795167, "23": 0.6833150136795167, "24": 0.6833150136795167, "25": 0.6833150136795167, "26": 0.6833150136795167, "27": 0.6833150136795167, "28": 0.6833150136795167, "29": 1.7486241750974375e-13, "30": 2.437164430935788e-13, "31": 0.6833150136795167, "32": 0.6833150136795167, "33": 2.209941764443917e-13, "34": 4.676198297245696e-13, "35": 2.6139457269450604e-13, "36": 0.6833150136795167, "37": 3.6162181968476763e-13, "38": 0.6833150136795167, "39": 0.6833150136795167, "40": 0.6833150136795167, "41": 0.6833150136795167, "42": 0.6833150136795167, "43": 0.6833150136795167, "44": 1.425787472578732e-13, "45": 0.6833150136795167, "46": 0.6833150136795167, "47": 0.6833150136795167, "48": 0.6833150136795167, "49": 0.6833150136795167, "50": 0.6833150136795167, "51": 0.6833150136795167, "52": 0.6833150136795167, "53": 3.6162181968476763e-13, "54": 0.6833150136795167, "55": 0.6833150136795167, "56": 0.6833150136795167, "57": 0.6833150136795167, "58": 0.6833150136795167, "59": 1.4075044889536758e-13, "60": 1.8303459178933967e-13, "61": 0.6833150136795167, "62": 0.6833150136795167, "63": 3.4355607701031814e-13, "64": 0.6833150136795167, "65": 3.4355607701031814e-13, "66": 0.6833150136795167, "67": 9.151729589466983e-14, "68": 0.6833150136795167, "69": 0.6833150136795167, "70": 0.6833150136795167, "71": 0.6833150136795167, "72": 1.511438396476745e-13, "73": 0.6833150136795167, "74": 1.797007428891811e-13, "75": 2.350632896632977e-13, "76": 0.6833150136795167, "77": 0.6833150136795167, "78": 0.6833150136795167, "79": 2.0062444389654693e-13, "80": 0.6833150136795167, "81": 2.9490067767713266e-13, "82": 1.2860485128727484e-13, "83": 2.350632896632977e-13, "84": 0.6833150136795167, "85": 2.7375354012588803e-13, "86": 0.6833150136795167, "87": 0.6833150136795167, "88": 0.6833150136795167, "89": 0.6833150136795167, "90": 7.557191982383725e-14, "91": 1.4075044889536758e-13, "92": 0.6833150136795167, "93": 3.3924056185815687e-13, "94": 0.6833150136795167, "95": 2.437164430935788e-13, "96": 0.6833150136795167, "97": 7.449988719887278e-14, "98": 0.6833150136795167, "99": 0.6833150136795167}, "1": {"0": 1.5379062750012038e-13, "1": 0.5857545217156275, "2": 0.5857545217156275, "3": 0.5857545217156275, "4": 1.3050038390502327e-13, "5": 0.5857545217156275, "6": 9.941519918719062e-14, "7": 5.456215317567126e-14, "8": 0.5857545217156275, "9": 0.5857545217156275, "10": 0.5857545217156275, "11": 0.5857545217156275, "12": 0.5857545217156275, "13": 4.196209485590799e-13, "14": 1.9474714270799087e-13, "15": 0.5857545217156275, "16": 0.5857545217156275, "17": 0.5857545217156275, "18": 0.5857545217156275, "19": 2.1599387898842506e-13, "20": 0.5857545217156275, "21": 0.5857545217156275, "22": 0.5857545217156275, "23": 0.5857545217156275, "24": 0.5857545217156275, "25": 0.5857545217156275, "26": 0.5857545217156275, "27": 0.5857545217156275, "28": 4.4458575525218294e-13, "29": 2.9783036788729713e-13, "30": 1.9270703352523027e-13, "31": 0.5857545217156275, "32": 1.3050038390502327e-13, "33": 2.8431899035953e-13, "34": 1.6991667009809537e-13, "35": 0.5857545217156275, "36": 0.5857545217156275, "37": 0.9607693656822134, "38": 0.5857545217156275, "39": 0.5857545217156275, "40": 2.7118574688645194e-13, "41": 0.5857545217156275, "42": 0.5857545217156275, "43": 0.5857545217156275, "44": 1.5895925098467028e-13, "45": 0.5857545217156275, "46": 0.5857545217156275, "47": 1.80678160173828e-13, "48": 2.1045285551401338e-13, "49": 0.5857545217156275, "50": 0.5857545217156275, "51": 2.1109523674848678e-13, "52": 0.5857545217156275, "53": 0.5857545217156275, "54": 0.5857545217156275, "55": 0.5857545217156275, "56": 0.5857545217156275, "57": 0.5857545217156275, "58": 0.5857545217156275, "59": 0.5857545217156275, "60": 0.5857545217156275, "61": 0.5857545217156275, "62": 0.5857545217156275, "63": 0.5857545217156275, "64": 0.5857545217156275, "65": 2.8431899035953e-13, "66": 1.5883047677155997e-13, "67": 1.4564411363863388e-13, "68": 0.5857545217156275, "69": 0.5857545217156275, "70": 0.5857545217156275, "71": 0.5857545217156275, "72": 0.5857545217156275, "73": 0.5857545217156275, "74": 0.5857545217156275, "75": 0.5857545217156275, "76": 2.7118574688645194e-13, "77": 1.5883047677155997e-13, "78": 2.1244113640400748e-13, "79": 4.7001792912221e-14, "80": 0.5857545217156275, "81": 0.5857545217156275, "82": 1.9270703352523027e-13, "83": 1.9474714270799087e-13, "84": 0.5857545217156275, "85": 0.5857545217156275, "86": 0.5857545217156275, "87": 0.5857545217156275, "88": 0.5857545217156275, "89": 1.80678160173828e-13, "90": 0.5857545217156275, "91": 0.5857545217156275, "92": 0.5857545217156275, "93": 0.5857545217156275, "94": 1.0621726289305663e-13, "95": 0.5857545217156275, "96": 0.5857545217156275, "97": 0.5857545217156275, "98": 0.5857545217156275, "99": 0.5857545217156275}, "2": {"0": 0.6778180647310108, "1": 6.892019405793258e-14, "2": 6.628282602637397e-14, "3": 0.6778180647310108, "4": 0.6778180647310108, "5": 1.4168487585796986e-13, "6": 0.6778180647310108, "7": 3.2212590464509136e-13, "8": 1.4793548529652738e-13, "9": 7.454920710015316e-14, "10": 0.6778180647310108, "11": 9.130935495896139e-14, "12": 1.35951116039196e-13, "13": 0.6778180647310108, "14": 0.6778180647310108, "15": 1.5872593774556e-13, "16": 1.487430730079195e-13, "17": 0.6778180647310108, "18": 0.6778180647310107, "19": 0.6778180647310108, "20": 8.925926408431027e-14, "21": 7.614878061776367e-14, "22": 0.6778180647310108, "23": 9.377912080455458e-14, "24": 4.9845621250307064e-14, "25": 0.6778180647310108, "26": 0.6778180647310108, "27": 9.277206674038249e-14, "28": 5.368508472098852e-14, "29": 0.6778180647310108, "30": 0.6778180647310109, "31": 0.6778180647310108, "32": 7.406685514834068e-14, "33": 0.6778180647310108, "34": 0.6778180647310108, "35": 0.6778180647310108, "36": 0.6778180647310108, "37": 1.3955438627198839e-13, "38": 0.6778180647310107, "39": 1.3234784580640362e-13, "40": 0.6778180647310108, "41": 0.6778180647310108, "42": 0.6778180647310109, "43": 0.6778180647310109, "44": 0.6778180647310108, "45": 4.214081984705686e-14, "46": 4.4629632042155135e-14, "47": 0.6778180647310108, "48": 1.4201069159455879e-13, "49": 1.4260448846629416e-13, "50": 0.6778180647310107, "51": 0.6778180647310108, "52": 0.6778180647310108, "53": 0.6778180647310108, "54": 0.6778180647310108, "55": 0.6778180647310108, "56": 0.6778180647310108, "57": 0.6778180647310108, "58": 0.6778180647310108, "59": 0.6778180647310108, "60": 0.6778180647310108, "61": 4.214081984705686e-14, "62": 0.6778180647310108, "63": 0.6778180647310108, "64": 0.6778180647310108, "65": 0.6778180647310108, "66": 0.6778180647310108, "67": 0.6778180647310108, "68": 7.130224423314708e-14, "69": 1.5872593774556e-13, "70": 0.6778180647310109, "71": 0.6778180647310108, "72": 0.6778180647310108, "73": 1.222873526396742e-13, "74": 0.6778180647310108, "75": 6.7975558019598e-14, "76": 0.6778180647310108, "77": 0.6778180647310108, "78": 0.6778180647310108, "79": 0.6778180647310108, "80": 0.6778180647310108, "81": 0.6778180647310108, "82": 0.6778180647310108, "83": 1.0737016944197705e-13, "84": 0.6778180647310108, "85": 0.6778180647310108, "86": 0.6778180647310108, "87": 9.449252283741859e-14, "88": 0.6778180647310108, "89": 0.6778180647310108, "90": 6.11436763198371e-14, "91": 0.6778180647310108, "92": 3.8626962214633035e-14, "93": 0.6778180647310108, "94": 0.6778180647310108,