{"0": {"0": 0.16211319977128058, "1": 0.06523998956744828, "2": 0.49995429776947437, "3": 0.49997327925778573, "4": 0.49997145857158126, "5": 0.7720641399278183, "6": 0.9832820639262814, "7": 0.49998547984862624, "8": 0.705461734800007, "9": 0.49994933917916623, "10": 0.09953762264704358, "11": 0.25400415131047116, "12": 0.2994077625315227, "13": 0.7250287566909741, "14": 0.28898271411168763, "15": 0.049552640017620345, "16": 0.705461734800007, "17": 0.11654478749372228, "18": 0.931724775652697, "19": 0.931724775652697, "20": 0.499978496261819, "21": 0.8314545804428689, "22": 0.8896881318530439, "23": 0.18273043535363326, "24": 0.49971969666546734, "25": 0.8321719168563515, "26": 0.25400415131047116, "27": 0.4999717994888269, "28": 0.029064754540986365, "29": 0.18273043535363326, "30": 0.49990493002649006, "31": 0.029064754540986365, "32": 0.8321719168563515, "33": 0.4999806945254641, "34": 0.2994077625315227, "35": 0.4999199013823957, "36": 0.49998247391770323, "37": 0.7453298797939609, "38": 0.4999679610221988, "39": 0.49998346801505955, "40": 0.49943919278417526, "41": 0.7500029589506356, "42": 0.049552640017620345, "43": 0.49996274682731556, "44": 0.4999193623197299, "45": 0.7453298797939609, "46": 0.4999866396288929, "47": 0.9213276188463846, "48": 0.4999530691643413, "49": 0.11654478749372228, "50": 0.7633257308433995, "51": 0.7720641399278183, "52": 0.7720641399278183, "53": 0.9213276188463846, "54": 0.4999199013823957, "55": 0.049552640017620345, "56": 0.09953762264704358, "57": 0.49997317521708207, "58": 0.4999839805110994, "59": 0.49990642947819186, "60": 0.10856581989577262, "61": 0.06523998956744828, "62": 0.8314545804428689, "63": 0.4999853348261194, "64": 0.8896881318530439, "65": 0.28898271411168763, "66": 0.2994077625315227, "67": 0.838201456707819, "68": 0.7250287566909741, "69": 0.10856581989577262, "70": 0.25031994416358055, "71": 0.7633257308433995, "72": 0.4999787056251033, "73": 0.8321719168563515, "74": 0.49995736503851096, "75": 0.49995736503851096, "76": 0.49989270583496537, "77": 0.2994077625315227, "78": 0.7500029589506356, "79": 0.9832820639262814, "80": 0.49992297891494064, "81": 0.4999732546446566, "82": 0.49990493002649006, "83": 0.49989270583496537, "84": 0.4999853348261194, "85": 0.49943919278417526, "86": 0.9213276188463846, "87": 0.28898271411168763, "88": 0.16211319977128058, "89": 0.4999732546446566, "90": 0.838201456707819, "91": 0.7453298797939609, "92": 0.4999530691643413, "93": 0.4999483376348498, "94": 0.25031994416358055, "95": 0.4999483376348498, "96": 0.931724775652697, "97": 0.9832820639262814, "98": 0.49999273992431315, "99": 0.705461734800007}, "1": {"0": 0.49986975527729394, "1": 0.07838610951205338, "2": 0.49965332096571635, "3": 0.24170912891289442, "4": 0.4981667766400648, "5": 0.8855714433641875, "6": 0.4979963169694169, "7": 0.9836995172024459, "8": 0.8322574319758024, "9": 0.8322574319758024, "10": 0.07838610951205338, "11": 0.21195850470922217, "12": 0.4996338289083371, "13": 0.49927939886364625, "14": 0.9488219645576783, "15": 0.4925565575673665, "16": 0.9836995172024459, "17": 0.707004004522636, "18": 0.4992690153692962, "19": 0.24170912891289442, "20": 0.49858786585168524, "21": 0.7101194592677972, "22": 0.13037640012540241, "23": 0.49929579071618835, "24": 0.8228765390822139, "25": 0.49991909999018636, "26": 0.8454702839900237, "27": 0.10755358568602205, "28": 0.7593090782310008, "29": 0.9026167697508829, "30": 0.49775972207371577, "31": 0.49996192548077856, "32": 0.49827124152808533, "33": 0.4925489847658908, "34": 0.09475146873650642, "35": 0.4985696440141003, "36": 0.21195850470922217, "37": 0.49858786585168524, "38": 0.4996454250919001, "39": 0.8228765390822139, "40": 0.4998794967773355, "41": 0.4996408828475606, "42": 0.13037640012540241, "43": 0.49963515198835834, "44": 0.966282950569394, "45": 0.4962744923829454, "46": 0.22561126302901718, "47": 0.49986419079255745, "48": 0.4992758358659012, "49": 0.7232909214741288, "50": 0.9026167697508829, "51": 0.49775972207371577, "52": 0.49991909999018636, "53": 0.49956931959451356, "54": 0.49963634060322104, "55": 0.2608736361342976, "56": 0.49925667642996024, "57": 0.12235286326280759, "58": 0.707004004522636, "59": 0.8454702839900237, "60": 0.2608736361342976, "61": 0.49986419079255745, "62": 0.7232909214741288, "63": 0.2210930050374424, "64": 0.499281624352463, "65": 0.021947617168138672, "66": 0.4998673599086544, "67": 0.49956931959451356, "68": 0.7456334104162724, "69": 0.9535578019882683, "70": 0.7593090782310008, "71": 0.23125630442015555, "72": 0.10755358568602205, "73": 0.07838610951205338, "74": 0.23125630442015555, "75": 0.4999067499831368, "76": 0.49927939886364625, "77": 0.7456334104162724, "78": 0.4998204414237803, "79": 0.8855714433641875, "80": 0.49925667642996024, "81": 0.49827124152808533, "82": 0.9026167697508829, "83": 0.49993433773195767, "84": 0.4998673599086544, "85": 0.22561126302901718, "86": 0.7593090782310008, "87": 0.12235286326280759, "88": 0.4990491694964251, "89": 0.966282950569394, "90": 0.7101194592677972, "91": 0.21195850470922217, "92": 0.9488219645576783, "93": 0.2210930050374424, "94": 0.09475146873650642, "95": 0.49993433773195767, "96": 0.8228765390822139, "97": 0.4990833883200324, "98": 0.9535578019882683, "99": 0.021947617168138672}, "2": {"0": 0.8225928304484629, "1": 0.4998175131530507, "2": 0.8225928304484629, "3": 0.4995135856125536, "4": 0.21736647391423847, "5": 0.03573170136126419, "6": 0.1952645079461803, "7": 0.18219127264059604, "8": 0.21736647391423847, "9": 0.4998860279430538, "10": 0.4999572916156165, "11": 0.7520375618728613, "12": 0.1952645079461803, "13": 0.7676396490964505, "14": 0.4999105986644312, "15": 0.2888652000827398, "16": 0.9492984322487807, "17": 0.4999099332826884, "18": 0.21736647391423847, "19": 0.49999833605017996, "20": 0.4998892692808676, "21": 0.18219127264059604, "22": 0.4999181839888107, "23": 0.8698620599248431, "24": 0.981080862844743, "25": 0.8225928304484629, "26": 0.1143101840781186, "27": 0.49995085815031903, "28": 0.08822593181808186, "29": 0.769384089862643, "30": 0.49984194540518967, "31": 0.05821184822081456, "32": 0.4999715797216602, "33": 0.49984334364786287, "34": 0.4999117404257528, "35": 0.49995519874828853, "36": 0.49986530634592097, "37": 0.4999424161785005, "38": 0.746803873432475, "39": 0.8794488591792036, "40": 0.08822593181808186, "41": 0.7520375618728613, "42": 0.8698620599248431, "43": 0.7564971630238051, "44": 0.49979723318613456, "45": 0.746803873432475, "46": 0.4994928392749587, "47": 0.18219127264059604, "48": 0.4998485841036909, "49": 0.03573170136126419, "50": 0.49994300350957277, "51": 0.026370101031616897, "52": 0.4994997168526225, "53": 0.4987807625928252, "54": 0.4998978111725716, "55": 0.730656959822974, "56": 0.026370101031616897, "57": 0.49981665963303223, "58": 0.49995569719524036, "59": 0.05821184822081456, "60": 0.49992176491254914, "61": 0.1195038591041721, "62": 0.026370101031616897, "63": 0.49974985842631126, "64": 0.4999105986644312, "65": 0.4999571973316689, "66": 0.49987221354496525, "67": 0.942222541095995, "68": 0.4997359328640784, "69": 0.2938917123884515, "70": 0.1195038591041721, "71": 0.855302990355316, "72": 0.942222541095995, "73": 0.4987807625928252, "74": 0.730656959822974, "75": 0.05821184822081456, "76": 0.49981665963303223, "77": 0.499916752669151, "78": 0.49986530634592097, "79": 0.8794488591792036, "80": 0.9492984322487807, "81": 0.0857404912153848, "82": 0.49999833605017996, "83": 0.49979723318613456, "84": 0.4999572916156165, "85": 0.981080862844743, "86": 0.4994928392749587, "87": 0.7676396490964505, "88": 0.2888652000827398, "89": 0.855302990355316, "90": 0.1143101840781186, "91": 0.499916752669151, "92": 0.2938917123884515, "93": 0.0857404912153848, "94": 0.7564971630238051, "95": 0.7564971630238051, "96": 0.8225928304484629, "97": 0.4999571973316689, "98": 0.769384089862643, "99": 0.4999549666413442}, "3": {"0": 0.4995740189254013, "1": 0.865863194665049, "2": 0.17174085721583915,