{"0": {"0": 0.6433588828622188, "1": 2.896922407193484e-13, "2": 0.6433588828622188, "3": 0.6433588828622188, "4": 0.6433588828622188, "5": 0.6433588828622188, "6": 0.6433588828622188, "7": 3.559953126890403e-13, "8": 0.6433588828622188, "9": 0.6433588828622188, "10": 0.6433588828622188, "11": 0.6433588828622188, "12": 0.6433588828622188, "13": 0.6433588828622188, "14": 3.347445548518242e-13, "15": 2.341044447363392e-13, "16": 0.6433588828622188, "17": 2.6586988449542156e-13, "18": 0.6433588828622188, "19": 2.343045387140665e-13, "20": 0.6433588828622188, "21": 1.2323775955306093e-13, "22": 0.6433588828622188, "23": 0.6433588828622188, "24": 0.6433588828622188, "25": 0.6433588828622188, "26": 0.6433588828622188, "27": 0.6433588828622188, "28": 0.6433588828622188, "29": 2.288116621175025e-13, "30": 0.6433588828622188, "31": 0.6433588828622188, "32": 0.6433588828622188, "33": 3.1447187005529044e-13, "34": 0.6433588828622188, "35": 0.6433588828622188, "36": 2.896922407193484e-13, "37": 0.6433588828622188, "38": 3.030826104828753e-13, "39": 0.6433588828622188, "40": 1.1440583105875124e-13, "41": 0.6433588828622188, "42": 1.5405177198597278e-13, "43": 0.6433588828622188, "44": 0.6433588828622188, "45": 2.80225361125744e-13, "46": 9.399176417346719e-14, "47": 0.6433588828622188, "48": 0.6433588828622188, "49": 0.6433588828622188, "50": 0.6433588828622188, "51": 0.6433588828622188, "52": 0.6433588828622188, "53": 0.6433588828622188, "54": 0.6433588828622188, "55": 1.176377302032161e-13, "56": 0.6433588828622188, "57": 2.1898265534086147e-13, "58": 0.6433588828622188, "59": 1.0949132767043074e-13, "60": 3.1447187005529044e-13, "61": 1.6297269263447606e-13, "62": 0.6433588828622188, "63": 0.6433588828622188, "64": 1.9695289246723478e-13, "65": 0.6433588828622188, "66": 0.6433588828622188, "67": 9.987840771811192e-14, "68": 0.6433588828622188, "69": 0.6433588828622188, "70": 0.6433588828622188, "71": 1.87286059620247e-13, "72": 1.1715226935703325e-13, "73": 2.0418255002480133e-13, "74": 1.95123866913842e-13, "75": 0.6433588828622188, "76": 2.504812956026908e-13, "77": 0.6433588828622188, "78": 0.6433588828622188, "79": 0.6433588828622188, "80": 0.6433588828622188, "81": 0.6433588828622188, "82": 0.6433588828622188, "83": 0.6433588828622188, "84": 0.6433588828622188, "85": 0.6433588828622188, "86": 0.6433588828622188, "87": 1.5405177198597278e-13, "88": 0.6433588828622188, "89": 3.030826104828753e-13, "90": 1.3293494224771078e-13, "91": 0.6433588828622188, "92": 1.170522223681696e-13, "93": 0.6433588828622188, "94": 0.6433588828622188, "95": 9.36430298101235e-14, "96": 2.0418255002480133e-13, "97": 0.6433588828622188, "98": 0.6433588828622188, "99": 0.6433588828622188}, "1": {"0": 0.5823778996668498, "1": 0.5823778996668498, "2": 0.5823778996668498, "3": 0.5823778996668498, "4": 0.5823778996668498, "5": 0.5823778996668498, "6": 0.5823778996668498, "7": 6.036924707382847e-13, "8": 0.5823778996668498, "9": 0.5823778996668498, "10": 0.5823778996668498, "11": 0.5823778996668498, "12": 0.5823778996668498, "13": 0.5823778996668498, "14": 0.5823778996668498, "15": 0.5823778996668498, "16": 0.5823778996668498, "17": 0.5823778996668498, "18": 0.5823778996668498, "19": 0.5823778996668498, "20": 0.5823778996668498, "21": 0.5823778996668498, "22": 8.828958999677061e-13, "23": 0.5823778996668498, "24": 0.5823778996668498, "25": 7.63412971643066e-13, "26": 0.5823778996668498, "27": 0.5823778996668498, "28": 0.5823778996668498, "29": 0.5823778996668498, "30": 0.5823778996668498, "31": 3.705479270319858e-13, "32": 0.5823778996668498, "33": 0.5823778996668498, "34": 0.5823778996668498, "35": 4.0850367282071384e-13, "36": 0.5823778996668498, "37": 3.549092988223522e-13, "38": 0.5823778996668498, "39": 0.5823778996668498, "40": 0.5823778996668498, "41": 0.5823778996668498, "42": 9.570773137383607e-13, "43": 0.5823778996668498, "44": 0.5823778996668498, "45": 0.5823778996668498, "46": 0.5823778996668498, "47": 0.5823778996668498, "48": 0.5823778996668498, "49": 0.5823778996668498, "50": 0.5823778996668498, "51": 0.5823778996668498, "52": 0.5823778996668498, "53": 0.5823778996668498, "54": 3.567893603366762e-13, "55": 6.188671981505524e-13, "56": 0.5823778996668498, "57": 0.5823778996668498, "58": 0.5823778996668498, "59": 0.5823778996668498, "60": 0.5823778996668498, "61": 0.5823778996668498, "62": 0.5823778996668498, "63": 0.5823778996668498, "64": 0.5823778996668498, "65": 0.5823778996668498, "66": 0.5823778996668498, "67": 0.5823778996668498, "68": 0.5823778996668498, "69": 0.5823778996668498, "70": 9.20724454697404e-13, "71": 0.5823778996668498, "72": 0.5823778996668498, "73": 0.5823778996668498, "74": 0.5823778996668498, "75": 0.5823778996668498, "76": 0.5823778996668498, "77": 0.5823778996668498, "78": 0.5823778996668498, "79": 0.5823778996668498, "80": 0.5823778996668498, "81": 6.207333926797439e-13, "82": 0.5823778996668498, "83": 0.5823778996668498, "84": 0.5823778996668498, "85": 0.5823778996668498, "86": 0.5823778996668498, "87": 6.036924707382847e-13, "88": 0.5823778996668498, "89": 0.5823778996668498, "90": 8.450673452380081e-13, "91": 8.828958999677061e-13, "92": 0.5823778996668498, "93": 6.188671981505524e-13, "94": 0.5823778996668498, "95": 0.5823778996668498, "96": 0.5823778996668498, "97": 0.5823778996668498, "98": 0.5823778996668498, "99": 0.5823778996668498}, "2": {"0": 0.6638010287881391, "1": 0.6638010287881391, "2": 0.6638010287881391, "3": 0.6638010287881391, "4": 0.6638010287881391, "5": 2.6641674612380795e-13, "6": 0.6638010287881391, "7": 0.6638010287881391, "8": 6.778972994040507e-13, "9": 0.6638010287881391, "10": 6.531665573782368e-13, "11": 0.6638010287881391, "12": 0.6638010287881391, "13": 2.6839360459164564e-13, "14": 3.976872826841313e-13, "15": 0.6638010287881391, "16": 0.6638010287881391, "17": 0.6638010287881391, "18": 0.6638010287881391, "19": 0.6638010287881391, "20": 0.6638010287881391, "21": 5.843860547097178e-13, "22": 0.6638010287881391, "23": 0.6638010287881391, "24": 2.2067389399435209e-13, "25": 3.8145124985090854e-13, "26": 4.060898079343172e-13, "27": 3.016950953645265e-13, "28": 0.6638010287881391, "29": 0.6638010287881391, "30": 3.9062829148241587e-13, "31": 0.6638010287881391, "32": 0.6638010287881391, "33": 0.6638010287881391, "34": 0.6638010287881391, "35": 4.409317550006161e-13, "36": 0.6638010287881391, "37": 0.6638010287881391, "38": 0.6638010287881391, "39": 4.0895606526640913e-13, "40": 0.6638010287881391, "41": 0.6638010287881391, "42": 3.3126658072924367e-13, "43": 6.531665573782368e-13, "44": 0.6638010287881391, "45": 0.6638010287881391, "46": 0.6638010287881391, "47": 0.6638010287881391, "48": 0.6638010287881391, "49": 6.11683598310365e-13, "50": 0.6638010287881391, "51": 4.645620421229945e-13, "52": 3.01663631521217e-13, "53": 0.6638010287881391, "54": 0.6638010287881391, "55": 5.427745813448856e-13, "56": 0.6638010287881391, "57": 2.9520464773098184e-13, "58": 0.6638010287881391, "59": 0.6638010287881391, "60": 2.84950555432359e-13, "61": 1.4760232386549092e-13, "62": 2.713872906724428e-13, "63": 0.6638010287881391, "64": 4.319351538657988e-13, "65": 3.9897918609407833e-13, "66": 2.0577851236183722e-13, "67": 0.6638010287881391, "68": 2.0265835472155905e-13, "69": 3.507272427123978e-13, "70": 3.5349017048216754e-13, "71": 0.6638010287881391, "72": 0.6638010287881391, "73": 0.6638010287881391, "74": 6.778972994040507e-13, "75": 3.327716921136087e-13, "76": 0.6638010287881391, "77": 0.6638010287881391, "78": 0.6638010287881391, "79": 0.6638010287881391, "80": 4.0895606526640913e-13, "81": 0.6638010287881391, "82": 5.907923545875416e-13, "83": 0.6638010287881391, "84": 3.016950953645265e-13, "85": 3.327716921136087e-13, "86": 4.20876854328132e-13, "87": 0.6638010287881391, "88": 0.6638010287881391, "89": 0.6638010287881391, "90": 0.6638010287881391, "91": 0.6638010287881391, "92": 0.6638010287881391, "93": 0.6638010287881391, "94": 2.723826988927892e-13, "95": 3.5349017048216754e-13, "96": 3.507272427123978e-13,