{"0": {"0": 0.5415452784296633, "1": 0.05000005878077929, "2": 0.5452126345262873, "3": 0.5915522748000488, "4": 0.05000008221695804, "5": 0.5440775908951413, "6": 0.42146435831378537, "7": 0.9499999853725092, "8": 0.949999966673869, "9": 0.949999969136887, "10": 0.9499999771623142, "11": 0.9499999844102969, "12": 0.9499999769170737, "13": 0.9499999738971814, "14": 0.5415452784296633, "15": 0.949999978232352, "16": 0.5913294864750248, "17": 0.9499999765569203, "18": 0.9499999783996029, "19": 0.9499999863251918, "20": 0.5504391387456826, "21": 0.05000006281805141, "22": 0.05000003922021083, "23": 0.9499999857242244, "24": 0.9499999769483799, "25": 0.05000005265983557, "26": 0.050000052752229004, "27": 0.5508132570958895, "28": 0.05000005685144218, "29": 0.9499999803957984, "30": 0.9499999766938618, "31": 0.5550879637816342, "32": 0.949999969136887, "33": 0.9499999834806705, "34": 0.05000004766194249, "35": 0.05000007089279896, "36": 0.4332731569799417, "37": 0.05000004402595602, "38": 0.5889566766710954, "39": 0.050000067404107465, "40": 0.9499999770413511, "41": 0.9499999785603896, "42": 0.9499999771623142, "43": 0.9499999722392443, "44": 0.050000029879462296, "45": 0.5443313252463604, "46": 0.05000005340704658, "47": 0.5485529165845411, "48": 0.5485640194886032, "49": 0.949999987290885, "50": 0.9499999729657291, "51": 0.9499999940165598, "52": 0.5431914260491786, "53": 0.9499999878364276, "54": 0.05000006406036818, "55": 0.9499999733705335, "56": 0.05000004862167651, "57": 0.0500000556407286, "58": 0.5443313252463604, "59": 0.05000005878077929, "60": 0.4332731569799417, "61": 0.5889566766710954, "62": 0.9499999724808825, "63": 0.5432449310142582, "64": 0.05000006168202463, "65": 0.05000006452432776, "66": 0.05000002201297801, "67": 0.9499999724808825, "68": 0.5431914260491786, "69": 0.05000004766194249, "70": 0.05000005636779327, "71": 0.5485529165845411, "72": 0.05000005452388759, "73": 0.9499999834806705, "74": 0.9499999783996029, "75": 0.949999978161292, "76": 0.9499999908248695, "77": 0.5550879637816342, "78": 0.5915522748000488, "79": 0.9499999791718005, "80": 0.05000006281805141, "81": 0.5500650203954757, "82": 0.050000067404107465, "83": 0.050000030841012316, "84": 0.05000005336759904, "85": 0.9499999803957984, "86": 0.05000006406036818, "87": 0.42146435831378537, "88": 0.9499999791718005, "89": 0.05000005336759904, "90": 0.5737372731813576, "91": 0.5504391387456826, "92": 0.9499999769483799, "93": 0.9499999884585368, "94": 0.5737372731813576, "95": 0.05000005685144218, "96": 0.54526782046274, "97": 0.949999978232352, "98": 0.5452126345262873, "99": 0.9499999785603896}, "1": {"0": 0.3645676047729256, "1": 0.050000066080848886, "2": 0.5121554884237454, "3": 0.05000004107669068, "4": 0.05000004375925435, "5": 0.050000043060593996, "6": 0.47232577565995143, "7": 0.9499999657111283, "8": 0.9499999616065378, "9": 0.5469555636603729, "10": 0.949999958606083, "11": 0.9499999480491667, "12": 0.050000050055363954, "13": 0.9499999657792544, "14": 0.05000003406648919, "15": 0.05000003590160231, "16": 0.050000051240438645, "17": 0.9499999543601653, "18": 0.9499999855808495, "19": 0.47232577565995143, "20": 0.9499999778804497, "21": 0.0500000498116069, "22": 0.5469555636603729, "23": 0.0500000284347165, "24": 0.050000048601419045, "25": 0.9499999577674159, "26": 0.05000004298135483, "27": 0.949999942994703, "28": 0.5469555636603729, "29": 0.949999967936825, "30": 0.949999969734136, "31": 0.05000002935384406, "32": 0.05000004928403703, "33": 0.050000050055363954, "34": 0.9499999765307044, "35": 0.05000003065816843, "36": 0.05000002196998769, "37": 0.9499999640272382, "38": 0.05000003288238339, "39": 0.9499999587776488, "40": 0.9499999791592046, "41": 0.9499999597010857, "42": 0.9499999519414564, "43": 0.05000005802583425, "44": 0.9499999652171716, "45": 0.5082887248864811, "46": 0.050000052808282215, "47": 0.5666894795255701, "48": 0.9499999542969803, "49": 0.9499999839684125, "50": 0.5082887248864811, "51": 0.05000004722526583, "52": 0.05000003065816843, "53": 0.0500000171650784, "54": 0.3645676047729256, "55": 0.9499999652398475, "56": 0.5273710903336857, "57": 0.5121554884237454, "58": 0.5082887248864811, "59": 0.9499999771484902, "60": 0.9499999772212172, "61": 0.9499999643891588, "62": 0.949999957079821, "63": 0.5772676260709704, "64": 0.050000023959400536, "65": 0.050000043060593996, "66": 0.3645676047729256, "67": 0.050000047761439556, "68": 0.0500000488586748, "69": 0.050000066080848886, "70": 0.050000047761439556, "71": 0.050000046367001526, "72": 0.5082887248864811, "73": 0.5666894795255701, "74": 0.9499999755733941, "75": 0.5469555636603729, "76": 0.050000048601419045, "77": 0.949999960039203, "78": 0.949999960039203, "79": 0.45179664207245585, "80": 0.9499999546783944, "81": 0.9499999772212172, "82": 0.05000003590160231, "83": 0.050000047761439556, "84": 0.949999967811298, "85": 0.05000005044363118, "86": 0.9499999604685989, "87": 0.5772676260709704, "88": 0.05000005142901294, "89": 0.0500000488586748, "90": 0.9499999652398475, "91": 0.5273710903336857, "92": 0.05000003406648919, "93": 0.949999957079821, "94": 0.9499999643891588, "95": 0.45179664207245585, "96": 0.05000004722526583, "97": 0.9499999652171716, "98": 0.05000002490580345, "99": 0.9499999546783944}, "2": {"0": 0.4530466547786331, "1": 0.9499999693567053, "2": 0.050000017864905405, "3": 0.05000002673692863, "4": 0.949999974851839, "5": 0.9499999848071603, "6": 0.4530466547786331, "7": 0.05000002133788477, "8": 0.05000001203755481, "9": 0.529484599308844, "10": 0.9499999560090024, "11": 0.9499999578083627, "12": 0.4306456492345264, "13": 0.05000002869154314, "14": 0.9499999450257904, "15": 0.05000002177001513, "16": 0.05000002408082199, "17": 0.9499999624614683, "18": 0.9499999576791442, "19": 0.9499999523021764, "20": 0.9499999598534219, "21": 0.9499999537538797, "22": 0.9499999632143787, "23": 0.4404758030686078, "24": 0.9499999727040976, "25": 0.9499999589350587, "26": 0.9499999612058903, "27": 0.9499999504368742, "28": 0.9499999547544242, "29": 0.5140783478675441, "30": 0.4306456492345264, "31": 0.050000026533938396, "32": 0.9499999766641778, "33": 0.9499999697193117, "34": 0.4192186512944628, "35": 0.05000002874087389, "36": 0.050000024664660844, "37": 0.9499999535706498, "38": 0.9499999597642075, "39": 0.0500000253820234, "40": 0.05000002660541488, "41": 0.05000002593428347, "42": 0.9499999664822614, "43": 0.494276563854595, "44": 0.050000021171890174, "45": 0.9499999728520814, "46": 0.949999955624897, "47": 0.050000019996905384, "48": 0.050000023394923536, "49": 0.949999972466326, "50": 0.050000028665281755, "51": 0.949999967225595, "52": 0.9499999674352515, "53": 0.43277268178004835, "54": 0.4404758030686078, "55": 0.9499999768769398, "56": 0.5923907384972389, "57": 0.9499999693982134, "58": 0.9499999688623108, "59": 0.05000001296714174, "60": 0.05000002869154314, "61": 0.494276563854595, "62": 0.5923907384972389, "63": 0.9499999693567053, "64": 0.9499999669090528, "65": 0.9499999612058903, "66": 0.9499999632143787, "67": 0.529484599308844, "68": 0.9499999819517588, "69": 0.05000002133398347, "70": 0.9499999597642075, "71": 0.05000002019186399, "72": 0.050000023394923536, "73": 0.05000002841942254, "74": 0.05000002408082199, "75": 0.05000001977821451, "76": 0.050000012065485065, "77": 0.5140783478675441, "78": 0.050000024664660844, "79": 0.9499999794675293, "80": 0.9499999669090528, "81": 0.050000028665281755, "82": 0.05000001336846432, "83": 0.9499999547182003, "84": 0.4147026450742725, "85": 0.9499999753796088, "86": 0.05000002660541488, "87": 0.0500000277938959, "88": 0.43277268178004835, "89": 0.949999967225595, "90": 0.05000002597239775, "91": 0.9499999688623108, "92": 0.9499999664822614, "93": 0.4147026450742725, "94": 0.9499999547182003, "95": 0.4192186512944628, "96": 0.050000012986198876, "97": 0.9499999693982134, "98": 0.050000021171890174, "99": 0.050000019996905384}, "3": {"0": 0.05000008956921383, "1": 0.9499999556106421, "2": 0.9499999505651087,