{"0": {"0": 0.6858001980821318, "1": 0.48976488419128095, "2": 0.5879342326414789, "3": 0.6996722981669357, "4": 0.24272890267380018, "5": 0.6469156302842539, "6": 0.11219085778318101, "7": 0.6036179338936711, "8": 0.7196958863250458, "9": 0.3341651605847545, "10": 0.7406925143581131, "11": 0.105836460055315, "12": 0.6858001980821318, "13": 0.8276389307377462, "14": 0.09587407467762143, "15": 0.5934493727573322, "16": 0.7406925143511666, "17": 0.74069251434422, "18": 0.7679275468004234, "19": 0.611482610656452, "20": 0.18059705160584222, "21": 0.6036179338936711, "22": 0.25957459431343255, "23": 0.8180172802749857, "24": 0.3341651605847545, "25": 0.6996722981669357, "26": 0.49290640789952367, "27": 0.43557222651963456, "28": 0.09145096624086543, "29": 0.12364853393345707, "30": 0.43557222651963456, "31": 0.18059705160584222, "32": 0.6306547807874957, "33": 0.6858001980821318, "34": 0.8044711142402139, "35": 0.08396544830537814, "36": 0.2638347678598841, "37": 0.12006988755501566, "38": 0.686642082663371, "39": 0.6635337550732973, "40": 0.6306547807877074, "41": 0.8276389307377462, "42": 0.7047540943033682, "43": 0.11081730758096384, "44": 0.5934493727573322, "45": 0.6858001980821318, "46": 0.11175341286523549, "47": 0.5720191492626767, "48": 0.8044711142402139, "49": 0.49290640789952367, "50": 0.7679275468004234, "51": 0.11175341286523549, "52": 0.11219085778318101, "53": 0.2056644462091253, "54": 0.09587407467762143, "55": 0.5879342326414789, "56": 0.48976488419128095, "57": 0.8180172802749857, "58": 0.7406925143702695, "59": 0.7326565884846928, "60": 0.09145096624086543, "61": 0.43557222651963456, "62": 0.6807686932862672, "63": 0.8044711142402139, "64": 0.6656929644248701, "65": 0.8044711142402139, "66": 0.18059705160584222, "67": 0.6996722981669357, "68": 0.08396544830537814, "69": 0.7196958863250458, "70": 0.43553197223690954, "71": 0.6925154720404749, "72": 0.611482610656452, "73": 0.43553197223690954, "74": 0.25957459431343255, "75": 0.7047540943033682, "76": 0.5137310374854882, "77": 0.18059705160584222, "78": 0.7406925143702695, "79": 0.7326565884846928, "80": 0.5720191492626767, "81": 0.4352552711015768, "82": 0.2056644462091253, "83": 0.4352552711015768, "84": 0.4976724550391999, "85": 0.6996722981669357, "86": 0.17711989990793836, "87": 0.6635338426726989, "88": 0.12006988755501566, "89": 0.6469156302842539, "90": 0.105836460055315, "91": 0.2638347678598841, "92": 0.5137310374854882, "93": 0.6306547807874957, "94": 0.6635338426726989, "95": 0.24272890267380018, "96": 0.17711989990793836, "97": 0.6656929644248701, "98": 0.4976724550391999, "99": 0.686642082663371}, "1": {"0": 0.880146523107949, "1": 0.5364930499450644, "2": 0.8802884286768125, "3": 0.8148414184227925, "4": 0.6070706009029432, "5": 0.7567129327653652, "6": 0.7567129327653652, "7": 0.4553366814330341, "8": 0.49280658098804214, "9": 0.5907202724453005, "10": 0.49579218851303564, "11": 0.913059197073044, "12": 0.28835604525063996, "13": 0.37974730650325184, "14": 0.4550375958994642, "15": 0.6058673793779715, "16": 0.31871472290429864, "17": 0.5907202724453005, "18": 0.6264264145913897, "19": 0.39781797830296267, "20": 0.46001260850460324, "21": 0.43817210384595384, "22": 0.2914475061744505, "23": 0.2705484177954098, "24": 0.28164175758988397, "25": 0.4052877948716935, "26": 0.5364930499450644, "27": 0.4052885179046323, "28": 0.30663390572196125, "29": 0.223977462138583, "30": 0.4338685552698254, "31": 0.8802884286768125, "32": 0.6070706009029432, "33": 0.37974730650325184, "34": 0.4493046616155407, "35": 0.7469646162538037, "36": 0.6244062117086882, "37": 0.913059197073044, "38": 0.6264264145913897, "39": 0.8299028806757762, "40": 0.3068112316006153, "41": 0.2947743035416053, "42": 0.4493046616155407, "43": 0.2673752472942219, "44": 0.6244062117086882, "45": 0.9035658373325006, "46": 0.30002885619516895, "47": 0.880146523107949, "48": 0.9035658373325006, "49": 0.30654524278263423, "50": 0.48982097346304865, "51": 0.4550375958994642, "52": 0.8241712322185994, "53": 0.36344367101356456, "54": 0.2537250427332639, "55": 0.39775530042932894, "56": 0.43595311189970165, "57": 0.525879766511441, "58": 0.6011238657779725, "59": 0.31871472290429864, "60": 0.2673303534644627, "61": 0.525879766511441, "62": 0.38671783985635877, "63": 0.8148414184227925, "64": 0.38672526936345725, "65": 0.223977462138583, "66": 0.9035658373325006, "67": 0.9035658373325006, "68": 0.30002885619516895, "69": 0.39775530042932894, "70": 0.4052877948716935, "71": 0.283186072891746, "72": 0.8241712322185994, "73": 0.6244062117086882, "74": 0.39781797830296267, "75": 0.2537250427332639, "76": 0.43706260787282775, "77": 0.28371490249165127, "78": 0.28181530183871817, "79": 0.46001260850460324, "80": 0.38672526936345725, "81": 0.2673303534644627, "82": 0.7469646162538037, "83": 0.2914475061744505, "84": 0.7351023400322425, "85": 0.6244062117086882, "86": 0.6058673793779715, "87": 0.28164175758988397, "88": 0.6011238657779725, "89": 0.2947743035416053, "90": 0.283186072891746, "91": 0.30654524278263423, "92": 0.28371490249165127, "93": 0.49280658098804214, "94": 0.2705484177954098, "95": 0.7351023400322425, "96": 0.43706260787282775, "97": 0.8299028806757762, "98": 0.36344367101356456, "99": 0.4553366814330341}, "2": {"0": 0.6722489519446312, "1": 0.07861421784700685, "2": 0.7793175433650039, "3": 0.10633880648975885, "4": 0.2803590552894709, "5": 0.6372389827946545, "6": 0.6288803733182491, "7": 0.8303593099069844, "8": 0.4933498499227045, "9": 0.6313376214387435, "10": 0.4933498499227045, "11": 0.8644290401740964, "12": 0.9247996062673975, "13": 0.09403591072406182, "14": 0.10633880648975885, "15": 0.6126229380056447, "16": 0.39105037895079275, "17": 0.5670384474502776, "18": 0.8303606920895266, "19": 0.20278378458297888, "20": 0.8059537552475284, "21": 0.5670384474502776, "22": 0.6288803733182491, "23": 0.7517626361746204, "24": 0.7745400223902215, "25": 0.6239589899502416, "26": 0.72761717818687, "27": 0.821660927835419, "28": 0.5887418689516626, "29": 0.3871066725401933, "30": 0.7745400223902215, "31": 0.3361045344468656, "32": 0.7752139213491864, "33": 0.1388448860812142, "34": 0.6722489519446312, "35": 0.3746579339599646, "36": 0.2833646679911177, "37": 0.3871066725401933, "38": 0.7745400223902215, "39": 0.721974565222979, "40": 0.8898410066585789, "41": 0.2803590552894709, "42": 0.21569064771197205, "43": 0.6313376214387435, "44": 0.23340934699836238, "45": 0.3871066725401933, "46": 0.3746579339599646, "47": 0.7517626361746204, "48": 0.2833646679911177, "49": 0.1388318836823823, "50": 0.20278378458297888, "51": 0.721974565222979, "52": 0.9247996062673975, "53": 0.6943127299919798, "54": 0.6247412808581934, "55": 0.5670384474502776, "56": 0.32997794011124537, "57": 0.1399498200366156, "58": 0.32997794011124537, "59": 0.289051006387149, "60": 0.8147831675458959, "61": 0.8059537552475284, "62": 0.6407382405911293, "63": 0.1388448860812142, "64": 0.49887501450264266, "65": 0.6139448489871335, "66": 0.21569064771197205, "67": 0.8303593099069844, "68": 0.7745400223902215, "69": 0.28304868354339563, "70": 0.821660927835419, "71": 0.1952538862903686, "72": 0.32236231905784957, "73": 0.612615162065838, "74": 0.32236231905784957, "75": 0.7793175433650039, "76": 0.09403591072406182, "77": 0.2981334028489997, "78": 0.6139448489871335, "79": 0.1952538862903686, "80": 0.72761717818687, "81": 0.6239589899502416, "82": 0.8898410066585789, "83": 0.2981334028489997, "84": 0.8644290401740964, "85": 0.821660927835419, "86": 0.8147831675458959, "87": 0.3361045344468656, "88": 0.6407382405911293, "89": 0.07861421784700685, "90": 0.39105037895079275, "91": 0.612615162065838, "92": 0.6943127299919798, "93": 0.1399498200366156, "94": 0.6247412808581934, "95": 0.23340934699836238, "96": 0.6372389827946545, "97": 0.5887418689516626, "98": 0.289051006387149, "99": 0.49887501450264266}, "3": {"0": 0.6578762017154203, "1": 0.5585117419488635, "2": 0.6806598335488038, "3": 0.15206141681176605, "4": 0.5721698553322916,