{"0": {"0": 0.5018260068546578, "1": 0.25346992857170875, "2": 0.2534714822009132, "3": 0.5006427976760841, "4": 0.5017638145592143, "5": 0.5014826195524607, "6": 0.5016337761305333, "7": 0.5017928126758331, "8": 0.5017284793492855, "9": 0.5020338737793586, "10": 0.2534693902831566, "11": 0.5016556806894547, "12": 0.5009780244487075, "13": 0.5016066363990317, "14": 0.5016681949679214, "15": 0.5017420094901837, "16": 0.5016447381345723, "17": 0.25347031850313373, "18": 0.5017102465214367, "19": 0.50074209039309, "20": 0.2534701525707102, "21": 0.501658307941321, "22": 0.2534696696780019, "23": 0.501508491443532, "24": 0.5009740634567579, "25": 0.2534693623991837, "26": 0.25346977000505144, "27": 0.501772123402503, "28": 0.2534693623991837, "29": 0.5016520665854045, "30": 0.5018260068546578, "31": 0.5018192774106163, "32": 0.5017239726574094, "33": 0.5017715009948827, "34": 0.5017297407669241, "35": 0.5017383009032523, "36": 0.5017548416457283, "37": 0.2534697081510652, "38": 0.5017095745597184, "39": 0.5018192774106163, "40": 0.25347050359181, "41": 0.5014055860790667, "42": 0.2534705815675655, "43": 0.2534701155427009, "44": 0.5015435022392805, "45": 0.5015992610620308, "46": 0.5018067971070431, "47": 0.5007945675585326, "48": 0.5014430000317813, "49": 0.5014208096076045, "50": 0.5017638145592143, "51": 0.501447591065834, "52": 0.5015992610620308, "53": 0.501683452447044, "54": 0.5018397793198717, "55": 0.5017066085724325, "56": 0.5019330995672242, "57": 0.5016066363990317, "58": 0.5014868102494603, "59": 0.500723795532917, "60": 0.2534705815675655, "61": 0.5014437635413314, "62": 0.5019088520183411, "63": 0.25347101955045914, "64": 0.5016681949679214, "65": 0.5015966401267029, "66": 0.5014051199093686, "67": 0.5017880881682295, "68": 0.2534701155427009, "69": 0.2534701525707102, "70": 0.5014826195524607, "71": 0.5019280086416502, "72": 0.501743880470326, "73": 0.5017499069741297, "74": 0.2534694576994083, "75": 0.2534696835572361, "76": 0.5017420094901837, "77": 0.5017383009032523, "78": 0.501683452447044, "79": 0.501743880470326, "80": 0.5015917179618505, "81": 0.5017715009948827, "82": 0.5018756062908855, "83": 0.5014437635413314, "84": 0.2534702052969663, "85": 0.5017284793492855, "86": 0.5018576928053786, "87": 0.5015966401267029, "88": 0.25347031850313373, "89": 0.5018067971070431, "90": 0.25347007245550296, "91": 0.2534702052969663, "92": 0.2534690166473023, "93": 0.5018576928053786, "94": 0.5015961732794596, "95": 0.25347007245550296, "96": 0.25347050359181, "97": 0.5014055860790667, "98": 0.25346965141459943, "99": 0.501508491443532}, "1": {"0": 0.5001369503807195, "1": 0.9207166068349497, "2": 0.5004196445142639, "3": 0.5004025787449558, "4": 0.5002498279532538, "5": 0.9207166094993625, "6": 0.500445028274484, "7": 0.5004053430175693, "8": 0.9207166083071592, "9": 0.920716607280276, "10": 0.5003275870351536, "11": 0.9207166065889621, "12": 0.1583821563529611, "13": 0.5004299044958596, "14": 0.15837986963282197, "15": 0.9207166075837756, "16": 0.5002149522479298, "17": 0.5003482259689054, "18": 0.15838003237171738, "19": 0.5003066034895729, "20": 0.9207166075602162, "21": 0.9207166111824903, "22": 0.5004214839323929, "23": 0.5004196445142639, "24": 0.9207166060077714, "25": 0.9207166068348335, "26": 0.9207166084289411, "27": 0.5004262317136461, "28": 0.9207166078872753, "29": 0.9207166059414638, "30": 0.15837865369293858, "31": 0.1583841714586955, "32": 0.5005794629396603, "33": 0.500373960320774, "34": 0.158377853435493, "35": 0.5002324531246387, "36": 0.5003989474997474, "37": 0.920716606135755, "38": 0.500342350627889, "39": 0.5003977221265834, "40": 0.5004673764948186, "41": 0.5001612922810889, "42": 0.9207166067649776, "43": 0.5004246820867162, "44": 0.5004673764948186, "45": 0.5004246820867162, "46": 0.5003907969521775, "47": 0.5003335884315518, "48": 0.5003629967347132, "49": 0.5003852575103441, "50": 0.15838049689401967, "51": 0.9207166073781696, "52": 0.1583828808400395, "53": 0.5005051337673796, "54": 0.15838205934290775, "55": 0.15837845118636779, "56": 0.1583830784353557, "57": 0.5004055837192758, "58": 0.5002498279532538, "59": 0.920716606135755, "60": 0.9207166075602162, "61": 0.9207166082765423, "62": 0.5003335884315518, "63": 0.9207166074275291, "64": 0.5001814983673566, "65": 0.9207166083071592, "66": 0.9207166073781696, "67": 0.15838205934290775, "68": 0.15838198095510517, "69": 0.9207166052089661, "70": 0.15838088362096664, "71": 0.5002525668836898, "72": 0.9207166068621457, "73": 0.5004934358376625, "74": 0.9207166068348335, "75": 0.5002051220674165, "76": 0.920716606639527, "77": 0.15838198095510517, "78": 0.15837986963282197, "79": 0.9207166081708916, "80": 0.5003356608659555, "81": 0.9207166093268786, "82": 0.5001721976454983, "83": 0.15838088347485463, "84": 0.5003977221265834, "85": 0.5002175914162662, "86": 0.920716606639527, "87": 0.5002208433068818, "88": 0.5002514581177195, "89": 0.15838173457799187, "90": 0.5003906375227406, "91": 0.5003275870351536, "92": 0.1583819623328544, "93": 0.9207166084289411, "94": 0.5002324531246387, "95": 0.158377853435493, "96": 0.15838049689401967, "97": 0.9207166053328486, "98": 0.15838088362096664, "99": 0.9207166082582868}, "2": {"0": 0.18038956565160524, "1": 0.18038956554905797, "2": 0.18038956559009012, "3": 0.8938376723391772, "4": 0.8938377009833802, "5": 0.18038956554957208, "6": 0.5002046286957809, "7": 0.18038956550614027, "8": 0.5002649063923311, "9": 0.5001746388823898, "10": 0.5002383857782928, "11": 0.8938378520657639, "12": 0.8938376226261893, "13": 0.5002439848746916, "14": 0.5002551295637159, "15": 0.5002223366807079, "16": 0.18038956560153524, "17": 0.8938375862659913, "18": 0.5002066060231557, "19": 0.5002048562536757, "20": 0.5002732091406282, "21": 0.18038956559356537, "22": 0.1803895656152274, "23": 0.18038956554905797, "24": 0.18038956563611686, "25": 0.5002099758583913, "26": 0.5002551295637159, "27": 0.893837694718036, "28": 0.18038956555040503, "29": 0.18038956563055675, "30": 0.5001989814065029, "31": 0.5002468468022496, "32": 0.18038956560146457, "33": 0.5002048562536757, "34": 0.5002406971994714, "35": 0.5002396001727767, "36": 0.8938377686026833, "37": 0.5002211567730044, "38": 0.5002406971994714, "39": 0.18038956560399, "40": 0.8938375926644058, "41": 0.18038956553291394, "42": 0.1803895656153891, "43": 0.5000326551385261, "44": 0.8938376414032243, "45": 0.1803895656153891, "46": 0.18038956558565455, "47": 0.18038956555040503, "48": 0.18038956554776758, "49": 0.500260890633754, "50": 0.5001198000863883, "51": 0.18038956561477432, "52": 0.18038956557013297, "53": 0.1803895655492574, "54": 0.5002561159688148, "55": 0.18038956557013297, "56": 0.8938378522843639, "57": 0.18038956562471373, "58": 0.18038956557013297, "59": 0.1803895656003851, "60": 0.5002066060231557, "61": 0.18038956557013297, "62": 0.8938377887859128, "63": 0.893837737399438, "64": 0.5002053222430101, "65": 0.8938377887859128, "66": 0.18038956565160524, "67": 0.18038956551816943, "68": 0.1803895655708518, "69": 0.18038956559244623, "70": 0.8938376799426555, "71": 0.18038956555344832, "72": 0.8938376367451051, "73": 0.5002046286957809, "74": 0.8938376329529637, "75": 0.1803895655708518, "76": 0.18038956559356537, "77": 0.5002053222430101, "78": 0.18038956562471373, "79": 0.8938377915983493, "80": 0.8938376367451051, "81": 0.5001049879291957, "82": 0.8938377915983493, "83": 0.5002182836602582, "84": 0.8938376799426555, "85": 0.1803895656003851, "86": 0.5002544456335114, "87": 0.18038956561477432, "88": 0.89383764404453, "89": 0.5001280579844074, "90": 0.1803895656152274, "91": 0.5002544456335114, "92": 0.5002383857782928, "93": 0.5002468468022496, "94": 0.5002612411082094, "95": 0.8938375926644058, "96": 0.18038956555344832, "97": 0.5002788004052389, "98": 0.5002553613312151, "99": 0.8938376226261893}, "3": {"0": 0.4987737924861638, "1": 0.4988036523043645, "2": 0.49933536101660864, "3": 0.839496482782932, "4": 0.8394964825212823, "5": 0.498309956244942, "6": 0.8394964956056061,