{"0": {"0": 0.743340827691686, "1": 0.2104853160752625, "2": 0.21048531607674614, "3": 0.7433408276943398, "4": 0.7433408276921466, "5": 0.21048531607406182, "6": 0.743340827685935, "7": 0.743340827685935, "8": 0.7433408276928781, "9": 0.7433408276958828, "10": 0.7433408276940727, "11": 0.21048531607535265, "12": 0.7433408276912165, "13": 0.2104853160713641, "14": 0.21048531607931184, "15": 0.7433408276909833, "16": 0.7433408276953029, "17": 0.21048531607638807, "18": 0.21048531607498544, "19": 0.7433408276913511, "20": 0.7433408276937956, "21": 0.21048531607452242, "22": 0.21048531608136284, "23": 0.7433408276918018, "24": 0.2104853160748834, "25": 0.7433408276915103, "26": 0.7433408276918018, "27": 0.7433408277006648, "28": 0.7433408276917568, "29": 0.7433408276901503, "30": 0.21048531607522342, "31": 0.7433408276925954, "32": 0.7433408276943497, "33": 0.2104853160799866, "34": 0.21048531607422177, "35": 0.7433408276943818, "36": 0.7433408276892794, "37": 0.21048531607504697, "38": 0.21048531607074183, "39": 0.7433408276962238, "40": 0.21048531607292703, "41": 0.21048531607522342, "42": 0.2104853160799866, "43": 0.2104853160752625, "44": 0.2104853160755499, "45": 0.2104853160748834, "46": 0.21048531607480014, "47": 0.7433408276962814, "48": 0.21048531607565835, "49": 0.7433408276912756, "50": 0.7433408276928781, "51": 0.2104853160739915, "52": 0.21048531607665266, "53": 0.21048531607662652, "54": 0.2104853160759644, "55": 0.21048531607553844, "56": 0.7433408276933173, "57": 0.743340827693505, "58": 0.21048531607638807, "59": 0.21048531607423654, "60": 0.7433408276926802, "61": 0.21048531607368418, "62": 0.7433408276915909, "63": 0.7433408276940727, "64": 0.7433408276910691, "65": 0.7433408276953029, "66": 0.21048531607931184, "67": 0.21048531607665266, "68": 0.7433408276899365, "69": 0.21048531607423654, "70": 0.743340827693505, "71": 0.7433408276899365, "72": 0.21048531607535265, "73": 0.21048531607437002, "74": 0.7433408276898448, "75": 0.21048531607459228, "76": 0.743340827692172, "77": 0.7433408276962814, "78": 0.2104853160713641, "79": 0.21048531607183013, "80": 0.7433408276925954, "81": 0.21048531607553606, "82": 0.7433408276930347, "83": 0.7433408276892794, "84": 0.21048531607422177, "85": 0.7433408276915909, "86": 0.21048531607368418, "87": 0.2104853160767079, "88": 0.7433408276919062, "89": 0.743340827691686, "90": 0.7433408276861793, "91": 0.743340827688663, "92": 0.7433408276926177, "93": 0.2104853160759644, "94": 0.7433408276926177, "95": 0.2104853160736485, "96": 0.21048531607459228, "97": 0.7433408276919062, "98": 0.21048531607481644, "99": 0.7433408276913511}, "1": {"0": 0.8080328553493804, "1": 0.8080328553418916, "2": 0.2863460857640462, "3": 0.28634608576393594, "4": 0.2863460857644204, "5": 0.8080328553581585, "6": 0.8080328553642867, "7": 0.28634608576369763, "8": 0.2863460857639582, "9": 0.28634608576423354, "10": 0.8080328553656615, "11": 0.28634608576413345, "12": 0.2863460857641102, "13": 0.28634608576403464, "14": 0.2863460857638889, "15": 0.8080328553730464, "16": 0.2863460857638481, "17": 0.8080328553628667, "18": 0.28634608576396015, "19": 0.28634608576392767, "20": 0.8080328553637872, "21": 0.28634608576375964, "22": 0.28634608576399034, "23": 0.2863460857640521, "24": 0.2863460857642635, "25": 0.28634608576376175, "26": 0.8080328553668762, "27": 0.2863460857643475, "28": 0.28634608576399034, "29": 0.8080328553663654, "30": 0.8080328553612375, "31": 0.8080328553655163, "32": 0.28634608576414744, "33": 0.2863460857637636, "34": 0.2863460857643936, "35": 0.8080328553117677, "36": 0.8080328553667944, "37": 0.8080328553479664, "38": 0.8080328553502463, "39": 0.8080328553694555, "40": 0.8080328553651218, "41": 0.28634608576410836, "42": 0.8080328553663654, "43": 0.28634608576406556, "44": 0.8080328553651218, "45": 0.28634608576406556, "46": 0.808032855355458, "47": 0.8080328553631793, "48": 0.2863460857641102, "49": 0.8080328553667944, "50": 0.8080328553612435, "51": 0.2863460857636859, "52": 0.2863460857634883, "53": 0.28634608576375964, "54": 0.2863460857642718, "55": 0.8080328553502463, "56": 0.28634608576423354, "57": 0.8080328553612435, "58": 0.8080328553742059, "59": 0.2863460857640997, "60": 0.28634608576410836, "61": 0.2863460857636782, "62": 0.8080328553637641, "63": 0.8080328553694555, "64": 0.8080328553702127, "65": 0.8080328553621514, "66": 0.2863460857640006, "67": 0.8080328553545899, "68": 0.28634608576369763, "69": 0.28634608576396414, "70": 0.28634608576389275, "71": 0.8080328553669446, "72": 0.28634608576396414, "73": 0.2863460857637636, "74": 0.28634608576376175, "75": 0.2863460857641531, "76": 0.2863460857641018, "77": 0.2863460857640006, "78": 0.8080328553545899, "79": 0.8080328553669446, "80": 0.2863460857636782, "81": 0.28634608576403464, "82": 0.8080328553652153, "83": 0.28634608576446485, "84": 0.8080328553629119, "85": 0.8080328553685074, "86": 0.28634608576388487, "87": 0.2863460857636859, "88": 0.2863460857636888, "89": 0.2863460857640777, "90": 0.8080328553640946, "91": 0.2863460857643401, "92": 0.28634608576388487, "93": 0.808032855355458, "94": 0.8080328553664297, "95": 0.8080328553581585, "96": 0.8080328553640255, "97": 0.8080328553640255, "98": 0.2863460857636888, "99": 0.8080328553612375}, "2": {"0": 0.6774396806105647, "1": 0.2886057242348735, "2": 0.6774396806097516, "3": 0.6774396806136253, "4": 0.28860572423376674, "5": 0.2886057242345201, "6": 0.28860572423479314, "7": 0.28860572423506725, "8": 0.6774396806080878, "9": 0.2886057242350505, "10": 0.28860572423294795, "11": 0.28860572423494807, "12": 0.6774396806105532, "13": 0.2886057242346973, "14": 0.6774396806100671, "15": 0.2886057242351987, "16": 0.28860572423516395, "17": 0.6774396806087513, "18": 0.6774396806111089, "19": 0.2886057242351112, "20": 0.28860572423503683, "21": 0.6774396806091676, "22": 0.6774396806098537, "23": 0.6774396806095808, "24": 0.2886057242353973, "25": 0.677439680609717, "26": 0.2886057242351615, "27": 0.6774396806116214, "28": 0.6774396806094181, "29": 0.2886057242346973, "30": 0.2886057242349124, "31": 0.6774396806147178, "32": 0.2886057242352219, "33": 0.2886057242351615, "34": 0.9960283682782956, "35": 0.28860572423502323, "36": 0.6774396806147572, "37": 0.677439680611579, "38": 0.6774396806105532, "39": 0.6774396806087516, "40": 0.2886057242361663, "41": 0.28860572423524533, "42": 0.28860572423493325, "43": 0.2886057242347144, "44": 0.6774396806129279, "45": 0.6774396806116506, "46": 0.2886057242354056, "47": 0.6774396806113203, "48": 0.6774396806104985, "49": 0.28860572423509934, "50": 0.6774396806126977, "51": 0.6774396806143731, "52": 0.6774396806116214, "53": 0.28860572423495373, "54": 0.28860572423532616, "55": 0.28860572423552344, "56": 0.2886057242352219, "57": 0.2886057242349953, "58": 0.6774396806117696, "59": 0.6774396806098141, "60": 0.6774396806085567, "61": 0.28860572423402003, "62": 0.677439680611062, "63": 0.6774396806136253, "64": 0.6774396806082572, "65": 0.6774396806123315, "66": 0.2886057242354537, "67": 0.2886057242348735, "68": 0.2886057242347144, "69": 0.2886057242346891, "70": 0.6774396806116804, "71": 0.6774396806089457, "72": 0.6774396806113203, "73": 0.28860572423482944, "74": 0.288605724235066, "75": 0.28860572423528635, "76": 0.6774396806108915, "77": 0.6774396806087513, "78": 0.6774396806095859, "79": 0.6774396806107116, "80": 0.2886057242354537, "81": 0.6774396806097516, "82": 0.288605724234568, "83": 0.6774396806091676, "84": 0.6774396806079053, "85": 0.6774396806101095, "86": 0.2886057242346891, "87": 0.2886057242351112, "88": 0.2886057242347224, "89": 0.6774396806130407, "90": 0.677439680611068, "91": 0.6774396806123315, "92": 0.288605724234568, "93": 0.6774396806105647, "94": 0.6774396806106167, "95": 0.28860572423402003, "96": 0.28860572423516395, "97": 0.2886057242349702, "98": 0.6774396806117696, "99": 0.2886057242349702}, "3": {"0": 0.7798732846509536, "1": 0.7798732846678664, "2": 0.7798732846711446, "3": 0.7798732846708418, "4": 0.27505898468892814,