{"0": {"0": 0.40750076375621425, "1": 0.15159844141260448, "2": 0.6684361699787906, "3": 0.7951748754250887, "4": 0.7476840253975185, "5": 0.6116269539558981, "6": 0.5975372603631781, "7": 0.3865627611997716, "8": 0.20626226797030384, "9": 0.9494388611845068, "10": 0.9108256475130423, "11": 0.4551835355102957, "12": 0.4551835355102957, "13": 0.7951748754250887, "14": 0.0800959120686476, "15": 0.5811977715833694, "16": 0.5095851126921263, "17": 0.45065379601395583, "18": 0.5095850577623464, "19": 0.3251182796025015, "20": 0.038530156322859443, "21": 0.21858430874332177, "22": 0.5095371088728142, "23": 0.8548970272542228, "24": 0.15585186671631077, "25": 0.8384313064436941, "26": 0.7774501437374057, "27": 0.3865627611997716, "28": 0.8548970272542228, "29": 0.5333203661658517, "30": 0.5095850943821997, "31": 0.20626226797030384, "32": 0.5333203661658517, "33": 0.3348232675178404, "34": 0.9389673613609142, "35": 0.8384313064436941, "36": 0.2215529934698966, "37": 0.9037495098489365, "38": 0.3310686577378372, "39": 0.7774501437374057, "40": 0.6116269539558981, "41": 0.40750076375621425, "42": 0.06815097684303653, "43": 0.8811510238325235, "44": 0.6071973428548592, "45": 0.2215529934698966, "46": 0.7476840253975185, "47": 0.40750076375621425, "48": 0.5975372603631781, "49": 0.7145661751605741, "50": 0.45065379601395583, "51": 0.7476840253975185, "52": 0.3251182796025015, "53": 0.6628152452293214, "54": 0.7145661751605741, "55": 0.3348232675178404, "56": 0.6628152452293214, "57": 0.6116269539558981, "58": 0.5095371247414173, "59": 0.15159844141260448, "60": 0.9037495098489365, "61": 0.6399685280403824, "62": 0.2215529934698966, "63": 0.46243990303748167, "64": 0.21858430874332177, "65": 0.9108256475130423, "66": 0.5095851126921263, "67": 0.9494388611845068, "68": 0.3004889337644199, "69": 0.3004889337644199, "70": 0.15585186671631077, "71": 0.2657439504916782, "72": 0.3022565989889272, "73": 0.03087557396780166, "74": 0.9037495098489365, "75": 0.6684361699787906, "76": 0.9248182175115337, "77": 0.2657439504916782, "78": 0.9248182175115337, "79": 0.03087557396780166, "80": 0.9389673613609142, "81": 0.5095371088728142, "82": 0.9494388611845068, "83": 0.0800959120686476, "84": 0.038530156322859443, "85": 0.8669765670931819, "86": 0.3310686577378372, "87": 0.6071973428548592, "88": 0.3022565989889272, "89": 0.8669765670931819, "90": 0.8811510238325235, "91": 0.3865627611997716, "92": 0.6399685280403824, "93": 0.5333203661658517, "94": 0.6684361699787906, "95": 0.7145661751605741, "96": 0.46243990303748167, "97": 0.5811977715833694, "98": 0.06815097684303653, "99": 0.2215529934698966}, "1": {"0": 0.7232073917805009, "1": 0.2336932913743686, "2": 0.6404132664327218, "3": 0.21857126368834384, "4": 0.43761391051024834, "5": 0.7899609594760707, "6": 0.4785994915418932, "7": 0.5458829352199002, "8": 0.7427896854360443, "9": 0.9383217894172211, "10": 0.3901484206300945, "11": 0.8628892898287583, "12": 0.3184626485543426, "13": 0.6750474322390361, "14": 0.5442973320488327, "15": 0.8628892898287583, "16": 0.6877279564867804, "17": 0.5458829352199002, "18": 0.06171448168101558, "19": 0.11589130196107725, "20": 0.9714210842573883, "21": 0.3901484206300945, "22": 0.3184626485543426, "23": 0.8156226209497519, "24": 0.2752907105929206, "25": 0.03125308864484049, "26": 0.3793874715729483, "27": 0.1497235737866899, "28": 0.5458829352199002, "29": 0.8156226209497519, "30": 0.43761391051024834, "31": 0.16646950283051976, "32": 0.897791799298576, "33": 0.14015167031392178, "34": 0.19019775600496386, "35": 0.3901484206300945, "36": 0.7252534337613857, "37": 0.2336932913743686, "38": 0.5048074303825609, "39": 0.9102152344785013, "40": 0.4911292259443606, "41": 0.09684859417257631, "42": 0.6750474322390361, "43": 0.14015167031392178, "44": 0.11589130196107725, "45": 0.19019775600496386, "46": 0.5048074303825609, "47": 0.09684859417257631, "48": 0.7899609594760707, "49": 0.8628892898287583, "50": 0.798339874639671, "51": 0.16646950283051976, "52": 0.5699633048567999, "53": 0.9383217894172211, "54": 0.7252534337613857, "55": 0.016296941232556747, "56": 0.3184626485543426, "57": 0.03125308864484049, "58": 0.3727900127487642, "59": 0.02881022664507655, "60": 0.11589130196107725, "61": 0.9714210842573883, "62": 0.21857126368834384, "63": 0.9102152344785013, "64": 0.8156226209497519, "65": 0.6877279564867804, "66": 0.09585350420278223, "67": 0.7637804338556089, "68": 0.4911292259443606, "69": 0.7183024971482004, "70": 0.3793874715729483, "71": 0.6404132664327218, "72": 0.5699633048567999, "73": 0.09585350420278223, "74": 0.5442973320488327, "75": 0.4785994915418932, "76": 0.7232073917805009, "77": 0.7637804338556089, "78": 0.6579214241312947, "79": 0.3727900127487642, "80": 0.7183024971482004, "81": 0.9799606224274314, "82": 0.2752907105929206, "83": 0.21857126368834384, "84": 0.016296941232556747, "85": 0.02881022664507655, "86": 0.11589130196107725, "87": 0.798339874639671, "88": 0.7698029737403389, "89": 0.9799606224274314, "90": 0.43761391051024834, "91": 0.6579214241312947, "92": 0.06171448168101558, "93": 0.43761391051024834, "94": 0.7698029737403389, "95": 0.7427896854360443, "96": 0.897791799298576, "97": 0.7698029737403389, "98": 0.06171448168101558, "99": 0.1497235737866899}, "2": {"0": 0.33292188184831034, "1": 0.0071999640282361665, "2": 0.36495499525335595, "3": 0.8605062462719864, "4": 0.5610131235279643, "5": 0.4258743471616291, "6": 0.41229259028215204, "7": 0.7821468586023006, "8": 0.8605062462719864, "9": 0.2812629034712819, "10": 0.7999427678562265, "11": 0.9052301927039245, "12": 0.9641238785837705, "13": 0.03571760887105195, "14": 0.41229259028215204, "15": 0.1984042303900632, "16": 0.23905084625625078, "17": 0.639439973389412, "18": 0.4713718871020064, "19": 0.1878092544617155, "20": 0.7582455536525687, "21": 0.25158846595697515, "22": 0.08270873791101238, "23": 0.45349235940148247, "24": 0.7999427678562265, "25": 0.08270873791101238, "26": 0.9686039794193677, "27": 0.6992127482747903, "28": 0.45349235946802025, "29": 0.5020917867982813, "30": 0.2812629034712819, "31": 0.2543864598190546, "32": 0.33292188184831034, "33": 0.25158846595697515, "34": 0.20185353398068104, "35": 0.3838687992089407, "36": 0.0971592692651756, "37": 0.9641238785837705, "38": 0.20185353398068104, "39": 0.46752579553768714, "40": 0.7582455536525687, "41": 0.28399765634452945, "42": 0.7582455536525687, "43": 0.7821468586023006, "44": 0.9641238785837705, "45": 0.7075361684126822, "46": 0.639439973389412, "47": 0.4875129348674354, "48": 0.9052301927039245, "49": 0.3762930523065589, "50": 0.36495499525335595, "51": 0.45349235940148247, "52": 0.3762930523065589, "53": 0.8456196434116392, "54": 0.3838687992089407, "55": 0.9370239362944603, "56": 0.46752579553768714, "57": 0.4713718871020064, "58": 0.8456196434116392, "59": 0.8775362240972819, "60": 0.5712884731069057, "61": 0.8775362240972819, "62": 0.40030840248739347, "63": 0.1554368079466838, "64": 0.23905084625625078, "65": 0.1554368079466838, "66": 0.4875129348674354, "67": 0.2812629034712819, "68": 0.505153726148424, "69": 0.9370239362944603, "70": 0.9370239362944603, "71": 0.0971592692651756, "72": 0.2249490236537701, "73": 0.0971592692651756, "74": 0.2543864598190546, "75": 0.8081011056949092, "76": 0.1878092544617155, "77": 0.41229259028215204, "78": 0.639439973389412, "79": 0.28399765634452945, "80": 0.14781988449881495, "81": 0.7075361684126822, "82": 0.8775362240972819, "83": 0.7999427678562265, "84": 0.1984042303900632, "85": 0.9686039794193677, "86": 0.40030840248739347, "87": 0.4258743471616291, "88": 0.5712884731069057, "89": 0.5020917867982813, "90": 0.03571760887105195, "91": 0.2249490236537701, "92": 0.505153726148424, "93": 0.8081011056949092, "94": 0.8775362240972819, "95": 0.1554368079466838, "96": 0.6992127482747903, "97": 0.14781988449881495, "98": 0.0071999640282361665, "99": 0.5610131235279643}, "3": {"0": 0.9932592067067092, "1": 0.9932592067067092, "2": 0.8829657029874391, "3": 0.922038593869157,