{"0": {"0": 0.05060801972105643, "1": 0.05064616959037006, "2": 0.9496150137659064, "3": 0.4383318277063736, "4": 0.9480642902739198, "5": 0.4130428612858222, "6": 0.5743263303125345, "7": 0.35838606825117436, "8": 0.517344787819484, "9": 0.3018342302272883, "10": 0.05062033683984142, "11": 0.6135411408129043, "12": 0.9492622895488243, "13": 0.051173824074530486, "14": 0.05087204378606901, "15": 0.05049180618170692, "16": 0.9490681812494088, "17": 0.6103446964817922, "18": 0.9488474780412255, "19": 0.4296439376082294, "20": 0.050438107525005285, "21": 0.050865841802404006, "22": 0.05064616959037006, "23": 0.94868538083253, "24": 0.05049837864450097, "25": 0.050846683715058044, "26": 0.6103446532742092, "27": 0.6039130156498068, "28": 0.3235076065674946, "29": 0.9480642902739198, "30": 0.4383318277063736, "31": 0.05072021836692851, "32": 0.9488474780412255, "33": 0.3730699815684648, "34": 0.948545605459097, "35": 0.9496100333372277, "36": 0.05095314694833261, "37": 0.6276550697577226, "38": 0.9493336660213063, "39": 0.05078988539500022, "40": 0.05042521491421503, "41": 0.9490346346561913, "42": 0.4945458148528633, "43": 0.4383318277063736, "44": 0.4130428612858222, "45": 0.5988980124348567, "46": 0.6566916726206558, "47": 0.9495295285451057, "48": 0.6135411408129043, "49": 0.5743263303125345, "50": 0.05089991533169533, "51": 0.05088756824296167, "52": 0.4383318277063736, "53": 0.9492362376142992, "54": 0.9491017278426264, "55": 0.0504924916121173, "56": 0.9492362376142992, "57": 0.05088756824296167, "58": 0.05048817871109111, "59": 0.6414719769654559, "60": 0.3730699815684648, "61": 0.6039130156498068, "62": 0.517344787819484, "63": 0.3235076065674946, "64": 0.6276550697577226, "65": 0.05049011154922872, "66": 0.9495689919516725, "67": 0.05049107796829753, "68": 0.05049837864450097, "69": 0.4945458148528633, "70": 0.4296439376082294, "71": 0.6412548386688373, "72": 0.3018342302272883, "73": 0.517344787819484, "74": 0.051173824074530486, "75": 0.33936437388452045, "76": 0.9490572987053848, "77": 0.9490681812494088, "78": 0.05087204378606901, "79": 0.050875288202809246, "80": 0.33936437388452045, "81": 0.64588231009022, "82": 0.94868538083253, "83": 0.4945458148528633, "84": 0.05072021836692851, "85": 0.050865841802404006, "86": 0.949314557856775, "87": 0.05089991533169533, "88": 0.949314557856775, "89": 0.6566916726206558, "90": 0.050615510923739795, "91": 0.05062033683984142, "92": 0.64588231009022, "93": 0.9495295285451057, "94": 0.050438107525005285, "95": 0.9492622895488243, "96": 0.35838606825117436, "97": 0.5988980124348567, "98": 0.0504924916121173, "99": 0.6414719769654559}, "1": {"0": 0.948668329398763, "1": 0.311313041482009, "2": 0.051143860548673585, "3": 0.05076576753927793, "4": 0.9492741394771137, "5": 0.9483951824125461, "6": 0.051241625160218865, "7": 0.5140588467602406, "8": 0.5410664957002325, "9": 0.9491460207721286, "10": 0.47686749648489246, "11": 0.4696961183535058, "12": 0.05060209656893973, "13": 0.7091416611495436, "14": 0.4148817758247001, "15": 0.39676833112666565, "16": 0.9484764207867669, "17": 0.05191476841445491, "18": 0.05068052272172917, "19": 0.2767197490019199, "20": 0.5230135772093241, "21": 0.5230135772093241, "22": 0.5410664957002325, "23": 0.05161101250672476, "24": 0.333981044589324, "25": 0.9484427984348713, "26": 0.9478499914273215, "27": 0.9478579017209083, "28": 0.050789339544079035, "29": 0.9478579017209083, "30": 0.572478330413421, "31": 0.05064130964533445, "32": 0.7091416611495436, "33": 0.05161101250672476, "34": 0.3501213491424241, "35": 0.050722082284650784, "36": 0.47686749648489246, "37": 0.311313041482009, "38": 0.4148817758247001, "39": 0.05183042528733727, "40": 0.9476878843107348, "41": 0.9484357424932514, "42": 0.39676833112666565, "43": 0.05192074373103342, "44": 0.9476301751690537, "45": 0.3082115461350252, "46": 0.46972875858892715, "47": 0.6404864101802997, "48": 0.5129982601922851, "49": 0.5410664957002325, "50": 0.4696961183535058, "51": 0.31621112862314305, "52": 0.948469917297215, "53": 0.5818325852452546, "54": 0.05113109707519235, "55": 0.6465961276565853, "56": 0.6389192953742231, "57": 0.6389187213656579, "58": 0.05075571091436491, "59": 0.9492741394771137, "60": 0.3082115461350252, "61": 0.05076576753927793, "62": 0.9484764207867669, "63": 0.9477195893819043, "64": 0.9476878843107348, "65": 0.0505751211427071, "66": 0.5551805053263852, "67": 0.6404864101802997, "68": 0.9483638920187543, "69": 0.6465961276565853, "70": 0.581832590412242, "71": 0.2767197490019199, "72": 0.9488939271816492, "73": 0.9479167135688062, "74": 0.5286417020280538, "75": 0.5140563027285355, "76": 0.5140563027285355, "77": 0.9488833619539286, "78": 0.949197591206273, "79": 0.6389187213656579, "80": 0.5551805053263852, "81": 0.3501213491424241, "82": 0.051738162006468136, "83": 0.05192268856820641, "84": 0.5198621851325771, "85": 0.5286417020280538, "86": 0.581832590412242, "87": 0.5198621851325771, "88": 0.5129982601922851, "89": 0.572478330413421, "90": 0.5140588467602406, "91": 0.050915212643668634, "92": 0.0505751211427071, "93": 0.7091416611495436, "94": 0.31621112862314305, "95": 0.051241625160218865, "96": 0.9488833619539286, "97": 0.9479167135688062, "98": 0.333981044589324, "99": 0.948668329398763}, "2": {"0": 0.9493224228039447, "1": 0.050455753180934974, "2": 0.39997031018229345, "3": 0.542875534879026, "4": 0.5999781087411618, "5": 0.572228358411601, "6": 0.9494755739986638, "7": 0.05021597261362647, "8": 0.39997031018229345, "9": 0.9493530888784005, "10": 0.30020470193864995, "11": 0.050372834938706645, "12": 0.6253277002138586, "13": 0.5588938511172136, "14": 0.050306532951653105, "15": 0.5588735936777753, "16": 0.6022016846708138, "17": 0.6494611620300524, "18": 0.05055155634124988, "19": 0.05033445656583757, "20": 0.0504510761983528, "21": 0.05033445656583757, "22": 0.949319303073084, "23": 0.5763220720934594, "24": 0.34532554212643757, "25": 0.050177451137931886, "26": 0.5295595568107742, "27": 0.6253277002138586, "28": 0.5150780749667003, "29": 0.5965010097479706, "30": 0.050410909371815166, "31": 0.9495163818533472, "32": 0.6494611620300524, "33": 0.9494824352136231, "34": 0.30020470193864995, "35": 0.9494824352136231, "36": 0.6520407460697405, "37": 0.05043396248013742, "38": 0.34532554212643757, "39": 0.05027983056890198, "40": 0.050296475939054355, "41": 0.0504510761983528, "42": 0.6416725240438328, "43": 0.5295595568107742, "44": 0.949832570636352, "45": 0.47736270489923216, "46": 0.05055155634124988, "47": 0.5360651501861033, "48": 0.5763220720934594, "49": 0.050455753180934974, "50": 0.5588938511172136, "51": 0.9495410877373522, "52": 0.5853091305079892, "53": 0.7045108405543844, "54": 0.6351214138212827, "55": 0.5090435055536686, "56": 0.050296475939054355, "57": 0.4390975602734545, "58": 0.4390975602734545, "59": 0.5090435055536686, "60": 0.949380816719485, "61": 0.050124319880388624, "62": 0.05061174725128945, "63": 0.6416987686661042, "64": 0.6022016846708138, "65": 0.5999781087411618, "66": 0.050177451137931886, "67": 0.9495410877373522, "68": 0.3020022755062247, "69": 0.6520407460697405, "70": 0.5150780749667003, "71": 0.47736270489923216, "72": 0.9493572210507074, "73": 0.05021597261362647, "74": 0.30955047966142285, "75": 0.3020022755062247, "76": 0.9494127987787355, "77": 0.9495163818533472, "78": 0.6050860593156505, "79": 0.7045108405543844, "80": 0.9497377869993319, "81": 0.30955047966142285, "82": 0.6416987686661042, "83": 0.542875534879026, "84": 0.622228548603189, "85": 0.5965010097479706, "86": 0.39997031018229345, "87": 0.6935839211361048, "88": 0.9493488346602346, "89": 0.949380816719485, "90": 0.949319303073084, "91": 0.949832570636352, "92": 0.572228358411601, "93": 0.050410909371815166, "94": 0.5853091305079892, "95": 0.05043396248013742, "96": 0.6022016846708138, "97": 0.6050860593156505, "98": 0.39997031018229345, "99": 0.6935839211361048}, "3": {"0": 0.05160000696412283, "1": 0.30686055337259255, "2": 0.5426285602569758, "3": 0.05172368264459105,