{"0": {"0": 0.5000000141772628, "1": 0.5000000221595472, "2": 0.5000000225933356, "3": 0.5000000234516784, "4": 0.5000000085146488, "5": 0.5000000192832936, "6": 0.5000000143086676, "7": 0.5000000168129514, "8": 0.5000000167892373, "9": 0.5000000058364324, "10": 0.5000000096284785, "11": 0.5000000186162215, "12": 0.5000000184844688, "13": 0.500000017475221, "14": 0.5000000204502699, "15": 0.9393021345468778, "16": 0.5000000091691469, "17": 0.5000000184335442, "18": 0.5000000078468784, "19": 0.5000000163576308, "20": 0.5000000153691776, "21": 0.5000000154430051, "22": 0.0796504205088541, "23": 0.5000000154430051, "24": 0.5000000184844688, "25": 0.5000000162156724, "26": 0.5000000201342221, "27": 0.5000000173158037, "28": 0.5000000197896952, "29": 0.5000000192367398, "30": 0.5000000086628862, "31": 0.5000000179991269, "32": 0.5000000106048672, "33": 0.5000000186434381, "34": 0.5000000184335442, "35": 0.5000000183590112, "36": 0.5000000176456701, "37": 0.5000000101485356, "38": 0.5000000111246352, "39": 0.5000000166662342, "40": 0.5000000162801899, "41": 0.5000000164570301, "42": 0.5000000103277829, "43": 0.5000000209510098, "44": 0.5000000055623176, "45": 0.5000000192832936, "46": 0.9393021345468778, "47": 0.5000000141283678, "48": 0.5000000197570862, "49": 0.5000000114892295, "50": 0.5000000217800599, "51": 0.5000000141772628, "52": 0.5000000195820575, "53": 0.5000000172648323, "54": 0.5000000129664209, "55": 0.5000000089995634, "56": 0.5000000143612553, "57": 0.5000000107549096, "58": 0.5000000103277829, "59": 0.5000000174844507, "60": 0.5000000179279668, "61": 0.5000000179171161, "62": 0.5000000117587804, "63": 0.5000000174753568, "64": 0.5000000129664209, "65": 0.5000000129222504, "66": 0.5000000194423588, "67": 0.5000000183665415, "68": 0.5000000081788154, "69": 0.5000000186162215, "70": 0.5000000179260672, "71": 0.5000000129222504, "72": 0.5000000096183699, "73": 0.5000000232408242, "74": 0.5000000201342221, "75": 0.5000000173158037, "76": 0.5000000167892373, "77": 0.5000000179279668, "78": 0.5000000204502699, "79": 0.5000000143612553, "80": 0.5000000176456701, "81": 0.500000018453915, "82": 0.5000000142496313, "83": 0.0796504205088541, "84": 0.5000000060692258, "85": 0.5000000130124762, "86": 0.5000000120423105, "87": 0.5000000181899911, "88": 0.5000000156063915, "89": 0.500000012614316, "90": 0.5000000157605781, "91": 0.5000000130124762, "92": 0.5000000107549096, "93": 0.500000006307158, "94": 0.5000000168129514, "95": 0.5000000104755049, "96": 0.5000000156063915, "97": 0.5000000071248156, "98": 0.5000000181899911, "99": 0.5000000120423105}, "1": {"0": 0.9727513918171321, "1": 0.49999999613335866, "2": 0.4999999958498278, "3": 0.4999999958156106, "4": 0.49999999773356213, "5": 0.499999997598199, "6": 0.4999999972370447, "7": 0.49999999564678077, "8": 0.4999999964325276, "9": 0.4999999967219818, "10": 0.4999999972138729, "11": 0.499999997169976, "12": 0.49999999535922923, "13": 0.49999999624667785, "14": 0.4999999962146566, "15": 0.49999999810014817, "16": 0.49999999714494897, "17": 0.4999999971021807, "18": 0.4999999954967742, "19": 0.49999999606527634, "20": 0.49999999558892005, "21": 0.49999999647779114, "22": 0.4999999974983146, "23": 0.49999999633825165, "24": 0.4999999966394316, "25": 0.4999999972138729, "26": 0.4999999962217244, "27": 0.49999999574536014, "28": 0.09566179291697635, "29": 0.9438153837432606, "30": 0.4999999973385226, "31": 0.4999999967215758, "32": 0.4999999987491573, "33": 0.4999999961216942, "34": 0.49999999812144313, "35": 0.49999999644038073, "36": 0.4999999970352672, "37": 0.49999999866926126, "38": 0.4999999973589797, "39": 0.4999999962495152, "40": 0.4999999957981345, "41": 0.4999999960131089, "42": 0.4999999964608045, "43": 0.4999999961570904, "44": 0.49999999692788777, "45": 0.499999997154389, "46": 0.4999999968434452, "47": 0.4999999971021807, "48": 0.4999999964812283, "49": 0.4999999962782781, "50": 0.49999999812144313, "51": 0.4999999976704075, "52": 0.49999999553434427, "53": 0.4999999962146566, "54": 0.49999999692555896, "55": 0.4999999957148287, "56": 0.09566179291697635, "57": 0.49999999857719446, "58": 0.49999999584201127, "59": 0.09566179291697635, "60": 0.9727513272654519, "61": 0.4999999963723324, "62": 0.49999999639061027, "63": 0.4999999964325276, "64": 0.9727513918171321, "65": 0.49999999708588605, "66": 0.499999998584988, "67": 0.49999999705581927, "68": 0.4999999980177817, "69": 0.4999999958761071, "70": 0.49999999660906913, "71": 0.49999999553434427, "72": 0.4999999988554838, "73": 0.49999999628634045, "74": 0.49999999613335866, "75": 0.4999999958498278, "76": 0.4999999962217244, "77": 0.49999999537205564, "78": 0.4999999972370447, "79": 0.499999995786844, "80": 0.49999999732706646, "81": 0.49999999692555896, "82": 0.4999999957981345, "83": 0.4999999980593323, "84": 0.9148793364036553, "85": 0.49999999705581927, "86": 0.49999999732706646, "87": 0.4999999970352672, "88": 0.49999999624667785, "89": 0.49999999574536014, "90": 0.9727513272654519, "91": 0.4999999961216942, "92": 0.49999999647779114, "93": 0.4999999984639439, "94": 0.49999999708588605, "95": 0.4999999962495152, "96": 0.9438153837432606, "97": 0.4999999960131089, "98": 0.09566179291697635, "99": 0.4999999963723324}, "2": {"0": 0.5000000036658296, "1": 0.5000000092459398, "2": 0.5000000078022281, "3": 0.500000007723578, "4": 0.5000000080401551, "5": 0.5000000072678064, "6": 0.5000000071848596, "7": 0.5000000086238966, "8": 0.9738120886785944, "9": 0.5000000056018994, "10": 0.5000000049497106, "11": 0.5000000096539605, "12": 0.500000009547087, "13": 0.5000000034624368, "14": 0.5000000086185327, "15": 0.5000000089048624, "16": 0.5000000085855426, "17": 0.5000000087908205, "18": 0.050646108427494035, "19": 0.5000000074622624, "20": 0.5000000080762433, "21": 0.050646108427494035, "22": 0.5000000083624552, "23": 0.5000000070903269, "24": 0.5000000058480536, "25": 0.5000000088300582, "26": 0.5000000070078563, "27": 0.5000000090344292, "28": 0.500000004571441, "29": 0.5000000028696339, "30": 0.5000000040446484, "31": 0.5000000065416663, "32": 0.5000000074423958, "33": 0.5000000079874776, "34": 0.5000000091515227, "35": 0.5000000068253179, "36": 0.5000000042373489, "37": 0.5000000069129815, "38": 0.5000000093450316, "39": 0.5000000075064825, "40": 0.5000000089487936, "41": 0.9738120886785944, "42": 0.5000000041137074, "43": 0.5000000075845352, "44": 0.5000000097023846, "45": 0.5000000069833412, "46": 0.5000000093847233, "47": 0.5000000037922676, "48": 0.5000000059153226, "49": 0.5000000060189409, "50": 0.5000000092029933, "51": 0.5000000064479125, "52": 0.5000000045294919, "53": 0.5000000057456659, "54": 0.5000000045943022, "55": 0.5000000067720847, "56": 0.5000000092176626, "57": 0.5000000096539605, "58": 0.5000000087677439, "59": 0.050646108427494035, "60": 0.5000000087908205, "61": 0.5000000079874776, "62": 0.5000000083030303, "63": 0.5000000043092663, "64": 0.5000000081183206, "65": 0.5000000091445997, "66": 0.5000000065416663, "67": 0.5000000074419937, "68": 0.5000000075976344, "69": 0.5000000024748553, "70": 0.5000000070486137, "71": 0.5000000069129815, "72": 0.5000000066772681, "73": 0.500000007723578, "74": 0.5000000092176626, "75": 0.5000000058120841, "76": 0.5000000093450316, "77": 0.5000000080762433, "78": 0.5000000066772681, "79": 0.5000000060189409, "80": 0.5000000039540894, "81": 0.5000000036658296, "82": 0.500000004151377, "83": 0.5000000023319954, "84": 0.5000000041812276, "85": 0.5000000069601775, "86": 0.5000000093847233, "87": 0.5000000086238966, "88": 0.5000000035924298, "89": 0.5000000045943022, "90": 0.5000000065826538, "91": 0.5000000065826538, "92": 0.5000000076741424, "93": 0.5000000074622624, "94": 0.9738120886785944, "95": 0.5000000056018994, "96": 0.5000000058120841, "97": 0.5000000085855426, "98": 0.5000000076741424, "99": 0.500000004151377}, "3": {"0": 0.5000000143567986, "1": 0.500000012212664, "2": 0.5000000072575299, "3": 0.5000000122572992, "4": 0.500000012710499, "5": 0.500000011680215,