{"0": {"0": 0.6495188949726058, "1": 0.41989652853166515, "2": 0.31453624289883586, "3": 0.2750852447131623, "4": 0.11608956543752527, "5": 0.49155660470977425, "6": 0.7786211062897216, "7": 0.3659080333192966, "8": 0.11608956543752527, "9": 0.6672291136981383, "10": 0.8803988168920804, "11": 0.26447853753175904, "12": 0.31453624289883586, "13": 0.8991316087936618, "14": 0.26447853753175904, "15": 0.995212554296842, "16": 0.44140054665774797, "17": 0.995212554296842, "18": 0.03170313017199475, "19": 0.14952593128481673, "20": 0.3429303822310852, "21": 0.25414502967400754, "22": 0.7731660695572189, "23": 0.9211229746686831, "24": 0.6495188949726058, "25": 0.11608956543752527, "26": 0.41989652853166515, "27": 0.995212554296842, "28": 0.43212285155956875, "29": 0.6306858550490808, "30": 0.4565891812317521, "31": 0.7445836292066197, "32": 0.3429303822310852, "33": 0.061906704930174083, "34": 0.2078917714633104, "35": 0.10330350503624136, "36": 0.6672291136981383, "37": 0.061906704930174083, "38": 0.9623896142783178, "39": 0.8991316087936618, "40": 0.07820945000047855, "41": 0.8144826494038669, "42": 0.1635968775348366, "43": 0.9623896142783178, "44": 0.3120486772954251, "45": 0.9494482338896112, "46": 0.8724926942199758, "47": 0.9494482338896112, "48": 0.41989652853166515, "49": 0.1734614694702299, "50": 0.49155660470977425, "51": 0.43212285155956875, "52": 0.2750852447131623, "53": 0.1734614694702299, "54": 0.03170313017199475, "55": 0.1635968775348366, "56": 0.3120486772954251, "57": 0.9211229746686831, "58": 0.8991316087936618, "59": 0.7731660695572189, "60": 0.1635968775348366, "61": 0.7445836292066197, "62": 0.03170313017199475, "63": 0.8693909599925149, "64": 0.6378086491918122, "65": 0.1734614694702299, "66": 0.05752420239410616, "67": 0.14952593128481673, "68": 0.19231588604555083, "69": 0.19231588604555083, "70": 0.5268998894036532, "71": 0.31453624289883586, "72": 0.7445836292066197, "73": 0.7786211062897216, "74": 0.9211229746686831, "75": 0.31453624289883586, "76": 0.8144826494038669, "77": 0.6490290246061523, "78": 0.22971017535935834, "79": 0.8693909599925149, "80": 0.44140054665774797, "81": 0.4565891812317521, "82": 0.05752420239410616, "83": 0.2078917714633104, "84": 0.6378086491918122, "85": 0.8724926942199758, "86": 0.25414502967400754, "87": 0.9508546117228547, "88": 0.8803988168920804, "89": 0.6672291136981383, "90": 0.22971017535935834, "91": 0.44140054665774797, "92": 0.6306858550490808, "93": 0.6490290246061523, "94": 0.07820945000047855, "95": 0.5268998894036532, "96": 0.10330350503624136, "97": 0.8991316087936618, "98": 0.9508546117228547, "99": 0.3659080333192966}, "1": {"0": 0.46212203267218643, "1": 0.27020522017867793, "2": 0.04070392491792804, "3": 0.05784055488258129, "4": 0.8863323698208434, "5": 0.6000860726015086, "6": 0.2441227973439976, "7": 0.38848102463776985, "8": 0.8441858925440058, "9": 0.8127950331028093, "10": 0.760880659676269, "11": 0.383238201717681, "12": 0.6475234858750833, "13": 0.13822948606051005, "14": 0.3979811231535083, "15": 0.2791167620923707, "16": 0.8291879714312429, "17": 0.27020522017867793, "18": 0.27737257392295944, "19": 0.14367429006592342, "20": 0.09307656561304692, "21": 0.6990506506217856, "22": 0.10468850576889888, "23": 0.20484591104707317, "24": 0.4367006959197614, "25": 0.20731278676956116, "26": 0.2522036251828589, "27": 0.7468995482892711, "28": 0.4860015387643416, "29": 0.11873529420121007, "30": 0.27737257392295944, "31": 0.5443105211315015, "32": 0.7551224600633293, "33": 0.8291879714312429, "34": 0.09307656561304692, "35": 0.18077486286151645, "36": 0.2996965129198452, "37": 0.6893705517680511, "38": 0.07685565821511428, "39": 0.6000860726015086, "40": 0.46959472763206644, "41": 0.8441858925440058, "42": 0.3286318806797587, "43": 0.14367429006592342, "44": 0.6769814076714178, "45": 0.8839705496150585, "46": 0.46959472763206644, "47": 0.2441227973439976, "48": 0.04070392491792879, "49": 0.07685565821511428, "50": 0.8441858925440058, "51": 0.07685565821511428, "52": 0.6769814076714178, "53": 0.46212203267218643, "54": 0.4860015387643416, "55": 0.07685565821511428, "56": 0.04818173350308138, "57": 0.5760721290316165, "58": 0.11873529420121007, "59": 0.23583042581848732, "60": 0.2996965129198452, "61": 0.14367429006592342, "62": 0.2827411967170863, "63": 0.05784055488258129, "64": 0.8839705496150585, "65": 0.20484591104707317, "66": 0.13822948606051005, "67": 0.04818173350308138, "68": 0.8863323698208434, "69": 0.2791167620923707, "70": 0.6769814076714178, "71": 0.6475234858750833, "72": 0.6475234858750833, "73": 0.8839705496150585, "74": 0.48787631608467996, "75": 0.760880659676269, "76": 0.7468995482892711, "77": 0.09307656561304692, "78": 0.3286318806797587, "79": 0.38848102463776985, "80": 0.8127950331028093, "81": 0.46212203267218643, "82": 0.7551224600633293, "83": 0.6893705517680511, "84": 0.5760721290316165, "85": 0.4367006959197614, "86": 0.3979811231535083, "87": 0.383238201717681, "88": 0.04070392491792879, "89": 0.6990506506217856, "90": 0.18077486286151645, "91": 0.3979811231535083, "92": 0.20731278676956116, "93": 0.10468850576889888, "94": 0.2522036251828589, "95": 0.2827411967170863, "96": 0.5443105211315015, "97": 0.27737257392295944, "98": 0.48787631608467996, "99": 0.23583042581848732}, "2": {"0": 0.20821431466193263, "1": 0.9951681815593888, "2": 0.05156538990077078, "3": 0.1276860664580885, "4": 0.06318560505657972, "5": 0.8623601943551503, "6": 0.1276860664580885, "7": 0.9951681815593888, "8": 0.46046660873316514, "9": 0.21421361068895245, "10": 0.647333392605915, "11": 0.9951681815593888, "12": 0.1300008178609235, "13": 0.3731892443442807, "14": 0.636025019854205, "15": 0.6327774901485484, "16": 0.6710360450577528, "17": 0.06598263453442499, "18": 0.1813397866735716, "19": 0.4003737564338369, "20": 0.1479177863210035, "21": 0.6327774901485484, "22": 0.4968316490402882, "23": 0.08355315341433966, "24": 0.8300145874136156, "25": 0.03286697980476912, "26": 0.4003737564338369, "27": 0.7882833102958888, "28": 0.21421361068895245, "29": 0.9245034695501417, "30": 0.3834832704404887, "31": 0.06318560505657972, "32": 0.3834832704404887, "33": 0.09350211090759572, "34": 0.013134929524943328, "35": 0.05156538990077078, "36": 0.20502333426960595, "37": 0.7882833102958888, "38": 0.2677461242365663, "39": 0.6327774901485484, "40": 0.4003737564338369, "41": 0.09350211090759572, "42": 0.3731892443442807, "43": 0.8623601943551503, "44": 0.6327774901485484, "45": 0.36174041728455053, "46": 0.5573129258940892, "47": 0.28660695420659965, "48": 0.46046660873316514, "49": 0.21421361068895245, "50": 0.8087843022283124, "51": 0.43566232410117745, "52": 0.8087843022283124, "53": 0.36174041728455053, "54": 0.7089807138441947, "55": 0.2677461242365663, "56": 0.9951681815593888, "57": 0.8300145874136156, "58": 0.013134929524943328, "59": 0.636025019854205, "60": 0.49898566852906856, "61": 0.3834832704404887, "62": 0.1479177863210035, "63": 0.03623869716024418, "64": 0.7089807138441947, "65": 0.03623869716024418, "66": 0.6710360450577528, "67": 0.2425129987724085, "68": 0.9245034695501417, "69": 0.5573129258940892, "70": 0.28660695420659965, "71": 0.900599678369127, "72": 0.46046660873316514, "73": 0.5053194438704155, "74": 0.220662349669839, "75": 0.6548605679309595, "76": 0.220662349669839, "77": 0.08355315341433966, "78": 0.8300145874136156, "79": 0.6794953029680834, "80": 0.09350211090759572, "81": 0.013134929524943328, "82": 0.1300008178609235, "83": 0.20502333426960595, "84": 0.1813397866735716, "85": 0.647333392605915, "86": 0.49898566852906856, "87": 0.43566232410117745, "88": 0.03286697980476912, "89": 0.6548605679309595, "90": 0.5053194438704155, "91": 0.05156538990077078, "92": 0.220662349669839, "93": 0.4968316490402882, "94": 0.6794953029680834, "95": 0.2425129987724085, "96": 0.06598263453442499, "97": 0.900599678369127, "98": 0.20821431466193263, "99": 0.900599678369127}, "3": {"0": 0.8617798605301774, "1": 0.32258003019005244, "2": 0.9342401705069998,