{"0": {"0": 0.5025912785287294, "1": 0.5025912785287294, "2": 0.5025912785287294, "3": 0.5025912785287294, "4": 0.5025912785287294, "5": 0.5025912785287294, "6": 0.5025912785287294, "7": 0.5025912785287294, "8": 0.5025912785287294, "9": 0.5025912785287294, "10": 0.5025912785287294, "11": 0.5025912785287294, "12": 0.5025912785287294, "13": 0.5025912785287294, "14": 0.5025912785287294, "15": 0.5025912785287294, "16": 0.5025912785287294, "17": 0.5025912785287294, "18": 0.5025912785287294, "19": 0.5025912785287294, "20": 0.5025912785287294, "21": 0.5025912785287294, "22": 0.5025912785287294, "23": 0.5025912785287294, "24": 0.5025912785287294, "25": 0.5025912785287294, "26": 0.5025912785287294, "27": 0.5025912785287294, "28": 0.5025912785287294, "29": 0.5025912785287294, "30": 0.5025912785287294, "31": 0.5025912785287294, "32": 0.5025912785287294, "33": 0.5025912785287294, "34": 0.5025912785287294, "35": 0.5025912785287294, "36": 0.5025912785287294, "37": 0.5025912785287294, "38": 0.5025912785287294, "39": 0.5025912785287294, "40": 0.5025912785287294, "41": 0.5025912785287294, "42": 0.5025912785287294, "43": 0.5025912785287294, "44": 0.5025912785287294, "45": 0.5025912785287294, "46": 0.5025912785287294, "47": 0.5025912785287294, "48": 0.5025912785287294, "49": 0.5025912785287294, "50": 0.5025912785287294, "51": 0.5025912785287294, "52": 0.5025912785287294, "53": 0.5025912785287294, "54": 0.5025912785287294, "55": 0.5025912785287294, "56": 0.5025912785287294, "57": 0.5025912785287294, "58": 0.5025912785287294, "59": 0.5025912785287294, "60": 0.5025912785287294, "61": 0.5025912785287294, "62": 0.5025912785287294, "63": 0.5025912785287294, "64": 0.5025912785287294, "65": 0.5025912785287294, "66": 0.5025912785287294, "67": 0.5025912785287294, "68": 0.5025912785287294, "69": 0.5025912785287294, "70": 0.5025912785287294, "71": 0.5025912785287294, "72": 0.5025912785287294, "73": 0.5025912785287294, "74": 0.5025912785287294, "75": 0.5025912785287294, "76": 0.5025912785287294, "77": 0.5025912785287294, "78": 0.5025912785287294, "79": 0.5025912785287294, "80": 0.5025912785287294, "81": 0.5025912785287294, "82": 0.5025912785287294, "83": 0.5025912785287294, "84": 0.5025912785287294, "85": 0.5025912785287294, "86": 0.5025912785287294, "87": 0.5025912785287294, "88": 0.5025912785287294, "89": 0.5025912785287294, "90": 0.5025912785287294, "91": 0.5025912785287294, "92": 0.5025912785287294, "93": 0.5025912785287294, "94": 0.5025912785287294, "95": 0.5025912785287294, "96": 0.5025912785287294, "97": 0.5025912785287294, "98": 0.5025912785287294, "99": 0.5025912785287294}, "1": {"0": 0.5068420292369582, "1": 0.5068420292369582, "2": 0.5068420292369582, "3": 0.5068420292369582, "4": 0.5068420292369582, "5": 0.5068420292369582, "6": 0.5068420292369582, "7": 0.5068420292369582, "8": 0.5068420292369582, "9": 0.5068420292369582, "10": 0.5068420292369582, "11": 0.5068420292369582, "12": 0.5068420292369582, "13": 0.5068420292369582, "14": 0.5068420292369582, "15": 0.5068420292369582, "16": 0.5068420292369582, "17": 0.5068420292369582, "18": 0.5068420292369582, "19": 0.5068420292369582, "20": 0.5068420292369582, "21": 0.5068420292369582, "22": 0.5068420292369582, "23": 0.5068420292369582, "24": 0.5068420292369582, "25": 0.5068420292369582, "26": 0.5068420292369582, "27": 0.5068420292369582, "28": 0.5068420292369582, "29": 0.5068420292369582, "30": 0.5068420292369582, "31": 0.5068420292369582, "32": 0.5068420292369582, "33": 0.5068420292369582, "34": 0.5068420292369582, "35": 0.5068420292369582, "36": 0.5068420292369582, "37": 0.5068420292369582, "38": 0.5068420292369582, "39": 0.5068420292369582, "40": 0.5068420292369582, "41": 0.5068420292369582, "42": 0.5068420292369582, "43": 0.5068420292369582, "44": 0.5068420292369582, "45": 0.5068420292369582, "46": 0.5068420292369582, "47": 0.5068420292369582, "48": 0.5068420292369582, "49": 0.5068420292369582, "50": 0.5068420292369582, "51": 0.5068420292369582, "52": 0.5068420292369582, "53": 0.5068420292369582, "54": 0.5068420292369582, "55": 0.5068420292369582, "56": 0.5068420292369582, "57": 0.5068420292369582, "58": 0.5068420292369582, "59": 0.5068420292369582, "60": 0.5068420292369582, "61": 0.5068420292369582, "62": 0.5068420292369582, "63": 0.5068420292369582, "64": 0.5068420292369582, "65": 0.5068420292369582, "66": 0.5068420292369582, "67": 0.5068420292369582, "68": 0.5068420292369582, "69": 0.5068420292369582, "70": 0.5068420292369582, "71": 0.5068420292369582, "72": 0.5068420292369582, "73": 0.5068420292369582, "74": 0.5068420292369582, "75": 0.5068420292369582, "76": 0.5068420292369582, "77": 0.5068420292369582, "78": 0.5068420292369582, "79": 0.5068420292369582, "80": 0.5068420292369582, "81": 0.5068420292369582, "82": 0.5068420292369582, "83": 0.5068420292369582, "84": 0.5068420292369582, "85": 0.5068420292369582, "86": 0.5068420292369582, "87": 0.5068420292369582, "88": 0.5068420292369582, "89": 0.5068420292369582, "90": 0.5068420292369582, "91": 0.5068420292369582, "92": 0.5068420292369582, "93": 0.5068420292369582, "94": 0.5068420292369582, "95": 0.5068420292369582, "96": 0.5068420292369582, "97": 0.5068420292369582, "98": 0.5068420292369582, "99": 0.5068420292369582}, "2": {"0": 0.7281882685837646, "1": 0.7281882685837646, "2": 0.7281882685837646, "3": 0.2497275258609047, "4": 0.7281882685837646, "5": 0.7281882685837646, "6": 0.7281882685837646, "7": 0.2497275258609047, "8": 0.7281882685837646, "9": 0.2497275258609047, "10": 0.7281882685837646, "11": 0.7281882685837646, "12": 0.7281882685837646, "13": 0.7281882685837646, "14": 0.2497275258609047, "15": 0.2497275258609047, "16": 0.7281882685837646, "17": 0.2497275258609047, "18": 0.7281882685837646, "19": 0.2497275258609047, "20": 0.2497275258609047, "21": 0.7281882685837646, "22": 0.2497275258609047, "23": 0.2497275258609047, "24": 0.2497275258609047, "25": 0.2497275258609047, "26": 0.7281882685837646, "27": 0.7281882685837646, "28": 0.2497275258609047, "29": 0.7281882685837646, "30": 0.2497275258609047, "31": 0.2497275258609047, "32": 0.7281882685837646, "33": 0.2497275258609047, "34": 0.2497275258609047, "35": 0.7281882685837646, "36": 0.7281882685837646, "37": 0.7281882685837646, "38": 0.2497275258609047, "39": 0.2497275258609047, "40": 0.2497275258609047, "41": 0.7281882685837646, "42": 0.7281882685837646, "43": 0.7281882685837646, "44": 0.7281882685837646, "45": 0.7281882685837646, "46": 0.2497275258609047, "47": 0.7281882685837646, "48": 0.7281882685837646, "49": 0.2497275258609047, "50": 0.7281882685837646, "51": 0.7281882685837646, "52": 0.2497275258609047, "53": 0.2497275258609047, "54": 0.2497275258609047, "55": 0.2497275258609047, "56": 0.2497275258609047, "57": 0.7281882685837646, "58": 0.2497275258609047, "59": 0.7281882685837646, "60": 0.7281882685837646, "61": 0.2497275258609047, "62": 0.2497275258609047, "63": 0.7281882685837646, "64": 0.7281882685837646, "65": 0.7281882685837646, "66": 0.7281882685837646, "67": 0.2497275258609047, "68": 0.7281882685837646, "69": 0.2497275258609047, "70": 0.7281882685837646, "71": 0.7281882685837646, "72": 0.2497275258609047, "73": 0.7281882685837646, "74": 0.2497275258609047, "75": 0.2497275258609047, "76": 0.2497275258609047, "77": 0.7281882685837646, "78": 0.2497275258609047, "79": 0.7281882685837646, "80": 0.2497275258609047, "81": 0.7281882685837646, "82": 0.2497275258609047, "83": 0.7281882685837646, "84": 0.2497275258609047, "85": 0.2497275258609047, "86": 0.7281882685837646, "87": 0.2497275258609047, "88": 0.7281882685837646, "89": 0.7281882685837646, "90": 0.7281882685837646, "91": 0.2497275258609047, "92": 0.2497275258609047, "93": 0.2497275258609047, "94": 0.2497275258609047, "95": 0.7281882685837646, "96": 0.2497275258609047, "97": 0.7281882685837646, "98": 0.7281882685837646, "99": 0.2497275258609047}, "3": {"0": 0.4955517871338365, "1": 0.4955517871338365, "2": 0.4955517871338365, "3": 0.4955517871338365, "4": 0.4955517871338365, "5": 0.4955517871338365, "6": 0.4955517871338365, "7": 0.4955517871338365,