{"0": {"0": 0.05242341474023618, "1": 0.9456278783352315, "2": 0.05358802564515347, "3": 0.054032921605383886, "4": 0.9438787953025076, "5": 0.9456551095624084, "6": 0.05176602323231799, "7": 0.053610830754778724, "8": 0.9446720467228829, "9": 0.05372059651050371, "10": 0.9444458725631204, "11": 0.05398669888747437, "12": 0.0535721387616442, "13": 0.054032921605383886, "14": 0.9468307483484408, "15": 0.05340564657530014, "16": 0.9444332187198311, "17": 0.051603664516650403, "18": 0.9468079952909285, "19": 0.9444962485234363, "20": 0.05419763161945375, "21": 0.9438215708548116, "22": 0.9448587574310132, "23": 0.05285609050124769, "24": 0.05391008239190898, "25": 0.05331158659840882, "26": 0.9436023044716488, "27": 0.944503652965583, "28": 0.9461921784905829, "29": 0.9443792188175132, "30": 0.9453166605788622, "31": 0.946480759464608, "32": 0.9443011093780763, "33": 0.05412576420802127, "34": 0.9439276411324811, "35": 0.053714373758018324, "36": 0.9438787953025076, "37": 0.05391008239190898, "38": 0.944912707990316, "39": 0.051803079233538774, "40": 0.9449540628960498, "41": 0.05340564657530014, "42": 0.0537132317635506, "43": 0.9448754846428733, "44": 0.054003483164766136, "45": 0.9466667716018455, "46": 0.05231073782590062, "47": 0.051603664516650403, "48": 0.05320784698018548, "49": 0.05391416324839447, "50": 0.944067974689067, "51": 0.9447189141577573, "52": 0.9442143203446933, "53": 0.9473388956749442, "54": 0.9443820880325988, "55": 0.9468011581210876, "56": 0.05186212841992318, "57": 0.9447090328828446, "58": 0.05391416324839447, "59": 0.9459662294669472, "60": 0.9445299396912437, "61": 0.946491777159929, "62": 0.05242341474023618, "63": 0.05275087196091177, "64": 0.9483333858009227, "65": 0.054069400077635596, "66": 0.9438906684557749, "67": 0.9447271379238813, "68": 0.9463786944090455, "69": 0.05331158659840882, "70": 0.947244884751931, "71": 0.052720095728138745, "72": 0.9443089031898281, "73": 0.9452827497753438, "74": 0.9443011093780763, "75": 0.9447990389300704, "76": 0.9458674230345046, "77": 0.945588866669558, "78": 0.051794012822576736, "79": 0.944223359865024, "80": 0.9443792188175132, "81": 0.05275087196091177, "82": 0.9444458725631204, "83": 0.05231073782590062, "84": 0.0518566158817753, "85": 0.054069400077635596, "86": 0.9470339873445335, "87": 0.9460650358993898, "88": 0.053714373758018324, "89": 0.9448587574310132, "90": 0.9476413748876719, "91": 0.9468079952909285, "92": 0.9449540628960498, "93": 0.9468011581210876, "94": 0.053610830754778724, "95": 0.944503652965583, "96": 0.9447428887973865, "97": 0.9444962485234363, "98": 0.9459662294669472, "99": 0.944223359865024}, "1": {"0": 0.05717537464052845, "1": 0.057180423276890706, "2": 0.056453604364219374, "3": 0.05348876963840249, "4": 0.9460549496842348, "5": 0.9476804208523701, "6": 0.947226739545074, "7": 0.056131834979901984, "8": 0.05581127642458689, "9": 0.05706063858420381, "10": 0.9469314400000577, "11": 0.9458061200721888, "12": 0.05506956427387079, "13": 0.9477556626290229, "14": 0.05591188275891408, "15": 0.05601594405276732, "16": 0.9472223343873197, "17": 0.05535733870023277, "18": 0.9461048710946873, "19": 0.9456721645047075, "20": 0.9461602243357139, "21": 0.9461018566149582, "22": 0.9454274364102404, "23": 0.9477556626290229, "24": 0.9460576887426515, "25": 0.05436089899016068, "26": 0.946443559215467, "27": 0.9483154392102747, "28": 0.05357743561799884, "29": 0.9461631991687013, "30": 0.9483414375959991, "31": 0.9458617248012442, "32": 0.9457818997706302, "33": 0.9466977584492533, "34": 0.05537928894072654, "35": 0.9472402556445795, "36": 0.9456591745521585, "37": 0.05525704429983337, "38": 0.05507855844764571, "39": 0.9454469031595304, "40": 0.05432575962757201, "41": 0.9465698362176538, "42": 0.9461751383127505, "43": 0.9463326762206483, "44": 0.9455317701752277, "45": 0.9458690658150725, "46": 0.0571809619653941, "47": 0.057299536804137366, "48": 0.9461531968564965, "49": 0.055459623705797156, "50": 0.9460203324006198, "51": 0.05732153014358992, "52": 0.94572839299229, "53": 0.057230112791717226, "54": 0.0572648247979273, "55": 0.05563545006519202, "56": 0.9459536664961425, "57": 0.05706063858420381, "58": 0.05218044949508034, "59": 0.05591188275891408, "60": 0.9458061200721888, "61": 0.05535733870023277, "62": 0.9468441372030513, "63": 0.9461018566149582, "64": 0.9483414375959991, "65": 0.05715415711609338, "66": 0.9479768332480712, "67": 0.9458873689541736, "68": 0.05260943469208887, "69": 0.055563423062289174, "70": 0.9462992522126386, "71": 0.9456591745521585, "72": 0.9472402556445795, "73": 0.9463106952199045, "74": 0.9461048710946873, "75": 0.05601594405276732, "76": 0.9464233661125268, "77": 0.05477231450587487, "78": 0.9460203324006198, "79": 0.05710205306203493, "80": 0.9466742273694913, "81": 0.9472223343873197, "82": 0.9462992522126386, "83": 0.9460549496842348, "84": 0.05609754461745241, "85": 0.0556981336059303, "86": 0.9458873689541736, "87": 0.05284906680296515, "88": 0.05609754461745241, "89": 0.9465698362176538, "90": 0.9461631991687013, "91": 0.055563423062289174, "92": 0.05718228860851188, "93": 0.05477231450587487, "94": 0.05506956427387079, "95": 0.9458690658150725, "96": 0.9478909498853151, "97": 0.056131834979901984, "98": 0.057180423276890706, "99": 0.05710205306203493}, "2": {"0": 0.9475165799561363, "1": 0.06358135966418904, "2": 0.06181138854823013, "3": 0.9460525228327168, "4": 0.9463608507638319, "5": 0.9459063908812693, "6": 0.9466080233663058, "7": 0.9475084888346155, "8": 0.9463825373644801, "9": 0.9470844528873664, "10": 0.9472689960032575, "11": 0.9460529763493102, "12": 0.06322606694664737, "13": 0.059909916713177594, "14": 0.05638467808942769, "15": 0.056294448558892256, "16": 0.9472159821692463, "17": 0.06121612304930256, "18": 0.946353258527385, "19": 0.06238283801128226, "20": 0.06108803044571313, "21": 0.9460525228327168, "22": 0.06009514984466613, "23": 0.05977628672185618, "24": 0.06370334389790265, "25": 0.0612980817057535, "26": 0.946138718434243, "27": 0.06026465938483054, "28": 0.05921996813224936, "29": 0.06284249537844586, "30": 0.9470844528873664, "31": 0.9465408786283525, "32": 0.06228913382982903, "33": 0.9471077758518436, "34": 0.9460863091731602, "35": 0.060112580845231384, "36": 0.06330282704756299, "37": 0.9469753518759254, "38": 0.06383395162933458, "39": 0.9460529763493102, "40": 0.06262794745531297, "41": 0.062422861668039877, "42": 0.06272460640931948, "43": 0.062238780572718436, "44": 0.06236984232322476, "45": 0.061566671456505184, "46": 0.9463825373644801, "47": 0.06212492080198652, "48": 0.061870283611768925, "49": 0.9472212017927845, "50": 0.9466404909885457, "51": 0.0623669150837092, "52": 0.06272460640931948, "53": 0.9467085460460851, "54": 0.06246046265340095, "55": 0.056667755381621304, "56": 0.06316780185260958, "57": 0.06026236606565111, "58": 0.9472159821692463, "59": 0.05922905132473702, "60": 0.061330424115686163, "61": 0.06003906831196647, "62": 0.06199611703049776, "63": 0.0629348896727143, "64": 0.9460863091731602, "65": 0.9482073919469967, "66": 0.06110182198291895, "67": 0.9475003977130946, "68": 0.054859906046907304, "69": 0.061566671456505184, "70": 0.05538710862376711, "71": 0.06012768914417807, "72": 0.9465408786283525, "73": 0.0635797337699914, "74": 0.06383395162933458, "75": 0.06228913382982903, "76": 0.059304282928422825, "77": 0.06112965500200936, "78": 0.06013414915503134, "79": 0.059909916713177594, "80": 0.05506384457208904, "81": 0.062422861668039877, "82": 0.0623669150837092, "83": 0.06121612304930256, "84": 0.9463608507638319, "85": 0.061870283611768925, "86": 0.06316347503069811, "87": 0.05921996813224936, "88": 0.9469753518759254, "89": 0.9464440164562625, "90": 0.0629348896727143, "91": 0.060112580845231384, "92": 0.9475084888346155, "93": 0.06026236606565111, "94": 0.9467416385981018, "95": 0.06316347503069811, "96": 0.06112965500200936, "97": 0.05638467808942769, "98": 0.059304282928422825, "99": 0.9464440164562625}, "3": {"0": 0.0599582741975204,