{"0": {"0": 0.5011416509137685, "1": 0.5011416509137685, "2": 0.5011416509137685, "3": 0.5011416509137685, "4": 0.5011416509137685, "5": 0.5011416509137685, "6": 0.5011416509137685, "7": 0.5011416509137685, "8": 0.5011416509137685, "9": 0.5011416509137685, "10": 0.5011416509137685, "11": 0.5011416509137685, "12": 0.5011416509137685, "13": 0.5011416509137685, "14": 0.5011416509137685, "15": 0.5011416509137685, "16": 0.5011416509137685, "17": 0.5011416509137685, "18": 0.5011416509137685, "19": 0.5011416509137685, "20": 0.5011416509137685, "21": 0.5011416509137685, "22": 0.5011416509137685, "23": 0.5011416509137685, "24": 0.5011416509137685, "25": 0.5011416509137685, "26": 0.5011416509137685, "27": 0.5011416509137685, "28": 0.5011416509137685, "29": 0.5011416509137685, "30": 0.5011416509137685, "31": 0.5011416509137685, "32": 0.5011416509137685, "33": 0.5011416509137685, "34": 0.5011416509137685, "35": 0.5011416509137685, "36": 0.5011416509137685, "37": 0.5011416509137685, "38": 0.5011416509137685, "39": 0.5011416509137685, "40": 0.5011416509137685, "41": 0.5011416509137685, "42": 0.5011416509137685, "43": 0.5011416509137685, "44": 0.5011416509137685, "45": 0.5011416509137685, "46": 0.5011416509137685, "47": 0.5011416509137685, "48": 0.5011416509137685, "49": 0.5011416509137685, "50": 0.5011416509137685, "51": 0.5011416509137685, "52": 0.5011416509137685, "53": 0.5011416509137685, "54": 0.5011416509137685, "55": 0.5011416509137685, "56": 0.5011416509137685, "57": 0.5011416509137685, "58": 0.5011416509137685, "59": 0.5011416509137685, "60": 0.5011416509137685, "61": 0.5011416509137685, "62": 0.5011416509137685, "63": 0.5011416509137685, "64": 0.5011416509137685, "65": 0.5011416509137685, "66": 0.5011416509137685, "67": 0.5011416509137685, "68": 0.5011416509137685, "69": 0.5011416509137685, "70": 0.5011416509137685, "71": 0.5011416509137685, "72": 0.5011416509137685, "73": 0.5011416509137685, "74": 0.5011416509137685, "75": 0.5011416509137685, "76": 0.5011416509137685, "77": 0.5011416509137685, "78": 0.5011416509137685, "79": 0.5011416509137685, "80": 0.5011416509137685, "81": 0.5011416509137685, "82": 0.5011416509137685, "83": 0.5011416509137685, "84": 0.5011416509137685, "85": 0.5011416509137685, "86": 0.5011416509137685, "87": 0.5011416509137685, "88": 0.5011416509137685, "89": 0.5011416509137685, "90": 0.5011416509137685, "91": 0.5011416509137685, "92": 0.5011416509137685, "93": 0.5011416509137685, "94": 0.5011416509137685, "95": 0.5011416509137685, "96": 0.5011416509137685, "97": 0.5011416509137685, "98": 0.5011416509137685, "99": 0.5011416509137685}, "1": {"0": 0.5639405653422114, "1": 0.5639405653422114, "2": 0.5639405653422114, "3": 0.5639405653422114, "4": 0.5639405653422114, "5": 0.5639405653422114, "6": 0.5639405653422114, "7": 0.5639405653422114, "8": 0.5639405653422114, "9": 0.5639405653422114, "10": 0.5639405653422114, "11": 0.5639405653422114, "12": 0.5639405653422114, "13": 0.5639405653422114, "14": 0.5639405653422114, "15": 0.5639405653422114, "16": 0.5639405653422114, "17": 0.5639405653422114, "18": 0.5639405653422114, "19": 0.5639405653422114, "20": 0.5639405653422114, "21": 0.5639405653422114, "22": 0.5639405653422114, "23": 0.5639405653422114, "24": 0.5639405653422114, "25": 0.5639405653422114, "26": 0.5639405653422114, "27": 0.5639405653422114, "28": 0.5639405653422114, "29": 0.5639405653422114, "30": 0.5639405653422114, "31": 0.5639405653422114, "32": 0.5639405653422114, "33": 0.5639405653422114, "34": 0.5639405653422114, "35": 0.5639405653422114, "36": 0.5639405653422114, "37": 0.5639405653422114, "38": 0.5639405653422114, "39": 0.5639405653422114, "40": 0.5639405653422114, "41": 0.5639405653422114, "42": 0.5639405653422114, "43": 0.5639405653422114, "44": 0.5639405653422114, "45": 0.5639405653422114, "46": 0.5639405653422114, "47": 0.5639405653422114, "48": 0.5639405653422114, "49": 0.5639405653422114, "50": 0.5639405653422114, "51": 0.5639405653422114, "52": 0.5639405653422114, "53": 0.5639405653422114, "54": 0.5639405653422114, "55": 0.5639405653422114, "56": 0.5639405653422114, "57": 0.5639405653422114, "58": 0.5639405653422114, "59": 0.5639405653422114, "60": 0.5639405653422114, "61": 0.5639405653422114, "62": 0.5639405653422114, "63": 0.5639405653422114, "64": 0.5639405653422114, "65": 0.5639405653422114, "66": 0.5639405653422114, "67": 0.5639405653422114, "68": 0.5639405653422114, "69": 0.5639405653422114, "70": 0.5639405653422114, "71": 0.5639405653422114, "72": 0.5639405653422114, "73": 0.5639405653422114, "74": 0.5639405653422114, "75": 0.5639405653422114, "76": 0.5639405653422114, "77": 0.5639405653422114, "78": 0.5639405653422114, "79": 0.5639405653422114, "80": 0.5639405653422114, "81": 0.5639405653422114, "82": 0.5639405653422114, "83": 0.5639405653422114, "84": 0.5639405653422114, "85": 0.5639405653422114, "86": 0.5639405653422114, "87": 0.5639405653422114, "88": 0.5639405653422114, "89": 0.5639405653422114, "90": 0.5639405653422114, "91": 0.5639405653422114, "92": 0.5639405653422114, "93": 0.5639405653422114, "94": 0.5639405653422114, "95": 0.5639405653422114, "96": 0.5639405653422114, "97": 0.5639405653422114, "98": 0.5639405653422114, "99": 0.5639405653422114}, "2": {"0": 0.5115603919913747, "1": 0.5115603919913747, "2": 0.5115603919913747, "3": 0.5115603919913747, "4": 0.5115603919913747, "5": 0.5115603919913747, "6": 0.5115603919913747, "7": 0.5115603919913747, "8": 0.5115603919913747, "9": 0.5115603919913747, "10": 0.5115603919913747, "11": 0.5115603919913747, "12": 0.5115603919913747, "13": 0.5115603919913747, "14": 0.5115603919913747, "15": 0.5115603919913747, "16": 0.5115603919913747, "17": 0.5115603919913747, "18": 0.5115603919913747, "19": 0.5115603919913747, "20": 0.5115603919913747, "21": 0.5115603919913747, "22": 0.5115603919913747, "23": 0.5115603919913747, "24": 0.5115603919913747, "25": 0.5115603919913747, "26": 0.5115603919913747, "27": 0.5115603919913747, "28": 0.5115603919913747, "29": 0.5115603919913747, "30": 0.5115603919913747, "31": 0.5115603919913747, "32": 0.5115603919913747, "33": 0.5115603919913747, "34": 0.5115603919913747, "35": 0.5115603919913747, "36": 0.5115603919913747, "37": 0.5115603919913747, "38": 0.5115603919913747, "39": 0.5115603919913747, "40": 0.5115603919913747, "41": 0.5115603919913747, "42": 0.5115603919913747, "43": 0.5115603919913747, "44": 0.5115603919913747, "45": 0.5115603919913747, "46": 0.5115603919913747, "47": 0.5115603919913747, "48": 0.5115603919913747, "49": 0.5115603919913747, "50": 0.5115603919913747, "51": 0.5115603919913747, "52": 0.5115603919913747, "53": 0.5115603919913747, "54": 0.5115603919913747, "55": 0.5115603919913747, "56": 0.5115603919913747, "57": 0.5115603919913747, "58": 0.5115603919913747, "59": 0.5115603919913747, "60": 0.5115603919913747, "61": 0.5115603919913747, "62": 0.5115603919913747, "63": 0.5115603919913747, "64": 0.5115603919913747, "65": 0.5115603919913747, "66": 0.5115603919913747, "67": 0.5115603919913747, "68": 0.5115603919913747, "69": 0.5115603919913747, "70": 0.5115603919913747, "71": 0.5115603919913747, "72": 0.5115603919913747, "73": 0.5115603919913747, "74": 0.5115603919913747, "75": 0.5115603919913747, "76": 0.5115603919913747, "77": 0.5115603919913747, "78": 0.5115603919913747, "79": 0.5115603919913747, "80": 0.5115603919913747, "81": 0.5115603919913747, "82": 0.5115603919913747, "83": 0.5115603919913747, "84": 0.5115603919913747, "85": 0.5115603919913747, "86": 0.5115603919913747, "87": 0.5115603919913747, "88": 0.5115603919913747, "89": 0.5115603919913747, "90": 0.5115603919913747, "91": 0.5115603919913747, "92": 0.5115603919913747, "93": 0.5115603919913747, "94": 0.5115603919913747, "95": 0.5115603919913747, "96": 0.5115603919913747, "97": 0.5115603919913747, "98": 0.5115603919913747, "99": 0.5115603919913747}, "3": {"0": 0.5214856980697702, "1": 0.5214856980697702, "2": 0.5214856980697702, "3": 0.5214856980697702, "4": 0.5214856980697702, "5": 0.5214856980697702, "6": 0.5214856980697702, "7": 0.5214856980697702,