{"0": {"0": 0.499999999995577, "1": 0.4999999999974026, "2": 0.4999999999977885, "3": 0.4999999999979776, "4": 0.4999999999985367, "5": 0.49999999999722866, "6": 0.4999999999957375, "7": 0.49999999999607525, "8": 0.49999999999787936, "9": 0.4999999999946807, "10": 0.4999999999964513, "11": 0.4999999999969063, "12": 0.4999999999983671, "13": 0.49999999999691347, "14": 0.4999999999947845, "15": 0.4999999999972169, "16": 0.4999999999974739, "17": 0.49999999999629074, "18": 0.4999999999972622, "19": 0.4999999999968767, "20": 0.4999999999965682, "21": 0.499999999996418, "22": 0.4999999999977687, "23": 0.499999999996598, "24": 0.49999999999634415, "25": 0.49999999999575984, "26": 0.49999999999631595, "27": 0.49999999999867384, "28": 0.49999999999763234, "29": 0.06193907248069891, "30": 0.4999999999951973, "31": 0.49999999999615163, "32": 0.499999999998209, "33": 0.49999999999640055, "34": 0.49999999999512246, "35": 0.49999999999762956, "36": 0.49999999999742206, "37": 0.4999999999946215, "38": 0.49999999999549927, "39": 0.4999999999949331, "40": 0.49999999999555983, "41": 0.4999999999958046, "42": 0.4999999999951973, "43": 0.4999999999975723, "44": 0.49999999999870126, "45": 0.4999999999961806, "46": 0.49999999999654765, "47": 0.4999999999950011, "48": 0.49999999999656936, "49": 0.49999999999542916, "50": 0.4999999999945699, "51": 0.4999999999967968, "52": 0.49999999999725137, "53": 0.4999999999972673, "54": 0.4999999999983517, "55": 0.49999999999749223, "56": 0.49999999999589134, "57": 0.499999999996831, "58": 0.4999999999968767, "59": 0.4999999999952447, "60": 0.4999999999959084, "61": 0.4999999999943798, "62": 0.49999999999615674, "63": 0.49999999999615163, "64": 0.499999999995435, "65": 0.4999999999966336, "66": 0.4999999999965539, "67": 0.49999999999594297, "68": 0.4999999999982738, "69": 0.4999999999962707, "70": 0.4999999999977687, "71": 0.49999999999609995, "72": 0.4999999999977799, "73": 0.4999999999986352, "74": 0.4999999999956765, "75": 0.4999999999949331, "76": 0.4999999999965682, "77": 0.4999999999961284, "78": 0.49999999999842676, "79": 0.49999999999739225, "80": 0.4999999999962707, "81": 0.4999999999984155, "82": 0.4999999999967968, "83": 0.4999999999987315, "84": 0.49999999999722866, "85": 0.49999999999749223, "86": 0.49999999999862565, "87": 0.499999999995435, "88": 0.49999999999575984, "89": 0.4999999999986311, "90": 0.49999999999609995, "91": 0.4999999999961806, "92": 0.49999999999640055, "93": 0.49999999999620426, "94": 0.49999999999810213, "95": 0.4999999999946807, "96": 0.49999999999779776, "97": 0.4999999999979715, "98": 0.49999999999656936, "99": 0.4999999999979542}, "1": {"0": 0.5000000000320449, "1": 0.5000000000233553, "2": 0.5000000000297181, "3": 0.5000000000267413, "4": 0.5000000000268215, "5": 0.5000000000316095, "6": 0.5000000000262471, "7": 0.5000000000214804, "8": 0.5000000000323334, "9": 0.5000000000150311, "10": 0.5000000000256095, "11": 0.5000000000267413, "12": 0.5000000000266566, "13": 0.5000000000234867, "14": 0.5000000000223077, "15": 0.5000000000306788, "16": 0.5000000000300225, "17": 0.500000000027323, "18": 0.5000000000367559, "19": 0.5000000000278692, "20": 0.5000000000215004, "21": 0.5000000000314191, "22": 0.5000000000182124, "23": 0.5000000000120972, "24": 0.5000000000363409, "25": 0.5000000000256359, "26": 0.5000000000276803, "27": 0.5000000000233794, "28": 0.5000000000258444, "29": 0.5000000000309658, "30": 0.5000000000355865, "31": 0.5000000000312348, "32": 0.5000000000269642, "33": 0.5000000000241202, "34": 0.5000000000169156, "35": 0.5000000000092535, "36": 0.5000000000295519, "37": 0.5000000000161666, "38": 0.5000000000286531, "39": 0.5000000000227631, "40": 0.50000000002107, "41": 0.5000000000394453, "42": 0.5000000000264757, "43": 0.5000000000306788, "44": 0.5000000000210741, "45": 0.5000000000210949, "46": 0.5000000000241202, "47": 0.5000000000110829, "48": 0.500000000021983, "49": 0.500000000018511, "50": 0.5000000000105475, "51": 0.5000000000379816, "52": 0.5000000000139978, "53": 0.5000000000216089, "54": 0.5000000000230481, "55": 0.5000000000357947, "56": 0.5000000000223077, "57": 0.5000000000237381, "58": 0.5000000000108045, "59": 0.5000000000315054, "60": 0.5000000000106262, "61": 0.500000000010156, "62": 0.5000000000269642, "63": 0.5000000000101998, "64": 0.5000000000120972, "65": 0.5000000000262471, "66": 0.5000000000311959, "67": 0.5000000000164845, "68": 0.5000000000256095, "69": 0.5000000000125788, "70": 0.5000000000092555, "71": 0.5000000000157527, "72": 0.5000000000186232, "73": 0.5000000000263374, "74": 0.5000000000085798, "75": 0.5000000000107402, "76": 0.5000000000178974, "77": 0.5000000000098314, "78": 0.50000000002368, "79": 0.5000000000230481, "80": 0.50000000001184, "81": 0.5000000000084578, "82": 0.5000000000127109, "83": 0.5000000000363409, "84": 0.5000000000276803, "85": 0.5000000000116777, "86": 0.500000000015937, "87": 0.5000000000159919, "88": 0.5000000000189986, "89": 0.5000000000227631, "90": 0.500000000022388, "91": 0.5000000000157255, "92": 0.5000000000263471, "93": 0.500000000011797, "94": 0.5000000000258444, "95": 0.5000000000132379, "96": 0.500000000010535, "97": 0.5000000000131687, "98": 0.5000000000234867, "99": 0.500000000021983}, "2": {"0": 0.49999999995232935, "1": 0.49999999996095523, "2": 0.4999999999850134, "3": 0.02035269074135626, "4": 0.499999999970721, "5": 0.49999999996597977, "6": 0.499999999962364, "7": 0.4999999999672061, "8": 0.4999999999671334, "9": 0.4999999999567451, "10": 0.49999999997442157, "11": 0.4999999999700293, "12": 0.49999999996010214, "13": 0.49999999997044936, "14": 0.49999999995453304, "15": 0.49999999996255406, "16": 0.49999999995225397, "17": 0.49999999996100875, "18": 0.4999999999772665, "19": 0.4999999999653898, "20": 0.49999999996007977, "21": 0.499999999983149, "22": 0.4999999999627567, "23": 0.49999999996830363, "24": 0.4999999999691568, "25": 0.4999999999770486, "26": 0.4999999999717517, "27": 0.4999999999778388, "28": 0.4999999999885264, "29": 0.49999999998280836, "30": 0.49999999997419886, "31": 0.4999999999841518, "32": 0.4999999999753083, "33": 0.49999999997075956, "34": 0.49999999997075956, "35": 0.4999999999651423, "36": 0.4999999999841835, "37": 0.49999999997602607, "38": 0.499999999960673, "39": 0.49999999995225397, "40": 0.49999999996392896, "41": 0.49999999998129335, "42": 0.49999999996337263, "43": 0.4999999999658597, "44": 0.49999999995788136, "45": 0.49999999997584177, "46": 0.49999999997681044, "47": 0.4999999999784269, "48": 0.4999999999569076, "49": 0.4999999999799124, "50": 0.49999999998137834, "51": 0.4999999999846314, "52": 0.4999999999853605, "53": 0.4999999999622122, "54": 0.4999999999610563, "55": 0.4999999999811061, "56": 0.4999999999712399, "57": 0.49999999996966127, "58": 0.49999999998098865, "59": 0.4999999999543526, "60": 0.49999999996446465, "61": 0.4999999999604033, "62": 0.49999999997631484, "63": 0.49999999996480626, "64": 0.499999999953446, "65": 0.4999999999789867, "66": 0.49999999997515265, "67": 0.49999999998501465, "68": 0.9797276682422708, "69": 0.49999999996597977, "70": 0.499999999988635, "71": 0.4999999999610563, "72": 0.4999999999602489, "73": 0.4999999999651423, "74": 0.49999999996344247, "75": 0.49999999996352784, "76": 0.49999999996255406, "77": 0.4999999999671334, "78": 0.49999999996885025, "79": 0.49999999997044936, "80": 0.4999999999842769, "81": 0.49999999997515265, "82": 0.4999999999743151, "83": 0.9797276682422708, "84": 0.4999999999845784, "85": 0.49999999996480626, "86": 0.4999999999703284, "87": 0.499999999988635, "88": 0.499999999958592, "89": 0.4999999999804776, "90": 0.49999999998561995, "91": 0.49999999997602607, "92": 0.4999999999783725, "93": 0.49999999996344247, "94": 0.4999999999889194, "95": 0.4999999999703284, "96": 0.4999999999604033, "97": 0.49999999996100875, "98": 0.4999999999844251, "99": 0.4999999999717517}, "3": {"0": 0.5000000000166438, "1": 0.5000000000135942, "2": 0.07330192148849572, "3": 0.5000000000118723, "4": 0.5000000000251471,