{"0": {"0": 0.00048145046490173665, "1": 0.00045321011695076765, "2": 0.0008087078694197544, "3": 0.00046675837665015915, "4": 0.00040573510362570226, "5": 0.9501111664013913, "6": 0.6110891677209126, "7": 0.61516606618589, "8": 0.000667988327619801, "9": 0.0009909884611912893, "10": 0.6116810009480202, "11": 0.8017817683577196, "12": 0.0008444744972925333, "13": 0.867095770454738, "14": 0.576375307803365, "15": 0.00033197393750943765, "16": 0.6127003903471603, "17": 0.00033197393750943765, "18": 0.6276136994137574, "19": 0.6176317420246198, "20": 0.6152947396723765, "21": 0.61516606618589, "22": 0.0010392138622925381, "23": 0.5061008358976543, "24": 0.867095770454738, "25": 0.5645450707508264, "26": 0.946777720788272, "27": 0.00045959388847241354, "28": 0.6239600471484823, "29": 0.5061008358976543, "30": 0.0005695717862667212, "31": 0.6233589455484816, "32": 0.610878751719439, "33": 0.7972065573133178, "34": 0.0008087078694197544, "35": 0.6123297020791802, "36": 0.9203577099418766, "37": 0.9203663971645268, "38": 0.6493815740305858, "39": 0.6727175735476815, "40": 0.0006223832973799078, "41": 0.5358114701443712, "42": 0.4892933424244026, "43": 0.0004631761325612863, "44": 0.6725944852552102, "45": 0.6828522291939986, "46": 0.00048145046490173665, "47": 0.7779982782067068, "48": 0.0008318116885884842, "49": 0.0008109164459321409, "50": 0.8014225567375761, "51": 0.9501111664013913, "52": 0.5323935683781786, "53": 0.610878751719439, "54": 0.4892933424244026, "55": 0.6276136994137574, "56": 0.535801258958378, "57": 0.8017817683577196, "58": 0.6493815740305858, "59": 0.6254830905266515, "60": 0.6124565777288126, "61": 0.535801258958378, "62": 0.0008106875747950471, "63": 0.6089180104707606, "64": 0.9681585649249675, "65": 0.6123297020791802, "66": 0.00040573510362570226, "67": 0.6222967437189856, "68": 0.8186627360186761, "69": 0.0006970884969909559, "70": 0.9681585649249675, "71": 0.5612035065144414, "72": 0.576375307803365, "73": 0.9203663971645268, "74": 0.0007749093253020799, "75": 0.44484974131768795, "76": 0.6569680014635628, "77": 0.5612035065144414, "78": 0.6239600471484823, "79": 0.7779982782067068, "80": 0.6569680014635628, "81": 0.44484974131768795, "82": 0.8186627360186761, "83": 0.946777720788272, "84": 0.8014225567375761, "85": 0.6116810009480202, "86": 0.6233589455484816, "87": 0.6152947396723765, "88": 0.0008106875747950471, "89": 0.6222967437189856, "90": 0.6727175735476815, "91": 0.5645450707508264, "92": 0.0009909884611912893, "93": 0.6089180104707606, "94": 0.5323935683781786, "95": 0.6254830905266515, "96": 0.0005695717862667212, "97": 0.0007749093253020799, "98": 0.0006970884969909559, "99": 0.6828522291939986}, "1": {"0": 0.8504949130822553, "1": 0.00517520643051669, "2": 0.8624605655719955, "3": 0.8706663430119814, "4": 0.4929420887462428, "5": 0.48412597149183456, "6": 0.002378575777769786, "7": 0.8473146375244324, "8": 0.8511608049618774, "9": 0.0016263982116465755, "10": 0.7357922643745411, "11": 0.5477154305098495, "12": 0.4712075380154294, "13": 0.42511791722951986, "14": 0.0024552347853925554, "15": 0.4287185328584, "16": 0.33764428117394213, "17": 0.6200018027118366, "18": 0.00173940146261237, "19": 0.4700143635482639, "20": 0.48412597149183456, "21": 0.7345774907713117, "22": 0.002378575777769786, "23": 0.8882513339397724, "24": 0.8491204903162595, "25": 0.0026392257729990136, "26": 0.4929420887462428, "27": 0.5122607800418019, "28": 0.8706663430119814, "29": 0.5332107416648267, "30": 0.7727428882170397, "31": 0.0027137220053765018, "32": 0.0024125898661577164, "33": 0.8624605655719955, "34": 0.004617473320878769, "35": 0.5870637434707066, "36": 0.33764428117394213, "37": 0.6200018027118366, "38": 0.00422478492356866, "39": 0.0026392257729990136, "40": 0.002514900384258839, "41": 0.004982326321596051, "42": 0.5477154305098495, "43": 0.7357922643745411, "44": 0.8491204903162595, "45": 0.5114398606187431, "46": 0.00422478492356866, "47": 0.004089667238675189, "48": 0.002845853265088324, "49": 0.00422478492356866, "50": 0.002315615890180949, "51": 0.0011057419869865994, "52": 0.914822403332681, "53": 0.8973423180659653, "54": 0.6481182704539278, "55": 0.6329005843230118, "56": 0.8504949130822553, "57": 0.005640871433758979, "58": 0.002349128989333244, "59": 0.6481182704539278, "60": 0.5114398606187431, "61": 0.0011057419869865994, "62": 0.0049835340200009145, "63": 0.8655383955238926, "64": 0.42511791722951986, "65": 0.7727428882170397, "66": 0.002482904433627825, "67": 0.914822403332681, "68": 0.005841799577269688, "69": 0.5870637434707066, "70": 0.0015010238017393427, "71": 0.002359536968128061, "72": 0.8491784751645767, "73": 0.6482966477246771, "74": 0.8469445311285186, "75": 0.002359536968128061, "76": 0.8973423180659653, "77": 0.6329005843230118, "78": 0.8497610978124133, "79": 0.8655383955238926, "80": 0.00517520643051669, "81": 0.0027137220053765018, "82": 0.4712075380154294, "83": 0.003571096615151004, "84": 0.004089667238675189, "85": 0.8491784751645767, "86": 0.7345774907713117, "87": 0.8882513339397724, "88": 0.002514900384258839, "89": 0.5332850196836296, "90": 0.004982326321596051, "91": 0.8511608049618774, "92": 0.5332850196836296, "93": 0.8469445311285186, "94": 0.7345774907713117, "95": 0.4700143635482639, "96": 0.4287185328584, "97": 0.005640871433758979, "98": 0.4287185328584, "99": 0.0023087366604393846}, "2": {"0": 0.7043749715250718, "1": 0.0006195597775985828, "2": 0.8394587379990546, "3": 0.5280456491854484, "4": 0.639546913679903, "5": 0.001764078442909011, "6": 0.560888294183661, "7": 0.0018612323677487455, "8": 0.7956655028680109, "9": 0.0016139026257389788, "10": 0.5701726618634415, "11": 0.5340809468097132, "12": 0.0018524055478819912, "13": 0.7070933014655809, "14": 0.8999061800593492, "15": 0.4519571241638828, "16": 0.0015938127758571088, "17": 0.0013212738786150106, "18": 0.8070492136251566, "19": 0.8758418542223662, "20": 0.4548088027690712, "21": 0.5432534554814928, "22": 0.8999061800593492, "23": 0.0017089807142722955, "24": 0.0006162231899921457, "25": 0.0009235260950607853, "26": 0.0011573831791299688, "27": 0.7070933014655809, "28": 0.0016209599970838724, "29": 0.0009588207773788029, "30": 0.0011194135774128737, "31": 0.0015918485464700355, "32": 0.926596089722354, "33": 0.5902399307528949, "34": 0.7537536286777656, "35": 0.0014041405812573286, "36": 0.0009235260950607853, "37": 0.4519571241638828, "38": 0.7043749715250718, "39": 0.001689261634825304, "40": 0.7537536286777656, "41": 0.8194496556654862, "42": 0.757484287499427, "43": 0.5608883159603725, "44": 0.0012498417031646478, "45": 0.508615840224913, "46": 0.8671548573811863, "47": 0.0011209112149383816, "48": 0.0016672804069982298, "49": 0.5280456491854484, "50": 0.9109924463030205, "51": 0.0006996798422282122, "52": 0.0011441116529418809, "53": 0.001644297249065922, "54": 0.926596089722354, "55": 0.0013856429024344738, "56": 0.8704688536456401, "57": 0.0007860943096971655, "58": 0.8704688536456401, "59": 0.30117598498925435, "60": 0.8942830641301394, "61": 0.5538880715576853, "62": 0.5135914665744453, "63": 0.0014041405812573286, "64": 0.5340809478712105, "65": 0.560888294183661, "66": 0.8671548576173589, "67": 0.8070492136251566, "68": 0.7537536286777656, "69": 0.0007860943096971655, "70": 0.0015918485464700355, "71": 0.7290482108485612, "72": 0.0016209599970838724, "73": 0.8394587379990546, "74": 0.5135914665744453, "75": 0.5902399307528949, "76": 0.0011209112149383816, "77": 0.0012570046154501005, "78": 0.8942830641301394, "79": 0.5432534554814928, "80": 0.4548088027690712, "81": 0.5701726618634415, "82": 0.5340809468097132, "83": 0.0011669945997203795, "84": 0.8671548578299142, "85": 0.0013856429024344738, "86": 0.8758418542223662, "87": 0.8394587379990546, "88": 0.7956655028680109, "89": 0.5538880715576853, "90": 0.8194496556654862, "91": 0.757484287499427, "92": 0.0011669945997203795, "93": 0.30117598498925435, "94": 0.0009588207773788029, "95": 0.7290482108485612, "96": 0.8671548578299142, "97": 0.508615840224913,