{"0": {"0": 0.4205368477043385, "1": 0.42053684770419836, "2": 0.856723011346145, "3": 0.8567229432774419, "4": 9.212295841089746e-13, "5": 0.4205368477041602, "6": 0.4205368477041397, "7": 0.4205368477043385, "8": 0.42053684770402827, "9": 0.4205368477043938, "10": 0.8567229432774419, "11": 9.579823286802159e-14, "12": 0.4205368477044917, "13": 0.42053684770426114, "14": 0.420536847704086, "15": 0.8567228177381487, "16": 0.8567229455772934, "17": 0.856723142449392, "18": 0.4205368477042536, "19": 0.42053684770422106, "20": 2.8780774400133605e-13, "21": 6.07016901725831e-13, "22": 5.458320107582656e-13, "23": 0.8567228670093306, "24": 5.458320107582656e-13, "25": 0.8567229760109947, "26": 0.4205368477042014, "27": 3.248201063999525e-13, "28": 0.8567232242052634, "29": 1.0566005632362573e-13, "30": 0.8567230346732568, "31": 0.42053684770416255, "32": 0.42053684770381605, "33": 0.8567230138553212, "34": 0.42053684770414423, "35": 0.8567228798084419, "36": 0.42053684770414423, "37": 0.8567230652720308, "38": 0.8567229849721129, "39": 3.035084508629155e-13, "40": 0.42053684770420857, "41": 0.42053684770425487, "42": 0.420536847704143, "43": 0.8567230652720308, "44": 0.420536847704326, "45": 0.42053684770422783, "46": 0.42053684770417654, "47": 9.902861355755545e-14, "48": 0.8567229760109947, "49": 0.42053684770428323, "50": 0.8567230346732568, "51": 0.42053684770456407, "52": 0.420536847704143, "53": 6.260296578709589e-13, "54": 0.42053684770422334, "55": 0.42053684770422334, "56": 4.946310852195958e-14, "57": 0.42053684770400945, "58": 0.8567228670093306, "59": 4.606147920544873e-13, "60": 4.188349387161967e-13, "61": 0.4205368477040078, "62": 0.42053684770422106, "63": 0.8567229859914738, "64": 0.42053684770403255, "65": 0.42053684770414756, "66": 0.42053684770424826, "67": 3.9444517362304285e-13, "68": 2.877173935398182e-13, "69": 4.2691112033289864e-13, "70": 7.609105796068353e-13, "71": 0.420536847704322, "72": 0.42053684770413174, "73": 0.4205368477041397, "74": 0.8567229341515246, "75": 0.4205368477039371, "76": 0.42053684770421074, "77": 0.8567230039058107, "78": 4.1177361865702593e-13, "79": 2.3531465459685546e-13, "80": 0.4205368477040249, "81": 0.856723142449392, "82": 0.4205368477042998, "83": 0.4205368477040717, "84": 0.8567229195050072, "85": 0.8567229455772934, "86": 0.42053684770428046, "87": 0.4205368477040716, "88": 0.42053684770425487, "89": 1.3120997907207845e-13, "90": 0.42053684770422783, "91": 4.972889701992752e-14, "92": 0.42053684770421074, "93": 0.42053684770428046, "94": 0.4205368477040249, "95": 3.9444517362304285e-13, "96": 0.8567230039058107, "97": 0.42053684770419836, "98": 0.4205368477040078, "99": 5.756154880026721e-13}, "1": {"0": 0.41060877541016105, "1": 0.4106087754311608, "2": 0.41060877544236574, "3": 0.7665364711033285, "4": 0.7665364981174058, "5": 0.7665364473377646, "6": 0.4106087754311608, "7": 0.4106087754272841, "8": 0.41060877543627994, "9": 0.4106087754151042, "10": 0.7665364753667563, "11": 0.41060877543152163, "12": 0.7665364902669349, "13": 2.476088656971297e-14, "14": 6.319964582861935e-14, "15": 0.4106087754272841, "16": 1.6729914426126092e-13, "17": 0.7665364795711515, "18": 0.41060877540688534, "19": 0.4106087754386012, "20": 0.7665364638727697, "21": 9.099886160972683e-14, "22": 0.41060877538997814, "23": 0.41060877541249124, "24": 3.453526070702704e-14, "25": 0.7665364981174058, "26": 0.7665364592472823, "27": 0.4106087754223124, "28": 0.41060877541555785, "29": 0.4106087754237154, "30": 9.099886160972683e-14, "31": 0.4106087754423914, "32": 0.4106087754165147, "33": 1.4347202238011428e-13, "34": 0.7665364896278097, "35": 4.7863041108633e-14, "36": 3.62185748464736e-14, "37": 8.809113476065235e-14, "38": 0.7665364753667563, "39": 0.7665364818959283, "40": 0.766536465030489, "41": 0.41060877542273233, "42": 2.328419565283026e-14, "43": 0.41060877542954, "44": 6.259139887046208e-14, "45": 0.41060877543057195, "46": 0.4106087754041782, "47": 0.41060877543057195, "48": 0.4106087754188137, "49": 0.7665364637187313, "50": 0.41060877540534324, "51": 1.3068383772585091e-14, "52": 9.047646199025426e-14, "53": 0.4106087754352132, "54": 0.4106087754237154, "55": 0.4106087754137433, "56": 0.7665364528809545, "57": 0.76653645894877, "58": 0.41060877540534324, "59": 0.41060877544236574, "60": 0.4106087754182871, "61": 0.76653648023887, "62": 0.41060877542273233, "63": 0.7665364902669349, "64": 0.4106087754182871, "65": 8.809113476065235e-14, "66": 4.9119266312506354e-14, "67": 1.5194007530025477e-13, "68": 2.476088656971297e-14, "69": 0.7665364814012898, "70": 0.76653648023887, "71": 0.7665364896278097, "72": 0.4106087754188137, "73": 6.319964582861935e-14, "74": 0.7665364795711515, "75": 2.202305784698791e-13, "76": 0.41060877543152163, "77": 0.41060877542715957, "78": 9.047646199025426e-14, "79": 0.76653645894877, "80": 1.0476322299650083e-13, "81": 0.4106087754313018, "82": 0.4106087754411376, "83": 4.9119266312506354e-14, "84": 0.7665364637187313, "85": 0.7665364814012898, "86": 0.4106087754223124, "87": 1.8328934246205731e-13, "88": 5.725608299847426e-14, "89": 0.7665364899553171, "90": 0.7665364592472823, "91": 0.4106087754352132, "92": 0.41060877541555785, "93": 6.907052141405408e-14, "94": 0.41060877542954, "95": 1.0004275174259508e-13, "96": 0.41060877538750107, "97": 1.1727776838996338e-13, "98": 4.7863041108633e-14, "99": 0.41060877538750107}, "2": {"0": 3.478054234947905e-13, "1": 0.7870808527278021, "2": 0.7870808527278637, "3": 1.1649563486353385e-13, "4": 0.7870808527278269, "5": 0.361478505693645, "6": 0.787080852727793, "7": 0.7870808527278303, "8": 0.36147754865024845, "9": 0.36147754865024845, "10": 0.3614788334249942, "11": 3.2491865770351267e-13, "12": 1.5826586744574174e-13, "13": 0.3614788334249942, "14": 0.36147799248144935, "15": 0.7870808527278175, "16": 0.3614790598197377, "17": 0.7870808527278228, "18": 0.7870808527278159, "19": 2.313684299606447e-14, "20": 0.7870808527278199, "21": 0.3614779056819566, "22": 1.6309834147330854e-13, "23": 0.7870808527278377, "24": 2.4250213262850174e-13, "25": 0.7870808527278355, "26": 1.1149026526498205e-13, "27": 0.7870808527278175, "28": 0.787080852727828, "29": 0.787080852727831, "30": 0.7870808527277429, "31": 2.473676957552567e-13, "32": 0.7870808527278134, "33": 0.7870808527278282, "34": 0.787080852727807, "35": 1.2125106631425087e-13, "36": 0.7870808527278249, "37": 0.3614792862144812, "38": 1.9270054587839025e-13, "39": 0.7870808527278124, "40": 0.7870808527278337, "41": 0.3614779056819566, "42": 0.7870808527278244, "43": 0.3614786828748545, "44": 0.7870808527278199, "45": 0.36147720040532694, "46": 5.376111846379012e-14, "47": 8.154917073665427e-14, "48": 0.7870808527278137, "49": 1.1149026526498205e-13, "50": 2.473676957552567e-13, "51": 1.4633084879946935e-13, "52": 0.7870808527277947, "53": 0.787080852727831, "54": 0.7870808527278288, "55": 0.36147779457920537, "56": 0.7870808527278264, "57": 1.3980951141663085e-13, "58": 6.417048024341368e-14, "59": 0.7870808527278228, "60": 0.7870808527278248, "61": 0.3614774668692803, "62": 0.7870808527278021, "63": 7.385240013571981e-14, "64": 0.7870808527278248, "65": 0.7870808527278303, "66": 0.3614790598197377, "67": 0.7870808527278087, "68": 0.3614786828748545, "69": 0.7870808527278337, "70": 1.2834096048682736e-13, "71": 0.7870808527277948, "72": 0.3614778971560755, "73": 3.478054234947905e-13, "74": 0.361478505693645, "75": 6.457454897810125e-14, "76": 0.7870808527277947, "77": 2.1071495262098988e-13, "78": 0.7870808527278264, "79": 0.36147799248144935, "80": 0.7870808527277429, "81": 1.6245932885175633e-13, "82": 7.250014442576496e-14, "83": 1.3980951141663085e-13, "84": 0.7870808527278332, "85": 0.7870808527278282, "86": 0.3614779681781909, "87": 0.7870808527278269, "88": 7.114788871581012e-14, "89": 7.250014442576496e-14, "90": 0.7870808527278351, "91": 0.7870808527278159, "92": 0.787080852727807, "93": 0.7870808527278192, "94": 0.7870808527277948, "95": 0.7870808527278134,