{"0": {"0": 0.1305909952448627, "1": 0.4999999063999174, "2": 0.4999999226477908, "3": 0.4999999220262008, "4": 0.4999999402873406, "5": 0.4999999184274578, "6": 0.49999989299752173, "7": 0.4999999372169873, "8": 0.49999991105013364, "9": 0.49999988795994804, "10": 0.9464356402639855, "11": 0.4999998805553897, "12": 0.17887435944283464, "13": 0.17910704900003876, "14": 0.17569956440720683, "15": 0.17887435944283464, "16": 0.49999994635624834, "17": 0.9121899038024975, "18": 0.026035675299458425, "19": 0.17062370542024893, "20": 0.4999999112161673, "21": 0.4999999105183779, "22": 0.499999896516389, "23": 0.9130636981849313, "24": 0.8566891410366367, "25": 0.9121899038024975, "26": 0.49999990918890014, "27": 0.9130636981849313, "28": 0.4999998885330217, "29": 0.49999991351067125, "30": 0.4999998885330217, "31": 0.4999999125973208, "32": 0.49999989479844986, "33": 0.4999999125973208, "34": 0.8990891962520609, "35": 0.4999999082824915, "36": 0.49999990297227803, "37": 0.4999999701436703, "38": 0.49999991127385834, "39": 0.17910704900003876, "40": 0.11014374226654763, "41": 0.4999999372169873, "42": 0.9614088778095131, "43": 0.9464356402639855, "44": 0.17062370542024893, "45": 0.9783634496014111, "46": 0.49999992897946, "47": 0.4999998867891449, "48": 0.026035675299458425, "49": 0.49999990743199596, "50": 0.4999999203292075, "51": 0.4999999289409452, "52": 0.4999999105183779, "53": 0.4999999276338848, "54": 0.8365072478947391, "55": 0.49999995307697687, "56": 0.4999998785630475, "57": 0.11014374226654763, "58": 0.4999999101326918, "59": 0.49999989330980543, "60": 0.49999988890594105, "61": 0.8365072478947391, "62": 0.18241570893317685, "63": 0.4999999289409452, "64": 0.49999994718365975, "65": 0.18241570893317685, "66": 0.49999990160159025, "67": 0.4999999112161673, "68": 0.49999991105013364, "69": 0.49999989776225384, "70": 0.8990891962520609, "71": 0.4999999082824915, "72": 0.4999999590904873, "73": 0.49999989299752173, "74": 0.9783634496014111, "75": 0.1318852642176888, "76": 0.49999988890594105, "77": 0.4999998922756994, "78": 0.4999998893798314, "79": 0.4999999024329975, "80": 0.4999999063999174, "81": 0.49999993102377854, "82": 0.026035675299458425, "83": 0.499999889031585, "84": 0.1305909952448627, "85": 0.49999990918890014, "86": 0.9614088778095131, "87": 0.4999999035243724, "88": 0.4999999035243724, "89": 0.4999998843923433, "90": 0.8784585914250754, "91": 0.4999999239300269, "92": 0.4999998893798314, "93": 0.11014374226654763, "94": 0.17569956440720683, "95": 0.8566891410366367, "96": 0.49999991672838806, "97": 0.4999999203292075, "98": 0.1318852642176888, "99": 0.8784585914250754}, "1": {"0": 0.5000000426439978, "1": 0.5000000550407258, "2": 0.0761124108546075, "3": 0.5000000549740193, "4": 0.8305970326119934, "5": 0.1807451164480398, "6": 0.5000000189029231, "7": 0.9065321125445527, "8": 0.5000000342152005, "9": 0.016190583942164577, "10": 0.5000000461505154, "11": 0.5000000509609406, "12": 0.9779054613684354, "13": 0.9823911163701897, "14": 0.5000000495880988, "15": 0.500000042134908, "16": 0.03415509207324481, "17": 0.03415509207324481, "18": 0.5000000431785837, "19": 0.1807451164480398, "20": 0.5000000184124131, "21": 0.9779054613684354, "22": 0.8108334977244, "23": 0.9807127815508384, "24": 0.8914397940821075, "25": 0.500000048105766, "26": 0.5000000497466812, "27": 0.5000000494542494, "28": 0.5000000314956194, "29": 0.5000000467677435, "30": 0.5000000505126772, "31": 0.5000000520439959, "32": 0.5000000428269041, "33": 0.5000000467677435, "34": 0.50000004313441, "35": 0.5000000443019047, "36": 0.5000000486106795, "37": 0.5000000215548582, "38": 0.5000000387079897, "39": 0.9823911163701897, "40": 0.5000000412337937, "41": 0.5000000452565179, "42": 0.8488633285973152, "43": 0.500000024052883, "44": 0.5000000510088621, "45": 0.9065321125445527, "46": 0.8914397940821075, "47": 0.5000000433963726, "48": 0.03415509207324481, "49": 0.5000000373696472, "50": 0.500000042134908, "51": 0.14968262743380312, "52": 0.5000000243053397, "53": 0.5000000520439959, "54": 0.5000000419478345, "55": 0.8305970326119934, "56": 0.5000000465470295, "57": 0.5000000236575688, "58": 0.5000000189356278, "59": 0.500000041992653, "60": 0.5000000278967823, "61": 0.17286561330325576, "62": 0.50000004668334, "63": 0.5000000453890974, "64": 0.5000000468477153, "65": 0.500000030203088, "66": 0.500000042679094, "67": 0.5000000353618432, "68": 0.08739056535946939, "69": 0.500000030203088, "70": 0.5000000449971158, "71": 0.5000000443019047, "72": 0.5000000176809216, "73": 0.8108334977244, "74": 0.5000000467107051, "75": 0.8305970326119934, "76": 0.17286561330325576, "77": 0.1807451164480398, "78": 0.5000000495880988, "79": 0.5000000238537552, "80": 0.14968262743380312, "81": 0.8108334977244, "82": 0.500000021567205, "83": 0.5000000238537552, "84": 0.5000000243955486, "85": 0.0761124108546075, "86": 0.5000000474621238, "87": 0.9340419125667581, "88": 0.08739056535946939, "89": 0.016190583942164577, "90": 0.50000004668334, "91": 0.8305970326119934, "92": 0.5000000468477153, "93": 0.9340419125667581, "94": 0.03415509207324481, "95": 0.5000000226282589, "96": 0.5000000510088621, "97": 0.5000000449971158, "98": 0.9807127815508384, "99": 0.8488633285973152}, "2": {"0": 0.4999992252416493, "1": 0.9425766337175072, "2": 0.4999991720356226, "3": 0.9425766337175072, "4": 0.12897001616181208, "5": 0.49999914986056393, "6": 0.499999049576464, "7": 0.9235283676829714, "8": 0.4999995473480231, "9": 0.1819161988406407, "10": 0.49999888281294524, "11": 0.4999990266545023, "12": 0.07570397607075086, "13": 0.9653571856884895, "14": 0.9331606146251689, "15": 0.4999990174746029, "16": 0.49999893835862275, "17": 0.49999919409301957, "18": 0.4999991264313911, "19": 0.8178582243880961, "20": 0.49999898228792894, "21": 0.036405543228287866, "22": 0.4999990658386727, "23": 0.9653571856884895, "24": 0.499999049576464, "25": 0.49999946517175076, "26": 0.49999951979542434, "27": 0.4999989774317516, "28": 0.8927398421829587, "29": 0.8371363053115166, "30": 0.4999995087373015, "31": 0.8572889187750032, "32": 0.49999902416899905, "33": 0.4999988662678788, "34": 0.49999931797421104, "35": 0.4999992252416493, "36": 0.07570397607075086, "37": 0.10983353250301803, "38": 0.8927398421829587, "39": 0.4999989624380361, "40": 0.49999919409301957, "41": 0.036405543228287866, "42": 0.49999935635137, "43": 0.49999914737285767, "44": 0.49999930230079775, "45": 0.49999930077113824, "46": 0.9235283676829714, "47": 0.49999913705825705, "48": 0.4999991215468417, "49": 0.8178582243880961, "50": 0.49999917545934874, "51": 0.4999991530296538, "52": 0.49999942041059303, "53": 0.1593871911247513, "54": 0.4999988408672096, "55": 0.8371363053115166, "56": 0.4999995263435673, "57": 0.044310555161212184, "58": 0.044310555161212184, "59": 0.49999966744584257, "60": 0.8178582243880961, "61": 0.10983353250301803, "62": 0.4999989666218151, "63": 0.499998976443092, "64": 0.49999924746201185, "65": 0.49999913705825705, "66": 0.1819161988406407, "67": 0.9279269523222098, "68": 0.4999991689333596, "69": 0.49999915261290107, "70": 0.12897001616181208, "71": 0.49999930077113824, "72": 0.4999990126580897, "73": 0.49999925533880485, "74": 0.1593871911247513, "75": 0.49999897799994253, "76": 0.4999996511503989, "77": 0.49999887822545463, "78": 0.8927398421829587, "79": 0.49999947973875336, "80": 0.9729363575046235, "81": 0.9331606146251689, "82": 0.49999907109616465, "83": 0.831550396532534, "84": 0.49999956077342084, "85": 0.8572889187750032, "86": 0.4999991698258678, "87": 0.4999993774494302, "88": 0.4999991264313911, "89": 0.49999932687582954, "90": 0.49999887822545463, "91": 0.9279269523222098, "92": 0.044310555161212184, "93": 0.831550396532534, "94": 0.07570397607075086, "95": 0.4999991720356226, "96": 0.49999907109616465, "97": 0.4999990126580897, "98": 0.49999946517175076, "99": 0.9729363575046235}, "3": {"0": 0.1848709503074909, "1": 0.49999918048503256, "2": 0.4999993204887807, "3": 0.4999986767030351, "4": 0.4999988173152441,