{"0": {"0": 0.4999999264582333, "1": 0.49999994032686323, "2": 0.49999996334939745, "3": 0.49999997393771456, "4": 0.4999999453108071, "5": 0.4999999325004326, "6": 0.4999999206660978, "7": 0.49999996424738724, "8": 0.4999999251104706, "9": 0.8829613361309636, "10": 0.4999999711342715, "11": 0.1468094318666407, "12": 0.4999999418934004, "13": 0.499999959745433, "14": 0.1634099006882469, "15": 0.499999927824963, "16": 0.499999942018536, "17": 0.1468094318666407, "18": 0.49999992436399987, "19": 0.499999944400161, "20": 0.4999999571565913, "21": 0.49999997980659827, "22": 0.49999994221968175, "23": 0.49999991962106216, "24": 0.928319527099258, "25": 0.4999999564119148, "26": 0.4999999428643723, "27": 0.49999993037965784, "28": 0.8323438178561915, "29": 0.1634099006882469, "30": 0.1468094318666407, "31": 0.49999992608840504, "32": 0.49999992835833623, "33": 0.8851250332022274, "34": 0.4999999386533046, "35": 0.49999991612161176, "36": 0.1634099006882469, "37": 0.1634099006882469, "38": 0.49999996849010403, "39": 0.4999999370690629, "40": 0.49999996284556136, "41": 0.49999994017570915, "42": 0.4999999151853636, "43": 0.852744163282825, "44": 0.4999999148559595, "45": 0.4999999535987741, "46": 0.4999999386533046, "47": 0.4999999468155436, "48": 0.4999999543747634, "49": 0.852744163282825, "50": 0.49999994416915905, "51": 0.4999999325004326, "52": 0.49999994416915905, "53": 0.8829613361309636, "54": 0.4999999151853636, "55": 0.9144440725325343, "56": 0.499999928798781, "57": 0.4999999391275435, "58": 0.1468094318666407, "59": 0.852744163282825, "60": 0.8936351328758969, "61": 0.9144440725325343, "62": 0.8851250332022274, "63": 0.49999992729158976, "64": 0.4999999216886001, "65": 0.4999999580786739, "66": 0.1468094318666407, "67": 0.18951544478265997, "68": 0.4999999580786739, "69": 0.49999995742797976, "70": 0.9267899282354075, "71": 0.49999993840142887, "72": 0.4999999418934004, "73": 0.499999927824963, "74": 0.4999999216886001, "75": 0.18951544478265997, "76": 0.49999993542253257, "77": 0.8936351328758969, "78": 0.49999992963213324, "79": 0.9267899282354075, "80": 0.4999999681692028, "81": 0.4999999625154801, "82": 0.49999992436399987, "83": 0.4999999700691407, "84": 0.95212428578528, "85": 0.49999992963213324, "86": 0.49999991612161176, "87": 0.4999999653927629, "88": 0.4999999468155436, "89": 0.852744163282825, "90": 0.499999928798781, "91": 0.4999999251104706, "92": 0.4999999700878546, "93": 0.4999999411789816, "94": 0.4999999391275435, "95": 0.4999999705894908, "96": 0.928319527099258, "97": 0.1468094318666407, "98": 0.95212428578528, "99": 0.8323438178561915}, "1": {"0": 0.9142766172845822, "1": 0.5000000035861587, "2": 0.5000000066367406, "3": 0.13038220988109103, "4": 0.5000000032870893, "5": 0.5000000044002306, "6": 0.5000000044586432, "7": 0.11372058486462092, "8": 0.9116842774532571, "9": 0.9027799827574428, "10": 0.5000000039888605, "11": 0.8512860486196716, "12": 0.13038220988109103, "13": 0.8249631650095439, "14": 0.9116842774532571, "15": 0.5000000042548298, "16": 0.1286719325519267, "17": 0.5000000031375589, "18": 0.8803057956850023, "19": 0.5000000058238985, "20": 0.5000000059095515, "21": 0.891959934948388, "22": 0.04128664789266135, "23": 0.8771581244166331, "24": 0.5000000034396849, "25": 0.500000001377173, "26": 0.5000000041044274, "27": 0.12364819976127772, "28": 0.09520404500175984, "29": 0.9142766172845822, "30": 0.5000000043430215, "31": 0.8249631650095439, "32": 0.5000000020218496, "33": 0.1286719325519267, "34": 0.8803057956850023, "35": 0.5000000022307612, "36": 0.5000000061763633, "37": 0.18384345189349158, "38": 0.5000000043917687, "39": 0.5000000044703943, "40": 0.5000000047917605, "41": 0.891959934969798, "42": 0.15283962219377997, "43": 0.8870664064097551, "44": 0.09520404500175984, "45": 0.99050735886974, "46": 0.5000000046239157, "47": 0.9027799827574428, "48": 0.04128664789266135, "49": 0.04128664789266135, "50": 0.5000000043588857, "51": 0.5000000047278254, "52": 0.5000000035861587, "53": 0.5000000047199582, "54": 0.891959934969798, "55": 0.5000000031475567, "56": 0.8976883968012109, "57": 0.5000000030513502, "58": 0.5000000043588857, "59": 0.5000000018659065, "60": 0.500000001436993, "61": 0.5000000054583094, "62": 0.07241271446084513, "63": 0.500000003832928, "64": 0.11372058486462092, "65": 0.5000000047199582, "66": 0.5000000034396849, "67": 0.18384345189349158, "68": 0.15283962219377997, "69": 0.12364836891861386, "70": 0.5000000018666428, "71": 0.8771581244166331, "72": 0.12846757537882822, "73": 0.07241271446084513, "74": 0.5000000019944302, "75": 0.5000000053189428, "76": 0.5000000043430215, "77": 0.8512860486196716, "78": 0.99050735886974, "79": 0.500000002959637, "80": 0.11372058486462092, "81": 0.500000002820367, "82": 0.11372058486462092, "83": 0.5000000046002359, "84": 0.8870664064097551, "85": 0.500000004502074, "86": 0.5000000033239627, "87": 0.12364836891861386, "88": 0.8512860486196716, "89": 0.5000000021958844, "90": 0.5000000038572284, "91": 0.5000000047917605, "92": 0.5000000028738509, "93": 0.5000000058238985, "94": 0.5000000023001179, "95": 0.8976883968012109, "96": 0.5000000030989068, "97": 0.12846757537882822, "98": 0.04128664789266135, "99": 0.5000000014798185}, "2": {"0": 0.49999999952605323, "1": 0.4999999994842135, "2": 0.4999999997953789, "3": 0.9470406086835225, "4": 0.9470406086835225, "5": 0.49999999965632647, "6": 0.49999999961815444, "7": 0.49999999971047077, "8": 0.4999999994837063, "9": 0.8876258647174236, "10": 0.499999999566655, "11": 0.9587953409276715, "12": 0.49999999947991125, "13": 0.4999999994190181, "14": 0.49999999953173824, "15": 0.4999999996961278, "16": 0.499999999427611, "17": 0.9587953409276715, "18": 0.09892297094915964, "19": 0.4999999994679716, "20": 0.8325518483821553, "21": 0.16068693195355155, "22": 0.8325518483821553, "23": 0.13943115500945674, "24": 0.9587953409276715, "25": 0.04932716896692739, "26": 0.4999999995905431, "27": 0.49999999957521246, "28": 0.12772265090644636, "29": 0.4999999994190181, "30": 0.49999999944937157, "31": 0.49999999947669516, "32": 0.49999999961709185, "33": 0.12772265090644636, "34": 0.49999999945465495, "35": 0.49999999937991435, "36": 0.8325518483821553, "37": 0.9263421437062346, "38": 0.4999999994842135, "39": 0.49999999952605323, "40": 0.14971364920652022, "41": 0.4999999996039248, "42": 0.4999999998082728, "43": 0.1394311550094869, "44": 0.9263421437062346, "45": 0.49999999957521246, "46": 0.4999999994484626, "47": 0.49999999977376847, "48": 0.10851299435007844, "49": 0.922949636414309, "50": 0.11172079427092223, "51": 0.4999999996866021, "52": 0.49999999953859176, "53": 0.10851299435007844, "54": 0.9304131524565452, "55": 0.49999999961815444, "56": 0.8425948147766308, "57": 0.4999999997563789, "58": 0.12772265090644636, "59": 0.49999999971305076, "60": 0.13943115500945674, "61": 0.4999999996899572, "62": 0.14971364920652022, "63": 0.11172079427092223, "64": 0.4999999997715209, "65": 0.8876258647174236, "66": 0.05055509606768772, "67": 0.49999999937955253, "68": 0.49999999946465723, "69": 0.4999999994189307, "70": 0.4999999994484626, "71": 0.49999999971933706, "72": 0.8425948147766308, "73": 0.4999999997138055, "74": 0.49999999971305076, "75": 0.4999999996090099, "76": 0.4999999995905431, "77": 0.49999999944937157, "78": 0.499999999469661, "79": 0.04932716896692739, "80": 0.4999999995293724, "81": 0.9304131524565452, "82": 0.49999999958204966, "83": 0.49999999980450494, "84": 0.49999999976468623, "85": 0.49999999974185316, "86": 0.4999999996289644, "87": 0.8876258647174236, "88": 0.8425948147766308, "89": 0.8325518483821553, "90": 0.922949636414309, "91": 0.09892297094915964, "92": 0.49999999968977626, "93": 0.16068693195355155, "94": 0.49999999947991125, "95": 0.4999999997833275, "96": 0.499999999469661, "97": 0.8876258647174236, "98": 0.4999999996039248, "99": 0.12772265090644636}, "3": {"0": 0.49999996996727547, "1": 0.07948000040938613, "2": 0.49999997042124344, "3": 0.8667878048370008, "4": 0.49999997683898323,