{"0": {"0": 0.49999999999991374, "1": 0.051371881382127484, "2": 0.49999999999987566, "3": 0.49999999999994876, "4": 0.49999999999989847, "5": 0.49999999999990785, "6": 0.4999999999999424, "7": 0.49999999999987144, "8": 0.4999999999998772, "9": 0.49999999999987593, "10": 0.4999999999999254, "11": 0.49999999999987577, "12": 0.4999999999999076, "13": 0.49999999999989175, "14": 0.4999999999999223, "15": 0.4999999999999072, "16": 0.49999999999994743, "17": 0.4999999999999064, "18": 0.4999999999998973, "19": 0.49999999999988853, "20": 0.4999999999999317, "21": 0.49999999999990385, "22": 0.4999999999999498, "23": 0.4999999999999356, "24": 0.9347167216613069, "25": 0.49999999999989186, "26": 0.49999999999994155, "27": 0.49999999999992556, "28": 0.49999999999989003, "29": 0.051504339771792806, "30": 0.9347167216612324, "31": 0.49999999999990985, "32": 0.4999999999999023, "33": 0.49999999999990646, "34": 0.4999999999999246, "35": 0.4999999999999035, "36": 0.4999999999999306, "37": 0.49999999999991934, "38": 0.934716721661097, "39": 0.4999999999998892, "40": 0.4999999999999037, "41": 0.4999999999999594, "42": 0.4999999999999431, "43": 0.4999999999998751, "44": 0.499999999999869, "45": 0.4999999999999183, "46": 0.4999999999999025, "47": 0.4999999999998486, "48": 0.4999999999998967, "49": 0.4999999999999379, "50": 0.05122286569375399, "51": 0.4999999999998973, "52": 0.4999999999999232, "53": 0.4999999999999424, "54": 0.4999999999999192, "55": 0.49999999999994227, "56": 0.4999999999999512, "57": 0.051272537589878486, "58": 0.49999999999991596, "59": 0.49999999999993006, "60": 0.49999999999996825, "61": 0.49999999999990385, "62": 0.4999999999998892, "63": 0.49999999999993866, "64": 0.4999999999999406, "65": 0.4999999999999142, "66": 0.051504339771792806, "67": 0.4999999999999192, "68": 0.4999999999999345, "69": 0.4999999999999049, "70": 0.4999999999999627, "71": 0.4999999999999676, "72": 0.9347167216612472, "73": 0.49999999999993994, "74": 0.4999999999999042, "75": 0.934716721661172, "76": 0.49999999999996114, "77": 0.499999999999928, "78": 0.4999999999999623, "79": 0.4999999999999521, "80": 0.49999999999994427, "81": 0.9347167216611973, "82": 0.49999999999994393, "83": 0.4999999999999386, "84": 0.03571738492141667, "85": 0.49999999999994593, "86": 0.9347167216613563, "87": 0.499999999999928, "88": 0.4999999999999076, "89": 0.49999999999989003, "90": 0.4999999999999571, "91": 0.9347167216611973, "92": 0.49999999999991374, "93": 0.9347167216613563, "94": 0.4999999999999708, "95": 0.49999999999996503, "96": 0.03571738492141667, "97": 0.4999999999999232, "98": 0.4999999999998967, "99": 0.05122286569375399}, "1": {"0": 0.05621935962584236, "1": 0.49999999999995115, "2": 0.49999999999995437, "3": 0.49999999999990535, "4": 0.4999999999999125, "5": 0.4999999999999485, "6": 0.49999999999992983, "7": 0.499999999999876, "8": 0.49999999999992795, "9": 0.4999999999999003, "10": 0.49999999999990413, "11": 0.4999999999998792, "12": 0.49999999999993705, "13": 0.49999999999987893, "14": 0.4999999999999214, "15": 0.49999999999991507, "16": 0.49999999999991124, "17": 0.4999999999999151, "18": 0.49999999999987266, "19": 0.4999999999999142, "20": 0.49999999999986294, "21": 0.4999999999999133, "22": 0.4999999999998502, "23": 0.499999999999936, "24": 0.4999999999999138, "25": 0.4999999999999249, "26": 0.4999999999999216, "27": 0.499999999999941, "28": 0.9447732482346123, "29": 0.49999999999990197, "30": 0.49999999999991523, "31": 0.4999999999999247, "32": 0.4999999999999426, "33": 0.0644798293468134, "34": 0.4999999999998891, "35": 0.4999999999999121, "36": 0.4999999999999241, "37": 0.4999999999999297, "38": 0.49999999999988376, "39": 0.4999999999999372, "40": 0.49999999999996203, "41": 0.4999999999999431, "42": 0.49999999999990313, "43": 0.9447732482346123, "44": 0.49999999999995365, "45": 0.49999999999991307, "46": 0.05621935962584236, "47": 0.49999999999992883, "48": 0.4999999999999085, "49": 0.49999999999990385, "50": 0.4999999999999504, "51": 0.49999999999992695, "52": 0.49999999999991385, "53": 0.4999999999999523, "54": 0.4999999999999195, "55": 0.4999999999999669, "56": 0.49999999999994416, "57": 0.05621935962584236, "58": 0.4999999999999249, "59": 0.4999999999999288, "60": 0.4999999999999121, "61": 0.4999999999999216, "62": 0.49999999999993194, "63": 0.05621935962584236, "64": 0.499999999999929, "65": 0.4999999999999138, "66": 0.4999999999999102, "67": 0.49999999999995753, "68": 0.49999999999989525, "69": 0.4999999999999104, "70": 0.49999999999991884, "71": 0.49999999999990313, "72": 0.0644798293468134, "73": 0.4999999999999003, "74": 0.49999999999991573, "75": 0.4999999999999132, "76": 0.4999999999999476, "77": 0.0644798293468134, "78": 0.4999999999999195, "79": 0.49999999999995665, "80": 0.4999999999999142, "81": 0.9447732482346123, "82": 0.49999999999995653, "83": 0.49999999999993194, "84": 0.49999999999995365, "85": 0.49999999999995787, "86": 0.49999999999990385, "87": 0.49999999999995626, "88": 0.4999999999999247, "89": 0.4999999999999372, "90": 0.49999999999992983, "91": 0.49999999999996037, "92": 0.49999999999995204, "93": 0.49999999999988376, "94": 0.06779003363002936, "95": 0.49999999999996436, "96": 0.0644798293468134, "97": 0.06779003363002936, "98": 0.4999999999999551, "99": 0.49999999999992883}, "2": {"0": 0.4999999999999476, "1": 0.9743628154405379, "2": 0.4999999999999576, "3": 0.49999999999994593, "4": 0.4999999999999295, "5": 0.49999999999994993, "6": 0.4999999999999437, "7": 0.4999999999999316, "8": 0.49999999999994055, "9": 0.4999999999999788, "10": 0.49999999999993494, "11": 0.4999999999999556, "12": 0.49999999999997846, "13": 0.4999999999999506, "14": 0.4999999999999776, "15": 0.49999999999993683, "16": 0.49999999999996697, "17": 0.4999999999999526, "18": 0.4999999999999519, "19": 0.4999999999999376, "20": 0.4999999999999538, "21": 0.4999999999999713, "22": 0.49999999999996275, "23": 0.49999999999996375, "24": 0.4999999999999609, "25": 0.4999999999999532, "26": 0.499999999999966, "27": 0.49999999999995376, "28": 0.4999999999999359, "29": 0.4999999999999669, "30": 0.4999999999999483, "31": 0.4999999999999628, "32": 0.4999999999999425, "33": 0.4999999999999474, "34": 0.4999999999999779, "35": 0.49999999999994155, "36": 0.4999999999999649, "37": 0.4999999999999532, "38": 0.4999999999999628, "39": 0.4999999999999401, "40": 0.49999999999996514, "41": 0.4999999999999428, "42": 0.4999999999999763, "43": 0.4999999999999617, "44": 0.49999999999996664, "45": 0.49999999999995315, "46": 0.4999999999999519, "47": 0.499999999999971, "48": 0.49999999999996436, "49": 0.4999999999999667, "50": 0.49999999999996264, "51": 0.49999999999994693, "52": 0.4999999999999566, "53": 0.4999999999999359, "54": 0.9743628154405379, "55": 0.49999999999998085, "56": 0.49999999999993494, "57": 0.49999999999997347, "58": 0.4999999999999758, "59": 0.4999999999999506, "60": 0.4999999999999669, "61": 0.4999999999999546, "62": 0.4999999999999737, "63": 0.4999999999999495, "64": 0.49999999999996103, "65": 0.4999999999999814, "66": 0.49999999999997, "67": 0.49999999999997596, "68": 0.499999999999938, "69": 0.4999999999999696, "70": 0.49999999999995537, "71": 0.49999999999997363, "72": 0.499999999999967, "73": 0.4999999999999822, "74": 0.49999999999995537, "75": 0.49999999999995265, "76": 0.08412667355968156, "77": 0.49999999999997347, "78": 0.49999999999996514, "79": 0.08412667355968156, "80": 0.4999999999999401, "81": 0.499999999999976, "82": 0.499999999999967, "83": 0.4999999999999568, "84": 0.49999999999995737, "85": 0.4999999999999568, "86": 0.9743628154405379, "87": 0.49999999999993683, "88": 0.4999999999999468, "89": 0.4999999999999759, "90": 0.4999999999999734, "91": 0.4999999999999672, "92": 0.49999999999995376, "93": 0.49999999999997186, "94": 0.4999999999999777, "95": 0.4999999999999805, "96": 0.49999999999995265, "97": 0.49999999999996664, "98": 0.4999999999999425, "99": 0.49999999999994993}, "3": {"0": 0.5000000000000355, "1": 0.5000000000000422, "2": 0.5000000000000361,