{"0": {"0": 0.49999999999990197, "1": 0.4999999999998928, "2": 0.4999999999999498, "3": 0.49999999999986766, "4": 0.9732173960439909, "5": 0.4999999999999416, "6": 0.9271264348531407, "7": 0.0580234720275118, "8": 0.49999999999992384, "9": 0.499999999999848, "10": 0.4999999999998569, "11": 0.4999999999999213, "12": 0.4999999999999422, "13": 0.49999999999992584, "14": 0.032281302541674196, "15": 0.49999999999991374, "16": 0.49999999999990935, "17": 0.032281302541674196, "18": 0.49999999999987527, "19": 0.905415129802132, "20": 0.4999999999998762, "21": 0.4999999999999133, "22": 0.9687348548192585, "23": 0.499999999999938, "24": 0.04510138985719372, "25": 0.4999999999999513, "26": 0.49999999999986927, "27": 0.49999999999985945, "28": 0.49999999999991995, "29": 0.49999999999989286, "30": 0.0580234720275118, "31": 0.9687348548192585, "32": 0.499999999999924, "33": 0.4999999999999592, "34": 0.49999999999991435, "35": 0.49999999999996103, "36": 0.4999999999998936, "37": 0.49999999999995626, "38": 0.4999999999999083, "39": 0.49999999999992684, "40": 0.49999999999989664, "41": 0.49999999999994504, "42": 0.4999999999999051, "43": 0.4999999999999388, "44": 0.04510138985719372, "45": 0.4999999999998634, "46": 0.49999999999991435, "47": 0.4999999999998634, "48": 0.4999999999998869, "49": 0.4999999999999134, "50": 0.054294927144440196, "51": 0.054294927144440196, "52": 0.4999999999998762, "53": 0.49999999999989697, "54": 0.4999999999999597, "55": 0.4999999999998832, "56": 0.4999999999998681, "57": 0.4999999999999554, "58": 0.4999999999999134, "59": 0.49999999999986455, "60": 0.49999999999988226, "61": 0.49999999999993977, "62": 0.49999999999989886, "63": 0.9036370723098135, "64": 0.49999999999989797, "65": 0.4999999999998651, "66": 0.4999999999999394, "67": 0.4999999999999193, "68": 0.49999999999992784, "69": 0.4999999999999547, "70": 0.9271264348531407, "71": 0.4999999999999365, "72": 0.49999999999992584, "73": 0.4999999999999708, "74": 0.4999999999999614, "75": 0.048989867986978373, "76": 0.49999999999996064, "77": 0.49999999999990374, "78": 0.49999999999990447, "79": 0.4999999999999032, "80": 0.905415129802132, "81": 0.49999999999989797, "82": 0.49999999999991845, "83": 0.499999999999938, "84": 0.4999999999998832, "85": 0.4999999999999193, "86": 0.4999999999999697, "87": 0.49999999999996, "88": 0.49999999999992384, "89": 0.9036370723098135, "90": 0.49999999999992845, "91": 0.9732173960439909, "92": 0.49999999999995187, "93": 0.4999999999999376, "94": 0.4999999999998651, "95": 0.49999999999994943, "96": 0.4999999999999032, "97": 0.048989867986978373, "98": 0.49999999999990935, "99": 0.49999999999991845}, "1": {"0": 0.5000000000000033, "1": 0.04595362851959167, "2": 0.5000000000000019, "3": 0.5000000000000031, "4": 0.5000000000000022, "5": 0.5000000000000033, "6": 0.5000000000000046, "7": 0.5000000000000046, "8": 0.5000000000000047, "9": 0.5000000000000038, "10": 0.5000000000000033, "11": 0.5000000000000029, "12": 0.011893681226358671, "13": 0.5000000000000042, "14": 0.9947833892686646, "15": 0.5000000000000022, "16": 0.5000000000000036, "17": 0.500000000000004, "18": 0.5000000000000041, "19": 0.5000000000000031, "20": 0.5000000000000026, "21": 0.500000000000004, "22": 0.5000000000000036, "23": 0.5000000000000041, "24": 0.5000000000000033, "25": 0.0865629596599239, "26": 0.5000000000000027, "27": 0.5000000000000032, "28": 0.5000000000000017, "29": 0.5000000000000017, "30": 0.5000000000000034, "31": 0.5000000000000029, "32": 0.5000000000000024, "33": 0.5000000000000029, "34": 0.5000000000000033, "35": 0.500000000000002, "36": 0.5000000000000039, "37": 0.5000000000000017, "38": 0.5000000000000027, "39": 0.5000000000000033, "40": 0.5000000000000042, "41": 0.5000000000000022, "42": 0.5000000000000027, "43": 0.500000000000002, "44": 0.9128619193311748, "45": 0.5000000000000046, "46": 0.5000000000000028, "47": 0.5000000000000016, "48": 0.5000000000000017, "49": 0.04595362851959167, "50": 0.5000000000000014, "51": 0.5000000000000027, "52": 0.0865629596599239, "53": 0.5000000000000046, "54": 0.5000000000000017, "55": 0.5000000000000023, "56": 0.5000000000000016, "57": 0.5000000000000013, "58": 0.500000000000002, "59": 0.5000000000000012, "60": 0.500000000000002, "61": 0.9128619193311748, "62": 0.5000000000000027, "63": 0.5000000000000018, "64": 0.5000000000000024, "65": 0.938178564544606, "66": 0.5000000000000017, "67": 0.5000000000000012, "68": 0.5000000000000022, "69": 0.5000000000000027, "70": 0.5000000000000027, "71": 0.5000000000000014, "72": 0.5000000000000038, "73": 0.500000000000002, "74": 0.5000000000000013, "75": 0.5000000000000011, "76": 0.5000000000000026, "77": 0.500000000000002, "78": 0.5000000000000036, "79": 0.5000000000000024, "80": 0.5000000000000011, "81": 0.500000000000003, "82": 0.5000000000000032, "83": 0.5000000000000022, "84": 0.5000000000000038, "85": 0.5000000000000032, "86": 0.04595362851959167, "87": 0.5000000000000014, "88": 0.5000000000000017, "89": 0.938178564544606, "90": 0.500000000000002, "91": 0.011893681226358671, "92": 0.9521104665979663, "93": 0.9521104665979663, "94": 0.5000000000000032, "95": 0.5000000000000013, "96": 0.5000000000000012, "97": 0.5000000000000019, "98": 0.9947833892686646, "99": 0.5000000000000031}, "2": {"0": 0.4999999999999913, "1": 0.49999999999998856, "2": 0.9382161987104227, "3": 0.4999999999999837, "4": 0.4999999999999755, "5": 0.9249417217223344, "6": 0.4999999999999835, "7": 0.019414548920376744, "8": 0.4999999999999754, "9": 0.08660988127737436, "10": 0.49999999999998307, "11": 0.4999999999999925, "12": 0.49999999999998124, "13": 0.07407105711754339, "14": 0.49999999999998557, "15": 0.4999999999999809, "16": 0.49999999999998884, "17": 0.4999999999999846, "18": 0.49999999999998895, "19": 0.499999999999982, "20": 0.49999999999997674, "21": 0.08660988127737436, "22": 0.4999999999999756, "23": 0.9790724027937653, "24": 0.4999999999999883, "25": 0.9404247907693183, "26": 0.49999999999998673, "27": 0.4999999999999827, "28": 0.4999999999999881, "29": 0.4999999999999871, "30": 0.4999999999999881, "31": 0.4999999999999836, "32": 0.9894519687950194, "33": 0.49999999999998757, "34": 0.4999999999999813, "35": 0.9894519687950194, "36": 0.4999999999999907, "37": 0.49999999999999023, "38": 0.4999999999999878, "39": 0.49999999999998507, "40": 0.4999999999999886, "41": 0.4999999999999792, "42": 0.49999999999998435, "43": 0.49999999999998673, "44": 0.499999999999984, "45": 0.4999999999999837, "46": 0.49999999999999445, "47": 0.07407105711754339, "48": 0.499999999999992, "49": 0.49999999999998757, "50": 0.4999999999999819, "51": 0.49999999999998845, "52": 0.4999999999999871, "53": 0.49999999999999145, "54": 0.9404247907693183, "55": 0.9894519687950194, "56": 0.4999999999999906, "57": 0.4999999999999907, "58": 0.49999999999998646, "59": 0.499999999999979, "60": 0.4999999999999867, "61": 0.49999999999999095, "62": 0.49999999999998107, "63": 0.49999999999998557, "64": 0.4999999999999859, "65": 0.49999999999999356, "66": 0.499999999999991, "67": 0.49999999999999345, "68": 0.49999999999998307, "69": 0.4999999999999879, "70": 0.009432300871806132, "71": 0.4999999999999913, "72": 0.49999999999999406, "73": 0.9249417217223344, "74": 0.49999999999999156, "75": 0.49999999999997674, "76": 0.019414548920376744, "77": 0.4999999999999879, "78": 0.4999999999999878, "79": 0.49999999999999134, "80": 0.49999999999998757, "81": 0.49999999999998307, "82": 0.4999999999999934, "83": 0.49999999999999634, "84": 0.49999999999999345, "85": 0.49999999999999567, "86": 0.49999999999999234, "87": 0.019414548920376744, "88": 0.499999999999984, "89": 0.49999999999999034, "90": 0.49999999999999295, "91": 0.49999999999999567, "92": 0.9790724027937653, "93": 0.4999999999999883, "94": 0.49999999999999534, "95": 0.49999999999999356, "96": 0.9382161987104227, "97": 0.4999999999999967, "98": 0.49999999999998757, "99": 0.009432300871806132}, "3": {"0": 0.4999999999999465, "1": 0.4999999999999426, "2": 0.4999999999999617, "3": 0.4999999999999616,