{"0": {"0": 0.33055854345497204, "1": 0.33055854345497204, "2": 0.7358556539670797, "3": 0.7358556539670797, "4": 0.7358556539670797, "5": 0.33055854345497204, "6": 0.33055854345497204, "7": 0.33055854345497204, "8": 0.33055854345497204, "9": 0.33055854345497204, "10": 0.33055854345497204, "11": 0.7358556539670797, "12": 0.7358556539670797, "13": 0.33055854345497204, "14": 0.33055854345497204, "15": 0.7358556539670797, "16": 0.33055854345497204, "17": 0.33055854345497204, "18": 0.33055854345497204, "19": 0.7358556539670797, "20": 0.7358556539670797, "21": 0.7358556539670797, "22": 0.33055854345497204, "23": 0.7358556539670797, "24": 0.33055854345497204, "25": 0.7358556539670797, "26": 0.7358556539670797, "27": 0.7358556539670797, "28": 0.7358556539670797, "29": 0.7358556539670797, "30": 0.33055854345497204, "31": 0.33055854345497204, "32": 0.7358556539670797, "33": 0.33055854345497204, "34": 0.33055854345497204, "35": 0.33055854345497204, "36": 0.33055854345497204, "37": 0.7358556539670797, "38": 0.7358556539670797, "39": 0.33055854345497204, "40": 0.33055854345497204, "41": 0.33055854345497204, "42": 0.7358556539670797, "43": 0.33055854345497204, "44": 0.33055854345497204, "45": 0.7358556539670797, "46": 0.33055854345497204, "47": 0.33055854345497204, "48": 0.7358556539670797, "49": 0.7358556539670797, "50": 0.33055854345497204, "51": 0.33055854345497204, "52": 0.33055854345497204, "53": 0.7358556539670797, "54": 0.7358556539670797, "55": 0.7358556539670797, "56": 0.33055854345497204, "57": 0.33055854345497204, "58": 0.33055854345497204, "59": 0.33055854345497204, "60": 0.33055854345497204, "61": 0.33055854345497204, "62": 0.33055854345497204, "63": 0.33055854345497204, "64": 0.33055854345497204, "65": 0.33055854345497204, "66": 0.33055854345497204, "67": 0.33055854345497204, "68": 0.33055854345497204, "69": 0.33055854345497204, "70": 0.33055854345497204, "71": 0.33055854345497204, "72": 0.33055854345497204, "73": 0.7358556539670797, "74": 0.7358556539670797, "75": 0.7358556539670797, "76": 0.33055854345497204, "77": 0.33055854345497204, "78": 0.33055854345497204, "79": 0.33055854345497204, "80": 0.7358556539670797, "81": 0.33055854345497204, "82": 0.33055854345497204, "83": 0.7358556539670797, "84": 0.7358556539670797, "85": 0.7358556539670797, "86": 0.33055854345497204, "87": 0.33055854345497204, "88": 0.7358556539670797, "89": 0.33055854345497204, "90": 0.33055854345497204, "91": 0.33055854345497204, "92": 0.33055854345497204, "93": 0.7358556539670797, "94": 0.7358556539670797, "95": 0.7358556539670797, "96": 0.7358556539670797, "97": 0.7358556539670797, "98": 0.33055854345497204, "99": 0.7358556539670797}, "1": {"0": 0.48794794152286436, "1": 0.48794794152286436, "2": 0.48794794152286436, "3": 0.48794794152286436, "4": 0.48794794152286436, "5": 0.48794794152286436, "6": 0.48794794152286436, "7": 0.48794794152286436, "8": 0.48794794152286436, "9": 0.48794794152286436, "10": 0.48794794152286436, "11": 0.48794794152286436, "12": 0.48794794152286436, "13": 0.48794794152286436, "14": 0.48794794152286436, "15": 0.48794794152286436, "16": 0.48794794152286436, "17": 0.48794794152286436, "18": 0.48794794152286436, "19": 0.48794794152286436, "20": 0.48794794152286436, "21": 0.48794794152286436, "22": 0.48794794152286436, "23": 0.48794794152286436, "24": 0.48794794152286436, "25": 0.48794794152286436, "26": 0.48794794152286436, "27": 0.48794794152286436, "28": 0.48794794152286436, "29": 0.48794794152286436, "30": 0.48794794152286436, "31": 0.48794794152286436, "32": 0.48794794152286436, "33": 0.48794794152286436, "34": 0.48794794152286436, "35": 0.48794794152286436, "36": 0.48794794152286436, "37": 0.48794794152286436, "38": 0.48794794152286436, "39": 0.48794794152286436, "40": 0.48794794152286436, "41": 0.48794794152286436, "42": 0.48794794152286436, "43": 0.48794794152286436, "44": 0.48794794152286436, "45": 0.48794794152286436, "46": 0.48794794152286436, "47": 0.48794794152286436, "48": 0.48794794152286436, "49": 0.48794794152286436, "50": 0.48794794152286436, "51": 0.48794794152286436, "52": 0.48794794152286436, "53": 0.48794794152286436, "54": 0.48794794152286436, "55": 0.48794794152286436, "56": 0.48794794152286436, "57": 0.48794794152286436, "58": 0.48794794152286436, "59": 0.48794794152286436, "60": 0.48794794152286436, "61": 0.48794794152286436, "62": 0.48794794152286436, "63": 0.48794794152286436, "64": 0.48794794152286436, "65": 0.48794794152286436, "66": 0.48794794152286436, "67": 0.48794794152286436, "68": 0.48794794152286436, "69": 0.48794794152286436, "70": 0.48794794152286436, "71": 0.48794794152286436, "72": 0.48794794152286436, "73": 0.48794794152286436, "74": 0.48794794152286436, "75": 0.48794794152286436, "76": 0.48794794152286436, "77": 0.48794794152286436, "78": 0.48794794152286436, "79": 0.48794794152286436, "80": 0.48794794152286436, "81": 0.48794794152286436, "82": 0.48794794152286436, "83": 0.48794794152286436, "84": 0.48794794152286436, "85": 0.48794794152286436, "86": 0.48794794152286436, "87": 0.48794794152286436, "88": 0.48794794152286436, "89": 0.48794794152286436, "90": 0.48794794152286436, "91": 0.48794794152286436, "92": 0.48794794152286436, "93": 0.48794794152286436, "94": 0.48794794152286436, "95": 0.48794794152286436, "96": 0.48794794152286436, "97": 0.48794794152286436, "98": 0.48794794152286436, "99": 0.48794794152286436}, "2": {"0": 0.7008823135404183, "1": 0.7008823135404183, "2": 0.7008823135404183, "3": 0.24762135764827248, "4": 0.7008823135404183, "5": 0.7008823135404183, "6": 0.7008823135404183, "7": 0.24762135764827248, "8": 0.24762135764827248, "9": 0.24762135764827248, "10": 0.7008823135404183, "11": 0.24762135764827248, "12": 0.24762135764827248, "13": 0.7008823135404183, "14": 0.7008823135404183, "15": 0.24762135764827248, "16": 0.7008823135404183, "17": 0.24762135764827248, "18": 0.24762135764827248, "19": 0.24762135764827248, "20": 0.24762135764827248, "21": 0.24762135764827248, "22": 0.7008823135404183, "23": 0.7008823135404183, "24": 0.7008823135404183, "25": 0.24762135764827248, "26": 0.7008823135404183, "27": 0.24762135764827248, "28": 0.24762135764827248, "29": 0.7008823135404183, "30": 0.24762135764827248, "31": 0.24762135764827248, "32": 0.7008823135404183, "33": 0.7008823135404183, "34": 0.7008823135404183, "35": 0.24762135764827248, "36": 0.7008823135404183, "37": 0.7008823135404183, "38": 0.7008823135404183, "39": 0.7008823135404183, "40": 0.24762135764827248, "41": 0.24762135764827248, "42": 0.24762135764827248, "43": 0.7008823135404183, "44": 0.7008823135404183, "45": 0.7008823135404183, "46": 0.24762135764827248, "47": 0.24762135764827248, "48": 0.7008823135404183, "49": 0.24762135764827248, "50": 0.24762135764827248, "51": 0.24762135764827248, "52": 0.7008823135404183, "53": 0.7008823135404183, "54": 0.7008823135404183, "55": 0.24762135764827248, "56": 0.24762135764827248, "57": 0.7008823135404183, "58": 0.24762135764827248, "59": 0.24762135764827248, "60": 0.24762135764827248, "61": 0.24762135764827248, "62": 0.24762135764827248, "63": 0.24762135764827248, "64": 0.24762135764827248, "65": 0.7008823135404183, "66": 0.7008823135404183, "67": 0.24762135764827248, "68": 0.7008823135404183, "69": 0.7008823135404183, "70": 0.7008823135404183, "71": 0.24762135764827248, "72": 0.7008823135404183, "73": 0.7008823135404183, "74": 0.7008823135404183, "75": 0.7008823135404183, "76": 0.24762135764827248, "77": 0.7008823135404183, "78": 0.7008823135404183, "79": 0.7008823135404183, "80": 0.7008823135404183, "81": 0.7008823135404183, "82": 0.24762135764827248, "83": 0.24762135764827248, "84": 0.24762135764827248, "85": 0.7008823135404183, "86": 0.24762135764827248, "87": 0.24762135764827248, "88": 0.7008823135404183, "89": 0.24762135764827248, "90": 0.24762135764827248, "91": 0.7008823135404183, "92": 0.7008823135404183, "93": 0.24762135764827248, "94": 0.24762135764827248, "95": 0.24762135764827248, "96": 0.7008823135404183, "97": 0.24762135764827248, "98": 0.7008823135404183,