{"0": {"0": 0.4999635776690892, "1": 0.4999543832656676, "2": 0.49993309024708654, "3": 0.05004054266507789, "4": 0.9497009714876696, "5": 0.05007081474582503, "6": 0.0500400888005412, "7": 0.9498283112154876, "8": 0.49991719510806043, "9": 0.050037825232778395, "10": 0.9498797655796025, "11": 0.0500400888005412, "12": 0.4999433026742768, "13": 0.949693706110356, "14": 0.4999377300982715, "15": 0.9498219396766441, "16": 0.4999750949863052, "17": 0.9497761724827559, "18": 0.49993656990116964, "19": 0.4999567810289917, "20": 0.4999390591049193, "21": 0.4999674615835692, "22": 0.9499125325911735, "23": 0.050081085330155775, "24": 0.9497689086640737, "25": 0.9499169215257177, "26": 0.49995328223299085, "27": 0.4999326224607619, "28": 0.49994029403274554, "29": 0.9498219926012643, "30": 0.4999372038949619, "31": 0.4999675053610624, "32": 0.49993850115103244, "33": 0.05001947154257652, "34": 0.05006999192342637, "35": 0.949873350926576, "36": 0.05007077622230155, "37": 0.9497644424195548, "38": 0.4999299224011377, "39": 0.05007081474582503, "40": 0.49994717966353963, "41": 0.9498839296309467, "42": 0.4999428558708998, "43": 0.050037825232778395, "44": 0.9497124990058214, "45": 0.4999353155978782, "46": 0.05006110951860805, "47": 0.4999431797583663, "48": 0.49996508319006605, "49": 0.49993214880323544, "50": 0.949873350926576, "51": 0.49994029403274554, "52": 0.05001609636029904, "53": 0.4999512102320211, "54": 0.050100597648175926, "55": 0.05007710230400925, "56": 0.9497824351258404, "57": 0.4999756051160106, "58": 0.49994734374368216, "59": 0.05007710230400925, "60": 0.4999519855023435, "61": 0.49995248394471403, "62": 0.9498517840485032, "63": 0.49995248394471403, "64": 0.4999543832656676, "65": 0.49995290176503404, "66": 0.49995290176503404, "67": 0.9497881433198972, "68": 0.9498517840485032, "69": 0.49993028391577343, "70": 0.49994717966353963, "71": 0.4999431797583663, "72": 0.9498921516420932, "73": 0.9498338430514356, "74": 0.49992862334823196, "75": 0.49993214880323544, "76": 0.9498219396766441, "77": 0.05001609636029904, "78": 0.49994140525437347, "79": 0.9498469985680316, "80": 0.499942059320441, "81": 0.9498444644374069, "82": 0.9498241976942036, "83": 0.4999372038949619, "84": 0.49994734374368216, "85": 0.050046969955557206, "86": 0.499972326916291, "87": 0.4999750949863052, "88": 0.4999777139130131, "89": 0.05003094068778059, "90": 0.9499165014130473, "91": 0.9498936848348802, "92": 0.05003091181548865, "93": 0.9498444644374069, "94": 0.4999686286186057, "95": 0.9497824351258404, "96": 0.4999326224607619, "97": 0.4999605285780896, "98": 0.4999674615835692, "99": 0.4999428558708998}, "1": {"0": 0.4999847250158098, "1": 0.9499282877645904, "2": 0.9499111903013202, "3": 0.49998565525912175, "4": 0.49997341639941684, "5": 0.9499135762202223, "6": 0.9499111903013202, "7": 0.05009372973940079, "8": 0.050086050088015185, "9": 0.49997582983235656, "10": 0.9498999098366436, "11": 0.9499025216200037, "12": 0.9499335835678306, "13": 0.49999135050495735, "14": 0.49997718455075524, "15": 0.9499598964795363, "16": 0.4999745796184181, "17": 0.05017933895479641, "18": 0.9498389837172988, "19": 0.9499152203171524, "20": 0.9499249061965023, "21": 0.49998070075466194, "22": 0.9499137361701289, "23": 0.4999745707899198, "24": 0.49997410820430405, "25": 0.9499082648297141, "26": 0.4999717212185007, "27": 0.4999745144682403, "28": 0.9499509164911157, "29": 0.050126818321341984, "30": 0.9498944415668262, "31": 0.4999808935962159, "32": 0.4999826275276254, "33": 0.949899468635867, "34": 0.05009283337952718, "35": 0.9499285127245406, "36": 0.4999827899586138, "37": 0.050086050088015185, "38": 0.4999756452378159, "39": 0.9499568680850644, "40": 0.05017933895479641, "41": 0.4999915762476639, "42": 0.4999861591652967, "43": 0.05005483506381403, "44": 0.4999784560217375, "45": 0.49998315249532777, "46": 0.4999741868661229, "47": 0.9499024107539985, "48": 0.49997677984162464, "49": 0.949899468635867, "50": 0.49999006511356914, "51": 0.4999827899586138, "52": 0.4999757389287597, "53": 0.4999783678659647, "54": 0.4999787104193658, "55": 0.4999757389287597, "56": 0.05010721622934775, "57": 0.9498814620740668, "58": 0.4999803601511382, "59": 0.4999784560217375, "60": 0.9499543979006285, "61": 0.4999803601511382, "62": 0.49998185449434696, "63": 0.0500959413659621, "64": 0.05007952065172498, "65": 0.9498968286546983, "66": 0.49998299364155435, "67": 0.05010047298437427, "68": 0.05008994366180046, "69": 0.05014598598229285, "70": 0.050126818321341984, "71": 0.9499152203171524, "72": 0.05009792428553371, "73": 0.49998059201433465, "74": 0.9498389837172988, "75": 0.4999834794543351, "76": 0.9499012612805968, "77": 0.4999787104193658, "78": 0.4999808935962159, "79": 0.05011072728133331, "80": 0.0501201462939527, "81": 0.9499135762202223, "82": 0.4999741868661229, "83": 0.49998456979048944, "84": 0.4999883046063832, "85": 0.4999783678659647, "86": 0.49998299364155435, "87": 0.9499019707361351, "88": 0.9499728468078519, "89": 0.9499024107539985, "90": 0.05009283337952718, "91": 0.9499462175691222, "92": 0.9499209495665389, "93": 0.4999879149161783, "94": 0.49998185449434696, "95": 0.05004797068298105, "96": 0.9499082648297141, "97": 0.49997637997862593, "98": 0.9499282877645904, "99": 0.9499333411119337}, "2": {"0": 0.9498661577347538, "1": 0.5000130597110459, "2": 0.050179323515671004, "3": 0.5000141303936997, "4": 0.5000120755809565, "5": 0.9499277221304196, "6": 0.9498852305672127, "7": 0.050213775049003116, "8": 0.5000127167125873, "9": 0.9499238774095393, "10": 0.9499124406406605, "11": 0.5000100892102957, "12": 0.05024129448465023, "13": 0.500008044679538, "14": 0.9498852305672127, "15": 0.9499274531785116, "16": 0.9499638610652098, "17": 0.050112158092477356, "18": 0.05026928242331591, "19": 0.050213775049003116, "20": 0.0502576140789648, "21": 0.500008996963806, "22": 0.500023732948055, "23": 0.5000182721865869, "24": 0.05031093953219723, "25": 0.5000109208007681, "26": 0.5000091110395259, "27": 0.5000160279131292, "28": 0.050213936004959506, "29": 0.500013243461936, "30": 0.9499557398920264, "31": 0.0502507608066821, "32": 0.9499274531785116, "33": 0.9499238774095393, "34": 0.050213775049003116, "35": 0.9499265987098507, "36": 0.9499397501479886, "37": 0.5000111350415064, "38": 0.05019148565597696, "39": 0.05029660210878682, "40": 0.05024711421281415, "41": 0.050220262228688355, "42": 0.5000192995726332, "43": 0.9499170649909761, "44": 0.05026346040769504, "45": 0.9498882297806549, "46": 0.5000049746240369, "47": 0.05026129983980801, "48": 0.05026346040769504, "49": 0.05026129983980801, "50": 0.050270231880308006, "51": 0.5000130597110459, "52": 0.5000154887901693, "53": 0.5000127167125873, "54": 0.9499147959239671, "55": 0.050120647242325116, "56": 0.050223984678525437, "57": 0.0501771112032369, "58": 0.5000060883060164, "59": 0.5000160256144621, "60": 0.050220262228688355, "61": 0.9499114797840529, "62": 0.050242789979563725, "63": 0.9498912912695545, "64": 0.050179323515671004, "65": 0.05022227606195906, "66": 0.9499406483368722, "67": 0.5000124166244269, "68": 0.050242752062703795, "69": 0.9499670893666345, "70": 0.05013700543147026, "71": 0.5000112777767577, "72": 0.05006850271573513, "73": 0.5000062083122134, "74": 0.050215272245099585, "75": 0.5000137291175435, "76": 0.050136219089182935, "77": 0.9499170649909761, "78": 0.5000049040002388, "79": 0.5000061850024244, "80": 0.5000069500937798, "81": 0.5000141303936997, "82": 0.05022227606195906, "83": 0.500008996963806, "84": 0.9499762789460708, "85": 0.94990527798183, "86": 0.050142256456375586, "87": 0.0502576140789648, "88": 0.5000135580475272, "89": 0.9499428994952538, "90": 0.9499144303385914, "91": 0.9499053887814046, "92": 0.050213775049003116, "93": 0.9499144303385914, "94": 0.9499408833866745, "95": 0.05022416446447629, "96": 0.500006621730968, "97": 0.9499124406406605, "98": 0.5000080139565646, "99": 0.05017834801825236}, "3": {"0": 0.050067744033512024, "1": 0.5000163821319705, "2": 0.050047964948955664,