{"0": {"0": 1.6150984093395237e-10, "1": 0.6598758159155955, "2": 0.4262822134106636, "3": 1.2940603725112526e-10, "4": 8.107119328005048e-11, "5": 0.8122846089885906, "6": 0.9375707216250571, "7": 1.2855619735872545e-10, "8": 0.4263443109261397, "9": 0.2164151605678147, "10": 0.8324136002797387, "11": 0.625997547850563, "12": 0.2975821161740201, "13": 0.6598758159155955, "14": 0.7299244259026199, "15": 0.4018499516537345, "16": 0.4132207354935197, "17": 0.2739671027630761, "18": 0.2977749192067952, "19": 0.7789920278997211, "20": 0.5132014662054476, "21": 0.9454305925975165, "22": 1.1370839787841163e-10, "23": 0.2164151605678147, "24": 0.3568184119488986, "25": 1.481417118050229e-10, "26": 0.9375707216250571, "27": 0.9518987861400368, "28": 0.3568184119488986, "29": 0.430871206697229, "30": 4.849165376759619e-11, "31": 0.5486231872866671, "32": 0.5909329348975829, "33": 0.8324136002797387, "34": 0.8324136002797387, "35": 0.7937230915169918, "36": 1.238232132507919e-10, "37": 0.7666595167405375, "38": 0.2612879669750081, "39": 0.8092061929866594, "40": 0.2739671027630761, "41": 0.42624032075258733, "42": 0.9502410714969837, "43": 0.9502410714969837, "44": 0.37462751193045535, "45": 0.5285970224157621, "46": 0.9129868363580512, "47": 0.7299244259026199, "48": 8.55239380786248e-11, "49": 1.3043348822163088e-10, "50": 6.427809867936272e-11, "51": 8.361104410131108e-11, "52": 0.2612879669750081, "53": 0.4018499516537345, "54": 0.5896226141934751, "55": 4.053559664002524e-11, "56": 0.3440816355307651, "57": 0.430871206697229, "58": 0.625997547850563, "59": 0.8956145078308682, "60": 0.5896223588762336, "61": 0.8092061929866594, "62": 0.7789920278997211, "63": 0.29738931314124495, "64": 0.6509120102149364, "65": 0.7789920278997211, "66": 1.2729032207755221e-10, "67": 0.9454305925975165, "68": 1.0502712793438149e-10, "69": 0.5916422151638673, "70": 0.7666595167405375, "71": 0.7299244259026199, "72": 0.5916422491605164, "73": 0.2975821161740201, "74": 0.6509120102149364, "75": 0.9518987861400368, "76": 0.5132014662054476, "77": 0.5909329348975829, "78": 0.5285970224157621, "79": 0.7937230915169918, "80": 0.5916422491605164, "81": 0.8122846089885906, "82": 0.7789920278997211, "83": 0.5486231872866671, "84": 0.7789920278997211, "85": 0.37462751193045535, "86": 1.2729032207755221e-10, "87": 0.8824175380991051, "88": 0.3440816355307651, "89": 5.6854198939205815e-11, "90": 0.2739671027630761, "91": 0.5896223588762336, "92": 0.4132207354935197, "93": 0.9129868363580512, "94": 0.8956145078308682, "95": 4.180552205065554e-11, "96": 0.8824175380991051, "97": 5.2513563967190744e-11, "98": 8.55239380786248e-11, "99": 0.4263443109261397}, "1": {"0": 0.5346586618442353, "1": 0.28936077149729267, "2": 4.68963841490849e-11, "3": 0.5359568620661459, "4": 0.49040589075598473, "5": 0.5517249893289363, "6": 0.5348190471640745, "7": 0.5124473606875397, "8": 0.5367663474466806, "9": 0.6196485146239559, "10": 0.8857808887686472, "11": 0.7756190504559233, "12": 0.6084716671113979, "13": 4.751910470891353e-11, "14": 0.9313326215103236, "15": 0.23222410498479246, "16": 7.842279533729432e-11, "17": 0.932957427902268, "18": 0.5371544261163135, "19": 0.5278891312860853, "20": 0.5177130112408624, "21": 0.7118303610037029, "22": 0.8491155676949053, "23": 8.999472800641439e-11, "24": 0.6084716671113979, "25": 0.5348190471640745, "26": 4.505016219549874e-11, "27": 0.8676018363307575, "28": 8.202581131823272e-11, "29": 0.9316223753768741, "30": 7.223340400050338e-11, "31": 0.23222410498479246, "32": 0.5784835511284587, "33": 0.6294805784616766, "34": 8.755483332887145e-11, "35": 0.7118303610037053, "36": 0.6292673008956757, "37": 0.8676018363307575, "38": 7.980322898540442e-11, "39": 0.7756190504488024, "40": 0.9411563182975815, "41": 0.2388217927913231, "42": 0.49040589075598473, "43": 6.267997348074723e-11, "44": 0.25379255880147267, "45": 0.5453193431536293, "46": 0.5367663474466806, "47": 0.5228688681056785, "48": 0.2388217927913231, "49": 0.4333310105191428, "50": 0.5626983152251077, "51": 0.4941359633016743, "52": 0.5371544261163135, "53": 0.3897689605574277, "54": 0.5228688681056785, "55": 8.167341997634173e-11, "56": 0.6196485146239559, "57": 0.5453193431536293, "58": 0.25379255880147267, "59": 0.8857808887686472, "60": 0.5177130112408624, "61": 0.6294745847540855, "62": 0.6294745847540855, "63": 0.5124473606874844, "64": 0.38976896273322414, "65": 0.6097942903535716, "66": 0.23222410498479246, "67": 0.5514049423297042, "68": 0.5517249893289363, "69": 0.5784835511284587, "70": 0.7756190504488024, "71": 0.9267105843267542, "72": 0.4442938790195765, "73": 0.932957427902268, "74": 0.9316223753768741, "75": 0.8491155676949053, "76": 0.49477096168489265, "77": 0.49477096168489265, "78": 5.550151270170695e-11, "79": 0.28936077149729267, "80": 0.9267105843267542, "81": 0.5278891312860853, "82": 0.3897689605574277, "83": 0.25495495679485525, "84": 0.6097942903535716, "85": 0.25495495679485525, "86": 0.4333310105191428, "87": 5.550151270170695e-11, "88": 0.9411563182975815, "89": 3.955018802073186e-11, "90": 0.5514049423297042, "91": 0.4442938790195765, "92": 7.980322898540442e-11, "93": 0.6292673008956757, "94": 0.4941359633016743, "95": 0.5124473606874844, "96": 0.5626983152251077, "97": 8.202581131823272e-11, "98": 0.7118303610037029, "99": 3.1339986740373613e-11}, "2": {"0": 0.5602003719268663, "1": 0.7893155132628076, "2": 0.23104260063995824, "3": 0.6058331108902137, "4": 2.471458626347368e-10, "5": 0.7999510835428847, "6": 0.25664467649536504, "7": 0.6058331108902137, "8": 0.4458351899692262, "9": 0.2417159970643054, "10": 0.49947094229737543, "11": 0.861133085502533, "12": 1.579746215966073e-10, "13": 0.5366957193785967, "14": 0.8540971468366728, "15": 0.4052948063060797, "16": 0.855880035497218, "17": 0.7226840490417517, "18": 0.5547889244032334, "19": 0.4458351899692262, "20": 0.2417159970643054, "21": 0.8423295697324117, "22": 0.25664467649536504, "23": 0.6607332964912256, "24": 0.47896424062498016, "25": 2.70715435892388e-10, "26": 0.5366957193784843, "27": 1.7000476552171063e-10, "28": 0.30560742436538346, "29": 1.421846141723492e-10, "30": 0.7544190993773301, "31": 0.7378925249725109, "32": 0.5366957193786306, "33": 0.46824202756240296, "34": 2.3862182971234e-10, "35": 0.5366957193784572, "36": 3.047134762260675e-10, "37": 0.8695302516422534, "38": 0.5803110176467235, "39": 0.8423293426308076, "40": 0.5602003719268663, "41": 0.23104260063995824, "42": 0.4304310034209958, "43": 0.4052948063060797, "44": 0.47896424062498016, "45": 0.30560742436538346, "46": 0.8553898008102425, "47": 0.8423283206735894, "48": 0.8695302516422398, "49": 0.2417159970643054, "50": 0.4304310034209958, "51": 0.31167963121970965, "52": 0.8582614431563877, "53": 0.5366957193782836, "54": 0.7999510835428847, "55": 2.549326860553615e-10, "56": 0.8558800400763344, "57": 0.7226840490417517, "58": 1.9740622216825133e-10, "59": 0.6607332964912256, "60": 0.855880035497218, "61": 2.2709105997629262e-10, "62": 0.46824202756240296, "63": 0.7987898777104239, "64": 0.8540971468366728, "65": 2.3862182971234e-10, "66": 0.5547889244032334, "67": 2.639752295407093e-10, "68": 0.7378925249725109, "69": 1.4751473753443232e-10, "70": 0.24918033677983523, "71": 0.8423283206735894, "72": 0.6501062606320023, "73": 1.4751473753443232e-10, "74": 0.8695302516422534, "75": 0.5232368037345672, "76": 0.6136394291156002, "77": 0.6501062606320023, "78": 0.7315281465955482, "79": 0.6136394291156002, "80": 0.6058331108902137, "81": 1.9740622216825133e-10, "82": 0.7893155132628076, "83": 0.8582614431563877, "84": 1.9403208250063225e-10, "85": 0.7987898777104239, "86": 2.627195094759862e-10, "87": 0.7315281465861492, "88": 0.7544190993773301, "89": 1.6764973583703636e-10, "90": 0.5366957193784572, "91": 0.24918033677983523, "92": 0.31167963121970965, "93": 0.49947094229737543, "94": 1.7000476552171063e-10, "95": 0.7315281465955482, "96": 1.2746634302768076e-10, "97": 0.5232368037345672, "98": 1.9403208250063225e-10,