{"0": {"0": 0.3432980949486991, "1": 0.3432980949486991, "2": 0.7606954987299865, "3": 0.3432980948291377, "4": 0.34329809508196973, "5": 0.34329809491097807, "6": 0.3432980948437976, "7": 0.7606954987310544, "8": 0.7606954987314589, "9": 0.760695498731276, "10": 0.7606954987312167, "11": 0.7606954987313029, "12": 0.7606954987312593, "13": 0.3432980947963763, "14": 0.7606954987313029, "15": 0.3432980952123177, "16": 0.34329809463723276, "17": 0.34329809503031833, "18": 0.0001700176933891237, "19": 0.7606954987312262, "20": 0.7606954987312704, "21": 0.3432980945938217, "22": 0.7606954987312827, "23": 0.7606954987311797, "24": 0.76069549873126, "25": 0.34329809468513406, "26": 0.00012513833781938461, "27": 0.7606954987313124, "28": 0.3432980947632175, "29": 0.760695498731276, "30": 0.34329809468513406, "31": 0.7606954987313018, "32": 0.00026124790544605444, "33": 0.34329809486928353, "34": 0.343298094381685, "35": 0.3432980948437976, "36": 0.3432980945938217, "37": 0.7606954987312858, "38": 0.00017765424302492122, "39": 0.00013780818891184787, "40": 0.7606954987309762, "41": 0.760695498731238, "42": 0.7606954987313534, "43": 0.3432980946965445, "44": 0.7606954987312216, "45": 0.7606954987312167, "46": 0.7606954987311463, "47": 0.34329809465003086, "48": 0.7606954987311888, "49": 0.7606954987312949, "50": 0.7606954987311448, "51": 0.7606954987312295, "52": 0.7606954987310248, "53": 0.7606954987309678, "54": 0.3432980951376714, "55": 0.3432980950573259, "56": 0.7606954987312029, "57": 0.7606954987311954, "58": 0.7606954987311797, "59": 0.3432980948834365, "60": 0.34329809469513917, "61": 0.34329809482874496, "62": 0.760695498731238, "63": 0.7606954987311991, "64": 0.34329809521218846, "65": 0.34329809454046023, "66": 0.7606954987310544, "67": 0.7606954987312984, "68": 0.3432980948291377, "69": 0.7606954987322799, "70": 0.343298094859443, "71": 0.34329809463723276, "72": 0.7606954987312262, "73": 0.0004382109374422971, "74": 0.34329809521218846, "75": 0.3432980947991265, "76": 0.7606954987311888, "77": 0.00016130469626984774, "78": 0.7606954987312858, "79": 0.3432980950573259, "80": 0.00017765424302492122, "81": 0.00018855681737166592, "82": 0.3432980947632175, "83": 0.34329809493243935, "84": 0.3432980951376714, "85": 0.7606954987313383, "86": 0.7606954987311099, "87": 0.3432980946965445, "88": 0.7606954987313383, "89": 0.3432980947963763, "90": 0.7606954987312295, "91": 0.34329809482874496, "92": 0.00016675166867817653, "93": 0.7606954987309678, "94": 0.00034439728217301063, "95": 0.00025027667563876923, "96": 0.7606954987315176, "97": 0.7606954987312704, "98": 0.7606954987311954, "99": 0.3432980946807246}, "1": {"0": 0.4849903227899812, "1": 0.48499032279127785, "2": 0.8857158693036455, "3": 0.4849903227919423, "4": 0.885715896866992, "5": 0.8857158694170718, "6": 0.8857158693036455, "7": 0.00043803952476129115, "8": 0.8857158833860344, "9": 0.8857158694598882, "10": 0.8857158821279538, "11": 0.001207801097114242, "12": 0.0009731442468809788, "13": 0.4849903227913405, "14": 0.8857158641920184, "15": 0.48499032279059123, "16": 0.8857158729351172, "17": 0.8857158871233893, "18": 0.48499032279020354, "19": 0.48499032279068105, "20": 0.4849903227918285, "21": 0.0007794700179464023, "22": 0.001001523350959873, "23": 0.4849903227911802, "24": 0.8857158733984292, "25": 0.8857158843436916, "26": 0.4849903227913405, "27": 0.8857158687423481, "28": 0.48499032279076026, "29": 0.8857158760416507, "30": 0.48499032279112153, "31": 0.000995012466719508, "32": 0.0009167130257004294, "33": 0.48499032279149024, "34": 0.48499032279043, "35": 0.8857158758063183, "36": 0.0007028217177664211, "37": 0.000585651346867348, "38": 0.000492617915651208, "39": 0.4849903227899812, "40": 0.0009782980599465627, "41": 0.4849903227914393, "42": 0.0009888776381004104, "43": 0.000492617915651208, "44": 0.0010030759889865576, "45": 0.0007077215813631775, "46": 0.4849903227917893, "47": 0.48499032279049903, "48": 0.4849903227900657, "49": 0.48499032279159554, "50": 0.8857158749788102, "51": 0.48499032279076026, "52": 0.00039242871725467536, "53": 0.0010925370947394934, "54": 0.4849903227908048, "55": 0.0004326374419860948, "56": 0.4849903227906865, "57": 0.48499032279109633, "58": 0.8857158705225661, "59": 0.4849903227886914, "60": 0.48499032279144383, "61": 0.48499032279048804, "62": 0.8857158741886197, "63": 0.8857158785129422, "64": 0.4849903227915585, "65": 0.8857158701774284, "66": 0.8857158760416507, "67": 0.8857158729351172, "68": 0.8857158856280286, "69": 0.4849903227908657, "70": 0.0007077215813631775, "71": 0.48499032279092835, "72": 0.8857158694598882, "73": 0.8857158758063183, "74": 0.4849903227914393, "75": 0.000995012466719508, "76": 0.00033359549735366325, "77": 0.48499032279178056, "78": 0.8857158697268461, "79": 0.8857158870025221, "80": 0.4849903227915585, "81": 0.0009167130257004294, "82": 0.0009731442468809788, "83": 0.4849903227920343, "84": 0.4849903227917893, "85": 0.4849903227886914, "86": 0.48499032279068105, "87": 0.4849903227908657, "88": 0.4849903227920343, "89": 0.0009246590077847008, "90": 0.48499032279092835, "91": 0.48499032279178056, "92": 0.8857158870025221, "93": 0.48499032279208437, "94": 0.001001523350959873, "95": 0.48499032279208437, "96": 0.4849903227908048, "97": 0.8857158833860344, "98": 0.0010925370947394934, "99": 0.00021901976238064558}, "2": {"0": 0.8162134605596433, "1": 0.45018466215883773, "2": 0.0005833050158997634, "3": 0.0007610011538529048, "4": 0.45018465944400343, "5": 0.0012932435710704595, "6": 0.8162134606206876, "7": 0.4501847082002003, "8": 0.4501846867878103, "9": 0.8162134606244655, "10": 0.4501847082002003, "11": 0.8162134606303357, "12": 0.8162134605759779, "13": 0.45018458282866325, "14": 0.4501846513281701, "15": 0.0012932435710704595, "16": 0.8162134605825457, "17": 0.0004513273104677017, "18": 0.8162134605925689, "19": 0.8162134606154778, "20": 0.45018458692773616, "21": 0.8162134605906755, "22": 0.8162134605940912, "23": 0.45018450884665007, "24": 0.8162134605906627, "25": 0.45018473028718653, "26": 0.0012223106878336298, "27": 0.8162134606001241, "28": 0.8162134605759779, "29": 0.45018452665236514, "30": 0.00041273407003691366, "31": 0.0007553669528525379, "32": 0.81621346061832, "33": 0.8162134606244655, "34": 0.45018452665236514, "35": 0.0009546185599979305, "36": 0.8162134606335827, "37": 0.0007837290883794168, "38": 0.0010390994175111233, "39": 0.8162134606112806, "40": 0.8162134605864244, "41": 0.0009252693426190165, "42": 0.8162134605644029, "43": 0.0006746224930316374, "44": 0.8162134605864244, "45": 0.0011096586950112325, "46": 0.8162134606074678, "47": 0.0007610011538529048, "48": 0.0008472908019491981, "49": 0.0009252693426190165, "50": 0.4501846853469479, "51": 0.8162134605905279, "52": 0.816213460599657, "53": 0.8162134606335827, "54": 0.8162134606001241, "55": 0.4501846853469479, "56": 0.0007553669528525379, "57": 0.0012174704820304924, "58": 0.8162134605905279, "59": 0.8162134606015878, "60": 0.00023679175991363276, "61": 0.4501846404975025, "62": 0.8162134606112725, "63": 0.4501844028724671, "64": 0.45018474196724234, "65": 0.001034800744891414, "66": 0.0006746224930316374, "67": 0.45018458339203815, "68": 0.45018466215883773, "69": 0.8162134605817777, "70": 0.45018474196724234, "71": 0.4501846513281701, "72": 0.8162134605906627, "73": 0.8162134606206876, "74": 0.8162134606088374, "75": 0.4501847239128416, "76": 0.45018461482083305, "77": 0.8162134606015878, "78": 0.45018462273307014, "79": 0.0011096586950112325, "80": 0.45018439848778613, "81": 0.8162134605894265, "82": 0.8162134606102069, "83": 0.000527780287388533, "84": 0.8162134605923538, "85": 0.0011407504384891498, "86": 0.0006832302461152271, "87": 0.45018458692773616, "88": 0.8162134605825457, "89": 0.8162134606112806, "90": 0.8162134606093934, "91": 0.0009026546209354034, "92": 0.8162134606088374, "93": 0.8162134605601723, "94": 0.816213460597976, "95": 0.8162134605982397, "96": 0.0008661582300228965, "97": 0.0008661582300228965,