{"0": {"0": 0.5000000000077196, "1": 0.5000000000154532, "2": 0.5000000000093223, "3": 0.5000000000054433, "4": 0.5000000000133848, "5": 0.5000000000153184, "6": 0.5000000000151688, "7": 0.5000000000074925, "8": 0.5000000000164503, "9": 0.50000000001776, "10": 0.5000000000149571, "11": 0.5000000000134062, "12": 0.5000000000153877, "13": 0.5000000000066553, "14": 0.5000000000188272, "15": 0.5000000000075844, "16": 0.500000000009867, "17": 0.5000000000072157, "18": 0.5000000000139443, "19": 0.5000000000157461, "20": 0.5000000000159056, "21": 0.5000000000095113, "22": 0.500000000010134, "23": 0.5000000000091251, "24": 0.5000000000128438, "25": 0.5000000000100167, "26": 0.5000000000102223, "27": 0.5000000000094361, "28": 0.5000000000133955, "29": 0.5000000000123378, "30": 0.5000000000162963, "31": 0.5000000000079556, "32": 0.500000000009456, "33": 0.5000000000119746, "34": 0.5000000000125149, "35": 0.5000000000053315, "36": 0.5000000000141122, "37": 0.5000000000094136, "38": 0.5000000000078431, "39": 0.500000000013051, "40": 0.5000000000162709, "41": 0.500000000013636, "42": 0.5000000000138407, "43": 0.5000000000149571, "44": 0.5000000000140363, "45": 0.5000000000119424, "46": 0.5000000000123662, "47": 0.5000000000128224, "48": 0.5000000000116513, "49": 0.5000000000117035, "50": 0.5000000000091711, "51": 0.5000000000106426, "52": 0.5000000000132047, "53": 0.5000000000128224, "54": 0.5000000000076898, "55": 0.5000000000050083, "56": 0.500000000012897, "57": 0.500000000005967, "58": 0.5000000000126555, "59": 0.500000000013626, "60": 0.5000000000160874, "61": 0.5000000000148376, "62": 0.5000000000149964, "63": 0.5000000000151804, "64": 0.055902302757163846, "65": 0.5000000000159056, "66": 0.5000000000122182, "67": 0.5000000000123662, "68": 0.5000000000064523, "69": 0.5000000000141122, "70": 0.5000000000069204, "71": 0.5000000000045856, "72": 0.5000000000080292, "73": 0.5000000000078019, "74": 0.50000000000961, "75": 0.500000000010134, "76": 0.5000000000131493, "77": 0.5000000000040146, "78": 0.5000000000123777, "79": 0.5000000000131832, "80": 0.5000000000151804, "81": 0.5000000000053213, "82": 0.5000000000095113, "83": 0.5000000000161936, "84": 0.5000000000039009, "85": 0.500000000007873, "86": 0.5000000000049335, "87": 0.5000000000140363, "88": 0.5000000000131493, "89": 0.5000000000076938, "90": 0.5000000000059309, "91": 0.50000000001244, "92": 0.5000000000161936, "93": 0.500000000004718, "94": 0.5000000000066978, "95": 0.5000000000117424, "96": 0.5000000000074982, "97": 0.5000000000125149, "98": 0.5000000000139443, "99": 0.500000000013636}, "1": {"0": 0.5000000000942837, "1": 0.5000000000603282, "2": 0.5000000001341041, "3": 0.5000000001668046, "4": 0.5000000001425016, "5": 0.5000000000503138, "6": 0.5000000000861303, "7": 0.5000000001189626, "8": 0.5000000000867022, "9": 0.5000000001369291, "10": 0.500000000106422, "11": 0.500000000106176, "12": 0.5000000001057351, "13": 0.5000000000628322, "14": 0.5000000001196476, "15": 0.5000000001023456, "16": 0.5000000000819478, "17": 0.5000000000651761, "18": 0.500000000073332, "19": 0.500000000118331, "20": 0.5000000000603282, "21": 0.5000000001337919, "22": 0.5000000000696676, "23": 0.5000000001339391, "24": 0.5000000000992804, "25": 0.5000000001132756, "26": 0.5000000000983899, "27": 0.5000000000978493, "28": 0.5000000000905702, "29": 0.5000000001014832, "30": 0.5000000001668046, "31": 0.5000000001283471, "32": 0.5000000000652718, "33": 0.5000000001090458, "34": 0.5000000001314311, "35": 0.5000000000596295, "36": 0.5000000000721435, "37": 0.5000000000899694, "38": 0.5000000000896065, "39": 0.5000000000899694, "40": 0.5000000001098521, "41": 0.5000000000945208, "42": 0.5000000000430651, "43": 0.5000000001358303, "44": 0.5000000001234642, "45": 0.5000000000491949, "46": 0.5000000000992804, "47": 0.5000000001084333, "48": 0.5000000000579017, "49": 0.5000000001135122, "50": 0.031971993747186456, "51": 0.5000000000657155, "52": 0.5000000001317534, "53": 0.5000000001075011, "54": 0.5000000001172892, "55": 0.5000000001283471, "56": 0.5000000000503719, "57": 0.5000000000704066, "58": 0.5000000000818849, "59": 0.5000000000836176, "60": 0.5000000000956668, "61": 0.5000000000607917, "62": 0.5000000001009798, "63": 0.5000000000693456, "64": 0.5000000000982692, "65": 0.031971993747186456, "66": 0.500000000077544, "67": 0.5000000000480673, "68": 0.500000000106176, "69": 0.5000000000536639, "70": 0.5000000000503138, "71": 0.5000000001030817, "72": 0.5000000001266405, "73": 0.5000000001321678, "74": 0.5000000001032283, "75": 0.5000000000960398, "76": 0.5000000000945208, "77": 0.5000000001030817, "78": 0.5000000001074294, "79": 0.5000000000506326, "80": 0.5000000000537147, "81": 0.5000000001023456, "82": 0.5000000000792575, "83": 0.5000000000504898, "84": 0.5000000001014832, "85": 0.5000000001234642, "86": 0.5000000001057351, "87": 0.5000000000733125, "88": 0.5000000001266405, "89": 0.5000000000586446, "90": 0.5000000000385757, "91": 0.5000000001032283, "92": 0.5000000000721435, "93": 0.5000000001090458, "94": 0.5000000000679152, "95": 0.5000000000818849, "96": 0.500000000036666, "97": 0.5000000000792575, "98": 0.5000000001341041, "99": 0.5000000000867022}, "2": {"0": 0.4999999999901858, "1": 0.49999999999262834, "2": 0.4999999999953061, "3": 0.4999999999924942, "4": 0.4999999999925026, "5": 0.49999999998924216, "6": 0.4999999999909266, "7": 0.49999999999528466, "8": 0.4999999999948632, "9": 0.4999999999943718, "10": 0.4999999999941238, "11": 0.4999999999933627, "12": 0.49999999999135325, "13": 0.4999999999955453, "14": 0.49999999999257716, "15": 0.4999999999923299, "16": 0.499999999994515, "17": 0.4999999999942838, "18": 0.49999999999157935, "19": 0.4999999999942528, "20": 0.4999999999925946, "21": 0.4999999999926357, "22": 0.4999999999922552, "23": 0.4999999999928272, "24": 0.49999999999195177, "25": 0.4999999999908625, "26": 0.49999999999585165, "27": 0.49999999999143824, "28": 0.49999999999651756, "29": 0.49999999999311834, "30": 0.4999999999904839, "31": 0.49999999999365696, "32": 0.4999999999948187, "33": 0.4999999999970308, "34": 0.49999999999679173, "35": 0.49999999999061234, "36": 0.49999999999320976, "37": 0.49999999999119676, "38": 0.49999999999239764, "39": 0.49999999999181716, "40": 0.4999999999972575, "41": 0.4999999999924942, "42": 0.4999999999924254, "43": 0.4999999999935703, "44": 0.4999999999924768, "45": 0.49999999998985367, "46": 0.4999999999922552, "47": 0.4999999999908826, "48": 0.4999999999919782, "49": 0.4999999999956766, "50": 0.49999999999157935, "51": 0.49999999999477146, "52": 0.49999999999058675, "53": 0.49999999999484934, "54": 0.49999999999590955, "55": 0.49999999999562617, "56": 0.499999999993502, "57": 0.499999999995507, "58": 0.4999999999952862, "59": 0.49999999999375366, "60": 0.4999999999950004, "61": 0.4999999999935921, "62": 0.49999999999318345, "63": 0.4999999999936647, "64": 0.4999999999921066, "65": 0.49999999999631783, "66": 0.4999999999946954, "67": 0.4999999999955217, "68": 0.4999999999955984, "69": 0.499999999991667, "70": 0.4999999999961988, "71": 0.4999999999954407, "72": 0.4999999999913769, "73": 0.49999999999325867, "74": 0.4999999999936647, "75": 0.49999999999365696, "76": 0.4999999999953435, "77": 0.49999999999325867, "78": 0.4999999999976431, "79": 0.4999999999913769, "80": 0.49999999999742467, "81": 0.499999999996419, "82": 0.4999999999925026, "83": 0.4999999999954413, "84": 0.499999999993502, "85": 0.49999999999320976, "86": 0.4999999999962384, "87": 0.49999999999687683, "88": 0.4999999999950004, "89": 0.49999999999088696, "90": 0.49999999999175115, "91": 0.49999999999058675, "92": 0.4999999999946954, "93": 0.4999999999956204, "94": 0.4999999999919782, "95": 0.4999999999909266, "96": 0.4999999999927377, "97": 0.4999999999935921, "98": 0.4999999999933627, "99": 0.4999999999927377}, "3": {"0": 0.49999999998614586, "1": 0.49999999998313854, "2": 0.499999999978369, "3": 0.49999999997918254, "4": 0.499999999986718, "5": 0.49999999998158573, "6": 0.4999999999841421,