{"0": {"0": 0.7235912537946869, "1": 2.570020335820603e-13, "2": 0.7235912537946869, "3": 0.3722906124336556, "4": 0.3722906124336556, "5": 0.7235912537946869, "6": 2.2338936883265251e-13, "7": 0.7235912537946869, "8": 0.7235912537946869, "9": 0.3722906124336556, "10": 0.3722906124336556, "11": 0.7235912537946869, "12": 0.3722906124336556, "13": 0.3722906124336556, "14": 0.7235912537946869, "15": 0.7235912537946869, "16": 0.7235912537946869, "17": 0.7235912537946869, "18": 0.7235912537946869, "19": 0.7235912537946869, "20": 0.7235912537946869, "21": 0.7235912537946869, "22": 2.499460183039983e-13, "23": 1.6696095178505359e-13, "24": 1.4743987817394543e-13, "25": 0.7235912537946869, "26": 0.3722906124336556, "27": 0.7235912537946869, "28": 0.7235912537946869, "29": 0.3722906124336556, "30": 0.7235912537946869, "31": 0.7235912537946869, "32": 0.7235912537946869, "33": 0.3722906124336556, "34": 9.650617003420798e-14, "35": 0.3722906124336556, "36": 0.3722906124336556, "37": 0.7235912537946869, "38": 0.3722906124336556, "39": 0.3722906124336556, "40": 0.3722906124336556, "41": 1.9481687221339587e-13, "42": 0.3722906124336556, "43": 0.7235912537946869, "44": 0.7235912537946869, "45": 0.7235912537946869, "46": 2.22997274420208e-13, "47": 0.7235912537946869, "48": 2.1273616185811644e-13, "49": 0.3722906124336556, "50": 0.7235912537946869, "51": 0.7235912537946869, "52": 1.312034749100579e-13, "53": 0.7235912537946869, "54": 1.7923435545538084e-13, "55": 1.7923435545538084e-13, "56": 0.7235912537946869, "57": 0.7235912537946869, "58": 0.7235912537946869, "59": 0.7235912537946869, "60": 0.7235912537946869, "61": 0.7235912537946869, "62": 1.471013715960717e-13, "63": 0.3722906124336556, "64": 0.3722906124336556, "65": 0.7235912537946869, "66": 1.0830268676187332e-13, "67": 0.7235912537946869, "68": 0.3722906124336556, "69": 0.7235912537946869, "70": 0.7235912537946869, "71": 0.3722906124336556, "72": 0.7235912537946869, "73": 0.7235912537946869, "74": 0.3722906124336556, "75": 0.7235912537946869, "76": 0.7235912537946869, "77": 0.7235912537946869, "78": 0.7235912537946869, "79": 0.3722906124336556, "80": 0.3722906124336556, "81": 0.7235912537946869, "82": 0.7235912537946869, "83": 1.0990066198598865e-13, "84": 0.7235912537946869, "85": 0.7235912537946869, "86": 0.3722906124336556, "87": 7.457360364762281e-14, "88": 0.3722906124336556, "89": 1.46467643992519e-13, "90": 2.570020335820603e-13, "91": 0.7235912537946869, "92": 0.7235912537946869, "93": 4.905920788582108e-14, "94": 1.46467643992519e-13, "95": 0.7235912537946869, "96": 0.7235912537946869, "97": 0.7235912537946869, "98": 1.4743987817394543e-13, "99": 0.3722906124336556}, "1": {"0": 0.5679880317745429, "1": 0.8056878159117344, "2": 0.5679880317745429, "3": 1.108912134029074e-13, "4": 0.5679880317745429, "5": 1.474096728284454e-13, "6": 1.7863549624143356e-13, "7": 0.5679880317745429, "8": 0.5679880317745429, "9": 0.5679880317745429, "10": 0.5679880317745429, "11": 0.5679880317745429, "12": 0.5679880317745429, "13": 0.8056878159117344, "14": 0.5679880317745429, "15": 0.5679880317745429, "16": 0.8056878159117344, "17": 0.5679880317745429, "18": 0.5679880317745429, "19": 0.8056878159117344, "20": 0.5679880317745429, "21": 1.542255315958538e-13, "22": 0.5679880317745429, "23": 0.5679880317745429, "24": 0.5679880317745429, "25": 0.5679880317745429, "26": 5.841456450382715e-14, "27": 0.5679880317745429, "28": 0.5679880317745429, "29": 0.5679880317745429, "30": 8.476643282498418e-14, "31": 2.063095126310978e-13, "32": 0.5679880317745429, "33": 1.0361627195999581e-13, "34": 0.5679880317745429, "35": 2.9147623794974915e-13, "36": 0.5679880317745429, "37": 0.5679880317745429, "38": 0.8056878159117344, "39": 0.5679880317745429, "40": 0.5679880317745429, "41": 0.5679880317745429, "42": 1.463688374404275e-13, "43": 1.108912134029074e-13, "44": 1.1658340733586998e-13, "45": 0.5679880317745429, "46": 0.5679880317745429, "47": 1.4622381850246483e-13, "48": 1.3891819754173923e-13, "49": 1.5393218944514208e-13, "50": 0.5679880317745429, "51": 0.5679880317745429, "52": 0.5679880317745429, "53": 0.5679880317745429, "54": 2.3398352902076203e-13, "55": 7.681942364721518e-14, "56": 7.311190925123241e-14, "57": 0.5679880317745429, "58": 0.5679880317745429, "59": 7.696609472257104e-14, "60": 0.5679880317745429, "61": 0.5679880317745429, "62": 0.5679880317745429, "63": 0.5679880317745429, "64": 0.5679880317745429, "65": 0.5679880317745429, "66": 0.5679880317745429, "67": 0.5679880317745429, "68": 0.5679880317745429, "69": 0.5679880317745429, "70": 7.37048364142227e-14, "71": 1.304984990022003e-13, "72": 1.0802206410453751e-13, "73": 0.5679880317745429, "74": 0.5679880317745429, "75": 0.5679880317745429, "76": 0.5679880317745429, "77": 0.5679880317745429, "78": 0.5679880317745429, "79": 0.5679880317745429, "80": 2.063095126310978e-13, "81": 0.5679880317745429, "82": 0.8056878159117344, "83": 0.5679880317745429, "84": 0.5679880317745429, "85": 1.463688374404275e-13, "86": 0.5679880317745429, "87": 0.5679880317745429, "88": 0.5679880317745429, "89": 0.5679880317745429, "90": 0.5679880317745429, "91": 8.101541823191147e-14, "92": 0.5679880317745429, "93": 0.5679880317745429, "94": 0.5679880317745429, "95": 0.5679880317745429, "96": 0.5679880317745429, "97": 1.304984990022003e-13, "98": 0.5679880317745429, "99": 0.8056878159117344}, "2": {"0": 0.7070463695091345, "1": 1.9860001454190523e-13, "2": 2.805381156073276e-13, "3": 0.7070463695091345, "4": 1.416589590111598e-13, "5": 0.7070463695091345, "6": 0.7070463695091345, "7": 0.7070463695091345, "8": 0.7070463695091345, "9": 0.7070463695091345, "10": 1.6068388203306907e-13, "11": 0.4016008424382347, "12": 0.4016008424382347, "13": 0.7070463695091345, "14": 0.7070463695091345, "15": 0.7070463695091345, "16": 1.938192562195426e-13, "17": 0.4016008424382347, "18": 0.4016008424382347, "19": 0.7070463695091345, "20": 0.7070463695091345, "21": 0.4016008424382347, "22": 0.7070463695091345, "23": 0.7070463695091345, "24": 0.7070463695091345, "25": 0.4016008424382347, "26": 1.0869979306497625e-13, "27": 0.7070463695091345, "28": 0.7070463695091345, "29": 0.7070463695091345, "30": 1.9860001454190523e-13, "31": 0.4016008424382347, "32": 2.1279229061922834e-13, "33": 0.7070463695091345, "34": 0.4016008424382347, "35": 1.7417149231027282e-13, "36": 0.7070463695091345, "37": 1.8873776371540214e-13, "38": 0.4016008424382347, "39": 0.7070463695091345, "40": 0.7070463695091345, "41": 9.567712899577311e-14, "42": 0.4016008424382347, "43": 0.4016008424382347, "44": 8.144980474593582e-14, "45": 0.4016008424382347, "46": 0.4016008424382347, "47": 1.0403696340844093e-13, "48": 0.4016008424382347, "49": 0.7070463695091345, "50": 0.7070463695091345, "51": 8.319172520612054e-14, "52": 0.7070463695091345, "53": 0.4016008424382347, "54": 0.4016008424382347, "55": 0.7070463695091345, "56": 1.9717001273049906e-13, "57": 0.7070463695091345, "58": 0.4016008424382347, "59": 0.4016008424382347, "60": 0.7070463695091345, "61": 1.584681545742665e-13, "62": 0.7070463695091345, "63": 0.7070463695091345, "64": 0.7070463695091345, "65": 1.6068388203306907e-13, "66": 0.7070463695091345, "67": 0.4016008424382347, "68": 0.7070463695091345, "69": 0.7070463695091345, "70": 0.4016008424382347, "71": 0.7070463695091345, "72": 0.7070463695091345, "73": 1.938192562195426e-13, "74": 8.708574615513641e-14, "75": 1.4650749928875402e-13, "76": 0.4016008424382347, "77": 0.4016008424382347, "78": 0.4016008424382347, "79": 0.7070463695091345, "80": 0.7070463695091345, "81": 0.7070463695091345, "82": 1.2258821703981074e-13, "83": 0.7070463695091345, "84": 0.7070463695091345, "85": 0.7070463695091345, "86": 1.4650749928875402e-13, "87": 0.4016008424382347, "88": 1.0639614530961417e-13, "89": 0.7070463695091345, "90": 0.7070463695091345, "91": 0.7070463695091345, "92": 0.4016008424382347, "93": 0.7070463695091345, "94": 0.7070463695091345, "95": 0.7070463695091345, "96": 0.4016008424382347, "97": 0.7070463695091345,