{"0": {"0": 0.05031967273804157, "1": 0.050152013915563676, "2": 0.3160535858850055, "3": 0.9498721954842682, "4": 0.05013471182240256, "5": 0.05021083849095474, "6": 0.28619721835808964, "7": 0.5202208194871287, "8": 0.4269371537086518, "9": 0.050319346620302005, "10": 0.9492034575708512, "11": 0.3743832332158029, "12": 0.7419848017821067, "13": 0.05014480489026624, "14": 0.05031974274660318, "15": 0.9498378053443686, "16": 0.050516013249219505, "17": 0.05015709434409418, "18": 0.6059414200319582, "19": 0.6367322939039364, "20": 0.9492211552229332, "21": 0.05013981264686469, "22": 0.9496890983540898, "23": 0.050143583974680994, "24": 0.05051750155513075, "25": 0.9489977580265557, "26": 0.5956718605341262, "27": 0.33464347693168733, "28": 0.5956718605341262, "29": 0.3743832332158029, "30": 0.05060110071319182, "31": 0.28619721835808964, "32": 0.47318229411366175, "33": 0.5018470888508888, "34": 0.9498378053443686, "35": 0.0501733305106097, "36": 0.4269371537086518, "37": 0.9494878341486157, "38": 0.7419848017821067, "39": 0.9483899311877175, "40": 0.4002001725726599, "41": 0.9483990398655038, "42": 0.9489076983746798, "43": 0.6367322939039364, "44": 0.9497013574771755, "45": 0.26551462044539886, "46": 0.05016366113013078, "47": 0.47318229411366175, "48": 0.5018470888508888, "49": 0.28796538593373533, "50": 0.050152013915563676, "51": 0.050760667418629106, "52": 0.28796538593373533, "53": 0.05021709588768629, "54": 0.5970803838351451, "55": 0.47318229411366175, "56": 0.9491819851812542, "57": 0.9491856108317401, "58": 0.9464648202786037, "59": 0.538854381448993, "60": 0.9492211552229332, "61": 0.26551462044539886, "62": 0.05031997138595553, "63": 0.948400861601061, "64": 0.05014157743451234, "65": 0.05021709588768629, "66": 0.3160535858850055, "67": 0.9492175295724472, "68": 0.9492175295724472, "69": 0.05031974274660318, "70": 0.05060110071319182, "71": 0.9497074870387183, "72": 0.5970803838351451, "73": 0.9494878341486157, "74": 0.05051750155513075, "75": 0.05017261125367603, "76": 0.9491819851812542, "77": 0.33464347693168733, "78": 0.3743832332158029, "79": 0.4269371537086518, "80": 0.538854381448993, "81": 0.05015709434409418, "82": 0.4002001725726599, "83": 0.050319346620302005, "84": 0.5202208194871287, "85": 0.6059414200319582, "86": 0.9491856108317401, "87": 0.946465757658298, "88": 0.7219641461818943, "89": 0.7219641461818943, "90": 0.05008183056506539, "91": 0.9498741752872392, "92": 0.9489076983746798, "93": 0.050143583974680994, "94": 0.9498721954842682, "95": 0.9497074870387183, "96": 0.0501733305106097, "97": 0.9483990398655038, "98": 0.9464648202786037, "99": 0.050760667418629106}, "1": {"0": 0.6384905414519023, "1": 0.5894075387185109, "2": 0.05016559540363413, "3": 0.5586983132758887, "4": 0.9497946057917623, "5": 0.05017763786550735, "6": 0.9496860039056296, "7": 0.45451741601153095, "8": 0.5451853074353336, "9": 0.3341878550068297, "10": 0.050074509335296745, "11": 0.48894153979751487, "12": 0.4560852502880729, "13": 0.05112504142125203, "14": 0.9491213269139736, "15": 0.050136381325416306, "16": 0.7295129797564762, "17": 0.05017763786550735, "18": 0.6948748855130134, "19": 0.49511925793926664, "20": 0.6340254139922354, "21": 0.7135640212012689, "22": 0.051110374316903566, "23": 0.6311104022742606, "24": 0.9498091697851958, "25": 0.05115524692350232, "26": 0.0501653646265363, "27": 0.4560852502880729, "28": 0.9496640236578004, "29": 0.6588061543547206, "30": 0.05028867911448469, "31": 0.6340254139922354, "32": 0.6340254139922354, "33": 0.5451853074353336, "34": 0.051132810620202945, "35": 0.050585177190325674, "36": 0.48252228854859985, "37": 0.3742702685294072, "38": 0.05007653377293539, "39": 0.9492942929258539, "40": 0.3341878550068297, "41": 0.48894153979751487, "42": 0.050585177190325674, "43": 0.2855743091664687, "44": 0.7295129797564762, "45": 0.7219912444170484, "46": 0.7135640212012689, "47": 0.4505745913493322, "48": 0.7135640212012689, "49": 0.9485311548730051, "50": 0.0501653646265363, "51": 0.9496596276082345, "52": 0.050298471302187994, "53": 0.050288323173731414, "54": 0.9497946057917623, "55": 0.051132810620202945, "56": 0.9488200068575047, "57": 0.4380349970314836, "58": 0.4505745913493322, "59": 0.050372041242087384, "60": 0.9488200068575047, "61": 0.7135640212012689, "62": 0.050074509335296745, "63": 0.6588061543547206, "64": 0.48252228854859985, "65": 0.45451741601153095, "66": 0.7219912444170484, "67": 0.6588061543547206, "68": 0.6384905414519023, "69": 0.9491341491820555, "70": 0.5894075387185109, "71": 0.05028867911448469, "72": 0.050372041242087384, "73": 0.5448582624358969, "74": 0.9495537447463496, "75": 0.4380349970314836, "76": 0.5157519232202148, "77": 0.05014560429714328, "78": 0.05014560429714328, "79": 0.9491213269139736, "80": 0.9471496001510736, "81": 0.5157519232202148, "82": 0.2855743091664687, "83": 0.5586983132758887, "84": 0.05029692298958804, "85": 0.9492942929258539, "86": 0.9491341491820555, "87": 0.5894075387185109, "88": 0.3742702685294072, "89": 0.9495537447463496, "90": 0.9496640236578004, "91": 0.9471496001510736, "92": 0.6311104022742606, "93": 0.05030552280544466, "94": 0.6948748855130134, "95": 0.9485311548730051, "96": 0.49511925793926664, "97": 0.05029692298958804, "98": 0.5448582624358969, "99": 0.7219912444170484}, "2": {"0": 0.7432424969902167, "1": 0.9499099379120339, "2": 0.6814118772351245, "3": 0.6451832730478171, "4": 0.367212504718572, "5": 0.7107980688385819, "6": 0.4885356623009045, "7": 0.5188755327368293, "8": 0.0503874977311589, "9": 0.3006095066259368, "10": 0.05061532581579688, "11": 0.05017914159879329, "12": 0.7164055402091298, "13": 0.6372654188263664, "14": 0.5332021824561786, "15": 0.9498187780439602, "16": 0.05042718849589197, "17": 0.050206679497776054, "18": 0.05021330379854995, "19": 0.5332021824561786, "20": 0.26340846664023665, "21": 0.6814118772351245, "22": 0.5188755327368293, "23": 0.0513313874987244, "24": 0.7164055402091298, "25": 0.26340846664023665, "26": 0.34369037674001546, "27": 0.05021842356010436, "28": 0.9498682374743608, "29": 0.4885356623009045, "30": 0.3142929160400135, "31": 0.05230143539193081, "32": 0.3142929160400135, "33": 0.949807942912259, "34": 0.05033945553547227, "35": 0.05017821099797884, "36": 0.7263822942687721, "37": 0.05132370542868178, "38": 0.05061532581579688, "39": 0.050206679497776054, "40": 0.0503874977311589, "41": 0.9498081478519557, "42": 0.38566864731325423, "43": 0.05077420045199252, "44": 0.2881533625719558, "45": 0.7263822942687721, "46": 0.32053047024774795, "47": 0.05077420045199252, "48": 0.9497392460941143, "49": 0.47147203403254534, "50": 0.05133522853374571, "51": 0.2881533625719558, "52": 0.34369037674001546, "53": 0.9497392460941143, "54": 0.32053047024774795, "55": 0.7263822942687721, "56": 0.05017821099797884, "57": 0.9497310538055898, "58": 0.7432424969902167, "59": 0.34369037674001546, "60": 0.6065504507097197, "61": 0.9498201484727056, "62": 0.6850105170384586, "63": 0.4885356623009045, "64": 0.41458180277713563, "65": 0.050373663391365384, "66": 0.38566864731325423, "67": 0.5609717520474979, "68": 0.9499066992895646, "69": 0.6734913931080808, "70": 0.3006095066259368, "71": 0.3006095066259368, "72": 0.9499064565400317, "73": 0.6065504507097197, "74": 0.7107980688385819, "75": 0.05133522853374571, "76": 0.5589676926497067, "77": 0.34369037674001546, "78": 0.9497088588265706, "79": 0.9497506095662017, "80": 0.41458180277713563, "81": 0.05230143539193081, "82": 0.9496835664370613, "83": 0.9497088588265706, "84": 0.9497506095662017, "85": 0.5609717520474979, "86": 0.6372654188263664, "87": 0.6850105170384586, "88": 0.41458180277713563, "89": 0.6451832730478171, "90": 0.38566864731325423, "91": 0.050373663391365384, "92": 0.9499066992895646, "93": 0.5589676926497067, "94": 0.9499100742363528, "95": 0.38566864731325423, "96": 0.6734913931080808, "97": 0.4885356623009045, "98": 0.47147203403254534, "99": 0.367212504718572}, "3": {"0": 0.34637809526354413, "1": 0.42086228936580544,