{"0": {"0": 0.5860593974538038, "1": 0.30450578984658094, "2": 0.933516539301269, "3": 0.16252654967487495, "4": 0.12572998277498915, "5": 0.41748118783740795, "6": 0.18572627033070144, "7": 0.7499927716703383, "8": 0.7507845100802779, "9": 0.3127198804276291, "10": 0.22499886268554614, "11": 0.8402800834980705, "12": 0.31443001789858405, "13": 0.9656632192861516, "14": 0.1091135043889464, "15": 0.36385725819153103, "16": 0.5127035444110266, "17": 0.5127035444110266, "18": 0.17109130971028474, "19": 0.30450578984658094, "20": 0.497846579491068, "21": 0.021811350037390632, "22": 0.9545184322425411, "23": 0.41632787309396746, "24": 0.057438212279327425, "25": 0.6239119848863548, "26": 0.18572627033070144, "27": 0.30450578984658094, "28": 0.8441119322758707, "29": 0.8373103579561232, "30": 0.933516539301269, "31": 0.1286379792127718, "32": 0.4163278730939612, "33": 0.057438212279327425, "34": 0.8373103579561232, "35": 0.19296426519517562, "36": 0.5441526601206705, "37": 0.16252654967487495, "38": 0.5367621771263951, "39": 0.6750275137662347, "40": 0.3127198804276291, "41": 0.5860593974538038, "42": 0.7225897738272534, "43": 0.10147741437132925, "44": 0.5627817723305177, "45": 0.6750275137662347, "46": 0.5590063215764243, "47": 0.005771026555062599, "48": 0.021811350037390632, "49": 0.060665550435823126, "50": 0.03110590635509891, "51": 0.005771026555062599, "52": 0.4428693116608768, "53": 0.28282263259479923, "54": 0.6239119848863548, "55": 0.5860593974538038, "56": 0.8687626178602985, "57": 0.8402800834980705, "58": 0.12264566741913846, "59": 0.12264566741913846, "60": 0.060665550435823126, "61": 0.9545184322425411, "62": 0.36385725819153103, "63": 0.9656632192861516, "64": 0.5367621771263951, "65": 0.36884261310891464, "66": 0.7507845100802779, "67": 0.41748118783740795, "68": 0.1091135043889464, "69": 0.36884261310891464, "70": 0.17109130971028474, "71": 0.1286379792127718, "72": 0.12572998277498915, "73": 0.6750275137662347, "74": 0.497846579491068, "75": 0.021811350037390632, "76": 0.5627817723305177, "77": 0.7507845100802779, "78": 0.19296426519517562, "79": 0.9545184322425411, "80": 0.8441119322758707, "81": 0.5590063215764243, "82": 0.28282263259479923, "83": 0.5441526601206705, "84": 0.9404589387745468, "85": 0.005771026555062599, "86": 0.6239119848863548, "87": 0.7225897738272534, "88": 0.31443001789858405, "89": 0.7499927716703383, "90": 0.22499886268554614, "91": 0.8998027826164336, "92": 0.03110590635509891, "93": 0.933516539301269, "94": 0.4428693116608768, "95": 0.10147741437132925, "96": 0.9404589387745468, "97": 0.4163278730939612, "98": 0.8998027826164336, "99": 0.8687626178602985}, "1": {"0": 0.1403959998429707, "1": 0.08388338381181615, "2": 0.6117076203809357, "3": 0.7221198125012873, "4": 0.6117076203809357, "5": 0.4408693179224975, "6": 0.8806711570373755, "7": 0.5157360603307226, "8": 0.9707475268207197, "9": 0.7206508257391053, "10": 0.9707475268207197, "11": 0.04373733654295141, "12": 0.8589259153549991, "13": 0.11993834180511623, "14": 0.08388338381181615, "15": 0.8806711570373755, "16": 0.5157360603307226, "17": 0.6615337396403285, "18": 0.262347322264296, "19": 0.6117076203809357, "20": 0.9073128171033288, "21": 0.1403959998429707, "22": 0.24870403150088838, "23": 0.37536521794521627, "24": 0.9240387167027821, "25": 0.4675237874901519, "26": 0.5508523585453831, "27": 0.7467021170738589, "28": 0.5144268546520028, "29": 0.593994868200421, "30": 0.760670802393921, "31": 0.4675237874901519, "32": 0.5144268546520028, "33": 0.08388338381181615, "34": 0.37536521794521627, "35": 0.9240387167027821, "36": 0.9253084976638175, "37": 0.9047000800768945, "38": 0.9790910071748529, "39": 0.0561102941054685, "40": 0.7096810806221572, "41": 0.3974187575359022, "42": 0.37536521794521627, "43": 0.7467021170738589, "44": 0.9652489729859179, "45": 0.8589259153549991, "46": 0.01802985970661941, "47": 0.43334305652611194, "48": 0.8589259153549991, "49": 0.5328647357206595, "50": 0.262347322264296, "51": 0.6234824823789762, "52": 0.25067950537208844, "53": 0.11993834180511623, "54": 0.0561102941054685, "55": 0.5157360603307226, "56": 0.5632778690389824, "57": 0.0561102941054685, "58": 0.6789533801381757, "59": 0.6234824823789762, "60": 0.1403959998429707, "61": 0.6789533801381757, "62": 0.593994868200421, "63": 0.5632778690389824, "64": 0.7096810806221572, "65": 0.6615337396403285, "66": 0.6117076203809357, "67": 0.5328647357206595, "68": 0.9240387167027821, "69": 0.7221198125012873, "70": 0.4408693179224975, "71": 0.9073128171033288, "72": 0.49716966765214604, "73": 0.7806678442899297, "74": 0.8923193871330978, "75": 0.4408693179224975, "76": 0.04373733654295141, "77": 0.262347322264296, "78": 0.0561102941054685, "79": 0.6615337396403285, "80": 0.43334305652611194, "81": 0.6117076203809357, "82": 0.0561102941054685, "83": 0.01802985970661941, "84": 0.9047000800768945, "85": 0.760670802393921, "86": 0.49716966765214604, "87": 0.24870403150088838, "88": 0.262347322264296, "89": 0.3974187575359022, "90": 0.7806678442899297, "91": 0.8923193871330978, "92": 0.7246499815421272, "93": 0.5508523585453831, "94": 0.7246499815421272, "95": 0.9790910071748529, "96": 0.9652489729859179, "97": 0.9253084976638175, "98": 0.7206508257391053, "99": 0.25067950537208844}, "2": {"0": 0.29714912226656254, "1": 0.8598161994030549, "2": 0.2663470225595692, "3": 0.8598161994030549, "4": 0.7244703302314532, "5": 0.7169919690622433, "6": 0.5441060962780416, "7": 0.844841796015442, "8": 0.1453853949844811, "9": 0.23842169855377893, "10": 0.8398317962949019, "11": 0.12354014337450878, "12": 0.5256536794369068, "13": 0.029711989095871555, "14": 0.9353726160202245, "15": 0.5319177566112937, "16": 0.195878529788881, "17": 0.44405902978475253, "18": 0.8398317962949019, "19": 0.29714912226656254, "20": 0.44405902978475253, "21": 0.48711201480632943, "22": 0.3543868923135185, "23": 0.13141184867588757, "24": 0.007233092855757699, "25": 0.44405902978475253, "26": 0.9564388462690518, "27": 0.7244703302314532, "28": 0.7918207138948818, "29": 0.29714912226656254, "30": 0.4062394697070076, "31": 0.5441060962780416, "32": 0.844841796015442, "33": 0.13141184867588757, "34": 0.5310875639648942, "35": 0.3243421819776604, "36": 0.3243421819776604, "37": 0.3293235994833456, "38": 0.7918207138948818, "39": 0.3398272551015956, "40": 0.12354014337450878, "41": 0.007233092855757699, "42": 0.06004521613369901, "43": 0.44405902978475253, "44": 0.06004521613369901, "45": 0.5582645541959032, "46": 0.9719671893364925, "47": 0.5319177566112937, "48": 0.7169919690622433, "49": 0.687399593498947, "50": 0.5009705325057117, "51": 0.13141184867588757, "52": 0.5009705325057117, "53": 0.29714912226656254, "54": 0.8335267582088863, "55": 0.4925202318242087, "56": 0.4925202318242087, "57": 0.5009705325057117, "58": 0.9564388462690518, "59": 0.13141184867588757, "60": 0.48711201480632943, "61": 0.12354014337450878, "62": 0.4062394697070076, "63": 0.39622468381227316, "64": 0.779498096507707, "65": 0.3293235994833456, "66": 0.9436763838614022, "67": 0.9719671893364925, "68": 0.7305027086165439, "69": 0.1453853949844811, "70": 0.18970022340056977, "71": 0.007233092855757699, "72": 0.3543868923135185, "73": 0.7305027086165439, "74": 0.5256536794369068, "75": 0.9436763838614022, "76": 0.7947870146442708, "77": 0.9564388462690518, "78": 0.779498096507707, "79": 0.8335267582088863, "80": 0.9214329111940458, "81": 0.21820120099858853, "82": 0.9214329111940458, "83": 0.5310875639648942, "84": 0.23842169855377893, "85": 0.3543868923135185, "86": 0.5582645541959032, "87": 0.195878529788881, "88": 0.2663470225595692, "89": 0.029711989095871555, "90": 0.39622468381227316, "91": 0.687399593498947, "92": 0.9353726160202245, "93": 0.18970022340056977, "94": 0.7947870146442708, "95": 0.2663470225595692, "96": 0.687399593498947, "97": 0.21820120099858853, "98": 0.5009705325057117, "99": 0.3398272551015956}, "3": {"0": 0.6359423394592698, "1": 0.20797169143676836, "2": 0.2983220860084278, "3": 0.8865975587971933,