{"0": {"0": 0.5000432977913247, "1": 0.5000310460572177, "2": 0.5000513893738603, "3": 0.5000570744382977, "4": 0.5000507742489781, "5": 0.5000208133616053, "6": 0.5000455960023213, "7": 0.5000477139066002, "8": 0.5000333161163597, "9": 0.5000412313861007, "10": 0.5000434859792371, "11": 0.5000571990005397, "12": 0.5000446853567286, "13": 0.5000553742804963, "14": 0.5000509868381381, "15": 0.5000541906941113, "16": 0.500051296460881, "17": 0.5000571844911001, "18": 0.5000382733178804, "19": 0.5000473128232377, "20": 0.5000479061572546, "21": 0.5000380208940265, "22": 0.500046134951446, "23": 0.5000491417734976, "24": 0.5000527382839808, "25": 0.5000463974978513, "26": 0.5000528735344355, "27": 0.500041533838594, "28": 0.5000373096630628, "29": 0.5000570471047965, "30": 0.5000285995002698, "31": 0.5000384084972012, "32": 0.5000524767922145, "33": 0.5000487098506263, "34": 0.500056563005744, "35": 0.5000417121203354, "36": 0.5000554853326398, "37": 0.5000498329878644, "38": 0.5000412313861007, "39": 0.5000464555144191, "40": 0.5000300838058942, "41": 0.5000446853567286, "42": 0.5000487098506263, "43": 0.5000461034588345, "44": 0.5000550338892659, "45": 0.5000462089228492, "46": 0.5000465124129826, "47": 0.5000495418066138, "48": 0.5000474513409078, "49": 0.50003922377227, "50": 0.5000343126053823, "51": 0.5000537266307881, "52": 0.5000545125562373, "53": 0.5000482657396916, "54": 0.5000459307636169, "55": 0.5000192042486006, "56": 0.5000400495904096, "57": 0.5000558517700299, "58": 0.5000434859792371, "59": 0.5000459307636169, "60": 0.5000550338892659, "61": 0.5000504541204911, "62": 0.5000512247083881, "63": 0.5000461034588345, "64": 0.5000432977913247, "65": 0.500028706677413, "66": 0.500028706677413, "67": 0.5000496294968371, "68": 0.5000248946267132, "69": 0.5000500190664008, "70": 0.5000233172876651, "71": 0.5000502845173919, "72": 0.500053218624583, "73": 0.5000504541204911, "74": 0.5000534726276855, "75": 0.5000534726276855, "76": 0.5000208560601678, "77": 0.5000482657396916, "78": 0.5000410408895133, "79": 0.5000541906941113, "80": 0.5000455960023213, "81": 0.5000528735344355, "82": 0.5000507742489781, "83": 0.5000507388675359, "84": 0.5000509868381381, "85": 0.5000498329878644, "86": 0.5000471838335587, "87": 0.5000494380240124, "88": 0.5000410408895133, "89": 0.5000479061572546, "90": 0.5000491417734976, "91": 0.5000513893738603, "92": 0.5000496294968371, "93": 0.5000494380240124, "94": 0.5000171563026912, "95": 0.5000285922455501, "96": 0.500051296460881, "97": 0.5000474513409078, "98": 0.5000400495904096, "99": 0.5000471838335587}, "1": {"0": 0.499985884239003, "1": 0.4999922824435652, "2": 0.4999824371657031, "3": 0.49998136058745235, "4": 0.4999818051417214, "5": 0.49998311731408507, "6": 0.499985884239003, "7": 0.49998190882923316, "8": 0.49997944979565645, "9": 0.4999838783320023, "10": 0.4999829113836512, "11": 0.49998204618080855, "12": 0.49998551697790217, "13": 0.499981942079563, "14": 0.4999820362933134, "15": 0.4999838499246717, "16": 0.4999838165946865, "17": 0.49998342456289424, "18": 0.49998077963653764, "19": 0.4999811728569363, "20": 0.49998190882923316, "21": 0.4999834794780219, "22": 0.49998528116341173, "23": 0.4999852485788292, "24": 0.4999816611349286, "25": 0.49998648263852197, "26": 0.4999818979850437, "27": 0.49998412036964757, "28": 0.4999838783320023, "29": 0.49998221028628426, "30": 0.4999834564318977, "31": 0.4999827301306423, "32": 0.4999861654588879, "33": 0.4999815539874928, "34": 0.49998204153337567, "35": 0.49998324752650003, "36": 0.4999817970847272, "37": 0.4999859445531977, "38": 0.49998334994828264, "39": 0.4999830454451454, "40": 0.4999822015805596, "41": 0.4999879050133507, "42": 0.4999870977048426, "43": 0.49998764250168654, "44": 0.4999837544943085, "45": 0.49998389557548323, "46": 0.49998285869277015, "47": 0.49998109626449383, "48": 0.4999861654588879, "49": 0.49998339145411785, "50": 0.49998271548616513, "51": 0.4999824752421499, "52": 0.4999820362933134, "53": 0.4999818051417214, "54": 0.4999861464581042, "55": 0.49998539142608833, "56": 0.4999836479611387, "57": 0.4999859445531977, "58": 0.499984582440438, "59": 0.4999899262819171, "60": 0.4999861464581042, "61": 0.4999852345452214, "62": 0.4999830454451454, "63": 0.4999823534952379, "64": 0.49998730740830255, "65": 0.49999332236431004, "66": 0.4999829191079729, "67": 0.4999823287828641, "68": 0.4999852485788292, "69": 0.4999866786599047, "70": 0.4999926405817059, "71": 0.4999822514514286, "72": 0.49998324752650003, "73": 0.4999817970847272, "74": 0.4999818979850437, "75": 0.4999922388142467, "76": 0.4999836893034728, "77": 0.49998365269410133, "78": 0.4999855131654, "79": 0.49998412036964757, "80": 0.4999927584889511, "81": 0.4999816611349286, "82": 0.4999919477877416, "83": 0.49998850493011565, "84": 0.4999837544943085, "85": 0.499984145183649, "86": 0.4999852345452214, "87": 0.49998334994828264, "88": 0.49998250055832394, "89": 0.4999827301306423, "90": 0.4999823287828641, "91": 0.4999829191079729, "92": 0.4999811728569363, "93": 0.49999182398056935, "94": 0.4999855984324712, "95": 0.499984145183649, "96": 0.4999815539874928, "97": 0.49998539142608833, "98": 0.49998648263852197, "99": 0.049999498224146}, "2": {"0": 0.5000156590639908, "1": 0.5000240001252628, "2": 0.5000229753487848, "3": 0.5000178069204809, "4": 0.5000214525014351, "5": 0.5000218096931685, "6": 0.5000215085193039, "7": 0.5000105765224134, "8": 0.5000248866423325, "9": 0.5000222770786225, "10": 0.5000158047574124, "11": 0.5000166121517513, "12": 0.5000178007394334, "13": 0.500023433850797, "14": 0.5000224197710169, "15": 0.5000163139157072, "16": 0.5000238664405499, "17": 0.500019191909967, "18": 0.5000194289277343, "19": 0.5000243151325179, "20": 0.5000213980288162, "21": 0.5000229535038371, "22": 0.5000217441290626, "23": 0.5000245027642553, "24": 0.5000172042673454, "25": 0.5000198766800292, "26": 0.5000205785949892, "27": 0.5000209063759142, "28": 0.5000163695198034, "29": 0.5000169840715664, "30": 0.500021984754116, "31": 0.5000238852871932, "32": 0.5000225305977573, "33": 0.5000231866337419, "34": 0.5000101471243271, "35": 0.5000225305977573, "36": 0.5000097012004363, "37": 0.500019191909967, "38": 0.5000241678227962, "39": 0.5000229535038371, "40": 0.5000213980288162, "41": 0.5000240681873087, "42": 0.5000226258504628, "43": 0.5000146965646862, "44": 0.50002291851059, "45": 0.5000190069050359, "46": 0.5000215085193039, "47": 0.5000151566966449, "48": 0.5000244647758578, "49": 0.5000223292325556, "50": 0.5000222770786225, "51": 0.5000245412245181, "52": 0.5000191975904541, "53": 0.5000201664798304, "54": 0.5000198744255343, "55": 0.5000238972201461, "56": 0.5000229242330536, "57": 0.5000226618323654, "58": 0.5000229643341554, "59": 0.5000229643341554, "60": 0.5000241678227962, "61": 0.500023433850797, "62": 0.5000214525014351, "63": 0.5000191975904541, "64": 0.5000217215700389, "65": 0.5000219667162884, "66": 0.5000205271758313, "67": 0.5000240429093832, "68": 0.5000228801761976, "69": 0.5000218649534687, "70": 0.500022153317079, "71": 0.5000198744255343, "72": 0.5000239872980056, "73": 0.5000200667334378, "74": 0.5000228510408196, "75": 0.5000205271758313, "76": 0.5000226258504628, "77": 0.5000229242330536, "78": 0.5000146965646862, "79": 0.5000205785949892, "80": 0.5000151566966449, "81": 0.5000217215700389, "82": 0.5000229753487848, "83": 0.5000219830205128, "84": 0.5000201664798304, "85": 0.5000233072506052, "86": 0.5000238972201461, "87": 0.5000190069050359, "88": 0.5000218096931685, "89": 0.5000192443211584, "90": 0.5000233575576599, "91": 0.5000194289277343, "92": 0.5000217876409483, "93": 0.5000217876409483, "94": 0.5000121890285674, "95": 0.5000178069204809, "96": 0.5000218649534687, "97": 0.50002291851059, "98": 0.5000245412245181, "99": 0.5000219830205128}, "3": {"0": 0.7916728190489026, "1": 0.5944448445585371, "2": 0.6910427250239366, "3": 0.6951342557356582, "4": 0.792558715624419, "5": 0.7175942373226185, "6": 0.7991424774979248, "7": 0.7244735142592147,