{"0": {"0": 0.6604667069996565, "1": 0.05000000000014412, "2": 0.9499999999998785, "3": 0.9499999999998452, "4": 0.6120752324825053, "5": 0.050000000000354095, "6": 0.6251528637441368, "7": 0.3369277726228358, "8": 0.9499999999999187, "9": 0.9499999999999, "10": 0.6105064359482051, "11": 0.050000000000311746, "12": 0.6108870340178953, "13": 0.05000000000048057, "14": 0.6120752324825053, "15": 0.9499999999997634, "16": 0.05000000000025548, "17": 0.05000000000046528, "18": 0.05000000000021081, "19": 0.5598775461154559, "20": 0.05000000000025344, "21": 0.9499999999998175, "22": 0.4465585548049291, "23": 0.9499999999998221, "24": 0.33692247535213393, "25": 0.3380389696800714, "26": 0.9499999999998563, "27": 0.05000000000035021, "28": 0.05000000000041263, "29": 0.05000000000038336, "30": 0.5893391401646854, "31": 0.6107601679946653, "32": 0.6251528637441368, "33": 0.9499999999997999, "34": 0.5896569317383235, "35": 0.6251528637441368, "36": 0.05000000000026407, "37": 0.3562028659647992, "38": 0.05000000000025548, "39": 0.37064901971255027, "40": 0.9499999999997717, "41": 0.9499999999996995, "42": 0.05000000000033265, "43": 0.33485558475056604, "44": 0.05000000000043249, "45": 0.05000000000026407, "46": 0.9499999999997777, "47": 0.335372307400958, "48": 0.6180985007336863, "49": 0.050000000000287495, "50": 0.05000000000027867, "51": 0.3327388914604541, "52": 0.6108870340178953, "53": 0.649902328037735, "54": 0.33579172243207117, "55": 0.9499999999998336, "56": 0.37064901971255027, "57": 0.9499999999998198, "58": 0.4465585548049291, "59": 0.05000000000029015, "60": 0.9499999999998537, "61": 0.3349528923698448, "62": 0.050000000000311746, "63": 0.5598775461154559, "64": 0.050000000000251295, "65": 0.9499999999997717, "66": 0.5681718443811656, "67": 0.05000000000019775, "68": 0.3562028659647992, "69": 0.9499999999999353, "70": 0.3385645098090031, "71": 0.9499999999998999, "72": 0.9499999999999087, "73": 0.3341413857833626, "74": 0.9499999999999168, "75": 0.5893391401646854, "76": 0.05000000000014375, "77": 0.6251528637441368, "78": 0.9499999999997777, "79": 0.05000000000021081, "80": 0.05000000000038336, "81": 0.05000000000026911, "82": 0.6107601679946653, "83": 0.5896569317383235, "84": 0.649902328037735, "85": 0.3380389696800714, "86": 0.9499999999998814, "87": 0.05000000000048057, "88": 0.05000000000025237, "89": 0.05000000000029015, "90": 0.3385645098090031, "91": 0.9499999999998537, "92": 0.37064901971255027, "93": 0.6604667069996565, "94": 0.9499999999998221, "95": 0.6180985007336863, "96": 0.3341413857833626, "97": 0.05000000000025237, "98": 0.050000000000139336, "99": 0.9499999999998452}, "1": {"0": 0.4110265992864177, "1": 0.05000000000004474, "2": 0.05000000000021808, "3": 0.05000000000016131, "4": 0.9499999999996283, "5": 0.7017921952926482, "6": 0.05000000000015671, "7": 0.4463240630457924, "8": 0.3410710868369303, "9": 0.9499999999997053, "10": 0.2888702671647937, "11": 0.05000000000017043, "12": 0.5353567183598359, "13": 0.9499999999997049, "14": 0.4110265992864177, "15": 0.9499999999997533, "16": 0.5450471228938567, "17": 0.9499999999997442, "18": 0.05000000000021711, "19": 0.5019135311135615, "20": 0.28889921211423975, "21": 0.9499999999998526, "22": 0.6312771686240835, "23": 0.050000000000169346, "24": 0.3404152105110065, "25": 0.4463240630457924, "26": 0.05000000000017897, "27": 0.6259300315689568, "28": 0.9499999999998456, "29": 0.5921806171313353, "30": 0.4806629655323196, "31": 0.49231869435910564, "32": 0.652150717341852, "33": 0.0500000000001794, "34": 0.5425621383102336, "35": 0.05000000000015251, "36": 0.05000000000007626, "37": 0.652150717341852, "38": 0.9499999999997244, "39": 0.6312771686240835, "40": 0.9499999999996922, "41": 0.9499999999996485, "42": 0.5876457209538091, "43": 0.949999999999696, "44": 0.5921807285020628, "45": 0.050000000000135145, "46": 0.5796357734561756, "47": 0.28889921211423975, "48": 0.5876457209538091, "49": 0.5019135311135615, "50": 0.5796357734561756, "51": 0.9499999999998464, "52": 0.9499999999997533, "53": 0.6259300315695326, "54": 0.05000000000013391, "55": 0.9499999999997049, "56": 0.4806629655323196, "57": 0.0500000000001505, "58": 0.9499999999998141, "59": 0.41142081370186057, "60": 0.9499999999998141, "61": 0.050000000000160846, "62": 0.47194421350608295, "63": 0.6259300315695326, "64": 0.050000000000195347, "65": 0.9499999999999122, "66": 0.05000000000021711, "67": 0.050000000000065964, "68": 0.4272360861655583, "69": 0.9499999999997857, "70": 0.0500000000001706, "71": 0.9499999999997587, "72": 0.9499999999996902, "73": 0.7017921952926482, "74": 0.9499999999998721, "75": 0.9499999999997469, "76": 0.5353567183598359, "77": 0.05000000000007836, "78": 0.050000000000068476, "79": 0.41142081370186057, "80": 0.050000000000085684, "81": 0.3410710868369303, "82": 0.05000000000007564, "83": 0.5179268517211295, "84": 0.9499999999998141, "85": 0.05000000000007525, "86": 0.0500000000001794, "87": 0.3404152105110065, "88": 0.05000000000003424, "89": 0.49231869435910564, "90": 0.5921807285020628, "91": 0.9499999999998622, "92": 0.47194421350608295, "93": 0.5425621383102336, "94": 0.9499999999998461, "95": 0.5179268517211295, "96": 0.9499999999998928, "97": 0.4272360861655583, "98": 0.050000000000160846, "99": 0.5450471228938567}, "2": {"0": 0.32996478653346173, "1": 0.05000000000033769, "2": 0.32996478653346173, "3": 0.050000000000185396, "4": 0.5909838847509754, "5": 0.5764230331978263, "6": 0.05000000000026607, "7": 0.9499999999996216, "8": 0.9499999999998009, "9": 0.0500000000002508, "10": 0.05000000000030605, "11": 0.05000000000027833, "12": 0.05000000000010438, "13": 0.949999999999682, "14": 0.9499999999997437, "15": 0.949999999999608, "16": 0.05000000000027833, "17": 0.432169995415178, "18": 0.9499999999996773, "19": 0.9499999999998332, "20": 0.94999999999971, "21": 0.6321362766901245, "22": 0.9499999999998054, "23": 0.9499999999997654, "24": 0.5789683307277271, "25": 0.6792845054296079, "26": 0.5763879150529618, "27": 0.5813229857949574, "28": 0.5952556714674578, "29": 0.5997617141767146, "30": 0.9499999999996865, "31": 0.9499999999996163, "32": 0.05000000000024503, "33": 0.9499999999996535, "34": 0.43280579306747424, "35": 0.05000000000025423, "36": 0.5789683307277271, "37": 0.6098273764738118, "38": 0.37663758389550533, "39": 0.389613386042291, "40": 0.05000000000039667, "41": 0.6626721539221225, "42": 0.6246831680424156, "43": 0.6321362766901245, "44": 0.0500000000000927, "45": 0.05000000000025227, "46": 0.9499999999996851, "47": 0.9499999999998784, "48": 0.9499999999998718, "49": 0.5270059045900567, "50": 0.5909838847509754, "51": 0.6792845054296079, "52": 0.05000000000021178, "53": 0.050000000000111, "54": 0.5879082599744849, "55": 0.432169995415178, "56": 0.0500000000003109, "57": 0.05000000000026655, "58": 0.5879082599744849, "59": 0.9499999999998081, "60": 0.0500000000001294, "61": 0.05000000000039667, "62": 0.05000000000024503, "63": 0.050000000000310144, "64": 0.9499999999998386, "65": 0.5813229857949574, "66": 0.05000000000013328, "67": 0.9499999999996842, "68": 0.9499999999998214, "69": 0.44039809098897864, "70": 0.9499999999997654, "71": 0.5952561758521207, "72": 0.389613386042291, "73": 0.44039809098897864, "74": 0.9499999999997387, "75": 0.05000000000026607, "76": 0.9499999999998214, "77": 0.05000000000021178, "78": 0.5270059045900567, "79": 0.37663758389550533, "80": 0.5763879150529618, "81": 0.5997617141767146, "82": 0.05000000000033769, "83": 0.6626721539221225, "84": 0.5952556714674578, "85": 0.5051353304246224, "86": 0.9499999999997275, "87": 0.6246831680424156, "88": 0.564237496254261, "89": 0.0500000000001254, "90": 0.05000000000030605, "91": 0.9499999999999256, "92": 0.9499999999997275, "93": 0.564237496254261, "94": 0.6098273764738118, "95": 0.9499999999998432, "96": 0.9499999999999005, "97": 0.43280579306747424, "98": 0.05000000000012614, "99": 0.5051353304246224}, "3": {"0": 0.687919866763526, "1": 0.949999999999191, "2": 0.9499999999984601, "3": 0.05000000000032202,