{"0": {"0": 0.5016050453869076, "1": 0.05021477412940514, "2": 0.5018088518318842, "3": 0.5016560938890604, "4": 0.05081666054829543, "5": 0.5015966258438932, "6": 0.050242553241031225, "7": 0.5015954089612746, "8": 0.5006359148768139, "9": 0.5011190902921532, "10": 0.5010561839185842, "11": 0.5013593640227312, "12": 0.050444252739555585, "13": 0.5012565884763438, "14": 0.5013318416036389, "15": 0.5008928044437129, "16": 0.5015980158440326, "17": 0.05064026113467643, "18": 0.5008529381499673, "19": 0.5014994068848764, "20": 0.5012695383288424, "21": 0.05056591672370504, "22": 0.5015208979071685, "23": 0.5014416724631382, "24": 0.500748197646909, "25": 0.501504982222861, "26": 0.5012344843069745, "27": 0.05058965073925141, "28": 0.5007601818924813, "29": 0.05043197746878823, "30": 0.5013473017791013, "31": 0.5012930948091762, "32": 0.501652384560027, "33": 0.5015040999386822, "34": 0.5014254594416823, "35": 0.5017692515704203, "36": 0.5018303222173099, "37": 0.5015314823810116, "38": 0.05043197746878823, "39": 0.501532557585116, "40": 0.5017103415978372, "41": 0.05064026113467643, "42": 0.5008425729500072, "43": 0.5012037310126471, "44": 0.5016162234828329, "45": 0.5015753133027717, "46": 0.5015650889588397, "47": 0.5011168295684734, "48": 0.5013997866329071, "49": 0.5012126810144144, "50": 0.5010561839185842, "51": 0.050694513746218, "52": 0.5006522519262919, "53": 0.05108837650046445, "54": 0.0507162212852276, "55": 0.5015338611080983, "56": 0.05079559967618409, "57": 0.5015777739897291, "58": 0.501652384560027, "59": 0.5012565884763438, "60": 0.5013318416036389, "61": 0.050672806207208404, "62": 0.5016050453869076, "63": 0.5015432956588919, "64": 0.5018354862143153, "65": 0.5014466719826571, "66": 0.5016380277524395, "67": 0.05061627399004474, "68": 0.05021477412940514, "69": 0.5015344340509522, "70": 0.5014945685544148, "71": 0.5014994068848764, "72": 0.5017565054129604, "73": 0.501535963495154, "74": 0.5015432956588919, "75": 0.501504982222861, "76": 0.5016560938890604, "77": 0.050631784890702275, "78": 0.5011869695194158, "79": 0.05060928419355243, "80": 0.5015338611080983, "81": 0.5015040999386822, "82": 0.5015918196564928, "83": 0.050694513746218, "84": 0.5018020152302487, "85": 0.5016526475436246, "86": 0.5015208979071685, "87": 0.5014416724631382, "88": 0.05079559967618409, "89": 0.05060928419355243, "90": 0.5015918196564928, "91": 0.5014145351974475, "92": 0.5008339751506169, "93": 0.5012695383288424, "94": 0.5017120831807032, "95": 0.5006018655063236, "96": 0.5015314823810116, "97": 0.05052895186612137, "98": 0.5013997866329071, "99": 0.5008263237718122}, "1": {"0": 0.051217325381692214, "1": 0.503387300458245, "2": 0.0507696767063072, "3": 0.5034112997188069, "4": 0.5038541103725138, "5": 0.5035644083145903, "6": 0.050977647479789064, "7": 0.5034266077392309, "8": 0.050813461391616396, "9": 0.5033794991841793, "10": 0.051022715768629504, "11": 0.5034146922711953, "12": 0.5030007239286998, "13": 0.05115965162290443, "14": 0.5031409535361572, "15": 0.05071521524741344, "16": 0.5038541103725138, "17": 0.5034112997188069, "18": 0.5027296034416748, "19": 0.5034146922711953, "20": 0.5032305850937562, "21": 0.5031877240035934, "22": 0.05115965162290443, "23": 0.5037486184853432, "24": 0.5032833274804756, "25": 0.05053646860012034, "26": 0.05052160774454206, "27": 0.5023084057478009, "28": 0.0508263677363098, "29": 0.05123750656825952, "30": 0.05091526470020283, "31": 0.5023084057478009, "32": 0.5024661558037182, "33": 0.5012473139402263, "34": 0.0507505700976221, "35": 0.5030007239286998, "36": 0.503674555835647, "37": 0.5022130650119367, "38": 0.05129448413329063, "39": 0.5034955400764017, "40": 0.050647242066645316, "41": 0.5024905880194626, "42": 0.5026129528708176, "43": 0.05131060639932376, "44": 0.0504067306958082, "45": 0.051018393200962256, "46": 0.5038395601536632, "47": 0.05076777162139272, "48": 0.5034148905147735, "49": 0.5018744330224132, "50": 0.5027885485215066, "51": 0.5040124485041071, "52": 0.051043215489084116, "53": 0.5012942462560573, "54": 0.5031027900949827, "55": 0.5032203287308007, "56": 0.5031575048999756, "57": 0.5031575048999756, "58": 0.5036593317269071, "59": 0.0508263677363098, "60": 0.503387300458245, "61": 0.5016722200446427, "62": 0.5028980841362649, "63": 0.5028480585608612, "64": 0.5031409535361572, "65": 0.5016101643654003, "66": 0.5038576950812954, "67": 0.5037486184853432, "68": 0.5035644083145903, "69": 0.05138897790930823, "70": 0.051144144950195924, "71": 0.05065530319966188, "72": 0.05081213619944341, "73": 0.5025573650668956, "74": 0.5016268475719421, "75": 0.05037528504881105, "76": 0.5025679127217166, "77": 0.050457632350101415, "78": 0.5022597469854734, "79": 0.05059857209756245, "80": 0.05119078230382065, "81": 0.5030004371156238, "82": 0.5032059529627264, "83": 0.051144144950195924, "84": 0.5013942742607533, "85": 0.5031877240035934, "86": 0.5024905880194626, "87": 0.5033910288885193, "88": 0.5012330779018591, "89": 0.5034006043233532, "90": 0.5023270094851318, "91": 0.502647010365515, "92": 0.5016029764813632, "93": 0.5028203806065151, "94": 0.050747932469538216, "95": 0.502647010365515, "96": 0.5033910288885193, "97": 0.5015002185578119, "98": 0.0507696767063072, "99": 0.5022130650119367}, "2": {"0": 0.49908628021509716, "1": 0.49903248137519535, "2": 0.4988523422536544, "3": 0.49908628021509716, "4": 0.9484613032823528, "5": 0.4989000822566811, "6": 0.49906707941949424, "7": 0.49882659084353087, "8": 0.4988833362010415, "9": 0.49899519584306784, "10": 0.4988755440058137, "11": 0.49884100945034315, "12": 0.49895062182294125, "13": 0.4989081814663857, "14": 0.49908055291737574, "15": 0.9495470570996187, "16": 0.49946361129247185, "17": 0.9489004063713249, "18": 0.49882392802270864, "19": 0.49882392802270864, "20": 0.4986734653826228, "21": 0.4988529733789091, "22": 0.4988677721784702, "23": 0.4989495909135724, "24": 0.9495470570996187, "25": 0.49866446855374147, "26": 0.4989577370357735, "27": 0.4988812787179841, "28": 0.4988256215077287, "29": 0.949552520161401, "30": 0.4988146865421377, "31": 0.4989115163189139, "32": 0.4988171047405153, "33": 0.498793823902974, "34": 0.4989089140457138, "35": 0.498929349998573, "36": 0.49875243528746394, "37": 0.49885123361673867, "38": 0.9489075839888075, "39": 0.9492778333950804, "40": 0.4989367473049936, "41": 0.9496062517825653, "42": 0.9489075839888075, "43": 0.9490300297077334, "44": 0.4994042916432633, "45": 0.49877763768124805, "46": 0.49936020331304753, "47": 0.4990159402375317, "48": 0.4991049324391028, "49": 0.4988812787179841, "50": 0.4988946147738856, "51": 0.9490848803685379, "52": 0.4990700030342551, "53": 0.9485507286930958, "54": 0.9484630475705239, "55": 0.9487135445160559, "56": 0.4989495909135724, "57": 0.4989081814663857, "58": 0.498793823902974, "59": 0.9489198306511661, "60": 0.49875243528746394, "61": 0.949231523785262, "62": 0.4988130244378908, "63": 0.49875528073348663, "64": 0.9486606896673125, "65": 0.4990067460588711, "66": 0.49905823165838464, "67": 0.4987559671149971, "68": 0.9489659224757252, "69": 0.49896703369085393, "70": 0.49896703369085393, "71": 0.4987252391555884, "72": 0.9490300297077334, "73": 0.4987874309123006, "74": 0.9491460340717588, "75": 0.4988685908888616, "76": 0.9487294815480538, "77": 0.4988171047405153, "78": 0.4988130244378908, "79": 0.49934441515234573, "80": 0.49899519584306784, "81": 0.9492845635218727, "82": 0.9491460340717588, "83": 0.49899010910828445, "84": 0.4990171504220344, "85": 0.4987874309123006, "86": 0.9493001319104334, "87": 0.49885625822549645, "88": 0.4990171504220344, "89": 0.4990067460588711, "90": 0.49944730738694276, "91": 0.49895062182294125, "92": 0.49885123361673867, "93": 0.49882659084353087, "94": 0.4993964708463058, "95": 0.9487294815480538, "96": 0.9486606896673125, "97": 0.49884342821445704, "98": 0.498929349998573, "99": 0.4991049324391028}, "3": {"0": 0.5008426464228821, "1": 0.5007527718099536, "2": 0.50084537719419, "3": 0.5006969828999404, "4": 0.5008539456656496,