{"0": {"0": 0.3792464907587399, "1": 0.32608266950304315, "2": 0.1600069891935727, "3": 0.281928538037851, "4": 0.374933699615824, "5": 0.1977025040359745, "6": 0.34399653980502065, "7": 0.41260467801895173, "8": 0.1563955441832054, "9": 0.19788239036635966, "10": 0.3304025274079265, "11": 0.3368379945365728, "12": 0.3876629740522417, "13": 0.18443347898717077, "14": 0.28257765022917525, "15": 0.3050642691307942, "16": 0.37432114858812043, "17": 0.25665117073102073, "18": 0.3475464568630864, "19": 0.27333611470457153, "20": 0.2458276924907309, "21": 0.19986570650795213, "22": 0.23703716989400125, "23": 0.3712154574800797, "24": 0.32913423574880685, "25": 0.20582585387993052, "26": 0.13968776190812118, "27": 0.2725559489729292, "28": 0.2247922478033223, "29": 0.1847851106524208, "30": 0.3473487265026741, "31": 0.27577142214948086, "32": 0.3539388661746688, "33": 0.37709505556836276, "34": 0.3252211269993032, "35": 0.3700527171837219, "36": 0.29259935148542127, "37": 0.2253093913490118, "38": 0.17000232071422997, "39": 0.32066854422329194, "40": 0.9499999987589358, "41": 0.14791384624536544, "42": 0.2962973776139683, "43": 0.9499999987589358, "44": 0.3755033248503688, "45": 0.37955058427741006, "46": 0.35464826106128233, "47": 0.18443347898717077, "48": 0.15735102029924428, "49": 0.1618436786990726, "50": 0.2052114804542609, "51": 0.2866468435787206, "52": 0.37152885600483576, "53": 0.25665117073102073, "54": 0.28257765022917525, "55": 0.1659660679356724, "56": 0.34399653980502065, "57": 0.31248304554310785, "58": 0.16466443969689534, "59": 0.3085901756410375, "60": 0.32608266950304315, "61": 0.257204833129793, "62": 0.2774347994098857, "63": 0.3506729684283032, "64": 0.37955058427741006, "65": 0.13967195548935554, "66": 0.18179681980163678, "67": 0.41410922006689443, "68": 0.2977616884594779, "69": 0.2052114804542609, "70": 0.3415501999852953, "71": 0.34675728170139297, "72": 0.22932810455994546, "73": 0.257204833129793, "74": 0.2425529271801028, "75": 0.16466443969689534, "76": 0.2977616884594779, "77": 0.3199018219554215, "78": 0.38083511190512, "79": 0.3755033248503688, "80": 0.41520126370396326, "81": 0.37709505556836276, "82": 0.2487649484389907, "83": 0.3310427411173068, "84": 0.3252211269993032, "85": 0.4145671178744034, "86": 0.1683234217893603, "87": 0.17179065865393806, "88": 0.29457980674519096, "89": 0.31248304554310785, "90": 0.3368379945365728, "91": 0.3085901756410375, "92": 0.17314868880698414, "93": 0.17179065865393806, "94": 0.2921361309516651, "95": 0.3415501999852953, "96": 0.35464826106128233, "97": 0.1977025040359745, "98": 0.4237732284315432, "99": 0.32066854422329194}, "1": {"0": 0.9499999996158124, "1": 0.27169383499405775, "2": 0.319427330195818, "3": 0.3674653942310365, "4": 0.27790125902108853, "5": 0.9499999995952861, "6": 0.29081954648219355, "7": 0.2695341514850259, "8": 0.17304084174123704, "9": 0.2724086814625294, "10": 0.35378145725879107, "11": 0.2711893194121907, "12": 0.19861618467178965, "13": 0.260559737381137, "14": 0.2994368960673772, "15": 0.2364519982821147, "16": 0.3181640861185865, "17": 0.21559838724334307, "18": 0.30911950679880673, "19": 0.3592617793316908, "20": 0.2722763893599967, "21": 0.2862086307588484, "22": 0.16296768081720073, "23": 0.42215772353178305, "24": 0.33013764952673463, "25": 0.09805232051468446, "26": 0.9499999996021282, "27": 0.11152042087061853, "28": 0.286185243699014, "29": 0.35974233679384626, "30": 0.4096685868929384, "31": 0.2845804962725388, "32": 0.3954097732410968, "33": 0.1673125666352756, "34": 0.34058327184196185, "35": 0.17314716110161246, "36": 0.2989492809359928, "37": 0.13948218159681364, "38": 0.4301601555723009, "39": 0.4053596948631601, "40": 0.2364519982821147, "41": 0.29519840536046443, "42": 0.34810377754590865, "43": 0.25844584627979783, "44": 0.3897040598474176, "45": 0.2198520299237088, "46": 0.3307587681119163, "47": 0.19751348956841072, "48": 0.12460604647020648, "49": 0.1673125666352756, "50": 0.42215772353178305, "51": 0.34161253184257223, "52": 0.14400424399091116, "53": 0.271083506954335, "54": 0.3323222598391162, "55": 0.37642235889808273, "56": 0.949999999797643, "57": 0.23594694584770404, "58": 0.2695341514850259, "59": 0.1795129607158958, "60": 0.12375674478420537, "61": 0.3674653942310365, "62": 0.21559838724334307, "63": 0.348221549231005, "64": 0.15048520871126284, "65": 0.15104186505377906, "66": 0.3975992026802322, "67": 0.30786113399222514, "68": 0.37642235889808273, "69": 0.17699395682492566, "70": 0.26888829978321405, "71": 0.23493029178164235, "72": 0.23594694584770404, "73": 0.32971067560997874, "74": 0.30786113399222514, "75": 0.25143720890682475, "76": 0.3323222598391162, "77": 0.20377560667967917, "78": 0.2845804962725388, "79": 0.23493029178164235, "80": 0.2785029609942813, "81": 0.25844584627979783, "82": 0.09700212199545558, "83": 0.2742748748219801, "84": 0.2216887884293339, "85": 0.2989492809359928, "86": 0.18985533780498937, "87": 0.3858469174970289, "88": 0.3592617793316908, "89": 0.28623201781868285, "90": 0.29062241527322275, "91": 0.33013764952673463, "92": 0.348221549231005, "93": 0.35974233679384626, "94": 0.19861618467178965, "95": 0.2785029609942813, "96": 0.3419999960659453, "97": 0.34161253184257223, "98": 0.2742748748219801, "99": 0.3931043153794242}, "2": {"0": 0.4999999994202484, "1": 0.49999999917715116, "2": 0.49999999948844337, "3": 0.49999999945213613, "4": 0.4999999996003781, "5": 0.4999999990623568, "6": 0.49999999966132985, "7": 0.4999999992526549, "8": 0.4999999996204221, "9": 0.4999999992576483, "10": 0.4999999996234912, "11": 0.4999999996060538, "12": 0.49999999932402206, "13": 0.499999999227359, "14": 0.49999999942182305, "15": 0.4999999992747943, "16": 0.49999999957705277, "17": 0.4999999994268574, "18": 0.4999999991659242, "19": 0.499999999235286, "20": 0.49999999966526054, "21": 0.4999999992803997, "22": 0.4999999996060538, "23": 0.49999999920161065, "24": 0.49999999952268925, "25": 0.49999999934369327, "26": 0.49999999956385804, "27": 0.49999999960215913, "28": 0.4999999993833674, "29": 0.4999999996290677, "30": 0.4999999993620935, "31": 0.4999999992449085, "32": 0.49999999931420236, "33": 0.4999999993586578, "34": 0.4999999997026906, "35": 0.4999999994083288, "36": 0.49999999958448194, "37": 0.4999999993887492, "38": 0.49999999932623107, "39": 0.4999999992576483, "40": 0.49999999964514574, "41": 0.49999999938328266, "42": 0.49999999945213613, "43": 0.4999999991162803, "44": 0.49999999960773184, "45": 0.49999999926325334, "46": 0.4999999991937249, "47": 0.49999999912555526, "48": 0.4999999996943746, "49": 0.4999999990871642, "50": 0.49999999938131623, "51": 0.4999999995890397, "52": 0.4999999991456276, "53": 0.49999999922907673, "54": 0.49999999962909614, "55": 0.49999999952872587, "56": 0.4999999994542526, "57": 0.4999999994859975, "58": 0.49999999972763565, "59": 0.4999999994083288, "60": 0.49999999930991634, "61": 0.49999999934572986, "62": 0.49999999952268925, "63": 0.499999999183099, "64": 0.4999999991456276, "65": 0.49999999917715116, "66": 0.49999999940874784, "67": 0.49999999929095945, "68": 0.49999999958448194, "69": 0.4999999993068568, "70": 0.49999999938131623, "71": 0.49999999959229435, "72": 0.4999999997432383, "73": 0.4999999994542526, "74": 0.49999999959329905, "75": 0.49999999938819906, "76": 0.4999999993454793, "77": 0.4999999996718466, "78": 0.49999999929095945, "79": 0.49999999919723004, "80": 0.49999999918103344, "81": 0.49999999930991634, "82": 0.4999999997691588, "83": 0.49999999933027306, "84": 0.499999999543155, "85": 0.49999999965586883, "86": 0.4999999994859975, "87": 0.4999999993620935, "88": 0.49999999938328266, "89": 0.49999999933027306, "90": 0.49999999933508377, "91": 0.49999999933508377, "92": 0.49999999938819906, "93": 0.4999999992449085, "94": 0.49999999976436293, "95": 0.49999999912555526, "96": 0.49999999944778933, "97": 0.49999999980018905, "98": 0.4999999996534284, "99": 0.49999999934572986}, "3": {"0": 0.5000000000122162, "1": 0.5000000000073415,