{"0": {"0": 0.6260300980801521, "1": 0.9499999971870947, "2": 0.9499999961042922, "3": 0.9499999962642252, "4": 0.3660172383916163, "5": 0.7059687721556467, "6": 0.9499999966931238, "7": 0.050000003550577016, "8": 0.05000000513733759, "9": 0.7013433834332241, "10": 0.6736504050221566, "11": 0.7252671888491153, "12": 0.44135943526748556, "13": 0.4992701742820519, "14": 0.050000005651139295, "15": 0.05000000496635627, "16": 0.05000000405592745, "17": 0.9499999980277586, "18": 0.37936112863470767, "19": 0.7073831795951484, "20": 0.29512121980825357, "21": 0.48153390849508493, "22": 0.9499999967408528, "23": 0.9499999961033065, "24": 0.3409304605582567, "25": 0.3669167917001306, "26": 0.2502793282979965, "27": 0.9499999961381745, "28": 0.48153390849508493, "29": 0.05000000294768352, "30": 0.37936112863470767, "31": 0.7013433834332241, "32": 0.0500000060623606, "33": 0.9499999984153196, "34": 0.9499999966931238, "35": 0.2502793282979965, "36": 0.29335075427023277, "37": 0.9499999971870947, "38": 0.29335075427023277, "39": 0.9499999984153196, "40": 0.33176859062777087, "41": 0.05000000303677531, "42": 0.4992701742820519, "43": 0.050000005644445886, "44": 0.6206436982362826, "45": 0.5532880880542737, "46": 0.9499999980690872, "47": 0.05000000560791931, "48": 0.0500000033960076, "49": 0.05000000496635627, "50": 0.05000000528384255, "51": 0.44135943526748556, "52": 0.33176859062777087, "53": 0.542740845952316, "54": 0.9499999972080437, "55": 0.9499999983704264, "56": 0.9499999981502582, "57": 0.3660172383916163, "58": 0.05000000640025872, "59": 0.37936112863470767, "60": 0.94999999675428, "61": 0.25175067949541363, "62": 0.6736504050221566, "63": 0.050000004402863146, "64": 0.4659088140069802, "65": 0.0500000050862052, "66": 0.5532880880542737, "67": 0.4659088140069802, "68": 0.4243850018444223, "69": 0.25175067949541363, "70": 0.050000004639910924, "71": 0.050000004167426365, "72": 0.7013433834332241, "73": 0.4489349056911883, "74": 0.4992701742820519, "75": 0.7252671888491153, "76": 0.4489349056911883, "77": 0.6206436982362826, "78": 0.3409304605582567, "79": 0.3669167917001306, "80": 0.5532880880542737, "81": 0.050000002201431575, "82": 0.050000002543102606, "83": 0.6260300980801521, "84": 0.33176859062777087, "85": 0.542740845952316, "86": 0.7059687721556467, "87": 0.05000000604209809, "88": 0.05000000280395966, "89": 0.050000004639910924, "90": 0.29512121980825357, "91": 0.4489349056911883, "92": 0.05000000405592745, "93": 0.25175067949541363, "94": 0.94999999675428, "95": 0.050000002641921275, "96": 0.4243850018444223, "97": 0.7073831795951484, "98": 0.37936112863470767, "99": 0.9499999961042922}, "1": {"0": 0.05000001358692624, "1": 0.5897451477011919, "2": 0.9499999890721265, "3": 0.050000021212326426, "4": 0.9499999882575589, "5": 0.9499999830974601, "6": 0.6063182349426073, "7": 0.3176847952569871, "8": 0.3631736309192304, "9": 0.9499999807051527, "10": 0.6933954670435185, "11": 0.05000001719748891, "12": 0.651555706102023, "13": 0.46308230874180356, "14": 0.9499999774956204, "15": 0.6460307785298861, "16": 0.050000026504105205, "17": 0.05000001366550463, "18": 0.35585168677909346, "19": 0.508083563126015, "20": 0.5463534366431095, "21": 0.6460307785298861, "22": 0.5071419730945455, "23": 0.5735036826207469, "24": 0.050000020539276685, "25": 0.05000002323713287, "26": 0.050000020539276685, "27": 0.28467289977212473, "28": 0.2584298513818158, "29": 0.05000001353557231, "30": 0.5735036826207469, "31": 0.40793269536972354, "32": 0.4231353438927731, "33": 0.949999972551231, "34": 0.5463534366431095, "35": 0.5203385286817328, "36": 0.9499999716157848, "37": 0.05000001974870294, "38": 0.7186325191676626, "39": 0.28467289977212473, "40": 0.508083563126015, "41": 0.3176847952569871, "42": 0.4311786073737213, "43": 0.7231345929032371, "44": 0.050000023697377396, "45": 0.9499999821139338, "46": 0.34205607573925245, "47": 0.949999972551231, "48": 0.9499999797433081, "49": 0.5071419730945455, "50": 0.7186325191676626, "51": 0.9499999732424925, "52": 0.5203385286817328, "53": 0.4231353438927731, "54": 0.05000001653340359, "55": 0.6315771331315825, "56": 0.05000002131308059, "57": 0.0500000211697254, "58": 0.050000014296535944, "59": 0.05000001365586096, "60": 0.7186325191676626, "61": 0.050000007382970044, "62": 0.7231345929032371, "63": 0.2584298513818158, "64": 0.6933954670435185, "65": 0.05000001358692624, "66": 0.40793269536972354, "67": 0.7226782794847431, "68": 0.7226782794847431, "69": 0.31205244207130445, "70": 0.9499999732424925, "71": 0.05000000507893271, "72": 0.9499999782448496, "73": 0.5557539705762684, "74": 0.9499999831268018, "75": 0.05000001128161887, "76": 0.6063182349426073, "77": 0.05000000898828669, "78": 0.34205607573925245, "79": 0.050000023697377396, "80": 0.05000002364036242, "81": 0.050000021520832494, "82": 0.9499999821139338, "83": 0.31205244207130445, "84": 0.05000001128161887, "85": 0.9499999866242527, "86": 0.9499999866242527, "87": 0.651555706102023, "88": 0.4311786073737213, "89": 0.05000001974870294, "90": 0.6315771331315825, "91": 0.9499999830974601, "92": 0.5557539705762684, "93": 0.3631736309192304, "94": 0.05000001513061239, "95": 0.508083563126015, "96": 0.5897451477011919, "97": 0.35585168677909346, "98": 0.46308230874180356, "99": 0.05000001353557231}, "2": {"0": 0.5619012551826625, "1": 0.31466790092028585, "2": 0.9499999878322996, "3": 0.3595762280341718, "4": 0.050000009936108564, "5": 0.5559431011114788, "6": 0.9499999866053723, "7": 0.050000010439027784, "8": 0.31466790092028585, "9": 0.05000000876466093, "10": 0.9499999858526749, "11": 0.050000004025555184, "12": 0.050000006326747906, "13": 0.5439874311902961, "14": 0.949999993508428, "15": 0.050000010067624126, "16": 0.50401732720883, "17": 0.9499999856706434, "18": 0.6060150337833659, "19": 0.05000000987337424, "20": 0.5694884606847297, "21": 0.5668763249684329, "22": 0.664556279477192, "23": 0.9499999897214738, "24": 0.6060150337833659, "25": 0.9499999897214738, "26": 0.05000000848247095, "27": 0.6041694045746471, "28": 0.664556279477192, "29": 0.5121966668861264, "30": 0.0500000070939446, "31": 0.30136962814854246, "32": 0.050000009284309185, "33": 0.9499999897138973, "34": 0.9499999939161498, "35": 0.05000000790697358, "36": 0.3492134213828427, "37": 0.9499999882548742, "38": 0.30136962814854246, "39": 0.949999987459047, "40": 0.05000000689909677, "41": 0.6041694045746471, "42": 0.31392287173598066, "43": 0.9499999915255739, "44": 0.0500000060422051, "45": 0.05000000521951389, "46": 0.5559431011114788, "47": 0.47132299617414564, "48": 0.3786742016129299, "49": 0.7277359000141597, "50": 0.0500000035469723, "51": 0.3595762280341718, "52": 0.47132299617414564, "53": 0.3786742016129299, "54": 0.9499999871407484, "55": 0.050000009130566916, "56": 0.050000005956537245, "57": 0.6739183665214525, "58": 0.0500000043256776, "59": 0.9499999882559984, "60": 0.5121966668861264, "61": 0.9499999883737513, "62": 0.050000006326747906, "63": 0.664556279477192, "64": 0.050000005956537245, "65": 0.5668763249684329, "66": 0.9499999948569486, "67": 0.4339120417192952, "68": 0.42578101723490785, "69": 0.9499999871407484, "70": 0.6739183665214525, "71": 0.9499999925222349, "72": 0.7030956263505512, "73": 0.0500000043256776, "74": 0.5694884606847297, "75": 0.9499999858526749, "76": 0.9499999931579988, "77": 0.050000003449548386, "78": 0.9499999890817978, "79": 0.9499999882559984, "80": 0.05000000438233047, "81": 0.5619012551826625, "82": 0.7030956263505512, "83": 0.6060150337833659, "84": 0.050000009936108564, "85": 0.9499999962611174, "86": 0.9499999890817978, "87": 0.31392287173598066, "88": 0.7030956263505512, "89": 0.664556279477192, "90": 0.42578101723490785, "91": 0.9499999957627869, "92": 0.949999987459047, "93": 0.5439874311902961, "94": 0.050000010067624126, "95": 0.7277359000141597, "96": 0.4339120417192952, "97": 0.5121966668861264, "98": 0.50401732720883, "99": 0.3492134213828427}, "3": {"0": 0.949999991323962, "1": 0.9499999965690478, "2": 0.9499999912378998,