{"0": {"0": 0.49999999999992895, "1": 0.05000000000016788, "2": 0.4999999999999429, "3": 0.050000000000360825, "4": 0.05000000000027613, "5": 0.0500000000003159, "6": 0.49999999999992895, "7": 0.050000000000186215, "8": 0.9499999999991448, "9": 0.7013018631818517, "10": 0.05000000000030937, "11": 0.949999999998757, "12": 0.49999999999994627, "13": 0.9499999999992517, "14": 0.4999999999999478, "15": 0.05000000000026787, "16": 0.49999999999995764, "17": 0.050000000000163476, "18": 0.9499999999990665, "19": 0.49999999999993455, "20": 0.49999999999995204, "21": 0.4999999999999528, "22": 0.05000000000035641, "23": 0.49999999999994155, "24": 0.9499999999997204, "25": 0.49999999999996725, "26": 0.49999999999992983, "27": 0.9499999999992844, "28": 0.050000000000181205, "29": 0.49999999999992983, "30": 0.05000000000011767, "31": 0.0500000000003531, "32": 0.49999999999995104, "33": 0.4999999999999708, "34": 0.9499999999995927, "35": 0.4999999999999706, "36": 0.9499999999988227, "37": 0.9499999999989208, "38": 0.4999999999999535, "39": 0.49999999999996214, "40": 0.4999999999999685, "41": 0.05000000000019612, "42": 0.050000000000280403, "43": 0.7060685576599581, "44": 0.49999999999995814, "45": 0.49999999999992484, "46": 0.949999999999386, "47": 0.4999999999999465, "48": 0.0500000000002027, "49": 0.050000000000176056, "50": 0.4999999999999418, "51": 0.49999999999994754, "52": 0.7060685576599581, "53": 0.05000000000029063, "54": 0.05000000000015795, "55": 0.4999999999999516, "56": 0.49999999999994416, "57": 0.49999999999995304, "58": 0.9499999999991717, "59": 0.0500000000003531, "60": 0.49999999999995903, "61": 0.49999999999994754, "62": 0.4999999999999777, "63": 0.050000000000360825, "64": 0.4999999999999708, "65": 0.05000000000022009, "66": 0.7013018631818517, "67": 0.4999999999999767, "68": 0.4999999999999721, "69": 0.4999999999999645, "70": 0.49999999999995304, "71": 0.4999999999999551, "72": 0.49999999999997324, "73": 0.49999999999995903, "74": 0.9499999999992117, "75": 0.4999999999999645, "76": 0.4999999999999497, "77": 0.05000000000007545, "78": 0.949999999998757, "79": 0.05000000000019612, "80": 0.9499999999996422, "81": 0.05000000000011005, "82": 0.49999999999994627, "83": 0.49999999999995764, "84": 0.4999999999999762, "85": 0.9499999999995723, "86": 0.9499999999990896, "87": 0.949999999999693, "88": 0.9499999999988227, "89": 0.49999999999998107, "90": 0.4999999999999429, "91": 0.49999999999995104, "92": 0.49999999999996947, "93": 0.050000000000138066, "94": 0.499999999999976, "95": 0.050000000000280403, "96": 0.05000000000008174, "97": 0.4999999999999535, "98": 0.050000000000154685, "99": 0.9499999999990665}, "1": {"0": 0.9499999999998363, "1": 0.9499999999998465, "2": 0.05000000000006223, "3": 0.4999999999994335, "4": 0.49999999999939637, "5": 0.49999999999942213, "6": 0.050000000000067046, "7": 0.05000000000006338, "8": 0.9499999999997603, "9": 0.9499999999998086, "10": 0.49999999999924505, "11": 0.9499999999997962, "12": 0.9499999999997277, "13": 0.9499999999998099, "14": 0.49999999999972783, "15": 0.0500000000000798, "16": 0.4999999999997206, "17": 0.9499999999997507, "18": 0.49999999999943384, "19": 0.4999999999995765, "20": 0.4999999999995857, "21": 0.49999999999972355, "22": 0.4999999999997429, "23": 0.9499999999999194, "24": 0.05000000000004971, "25": 0.9499999999997936, "26": 0.9499999999997408, "27": 0.9499999999998099, "28": 0.050000000000107195, "29": 0.9499999999998086, "30": 0.2705891962474377, "31": 0.49999999999974215, "32": 0.4999999999995921, "33": 0.7143963080434608, "34": 0.49999999999952627, "35": 0.9499999999999422, "36": 0.499999999999425, "37": 0.05000000000008934, "38": 0.49999999999979855, "39": 0.9499999999997913, "40": 0.4999999999996382, "41": 0.949999999999794, "42": 0.9499999999998456, "43": 0.949999999999851, "44": 0.05000000000009431, "45": 0.050000000000110734, "46": 0.49999999999960937, "47": 0.49999999999968137, "48": 0.499999999999437, "49": 0.9499999999998927, "50": 0.05000000000009126, "51": 0.9499999999997277, "52": 0.4999999999996382, "53": 0.050000000000033976, "54": 0.4999999999997681, "55": 0.49999999999944866, "56": 0.050000000000081216, "57": 0.49999999999952965, "58": 0.949999999999763, "59": 0.49999999999956096, "60": 0.4999999999996531, "61": 0.4999999999994639, "62": 0.2705891962474377, "63": 0.4999999999997409, "64": 0.4999999999996526, "65": 0.050000000000122925, "66": 0.4999999999994639, "67": 0.4999999999995043, "68": 0.49999999999945766, "69": 0.9499999999997953, "70": 0.9499999999998205, "71": 0.49999999999945766, "72": 0.05000000000008934, "73": 0.499999999999588, "74": 0.4999999999996145, "75": 0.9499999999997408, "76": 0.9499999999998927, "77": 0.05000000000004563, "78": 0.9499999999999333, "79": 0.4999999999996145, "80": 0.4999999999998047, "81": 0.05000000000004716, "82": 0.949999999999898, "83": 0.4999999999993468, "84": 0.7143963080434608, "85": 0.4999999999997206, "86": 0.49999999999956096, "87": 0.9499999999998099, "88": 0.4999999999998266, "89": 0.05000000000004061, "90": 0.4999999999996504, "91": 0.49999999999952965, "92": 0.7474768920416859, "93": 0.7474768920416859, "94": 0.9499999999999255, "95": 0.9499999999998969, "96": 0.4999999999998252, "97": 0.9499999999999181, "98": 0.2705891962474377, "99": 0.49999999999979283}, "2": {"0": 0.050000000000439054, "1": 0.49999999999984085, "2": 0.05000000000045235, "3": 0.050000000000514376, "4": 0.4999999999996917, "5": 0.499999999999861, "6": 0.9499999999997248, "7": 0.9499999999993749, "8": 0.9499999999996874, "9": 0.9499999999995028, "10": 0.9499999999995339, "11": 0.7047900087794277, "12": 0.2924325114050287, "13": 0.9499999999996751, "14": 0.4999999999997289, "15": 0.49999999999980116, "16": 0.050000000000242656, "17": 0.49999999999979594, "18": 0.05000000000038658, "19": 0.050000000000634544, "20": 0.05000000000059208, "21": 0.05000000000036445, "22": 0.4999999999996005, "23": 0.4999999999997614, "24": 0.49999999999971434, "25": 0.9499999999997304, "26": 0.49999999999978895, "27": 0.4999999999997401, "28": 0.05000000000059831, "29": 0.9499999999995219, "30": 0.9499999999997609, "31": 0.49999999999976874, "32": 0.9499999999997205, "33": 0.4999999999997735, "34": 0.050000000000570234, "35": 0.05000000000020113, "36": 0.4999999999997512, "37": 0.05000000000053147, "38": 0.9499999999994241, "39": 0.050000000000634544, "40": 0.05000000000048563, "41": 0.9499999999994035, "42": 0.49999999999968414, "43": 0.7047900087794277, "44": 0.4999999999996867, "45": 0.9499999999995266, "46": 0.9499999999992658, "47": 0.4999999999997984, "48": 0.4999999999997735, "49": 0.49999999999987005, "50": 0.4999999999998357, "51": 0.4999999999998794, "52": 0.9499999999993671, "53": 0.49999999999968836, "54": 0.49999999999984335, "55": 0.49999999999988437, "56": 0.05000000000030188, "57": 0.4999999999997045, "58": 0.49999999999978895, "59": 0.05000000000063192, "60": 0.9499999999996172, "61": 0.9499999999995603, "62": 0.050000000000457144, "63": 0.49999999999971645, "64": 0.9499999999997499, "65": 0.49999999999971473, "66": 0.2924325114050287, "67": 0.0500000000001658, "68": 0.4999999999999006, "69": 0.49999999999987166, "70": 0.49999999999985856, "71": 0.05000000000021544, "72": 0.05000000000058728, "73": 0.9499999999994737, "74": 0.49999999999989797, "75": 0.9499999999996835, "76": 0.9499999999995339, "77": 0.4999999999999305, "78": 0.49999999999985856, "79": 0.05000000000029915, "80": 0.050000000000439054, "81": 0.49999999999988753, "82": 0.9499999999994527, "83": 0.9499999999994527, "84": 0.9499999999998483, "85": 0.4999999999996718, "86": 0.49999999999971473, "87": 0.4999999999997794, "88": 0.05000000000031596, "89": 0.05000000000036796, "90": 0.49999999999984207, "91": 0.05000000000045235, "92": 0.9499999999994737, "93": 0.050000000000265735, "94": 0.49999999999994377, "95": 0.4999999999997794, "96": 0.050000000000182225, "97": 0.9499999999995603, "98": 0.4999999999998359, "99": 0.05000000000029364}, "3": {"0": 0.5000000000000642, "1": 0.5000000000000677,