{"0": {"0": 0.49999999344730817, "1": 0.4999999938934166, "2": 0.4999999945781844, "3": 0.4999999965436713, "4": 0.49999999310335186, "5": 0.49999999346086543, "6": 0.4999999931072211, "7": 0.49999999265782913, "8": 0.4999999923137244, "9": 0.49999999519452465, "10": 0.4999999942119205, "11": 0.49999999276441387, "12": 0.4999999961135617, "13": 0.49999999413772045, "14": 0.4999999921815955, "15": 0.4999999917507088, "16": 0.4999999940681364, "17": 0.4999999952585213, "18": 0.4999999927996342, "19": 0.49999999303086323, "20": 0.4999999940679322, "21": 0.49999999391854844, "22": 0.4999999970831999, "23": 0.49999999694670827, "24": 0.4999999954139672, "25": 0.4999999935786751, "26": 0.4999999952306193, "27": 0.49999999382969973, "28": 0.4999999927417311, "29": 0.4999999922963626, "30": 0.49999999618153773, "31": 0.4999999926356421, "32": 0.4999999918915245, "33": 0.4999999929071425, "34": 0.4999999937752146, "35": 0.49999999337303397, "36": 0.01541069027494757, "37": 0.4999999959457623, "38": 0.49999999226344666, "39": 0.4999999943744146, "40": 0.49999999370127934, "41": 0.49999999655167593, "42": 0.49999999384648863, "43": 0.4999999949854122, "44": 0.49999999293653397, "45": 0.49999999681519536, "46": 0.4999999917507088, "47": 0.4999999941357872, "48": 0.49999999447975274, "49": 0.49999999447975274, "50": 0.49999999430395503, "51": 0.4999999940426416, "52": 0.49999999540089934, "53": 0.49999999358586233, "54": 0.4999999928372158, "55": 0.4999999942605068, "56": 0.49999999728514755, "57": 0.4999999937752146, "58": 0.49999999664404116, "59": 0.49999999341187884, "60": 0.4999999942386571, "61": 0.4999999931891599, "62": 0.4999999928372158, "63": 0.49999999618153773, "64": 0.49999999483181573, "65": 0.4999999967357035, "66": 0.49999999371942916, "67": 0.49999999540012535, "68": 0.4999999969592742, "69": 0.4999999942579848, "70": 0.4999999954747324, "71": 0.49999999420337005, "72": 0.49999999532980366, "73": 0.49999999384648863, "74": 0.4999999951407844, "75": 0.4999999942846297, "76": 0.976977549231266, "77": 0.49999999642746656, "78": 0.49999999783548693, "79": 0.49999999359505193, "80": 0.49999999382969973, "81": 0.4999999943792631, "82": 0.4999999952585213, "83": 0.4999999971302534, "84": 0.4999999927996342, "85": 0.49999999265782913, "86": 0.4999999962453447, "87": 0.49999999642746656, "88": 0.4999999945454592, "89": 0.49999999766490183, "90": 0.49999999718963156, "91": 0.4999999942579848, "92": 0.4999999927417311, "93": 0.4999999935786751, "94": 0.4999999971193285, "95": 0.4999999943744146, "96": 0.49999999483181573, "97": 0.49999999638220693, "98": 0.4999999941357872, "99": 0.4999999951407844}, "1": {"0": 0.499999991566341, "1": 0.4999999946695874, "2": 0.4999999913542621, "3": 0.49999999222756486, "4": 0.49999999289883423, "5": 0.49999999073982715, "6": 0.4999999908897482, "7": 0.4999999937319143, "8": 0.4999999898746809, "9": 0.4999999924758202, "10": 0.4999999900591742, "11": 0.4999999953532779, "12": 0.4999999920196219, "13": 0.4999999947749312, "14": 0.4999999884056151, "15": 0.49999999059622435, "16": 0.4999999953527687, "17": 0.4999999903757401, "18": 0.49999999083185354, "19": 0.49999999479017804, "20": 0.49999998948316215, "21": 0.49999999179727944, "22": 0.4999999945095828, "23": 0.4999999925865578, "24": 0.4999999907553033, "25": 0.49999999443125076, "26": 0.4999999895632974, "27": 0.49999999604690337, "28": 0.49999999586044963, "29": 0.499999989370293, "30": 0.49999999273206897, "31": 0.49999999217060176, "32": 0.499999994772981, "33": 0.49999999130133393, "34": 0.49999999444996657, "35": 0.499999990857278, "36": 0.4999999871277617, "37": 0.4999999934941055, "38": 0.4999999902728848, "39": 0.4999999900591742, "40": 0.499999992336432, "41": 0.4999999921331277, "42": 0.49999999119022376, "43": 0.49999999142108836, "44": 0.4999999934881622, "45": 0.49999998926612027, "46": 0.4999999913739591, "47": 0.49999998948316215, "48": 0.49999999073982715, "49": 0.4999999917629451, "50": 0.49999999392279704, "51": 0.4999999903499558, "52": 0.4999999957999472, "53": 0.49999999479017804, "54": 0.4999999899759587, "55": 0.49999998968715714, "56": 0.49999999424020314, "57": 0.49999999145676666, "58": 0.49999999119022376, "59": 0.49999999006955265, "60": 0.49999999393117955, "61": 0.4999999977367819, "62": 0.49999999460157374, "63": 0.4999999923626167, "64": 0.49999999391441446, "65": 0.4999999898746809, "66": 0.49999999453618527, "67": 0.4999999912798523, "68": 0.4999999969613985, "69": 0.49999999203674217, "70": 0.4999999925865578, "71": 0.49999998968675735, "72": 0.4999999959976692, "73": 0.4999999919634802, "74": 0.499999992336432, "75": 0.49999999453618527, "76": 0.4999999934941055, "77": 0.4999999903757401, "78": 0.4999999913314318, "79": 0.49999999588147254, "80": 0.49999999111991117, "81": 0.49999999571733067, "82": 0.49999999049226185, "83": 0.49999999412411666, "84": 0.4999999926220139, "85": 0.4999999960183711, "86": 0.4999999946851465, "87": 0.4999999943806909, "88": 0.4999999913314318, "89": 0.49999998975833215, "90": 0.4999999912798523, "91": 0.4999999903499558, "92": 0.49999999273368717, "93": 0.4999999977367819, "94": 0.4999999963389253, "95": 0.49999999006955265, "96": 0.49999999618130836, "97": 0.4999999920196219, "98": 0.49999998926612027, "99": 0.49999999273206897}, "2": {"0": 0.49999999614877233, "1": 0.4999999930779022, "2": 0.49999999323644007, "3": 0.4999999940897175, "4": 0.49999999532422723, "5": 0.49999999260355543, "6": 0.4999999933871334, "7": 0.4999999937903872, "8": 0.499999993758006, "9": 0.49999999566883896, "10": 0.49999999193398736, "11": 0.49999999345655965, "12": 0.499999993827439, "13": 0.4999999943487353, "14": 0.49999999489034075, "15": 0.4999999971113861, "16": 0.49999999108306525, "17": 0.4999999923166692, "18": 0.49999999419032226, "19": 0.4999999931403164, "20": 0.4999999924046814, "21": 0.4999999939626107, "22": 0.49999999320318056, "23": 0.4999999937531181, "24": 0.4999999946086674, "25": 0.4999999976551686, "26": 0.4999999968951936, "27": 0.4999999913797708, "28": 0.4999999952737221, "29": 0.9911932657733648, "30": 0.49999999775184206, "31": 0.49999999682904495, "32": 0.4999999959368508, "33": 0.49999999277195184, "34": 0.499999992570218, "35": 0.49999999193398736, "36": 0.4999999946013884, "37": 0.49999999355562186, "38": 0.49999999453546207, "39": 0.499999994764468, "40": 0.4999999946086674, "41": 0.4999999948118905, "42": 0.4999999941111858, "43": 0.4999999936658911, "44": 0.49999999281553376, "45": 0.4999999937007389, "46": 0.49999999487134067, "47": 0.4999999963499987, "48": 0.49999999591772604, "49": 0.4999999927783298, "50": 0.49999999507440873, "51": 0.4999999943487353, "52": 0.49999999298971237, "53": 0.4999999951856785, "54": 0.4999999972903927, "55": 0.4999999951742017, "56": 0.49999999281553376, "57": 0.4999999932673554, "58": 0.49999999661822003, "59": 0.4999999953696692, "60": 0.49999999653132676, "61": 0.49999999591772604, "62": 0.4999999965701582, "63": 0.499999995509919, "64": 0.49999999369449194, "65": 0.49999999678681045, "66": 0.4999999951856785, "67": 0.4999999937531181, "68": 0.49999999401874506, "69": 0.4999999967074835, "70": 0.4999999977549595, "71": 0.49999999422557145, "72": 0.49999999465693246, "73": 0.49999999704485876, "74": 0.4999999952553402, "75": 0.4999999939626107, "76": 0.4999999948118905, "77": 0.4999999936116044, "78": 0.4999999930444108, "79": 0.4999999925159657, "80": 0.49999999753720437, "81": 0.4999999951742017, "82": 0.49999999368271925, "83": 0.4999999955302993, "84": 0.4999999953696692, "85": 0.4999999952737221, "86": 0.49999999320318056, "87": 0.49999999685036944, "88": 0.4999999936658911, "89": 0.49999999489034075, "90": 0.4999999941772247, "91": 0.49999999776514964, "92": 0.4999999970886123, "93": 0.4999999913797708, "94": 0.49999999663367767, "95": 0.4999999979684254, "96": 0.49999999465693246, "97": 0.49999999345655965, "98": 0.4999999941111858, "99": 0.49999999709516113}, "3": {"0": 0.500000009305335, "1": 0.5000000083251634, "2": 0.5000000100116178,