{"0": {"0": 0.25091851619867844, "1": 0.5000000149005803, "2": 0.500000019471164, "3": 0.5000000222709952, "4": 0.5000000210319663, "5": 0.5000000206534867, "6": 0.9499999886588606, "7": 0.7210686057173892, "8": 0.25295576768387046, "9": 0.5000000152127619, "10": 0.50000001461775, "11": 0.9499999879151383, "12": 0.5000000204962767, "13": 0.500000011814385, "14": 0.05000004493170758, "15": 0.5000000087095348, "16": 0.9499999883990558, "17": 0.5000000229559455, "18": 0.5000000190354222, "19": 0.5000000160334426, "20": 0.05000004425872222, "21": 0.9499999885355878, "22": 0.5000000197577351, "23": 0.0500000435162907, "24": 0.9499999863841713, "25": 0.5000000159833674, "26": 0.7210686057173892, "27": 0.5000000104156186, "28": 0.9499999868437675, "29": 0.5000000118304756, "30": 0.5000000075645962, "31": 0.25091851619867844, "32": 0.5000000210319663, "33": 0.500000020223051, "34": 0.9499999861741815, "35": 0.9499999846327429, "36": 0.050000026272336774, "37": 0.9499999889003323, "38": 0.5000000179863466, "39": 0.500000017327664, "40": 0.050000048306520904, "41": 0.5000000107339805, "42": 0.05000004493170758, "43": 0.05000005156535858, "44": 0.9499999912302343, "45": 0.5000000090129247, "46": 0.05000003340938425, "47": 0.5000000176460221, "48": 0.9499999898406064, "49": 0.5000000140908554, "50": 0.9499999892164303, "51": 0.5000000147451613, "52": 0.5000000189388334, "53": 0.9499999941995279, "54": 0.500000010422753, "55": 0.05000004415658356, "56": 0.9499999846650624, "57": 0.5000000229559455, "58": 0.9499999901815639, "59": 0.9499999939041819, "60": 0.5000000157549624, "61": 0.05000004289111361, "62": 0.05000004647798154, "63": 0.5000000159833674, "64": 0.050000041596897304, "65": 0.9499999921918434, "66": 0.9499999892164303, "67": 0.050000044939589115, "68": 0.500000019471164, "69": 0.5000000089931733, "70": 0.05000004201197961, "71": 0.5000000153888974, "72": 0.05000002578267929, "73": 0.5000000191454237, "74": 0.05000004636288753, "75": 0.50000001461775, "76": 0.050000044939589115, "77": 0.9499999944501661, "78": 0.9499999904146328, "79": 0.7210686057173892, "80": 0.05000004415658356, "81": 0.9499999868437675, "82": 0.5000000095727118, "83": 0.05000003284142643, "84": 0.9499999879151383, "85": 0.949999984035268, "86": 0.05000004197020534, "87": 0.9499999901815639, "88": 0.9499999921918434, "89": 0.5000000153888974, "90": 0.05000003284142643, "91": 0.5000000103267433, "92": 0.9499999904146328, "93": 0.9499999846327429, "94": 0.25295576768387046, "95": 0.050000021445556805, "96": 0.05000002098510267, "97": 0.5000000094694167, "98": 0.05000004647798154, "99": 0.5000000157549624}, "1": {"0": 0.949999806174182, "1": 0.05000000695205127, "2": 0.949999806174182, "3": 0.25207455595503026, "4": 0.949999822542722, "5": 0.5000000025084215, "6": 0.5000000010074381, "7": 0.5000000020763302, "8": 0.9499998025654655, "9": 0.5000000023501598, "10": 0.5000000022137698, "11": 0.05000000434156254, "12": 0.5000000021134112, "13": 0.05000000232855176, "14": 0.5000000022180301, "15": 0.9499998292559491, "16": 0.9499998216022696, "17": 0.9499998670609762, "18": 0.05000000388420904, "19": 0.9499998917461352, "20": 0.9499999047638223, "21": 0.5000000007336401, "22": 0.05000000659982947, "23": 0.5000000011086321, "24": 0.5000000017261381, "25": 0.5000000020325976, "26": 0.5000000014113206, "27": 0.5000000011196387, "28": 0.2841757770473214, "29": 0.5000000016155983, "30": 0.5000000022243704, "31": 0.5000000016307283, "32": 0.05000000528911895, "33": 0.5000000018750603, "34": 0.050000004645026394, "35": 0.5000000023097362, "36": 0.5000000017466398, "37": 0.05000000299946023, "38": 0.9499997909298552, "39": 0.05000000185858418, "40": 0.9499999319018279, "41": 0.9499998216022696, "42": 0.25207455595503026, "43": 0.9499999215287388, "44": 0.0500000042426737, "45": 0.9499998390760129, "46": 0.5000000020109848, "47": 0.5000000017659785, "48": 0.500000001277427, "49": 0.9499998351712723, "50": 0.72676890157981, "51": 0.050000003206727484, "52": 0.5000000022631588, "53": 0.5000000008200298, "54": 0.9499998216386607, "55": 0.5000000009380946, "56": 0.5000000016155983, "57": 0.9499998025654655, "58": 0.05000000618529553, "59": 0.5000000010535384, "60": 0.9499998531249669, "61": 0.5000000018725643, "62": 0.5000000010610164, "63": 0.949999822542722, "64": 0.5000000020611688, "65": 0.05000000149973012, "66": 0.9499998196320172, "67": 0.7080640960678132, "68": 0.9499998531249669, "69": 0.050000003092647766, "70": 0.5000000015110991, "71": 0.5000000022180301, "72": 0.5000000019664971, "73": 0.050000004645026394, "74": 0.5000000016307283, "75": 0.9499998459976926, "76": 0.9499997909298552, "77": 0.72676890157981, "78": 0.5000000020138329, "79": 0.7080640960678132, "80": 0.500000002133583, "81": 0.9499998351712723, "82": 0.5000000020109848, "83": 0.5000000018750603, "84": 0.5000000022631588, "85": 0.5000000006387135, "86": 0.9499998670609762, "87": 0.9499998196320172, "88": 0.5000000019611819, "89": 0.5000000017466398, "90": 0.5000000021134112, "91": 0.50000000081364, "92": 0.5000000007056603, "93": 0.5000000022243704, "94": 0.5000000007555496, "95": 0.2841757770473214, "96": 0.05000000232855176, "97": 0.5000000021197977, "98": 0.050000003206727484, "99": 0.5000000010598988}, "2": {"0": 0.499999998267644, "1": 0.499999998166619, "2": 0.4999999977937911, "3": 0.7168413109054641, "4": 0.9499999887472859, "5": 0.050000030465663876, "6": 0.4999999982931339, "7": 0.49999999846392706, "8": 0.050000039167194595, "9": 0.4999999981988671, "10": 0.4999999985525593, "11": 0.05000003111872499, "12": 0.05000003449583684, "13": 0.05000004126449357, "14": 0.050000045674648705, "15": 0.9499999901619933, "16": 0.49999999836581005, "17": 0.2543939767505494, "18": 0.4999999984150545, "19": 0.05000003756129136, "20": 0.49999999830124764, "21": 0.949999986182078, "22": 0.9499999878525014, "23": 0.7247835888084326, "24": 0.49999999819598884, "25": 0.9499999876920838, "26": 0.9499999872883688, "27": 0.9499999877914043, "28": 0.4999999989316207, "29": 0.05000003434919133, "30": 0.9499999893327926, "31": 0.49999999830124764, "32": 0.4999999982854802, "33": 0.9499999855215863, "34": 0.9499999876920838, "35": 0.7247835888084326, "36": 0.49999999913033194, "37": 0.4999999980716066, "38": 0.05000003448854956, "39": 0.2543939767505494, "40": 0.49999999807025475, "41": 0.05000003549223401, "42": 0.4999999983311549, "43": 0.9499999944307482, "44": 0.9499999904625211, "45": 0.4999999991172938, "46": 0.4999999990351274, "47": 0.9499999938900383, "48": 0.05000002150854736, "49": 0.05000003434919133, "50": 0.9499999867790729, "51": 0.050000039167194595, "52": 0.49999999936871, "53": 0.05000002469271437, "54": 0.05000004604403089, "55": 0.9499999953233034, "56": 0.49999999859400857, "57": 0.050000040292491076, "58": 0.49999999822977836, "59": 0.9499999871187974, "60": 0.2929290074684879, "61": 0.49999999842835546, "62": 0.4999999993289219, "63": 0.05000003462397935, "64": 0.4999999987603617, "65": 0.9499999876998024, "66": 0.9499999938499012, "67": 0.05000003111872499, "68": 0.050000035058106684, "69": 0.4999999981197934, "70": 0.49999999938789225, "71": 0.05000004604403089, "72": 0.4999999987603617, "73": 0.949999987730307, "74": 0.49999999808949236, "75": 0.4999999988676429, "76": 0.9499999867790729, "77": 0.2929290074684879, "78": 0.4999999981520696, "79": 0.49999999842835546, "80": 0.9499999899896997, "81": 0.4999999988676429, "82": 0.9499999935593987, "83": 0.4999999983311549, "84": 0.7168413109054641, "85": 0.9499999950809966, "86": 0.4999999991172938, "87": 0.9499999877914043, "88": 0.05000001878064568, "89": 0.7029315527177723, "90": 0.7029315527177723, "91": 0.49999999913033194, "92": 0.9499999936441843, "93": 0.05000003885429723, "94": 0.05000004126449357, "95": 0.49999999836581005, "96": 0.49999999846392706, "97": 0.05000003448854956, "98": 0.9499999899896997, "99": 0.499999998267644}, "3": {"0": 0.28326763985080233, "1": 0.050000013507175686, "2": 0.050000016944076076, "3": 0.7115570767437913, "4": 0.9499999449062061,