{"0": {"0": 1.885791481700741e-10, "1": 1.6584196427470512e-10, "2": 0.6966155126690495, "3": 0.6966155126690488, "4": 0.6966155126690405, "5": 0.6966155126690421, "6": 1.8763766893232246e-10, "7": 1.9790277749028463e-10, "8": 2.56559316702002e-10, "9": 1.2517841093056296e-10, "10": 0.696615512669049, "11": 4.4428864054725935e-10, "12": 0.6966155126690533, "13": 1.2517841093056296e-10, "14": 0.6966155126690498, "15": 0.6966155126690511, "16": 2.2214432027362967e-10, "17": 1.0533559261912172e-10, "18": 0.6966155126690565, "19": 0.6966155126690496, "20": 9.558190212299593e-11, "21": 0.6966155126690401, "22": 1.327088037133189e-10, "23": 2.9569569641666113e-10, "24": 0.6966155126690394, "25": 2.0665176605779886e-10, "26": 0.6966155126690253, "27": 0.6966155126690425, "28": 0.6966155126690436, "29": 0.6966155126690271, "30": 2.5363749676509597e-10, "31": 1.5167119304937872e-10, "32": 8.6331452427229e-11, "33": 0.6966155126690476, "34": 3.2156228139494735e-10, "35": 0.6966155126690495, "36": 0.6966155126690579, "37": 0.6966155126689277, "38": 1.6869522359633e-10, "39": 7.89164368690117e-10, "40": 0.6966155126690196, "41": 8.292098213735256e-11, "42": 0.6966155126690374, "43": 0.6966155126690423, "44": 0.696615512669044, "45": 0.6966155126690668, "46": 0.6966155126690508, "47": 0.6966155126690395, "48": 2.822665541619264e-10, "49": 1.4744335142097197e-10, "50": 0.6966155126690374, "51": 0.6966155126690041, "52": 0.6966155126690334, "53": 0.6966155126690496, "54": 0.6966155126690445, "55": 9.428957408503705e-11, "56": 0.696615512669044, "57": 2.633389815478043e-11, "58": 1.3423877326648645e-10, "59": 0.6966155126690508, "60": 0.696615512669048, "61": 1.979813134081454e-10, "62": 0.6966155126690119, "63": 0.6966155126690736, "64": 0.6966155126690423, "65": 1.707115022603286e-10, "66": 0.6966155126690533, "67": 3.652594514197722e-11, "68": 0.69661551266903, "69": 0.696615512669069, "70": 0.6966155126690265, "71": 0.6966155126690421, "72": 1.4784784820833057e-10, "73": 0.696615512669033, "74": 0.6966155126690363, "75": 0.6966155126690401, "76": 3.414230045206572e-10, "77": 0.6966155126690511, "78": 0.6966155126690179, "79": 3.2156228139494735e-10, "80": 0.696615512669049, "81": 1.8755296867521517e-10, "82": 0.696615512669063, "83": 0.6966155126690445, "84": 2.544427171192968e-10, "85": 5.095747094992178e-11, "86": 4.5592321243719704e-11, "87": 0.6966155126690363, "88": 0.696615512669048, "89": 1.979813134081454e-10, "90": 0.6966155126690179, "91": 8.28366275583159e-11, "92": 3.1065741062705117e-10, "93": 0.69661551266903, "94": 8.4347611798165e-11, "95": 1.6863967233880635e-10, "96": 0.6966155126690357, "97": 1.1832530998210549e-10, "98": 1.6863967233880635e-10, "99": 0.6966155126690119}, "1": {"0": 0.6622278710473755, "1": 3.679724190125836e-11, "2": 0.6622278710473819, "3": 0.6622278710473756, "4": 0.6622278710473768, "5": 0.6622278710473788, "6": 0.6622278710473773, "7": 0.6622278710473746, "8": 1.7419905763173254e-11, "9": 0.6622278710473786, "10": 0.6622278710473746, "11": 7.494599221196314e-11, "12": 0.6622278710473792, "13": 7.494599221196314e-11, "14": 0.6622278710473735, "15": 2.7859536306874338e-11, "16": 0.6622278710473812, "17": 0.6622278710473783, "18": 6.034558566783082e-11, "19": 4.906332463300926e-11, "20": 0.6622278710473749, "21": 2.2288467733950215e-11, "22": 0.6622278710473726, "23": 0.6622278710473785, "24": 0.6622278710473836, "25": 0.6622278710473787, "26": 1.027272087455626e-10, "27": 0.6622278710473783, "28": 0.6622278710473815, "29": 4.4195997479459244e-11, "30": 2.768019331348046e-11, "31": 0.6622278710473744, "32": 0.662227871047373, "33": 5.3443925027974766e-11, "34": 7.390853328251311e-11, "35": 2.1362265422129818e-11, "36": 0.6622278710473932, "37": 0.6622278710473749, "38": 0.6622278710473783, "39": 5.750615094944095e-11, "40": 3.0274864985454765e-11, "41": 0.662227871047373, "42": 2.453166231650463e-11, "43": 0.6622278710473786, "44": 5.7090496997266016e-11, "45": 3.102764300230529e-11, "46": 0.6622278710473648, "47": 4.006236322393556e-11, "48": 9.028491443616433e-11, "49": 2.6721962513987383e-11, "50": 1.6228403244073848e-11, "51": 0.6622278710473822, "52": 7.556212719637541e-11, "53": 9.028491443616433e-11, "54": 8.114201622036924e-12, "55": 0.6622278710473746, "56": 3.102764300230529e-11, "57": 0.662227871047375, "58": 0.6622278710473783, "59": 0.6622278710473836, "60": 9.705259917090213e-11, "61": 0.6622278710473719, "62": 9.860687410257302e-11, "63": 0.6622278710473792, "64": 5.7637350926098996e-11, "65": 0.6622278710473787, "66": 0.6622278710473772, "67": 4.006236322393556e-11, "68": 3.71510248667347e-11, "69": 2.430183668493017e-11, "70": 5.76738034090693e-11, "71": 2.7119782863245948e-11, "72": 0.6622278710473763, "73": 0.6622278710473792, "74": 5.7133432742372904e-11, "75": 0.6622278710473768, "76": 8.544906168851927e-11, "77": 3.573003742539895e-11, "78": 4.9973802910755e-11, "79": 0.6622278710473749, "80": 0.6622278710473797, "81": 0.6622278710473738, "82": 0.6622278710473702, "83": 0.6622278710473755, "84": 0.66222787104737, "85": 0.6622278710473773, "86": 0.6622278710473749, "87": 0.6622278710473812, "88": 0.6622278710473768, "89": 7.992963150255281e-11, "90": 2.8545248498633008e-11, "91": 0.6622278710473819, "92": 0.6622278710473761, "93": 5.95109889880685e-11, "94": 4.273728355389146e-11, "95": 2.8566716371186452e-11, "96": 0.6622278710473759, "97": 0.6622278710473772, "98": 0.6622278710473721, "99": 0.6622278710473726}, "2": {"0": 1.1658620385969878e-10, "1": 0.7249433074672049, "2": 0.7249433074680546, "3": 7.108877028983265e-11, "4": 9.388996104134702e-11, "5": 2.121452588635327e-10, "6": 0.72494330746757, "7": 0.7249433074674461, "8": 0.7249433074669245, "9": 1.0109718783556916e-10, "10": 5.299184417233694e-11, "11": 1.0109718783556916e-10, "12": 8.357373244822273e-11, "13": 1.8059193138220467e-10, "14": 0.7249433074680615, "15": 1.1996723444673015e-10, "16": 0.7249433074674049, "17": 1.171163650308867e-10, "18": 7.545931105485293e-11, "19": 9.184140460655462e-11, "20": 2.0577784394117253e-10, "21": 7.429748281371747e-11, "22": 7.523005247683373e-11, "23": 0.7249433074674003, "24": 0.7249433074677918, "25": 5.998361722336508e-11, "26": 1.0598368834467388e-10, "27": 0.7249433074674545, "28": 0.724943307467449, "29": 8.628423898819033e-11, "30": 1.2469472336145366e-10, "31": 2.3235820788064054e-10, "32": 0.724943307467524, "33": 1.8983785378711036e-10, "34": 1.1159706609957534e-10, "35": 7.797222800733565e-11, "36": 6.906855866603224e-11, "37": 0.7249433074674199, "38": 3.7615026238416865e-11, "39": 6.906855866603224e-11, "40": 0.7249433074679181, "41": 8.41721000885721e-11, "42": 4.592070230327731e-11, "43": 0.7249433074678732, "44": 0.7249433074672241, "45": 1.2469472336145366e-10, "46": 8.75022377159125e-11, "47": 0.724943307467357, "48": 1.6970128774096148e-10, "49": 0.7249433074675615, "50": 8.485064387048074e-11, "51": 0.7249433074676448, "52": 9.029596569110234e-11, "53": 1.3500645645952375e-10, "54": 0.7249433074676646, "55": 0.7249433074673359, "56": 3.7967570757422073e-10, "57": 1.2794711891326844e-10, "58": 1.2946928591005427e-10, "59": 1.3036964827596636e-10, "60": 0.724943307467365, "61": 0.7249433074675413, "62": 0.7249433074677926, "63": 0.7249433074676274, "64": 0.7249433074674476, "65": 1.6412440016028592e-10, "66": 0.7249433074679221, "67": 0.7249433074673872, "68": 0.7249433074675811, "69": 0.7249433074676274, "70": 0.7249433074674003, "71": 0.7249433074675413, "72": 9.540249475465571e-11, "73": 1.6889768061197982e-10, "74": 7.258405501392943e-11, "75": 0.724943307467649, "76": 6.811431574384284e-11, "77": 0.724943307467649, "78": 0.7249433074679918, "79": 0.7249433074678922, "80": 0.7249433074672511, "81": 0.724943307466189, "82": 3.6292027506964714e-11, "83": 0.7249433074676646, "84": 8.444884030598991e-11, "85": 0.724943307467479, "86": 0.7249433074677782, "87": 1.9080498950931142e-10, "88": 0.7249433074674128, "89": 8.206220008014296e-11, "90": 0.7249433074675615,