{"0": {"0": 0.8193600732182353, "1": 0.12560148535866672, "2": 0.12560148535866672, "3": 0.8193600732182353, "4": 0.49999999997094174, "5": 0.49999999996868083, "6": 0.499999999985564, "7": 0.4999999999705466, "8": 0.8193600732182353, "9": 0.8193600732182353, "10": 0.8193600732182353, "11": 0.49999999996831185, "12": 0.4999999999605804, "13": 0.8193600732182353, "14": 0.8193600732182353, "15": 0.4999999999681449, "16": 0.49999999997283595, "17": 0.4999999999796363, "18": 0.12560148535866672, "19": 0.49999999996611344, "20": 0.49999999998547084, "21": 0.12560148535866672, "22": 0.8193600732182353, "23": 0.8193600732182353, "24": 0.49999999997283595, "25": 0.4999999999744793, "26": 0.12560148535866672, "27": 0.12560148535866672, "28": 0.4999999999551211, "29": 0.49999999998167494, "30": 0.4999999999764707, "31": 0.499999999968606, "32": 0.12560148535866672, "33": 0.12560148535866672, "34": 0.8193600732182353, "35": 0.8193600732182353, "36": 0.12560148535866672, "37": 0.49999999997530503, "38": 0.4999999999614585, "39": 0.8193600732182353, "40": 0.12560148535866672, "41": 0.12560148535866672, "42": 0.8193600732182353, "43": 0.12560148535866672, "44": 0.49999999997756056, "45": 0.12560148535866672, "46": 0.8193600732182353, "47": 0.8193600732182353, "48": 0.4999999999695832, "49": 0.8193600732182353, "50": 0.4999999999611142, "51": 0.499999999984303, "52": 0.12560148535866672, "53": 0.8193600732182353, "54": 0.4999999999744793, "55": 0.49999999997078637, "56": 0.49999999996642563, "57": 0.4999999999830567, "58": 0.49999999998979205, "59": 0.12560148535866672, "60": 0.49999999998500444, "61": 0.12560148535866672, "62": 0.12560148535866672, "63": 0.8193600732182353, "64": 0.8193600732182353, "65": 0.4999999999847916, "66": 0.8193600732182353, "67": 0.12560148535866672, "68": 0.8193600732182353, "69": 0.12560148535866672, "70": 0.49999999998407246, "71": 0.12560148535866672, "72": 0.8193600732182353, "73": 0.12560148535866672, "74": 0.12560148535866672, "75": 0.12560148535866672, "76": 0.12560148535866672, "77": 0.12560148535866672, "78": 0.12560148535866672, "79": 0.8193600732182353, "80": 0.8193600732182353, "81": 0.8193600732182353, "82": 0.12560148535866672, "83": 0.12560148535866672, "84": 0.8193600732182353, "85": 0.12560148535866672, "86": 0.49999999998881817, "87": 0.49999999997717465, "88": 0.8193600732182353, "89": 0.4999999999705466, "90": 0.12560148535866672, "91": 0.49999999996831185, "92": 0.8193600732182353, "93": 0.8193600732182353, "94": 0.12560148535866672, "95": 0.4999999999605804, "96": 0.49999999998823536, "97": 0.12560148535866672, "98": 0.12560148535866672, "99": 0.49999999998858735}, "1": {"0": 0.8459086424175237, "1": 0.8459086424175237, "2": 0.13841068163201686, "3": 0.8459086424175237, "4": 0.4999999999703268, "5": 0.4999999999503625, "6": 0.4999999999639269, "7": 0.13841068163201686, "8": 0.49999999995164873, "9": 0.4999999999305982, "10": 0.8459086424175237, "11": 0.4999999999480711, "12": 0.13841068163201686, "13": 0.13841068163201686, "14": 0.49999999993440625, "15": 0.13841068163201686, "16": 0.8459086424175237, "17": 0.13841068163201686, "18": 0.4999999999470805, "19": 0.4999999999583811, "20": 0.49999999995066097, "21": 0.13841068163201686, "22": 0.4999999999748692, "23": 0.4999999999517619, "24": 0.8459086424175237, "25": 0.4999999999428331, "26": 0.13841068163201686, "27": 0.49999999994337757, "28": 0.8459086424175237, "29": 0.4999999999497384, "30": 0.49999999997126116, "31": 0.4999999999599068, "32": 0.49999999997008293, "33": 0.8459086424175237, "34": 0.13841068163201686, "35": 0.4999999999454642, "36": 0.8459086424175237, "37": 0.13841068163201686, "38": 0.49999999993330346, "39": 0.49999999993496996, "40": 0.4999999999300536, "41": 0.13841068163201686, "42": 0.8459086424175237, "43": 0.49999999995462097, "44": 0.49999999997929045, "45": 0.8459086424175237, "46": 0.4999999999727321, "47": 0.49999999993527133, "48": 0.8459086424175237, "49": 0.8459086424175237, "50": 0.8459086424175237, "51": 0.13841068163201686, "52": 0.499999999950464, "53": 0.4999999999500615, "54": 0.8459086424175237, "55": 0.4999999999472803, "56": 0.8459086424175237, "57": 0.8459086424175237, "58": 0.13841068163201686, "59": 0.49999999995462097, "60": 0.8459086424175237, "61": 0.49999999997588096, "62": 0.499999999947343, "63": 0.4999999999736715, "64": 0.8459086424175237, "65": 0.499999999946804, "66": 0.8459086424175237, "67": 0.13841068163201686, "68": 0.13841068163201686, "69": 0.8459086424175237, "70": 0.13841068163201686, "71": 0.499999999946804, "72": 0.8459086424175237, "73": 0.13841068163201686, "74": 0.4999999999570986, "75": 0.13841068163201686, "76": 0.8459086424175237, "77": 0.8459086424175237, "78": 0.13841068163201686, "79": 0.4999999999583811, "80": 0.8459086424175237, "81": 0.49999999994812483, "82": 0.4999999999599068, "83": 0.8459086424175237, "84": 0.8459086424175237, "85": 0.13841068163201686, "86": 0.8459086424175237, "87": 0.8459086424175237, "88": 0.13841068163201686, "89": 0.8459086424175237, "90": 0.8459086424175237, "91": 0.13841068163201686, "92": 0.8459086424175237, "93": 0.4999999999570986, "94": 0.4999999999595584, "95": 0.8459086424175237, "96": 0.8459086424175237, "97": 0.8459086424175237, "98": 0.49999999997582434, "99": 0.8459086424175237}, "2": {"0": 0.8486253340889487, "1": 0.14546627732319045, "2": 0.14546627732319045, "3": 0.8486253340889487, "4": 0.8486253340889487, "5": 0.5000000000775242, "6": 0.5000000000284882, "7": 0.500000000088636, "8": 0.14546627732319045, "9": 0.14546627732319045, "10": 0.5000000000530467, "11": 0.5000000000727316, "12": 0.14546627732319045, "13": 0.5000000000548175, "14": 0.5000000000574185, "15": 0.14546627732319045, "16": 0.8486253340889487, "17": 0.5000000000586382, "18": 0.14546627732319045, "19": 0.8486253340889487, "20": 0.14546627732319045, "21": 0.5000000000523535, "22": 0.5000000000262115, "23": 0.14546627732319045, "24": 0.5000000000228596, "25": 0.8486253340889487, "26": 0.5000000000670004, "27": 0.5000000000573671, "28": 0.14546627732319045, "29": 0.8486253340889487, "30": 0.8486253340889487, "31": 0.8486253340889487, "32": 0.14546627732319045, "33": 0.5000000000639668, "34": 0.14546627732319045, "35": 0.5000000000365853, "36": 0.8486253340889487, "37": 0.5000000000409363, "38": 0.14546627732319045, "39": 0.5000000000533298, "40": 0.14546627732319045, "41": 0.14546627732319045, "42": 0.5000000000494634, "43": 0.14546627732319045, "44": 0.14546627732319045, "45": 0.5000000000104994, "46": 0.5000000000180362, "47": 0.5000000000548175, "48": 0.8486253340889487, "49": 0.5000000000308562, "50": 0.5000000000487782, "51": 0.14546627732319045, "52": 0.5000000000460146, "53": 0.8486253340889487, "54": 0.14546627732319045, "55": 0.14546627732319045, "56": 0.14546627732319045, "57": 0.14546627732319045, "58": 0.5000000000574185, "59": 0.5000000000573671, "60": 0.5000000000323122, "61": 0.14546627732319045, "62": 0.5000000000409363, "63": 0.14546627732319045, "64": 0.5000000000639668, "65": 0.5000000000446548, "66": 0.8486253340889487, "67": 0.14546627732319045, "68": 0.8486253340889487, "69": 0.14546627732319045, "70": 0.5000000000538223, "71": 0.14546627732319045, "72": 0.5000000000565047, "73": 0.8486253340889487, "74": 0.5000000000278265, "75": 0.8486253340889487, "76": 0.5000000000328403, "77": 0.5000000000271263, "78": 0.8486253340889487, "79": 0.5000000000524072, "80": 0.14546627732319045, "81": 0.5000000000530467, "82": 0.5000000000282523, "83": 0.14546627732319045, "84": 0.8486253340889487, "85": 0.14546627732319045, "86": 0.5000000000533298, "87": 0.8486253340889487, "88": 0.14546627732319045, "89": 0.8486253340889487, "90": 0.5000000000230074, "91": 0.14546627732319045, "92": 0.14546627732319045, "93": 0.14546627732319045, "94": 0.14546627732319045, "95": 0.14546627732319045, "96": 0.8486253340889487, "97": 0.8486253340889487, "98": 0.5000000000670004, "99": 0.5000000000293191}, "3": {"0": 0.5000000000248987, "1": 0.1513719719111935, "2": 0.8978474211064447,