{"0": {"0": 0.49999618422234493, "1": 0.4999943261554294, "2": 0.4999952018790237, "3": 0.050003144597836356, "4": 0.9499611997663291, "5": 0.49999537989834797, "6": 0.49999480575108685, "7": 0.9498972764790431, "8": 0.050004932038104064, "9": 0.49999621029079006, "10": 0.49999536831920954, "11": 0.4999942577579456, "12": 0.9499174379862807, "13": 0.9499146715557955, "14": 0.050004265793361626, "15": 0.9499118484844731, "16": 0.9499105935234307, "17": 0.49999512212524333, "18": 0.4999958101843044, "19": 0.49999511464180235, "20": 0.05000547326254112, "21": 0.05000375757433193, "22": 0.49999486696350753, "23": 0.4999948793521451, "24": 0.9499549096173407, "25": 0.4999948218529472, "26": 0.05000496967689669, "27": 0.949924509115008, "28": 0.050003144597836356, "29": 0.050004726164124075, "30": 0.9499177016669071, "31": 0.05000350358365223, "32": 0.49999677582110486, "33": 0.050003731170889465, "34": 0.499994330867933, "35": 0.9499041873338149, "36": 0.949955246720317, "37": 0.9499305416652586, "38": 0.4999955800179692, "39": 0.49999575015006026, "40": 0.49999560861845116, "41": 0.9499134362348923, "42": 0.49999712572965044, "43": 0.4999943156692068, "44": 0.9499567181174462, "45": 0.49999780819358286, "46": 0.05000350358365223, "47": 0.9499361238218454, "48": 0.49999522482331993, "49": 0.49999465083150285, "50": 0.49999757116170224, "51": 0.0500046534858054, "52": 0.05000480860250833, "53": 0.9499024463539414, "54": 0.9499573357778976, "55": 0.4999954738330464, "56": 0.05000204188612274, "57": 0.4999945544871873, "58": 0.949924509115008, "59": 0.4999954466787014, "60": 0.49999520979919293, "61": 0.49999485932782767, "62": 0.9499050990328646, "63": 0.49999652150584256, "64": 0.4999949449866668, "65": 0.4999958101843044, "66": 0.05000187878716597, "67": 0.0500046534858054, "68": 0.4999945526934372, "69": 0.050003731170889465, "70": 0.9499343956130327, "71": 0.49999522482331993, "72": 0.9499512231769707, "73": 0.499995907752982, "74": 0.4999955250381932, "75": 0.9499106902335506, "76": 0.9499671978065163, "77": 0.49999578768558905, "78": 0.9499361238218454, "79": 0.9499568381245862, "80": 0.49999516596221816, "81": 0.49999555872057355, "82": 0.05000240430125417, "83": 0.49999485932782767, "84": 0.9499118484844731, "85": 0.9499093876410185, "86": 0.9499331254761058, "87": 0.49999545414686075, "88": 0.4999982607529213, "89": 0.4999978938427945, "90": 0.499997689949174, "91": 0.4999955800179692, "92": 0.4999948218529472, "93": 0.4999954466787014, "94": 0.49999483295834724, "95": 0.49999677582110486, "96": 0.9499093876410185, "97": 0.4999949449866668, "98": 0.9499665627380529, "99": 0.49999480575108685}, "1": {"0": 0.949981322968888, "1": 0.49999016209811825, "2": 0.050027035860907704, "3": 0.9499769063093979, "4": 0.9499760973063445, "5": 0.4999847934505044, "6": 0.4999894899530075, "7": 0.49998963015966563, "8": 0.49998510090931436, "9": 0.4999893739238379, "10": 0.9499771823600233, "11": 0.9499828943916925, "12": 0.050016347946972156, "13": 0.4999898023944909, "14": 0.49998963688800363, "15": 0.9499773364253987, "16": 0.499986675448559, "17": 0.4999898882400423, "18": 0.4999892153474479, "19": 0.49999162597640157, "20": 0.9499802801676973, "21": 0.9499770443347106, "22": 0.4999909724797358, "23": 0.49998689319776285, "24": 0.9499781548129735, "25": 0.9499835068846102, "26": 0.9499823605815291, "27": 0.4999894400688485, "28": 0.9499874395649457, "29": 0.49998583033582805, "30": 0.49998836227199805, "31": 0.49998821830967655, "32": 0.050033555379123254, "33": 0.4999893739238379, "34": 0.949982537411503, "35": 0.9499770443347106, "36": 0.05003377463297054, "37": 0.4999865853852096, "38": 0.9499803374281225, "39": 0.4999879946829292, "40": 0.4999898023944909, "41": 0.05001610806262934, "42": 0.49998489040417665, "43": 0.949981322968888, "44": 0.4999895537420135, "45": 0.9499902352132498, "46": 0.05001842561982281, "47": 0.4999879344281175, "48": 0.4999897380785664, "49": 0.05002318237786331, "50": 0.499989310464868, "51": 0.05002874352739854, "52": 0.9499901948701676, "53": 0.050034141082948, "54": 0.050025328194416865, "55": 0.05003528148486103, "56": 0.9499775966361663, "57": 0.050027035860907704, "58": 0.9499762956429532, "59": 0.49998836227199805, "60": 0.49998526578498614, "61": 0.4999948150798328, "62": 0.9499768354262295, "63": 0.49998489040417665, "64": 0.4999909724797358, "65": 0.49999393238553225, "66": 0.49998756976047065, "67": 0.9499770437661029, "68": 0.4999892544325013, "69": 0.4999898882400423, "70": 0.9499799730605882, "71": 0.9499895941290829, "72": 0.05001842561982281, "73": 0.9499795694873596, "74": 0.49999328214797883, "75": 0.9499762956429532, "76": 0.499986675448559, "77": 0.4999887272018477, "78": 0.9499784417237814, "79": 0.49998583033582805, "80": 0.9499768354262295, "81": 0.9499784417237814, "82": 0.49998665645633145, "83": 0.49998819876714984, "84": 0.49998819876714984, "85": 0.9499775966361663, "86": 0.4999874491605659, "87": 0.49998756976047065, "88": 0.49998821830967655, "89": 0.4999874491605659, "90": 0.9499828216254165, "91": 0.9499802801676973, "92": 0.05003377463297054, "93": 0.9499760973063445, "94": 0.949982537411503, "95": 0.9499823605815291, "96": 0.050034141082948, "97": 0.4999879344281175, "98": 0.9499828216254165, "99": 0.49999436360092386}, "2": {"0": 0.5000002329893014, "1": 0.500000212491033, "2": 0.5000002337164777, "3": 0.5000001813528218, "4": 0.5000003038412983, "5": 0.05003528293435708, "6": 0.05001991626486315, "7": 0.9499857265118068, "8": 0.050047085534136324, "9": 0.5000001684813682, "10": 0.9499846098643691, "11": 0.5000002202435858, "12": 0.050041114000400705, "13": 0.5000001022967656, "14": 0.9499853243653464, "15": 0.5000002451047878, "16": 0.05004258125779816, "17": 0.5000002103526598, "18": 0.050044457894922505, "19": 0.50000023008578, "20": 0.5000002135683679, "21": 0.050019372277105255, "22": 0.9499855725412898, "23": 0.5000002103526598, "24": 0.500000224784198, "25": 0.05004832855333889, "26": 0.5000002053980704, "27": 0.5000002903345249, "28": 0.05003644547380323, "29": 0.5000002166485475, "30": 0.05002692811899809, "31": 0.5000002095476938, "32": 0.050043853578338834, "33": 0.05004287588730658, "34": 0.5000001889760254, "35": 0.05003094560458022, "36": 0.5000001813528218, "37": 0.050031160189361254, "38": 0.5000002177959354, "39": 0.05002664350244551, "40": 0.5000002903345249, "41": 0.5000002183737533, "42": 0.949985824731099, "43": 0.050042928773476984, "44": 0.9499858476208609, "45": 0.5000002472614589, "46": 0.050042978243269184, "47": 0.9499858117798298, "48": 0.5000001813528218, "49": 0.050045937546575825, "50": 0.5000001149235664, "51": 0.050013464059499045, "52": 0.5000002024375034, "53": 0.949985262430072, "54": 0.9499861628423892, "55": 0.05002692811899809, "56": 0.5000002501587616, "57": 0.5000001062455165, "58": 0.5000002365874899, "59": 0.05003644547380323, "60": 0.5000001344539675, "61": 0.5000001882452068, "62": 0.5000001570277031, "63": 0.9499891910574647, "64": 0.5000000906764108, "65": 0.05003893209607762, "66": 0.500000233733115, "67": 0.9499857265118068, "68": 0.9499853669956723, "69": 0.050040091197431864, "70": 0.050033416511112726, "71": 0.5000001845384432, "72": 0.9499858676918396, "73": 0.5000002354398065, "74": 0.05001670825555636, "75": 0.05001771237746021, "76": 0.05002664350244551, "77": 0.05001991626486315, "78": 0.500000184631421, "79": 0.9499853669956723, "80": 0.05003094560458022, "81": 0.5000001091868767, "82": 0.050031160189361254, "83": 0.5000002589331551, "84": 0.5000002053980704, "85": 0.5000002024375034, "86": 0.5000001882452068, "87": 0.5000001889142002, "88": 0.5000002091077438, "89": 0.5000001570277031, "90": 0.5000002135683679, "91": 0.5000001889142002, "92": 0.500000112392099, "93": 0.5000002177959354, "94": 0.05001946604803881, "95": 0.9499846098643691, "96": 0.050040091197431864, "97": 0.9499891910574647, "98": 0.9499858676918396, "99": 0.50000023008578}, "3": {"0": 0.9499854816897878, "1": 0.4999934221419974, "2": 0.4999912124177269,