{"0": {"0": 0.5279559356684158, "1": 0.5279559356684158, "2": 0.5279559356684158, "3": 0.5279559356684158, "4": 0.5279559356684158, "5": 0.5279559356684158, "6": 0.5279559356684158, "7": 0.5279559356684158, "8": 0.5279559356684158, "9": 0.5279559356684158, "10": 0.5279559356684158, "11": 0.5279559356684158, "12": 0.5279559356684158, "13": 0.5279559356684158, "14": 0.5279559356684158, "15": 0.5279559356684158, "16": 0.5279559356684158, "17": 0.5279559356684158, "18": 0.5279559356684158, "19": 0.5279559356684158, "20": 0.5279559356684158, "21": 0.5279559356684158, "22": 0.5279559356684158, "23": 0.5279559356684158, "24": 0.5279559356684158, "25": 0.5279559356684158, "26": 0.5279559356684158, "27": 0.5279559356684158, "28": 0.5279559356684158, "29": 0.5279559356684158, "30": 0.5279559356684158, "31": 0.5279559356684158, "32": 0.5279559356684158, "33": 0.5279559356684158, "34": 0.5279559356684158, "35": 0.5279559356684158, "36": 0.5279559356684158, "37": 0.5279559356684158, "38": 0.5279559356684158, "39": 0.5279559356684158, "40": 0.5279559356684158, "41": 0.5279559356684158, "42": 0.5279559356684158, "43": 0.5279559356684158, "44": 0.5279559356684158, "45": 0.5279559356684158, "46": 0.5279559356684158, "47": 0.5279559356684158, "48": 0.5279559356684158, "49": 0.5279559356684158, "50": 0.5279559356684158, "51": 0.5279559356684158, "52": 0.5279559356684158, "53": 0.5279559356684158, "54": 0.5279559356684158, "55": 0.5279559356684158, "56": 0.5279559356684158, "57": 0.5279559356684158, "58": 0.5279559356684158, "59": 0.5279559356684158, "60": 0.5279559356684158, "61": 0.5279559356684158, "62": 0.5279559356684158, "63": 0.5279559356684158, "64": 0.5279559356684158, "65": 0.5279559356684158, "66": 0.5279559356684158, "67": 0.5279559356684158, "68": 0.5279559356684158, "69": 0.5279559356684158, "70": 0.5279559356684158, "71": 0.5279559356684158, "72": 0.5279559356684158, "73": 0.5279559356684158, "74": 0.5279559356684158, "75": 0.5279559356684158, "76": 0.5279559356684158, "77": 0.5279559356684158, "78": 0.5279559356684158, "79": 0.5279559356684158, "80": 0.5279559356684158, "81": 0.5279559356684158, "82": 0.5279559356684158, "83": 0.5279559356684158, "84": 0.5279559356684158, "85": 0.5279559356684158, "86": 0.5279559356684158, "87": 0.5279559356684158, "88": 0.5279559356684158, "89": 0.5279559356684158, "90": 0.5279559356684158, "91": 0.5279559356684158, "92": 0.5279559356684158, "93": 0.5279559356684158, "94": 0.5279559356684158, "95": 0.5279559356684158, "96": 0.5279559356684158, "97": 0.5279559356684158, "98": 0.5279559356684158, "99": 0.5279559356684158}, "1": {"0": 0.7266668930938269, "1": 0.27239270487232464, "2": 0.2723927048687441, "3": 0.2723927048571464, "4": 0.2723927048635722, "5": 0.7266668930938387, "6": 0.27239270484944034, "7": 0.7266668930938245, "8": 0.7266668930938213, "9": 0.7266668930938367, "10": 0.7266668930938288, "11": 0.27239270487922695, "12": 0.27239270487570383, "13": 0.72666689309384, "14": 0.7266668930938389, "15": 0.2723927048737132, "16": 0.2723927048512112, "17": 0.2723927048519751, "18": 0.726666893093845, "19": 0.2723927048638858, "20": 0.27239270486300804, "21": 0.27239270486103595, "22": 0.7266668930938308, "23": 0.2723927048528171, "24": 0.7266668930938346, "25": 0.2723927048635722, "26": 0.2723927048648729, "27": 0.27239270486059053, "28": 0.2723927048786823, "29": 0.7266668930938255, "30": 0.2723927048450164, "31": 0.7266668930938257, "32": 0.7266668930938326, "33": 0.7266668930938227, "34": 0.27239270487570383, "35": 0.27239270485550554, "36": 0.272392704866395, "37": 0.7266668930938299, "38": 0.726666893093831, "39": 0.27239270487696565, "40": 0.27239270487232464, "41": 0.2723927048737132, "42": 0.27239270487696565, "43": 0.2723927049258662, "44": 0.7266668930938346, "45": 0.2723927048528171, "46": 0.726666893093838, "47": 0.7266668930938245, "48": 0.7266668930938226, "49": 0.7266668930938308, "50": 0.7266668930938326, "51": 0.7266668930938327, "52": 0.726666893093844, "53": 0.2723927048475181, "54": 0.7266668930938315, "55": 0.7266668930938384, "56": 0.7266668930938291, "57": 0.7266668930938376, "58": 0.27239270486361145, "59": 0.7266668930938376, "60": 0.2723927048503915, "61": 0.2723927048646102, "62": 0.27239270486780165, "63": 0.7266668930938409, "64": 0.7266668930938316, "65": 0.7266668930938365, "66": 0.7266668930938269, "67": 0.7266668930938367, "68": 0.7266668930938494, "69": 0.2723927048610878, "70": 0.2723927048751293, "71": 0.27239270486059053, "72": 0.7266668930938187, "73": 0.7266668930938387, "74": 0.2723927048769138, "75": 0.726666893093836, "76": 0.7266668930938212, "77": 0.7266668930938284, "78": 0.72666689309384, "79": 0.726666893093838, "80": 0.7266668930938494, "81": 0.27239270487922695, "82": 0.7266668930938245, "83": 0.7266668930938376, "84": 0.7266668930938384, "85": 0.7266668930938284, "86": 0.2723927048769138, "87": 0.726666893093845, "88": 0.2723927048646102, "89": 0.27239270486103595, "90": 0.272392704866395, "91": 0.272392704859201, "92": 0.27239270486300804, "93": 0.2723927049258662, "94": 0.7266668930938212, "95": 0.7266668930938365, "96": 0.27239270486780165, "97": 0.7266668930938429, "98": 0.7266668930938245, "99": 0.7266668930938291}, "2": {"0": 0.5352295940967522, "1": 0.5352295940967522, "2": 0.5352295940967522, "3": 0.5352295940967522, "4": 0.5352295940967522, "5": 0.5352295940967522, "6": 0.5352295940967522, "7": 0.5352295940967522, "8": 0.5352295940967522, "9": 0.5352295940967522, "10": 0.5352295940967522, "11": 0.5352295940967522, "12": 0.5352295940967522, "13": 0.5352295940967522, "14": 0.5352295940967522, "15": 0.5352295940967522, "16": 0.5352295940967522, "17": 0.5352295940967522, "18": 0.5352295940967522, "19": 0.5352295940967522, "20": 0.5352295940967522, "21": 0.5352295940967522, "22": 0.5352295940967522, "23": 0.5352295940967522, "24": 0.5352295940967522, "25": 0.5352295940967522, "26": 0.5352295940967522, "27": 0.5352295940967522, "28": 0.5352295940967522, "29": 0.5352295940967522, "30": 0.5352295940967522, "31": 0.5352295940967522, "32": 0.5352295940967522, "33": 0.5352295940967522, "34": 0.5352295940967522, "35": 0.5352295940967522, "36": 0.5352295940967522, "37": 0.5352295940967522, "38": 0.5352295940967522, "39": 0.5352295940967522, "40": 0.5352295940967522, "41": 0.5352295940967522, "42": 0.5352295940967522, "43": 0.5352295940967522, "44": 0.5352295940967522, "45": 0.5352295940967522, "46": 0.5352295940967522, "47": 0.5352295940967522, "48": 0.5352295940967522, "49": 0.5352295940967522, "50": 0.5352295940967522, "51": 0.5352295940967522, "52": 0.5352295940967522, "53": 0.5352295940967522, "54": 0.5352295940967522, "55": 0.5352295940967522, "56": 0.5352295940967522, "57": 0.5352295940967522, "58": 0.5352295940967522, "59": 0.5352295940967522, "60": 0.5352295940967522, "61": 0.5352295940967522, "62": 0.5352295940967522, "63": 0.5352295940967522, "64": 0.5352295940967522, "65": 0.5352295940967522, "66": 0.5352295940967522, "67": 0.5352295940967522, "68": 0.5352295940967522, "69": 0.5352295940967522, "70": 0.5352295940967522, "71": 0.5352295940967522, "72": 0.5352295940967522, "73": 0.5352295940967522, "74": 0.5352295940967522, "75": 0.5352295940967522, "76": 0.5352295940967522, "77": 0.5352295940967522, "78": 0.5352295940967522, "79": 0.5352295940967522, "80": 0.5352295940967522, "81": 0.5352295940967522, "82": 0.5352295940967522, "83": 0.5352295940967522, "84": 0.5352295940967522, "85": 0.5352295940967522, "86": 0.5352295940967522, "87": 0.5352295940967522, "88": 0.5352295940967522, "89": 0.5352295940967522, "90": 0.5352295940967522, "91": 0.5352295940967522, "92": 0.5352295940967522, "93": 0.5352295940967522, "94": 0.5352295940967522, "95": 0.5352295940967522, "96": 0.5352295940967522, "97": 0.5352295940967522, "98": 0.5352295940967522, "99": 0.5352295940967522}, "3": {"0": 0.4900698135008129, "1": 0.4900698135008129, "2": 0.4900698135008129, "3": 0.4900698135008129, "4": 0.4900698135008129, "5": 0.4900698135008129, "6": 0.4900698135008129,