{"0": {"0": 0.05006131195103801, "1": 0.05005635469728911, "2": 0.9499905722997801, "3": 0.05003449004313662, "4": 0.9499918061110106, "5": 0.050079522767672933, "6": 0.05004423336989741, "7": 0.050058964745847784, "8": 0.9499928256685335, "9": 0.05004039713771728, "10": 0.4669339070842805, "11": 0.9499925468074257, "12": 0.05006846622216832, "13": 0.9499894003675251, "14": 0.9499901658064303, "15": 0.9499926426559937, "16": 0.9499914480023977, "17": 0.05005958237380116, "18": 0.05006043389747569, "19": 0.949992180850973, "20": 0.9499904079421767, "21": 0.050032272864028754, "22": 0.050074905337182785, "23": 0.050049407728299036, "24": 0.05006412504293393, "25": 0.0500380883453633, "26": 0.9499916803045308, "27": 0.05007793950067885, "28": 0.9499949817439464, "29": 0.05004125356054491, "30": 0.0500758665665282, "31": 0.9499917647179286, "32": 0.9499929176232695, "33": 0.949990129621155, "34": 0.9499916803045308, "35": 0.9499905641022508, "36": 0.9499904731847301, "37": 0.05005434932226035, "38": 0.050063449408040056, "39": 0.050060211694472084, "40": 0.05007960744678646, "41": 0.05006650604209068, "42": 0.9499907591934356, "43": 0.9499925468074257, "44": 0.05004321789148242, "45": 0.050038969750339425, "46": 0.9499907640563368, "47": 0.05004423336989741, "48": 0.9499932312498975, "49": 0.949994331027367, "50": 0.050033052681118476, "51": 0.05003052038294373, "52": 0.050060211694472084, "53": 0.05005022113274543, "54": 0.050033963812100485, "55": 0.050039761383836465, "56": 0.9499932312498975, "57": 0.9499907591934356, "58": 0.05006650604209068, "59": 0.9499900518280167, "60": 0.050074905337182785, "61": 0.9499895558318299, "62": 0.9499898427264925, "63": 0.050065858050192646, "64": 0.9499925592783931, "65": 0.9499905722997801, "66": 0.4669339070842805, "67": 0.05007852762372868, "68": 0.9499919455742889, "69": 0.9499917647179286, "70": 0.05002808038060262, "71": 0.05006688656533999, "72": 0.050069611903621025, "73": 0.050075586531512166, "74": 0.05005635469728911, "75": 0.9499949213632461, "76": 0.0500740134976911, "77": 0.9499929176232695, "78": 0.05005634910024502, "79": 0.05005634910024502, "80": 0.9499928256685335, "81": 0.05004638132850207, "82": 0.050043375600886154, "83": 0.050037856476105244, "84": 0.0500758665665282, "85": 0.9499914480023977, "86": 0.05002253114332643, "87": 0.05003779326575608, "88": 0.05005958616334752, "89": 0.9499926426559937, "90": 0.05004638132850207, "91": 0.05006846622216832, "92": 0.05006412504293393, "93": 0.05002253114332643, "94": 0.4669339070842805, "95": 0.9499949817439464, "96": 0.05002019856885864, "97": 0.9499904079421767, "98": 0.9499959727871444, "99": 0.050063449408040056}, "1": {"0": 0.9499948077729593, "1": 0.050010690274803093, "2": 0.05000783986268659, "3": 0.05000990521509324, "4": 0.9499949002841079, "5": 0.050009334599946054, "6": 0.4787614031615479, "7": 0.9499961931705592, "8": 0.9499943184198714, "9": 0.949997450142054, "10": 0.05000886219380128, "11": 0.05001089829334801, "12": 0.050010123471130825, "13": 0.05000873245329242, "14": 0.05000789581303935, "15": 0.9499951942868043, "16": 0.05001049989808643, "17": 0.9499953131295015, "18": 0.949995727142865, "19": 0.9499949205463825, "20": 0.05001168674062574, "21": 0.05001211898148568, "22": 0.9499968289804165, "23": 0.050011142657524044, "24": 0.05000394790651967, "25": 0.05000705863512209, "26": 0.9499949943229467, "27": 0.9499941178056822, "28": 0.05000946372007902, "29": 0.9499940610091073, "30": 0.9499954050669271, "31": 0.05001028455169926, "32": 0.05000953632843004, "33": 0.050009101396155886, "34": 0.9499958486861838, "35": 0.050009757100794305, "36": 0.05000833438928912, "37": 0.9499963696245315, "38": 0.9499950666227048, "39": 0.05000888102094682, "40": 0.05000871802448292, "41": 0.9499961618496129, "42": 0.9499953422550447, "43": 0.05000534537908837, "44": 0.9499944793113275, "45": 0.9499959017035089, "46": 0.9499961618496129, "47": 0.949995009073123, "48": 0.05000937832731622, "49": 0.05000430603555425, "50": 0.9499935810528043, "51": 0.05000886219380128, "52": 0.949995009073123, "53": 0.05001032748448094, "54": 0.050011142657524044, "55": 0.9499968289804165, "56": 0.050010300342968, "57": 0.9499959017035089, "58": 0.05001033481060298, "59": 0.9499952674579122, "60": 0.05000941443725747, "61": 0.050010099956947246, "62": 0.0500089445120138, "63": 0.05001011023863326, "64": 0.9499953236974341, "65": 0.05000899401675679, "66": 0.05001035463237716, "67": 0.05000744508010041, "68": 0.9499947114910648, "69": 0.0500093690780173, "70": 0.05000744508010041, "71": 0.05000953632843004, "72": 0.9499950787811933, "73": 0.05000959072120326, "74": 0.9499975378853868, "75": 0.050009334599946054, "76": 0.05001106388101002, "77": 0.9499940610091073, "78": 0.0500044970083784, "79": 0.05000623120445029, "80": 0.9499965521926054, "81": 0.050009229590763746, "82": 0.05001028455169926, "83": 0.05001106388101002, "84": 0.05000552568524203, "85": 0.05000495260754662, "86": 0.459273359172528, "87": 0.05000623120445029, "88": 0.9499950666227048, "89": 0.9499953422550447, "90": 0.9499979243430918, "91": 0.05000946372007902, "92": 0.05000468916365811, "93": 0.4787614031615479, "94": 0.05001049989808643, "95": 0.9499949205463825, "96": 0.050009101396155886, "97": 0.9499975378853868, "98": 0.05001032748448094, "99": 0.459273359172528}, "2": {"0": 0.9499814612424266, "1": 0.050014907201310285, "2": 0.9499761828886254, "3": 0.9499766503285934, "4": 0.949979391871844, "5": 0.05001690827274717, "6": 0.9499622703204571, "7": 0.9499828979398797, "8": 0.05001406548860421, "9": 0.050007643057495416, "10": 0.050014007592058665, "11": 0.9499709230047193, "12": 0.9499616273155924, "13": 0.050011483118582944, "14": 0.050011574258863614, "15": 0.949966341801526, "16": 0.9499637742493179, "17": 0.9499750788951979, "18": 0.9499686514840922, "19": 0.9499766498390438, "20": 0.050017671439065506, "21": 0.0500078556438787, "22": 0.949967814514991, "23": 0.05000754753077569, "24": 0.9499851837722573, "25": 0.9499719761462463, "26": 0.949973922769447, "27": 0.05001213586211418, "28": 0.9499688368085932, "29": 0.05000576698177145, "30": 0.05001551722295279, "31": 0.9499696623409342, "32": 0.9499775625931801, "33": 0.050012528647732715, "34": 0.05001239745025629, "35": 0.9499690394863536, "36": 0.9499730735293845, "37": 0.949975035817846, "38": 0.9499626977015517, "39": 0.05000961442211516, "40": 0.9499875470744271, "41": 0.05001650862554392, "42": 0.949981257535755, "43": 0.050017241607454105, "44": 0.9499673481297016, "45": 0.9499713807733223, "46": 0.9499694394749513, "47": 0.05001422977529191, "48": 0.050017894474632424, "49": 0.9499696623409342, "50": 0.9499694394749513, "51": 0.05001213586211418, "52": 0.05001236530731444, "53": 0.9499761828886254, "54": 0.050011735797406, "55": 0.05001236530731444, "56": 0.05001405436900684, "57": 0.05001406437670939, "58": 0.9499685089786016, "59": 0.05001406548860421, "60": 0.05001471273731238, "61": 0.05001509678907923, "62": 0.050011735797406, "63": 0.050015838617443256, "64": 0.05001405436900684, "65": 0.050007548394539615, "66": 0.9499664027663626, "67": 0.9499637742493179, "68": 0.949981257535755, "69": 0.05000744898548504, "70": 0.050011483118582944, "71": 0.9499740990013682, "72": 0.050016545151547374, "73": 0.9499766498390438, "74": 0.05001240209049919, "75": 0.9499732383549966, "76": 0.949967814514991, "77": 0.9499717958283663, "78": 0.9499743284704132, "79": 0.050014907201310285, "80": 0.949973922769447, "81": 0.9499803667469715, "82": 0.9499703867932849, "83": 0.050017671439065506, "84": 0.050017241607454105, "85": 0.9499871642352066, "86": 0.9499688368085932, "87": 0.05001240209049919, "88": 0.9499626977015517, "89": 0.05001551722295279, "90": 0.05000735636865619, "91": 0.9499817991183133, "92": 0.9499717958283663, "93": 0.9499817991183133, "94": 0.9499766503285934, "95": 0.05001650862554392, "96": 0.050016545151547374, "97": 0.9499703867932849, "98": 0.949975035817846, "99": 0.9499803667469715}, "3": {"0": 0.9499858261851788,