{"0": {"0": 0.5000036717704097, "1": 0.5000039496022011, "2": 0.5000023887048315, "3": 0.5000039406841594, "4": 0.5000031075916074, "5": 0.5000035671224257, "6": 0.5000040056070469, "7": 0.5000035063422428, "8": 0.5000029361086917, "9": 0.5000035756368952, "10": 0.5000026198311922, "11": 0.5000017935867074, "12": 0.5000028944981045, "13": 0.5000029741094042, "14": 0.5000029992034465, "15": 0.50000189065334, "16": 0.5000034776288795, "17": 0.5000029741094042, "18": 0.500001829875002, "19": 0.5000035563359873, "20": 0.5000035480996387, "21": 0.5000034072217764, "22": 0.5000035393870351, "23": 0.5000043071886662, "24": 0.5000036055335716, "25": 0.5000032729972682, "26": 0.5000032348034433, "27": 0.5000039406841594, "28": 0.5000028932019233, "29": 0.5000031596922364, "30": 0.5000030548897691, "31": 0.5000036551931248, "32": 0.50000304049546, "33": 0.5000033999753791, "34": 0.5000036082545035, "35": 0.5000036368390848, "36": 0.5000031954526614, "37": 0.5000038524083639, "38": 0.5000030034685868, "39": 0.5000035252957085, "40": 0.5000035071965, "41": 0.5000033873380698, "42": 0.500003572126209, "43": 0.5000036676946231, "44": 0.5000036814473146, "45": 0.50000315845758, "46": 0.5000018407236573, "47": 0.5000016156885081, "48": 0.500003572126209, "49": 0.50000302820058, "50": 0.500003480878046, "51": 0.5000038524083639, "52": 0.5000018882091968, "53": 0.5000019563252439, "54": 0.500003401260529, "55": 0.5000036019823053, "56": 0.5000035252957085, "57": 0.5000033765579359, "58": 0.5000019317668024, "59": 0.5000040356707972, "60": 0.5000026289014924, "61": 0.5000036717704097, "62": 0.5000028382932791, "63": 0.5000035685738548, "64": 0.500001747108486, "65": 0.5000031596922364, "66": 0.5000035393870351, "67": 0.5000035480996387, "68": 0.5000024885963246, "69": 0.5000036055335716, "70": 0.5000030484254141, "71": 0.5000028395590577, "72": 0.5000035563359873, "73": 0.5000027040253671, "74": 0.5000037183203279, "75": 0.5000036551931248, "76": 0.500002043648584, "77": 0.50000315845758, "78": 0.5000023887048315, "79": 0.5000022904688564, "80": 0.5000030444604371, "81": 0.5000035756368952, "82": 0.5000036368390848, "83": 0.5000036959548271, "84": 0.5000027040253671, "85": 0.5000037254063099, "86": 0.5000022904688564, "87": 0.5000030034685868, "88": 0.5000032729972682, "89": 0.5000040056070469, "90": 0.5000030444604371, "91": 0.5000030548897691, "92": 0.5000033999753791, "93": 0.5000033254304546, "94": 0.5000017842869273, "95": 0.5000035071965, "96": 0.5000039496022011, "97": 0.5000026198311922, "98": 0.5000034679527113, "99": 0.5000029361086917}, "1": {"0": 0.5000000653587651, "1": 0.5000000540805274, "2": 0.5000000650940806, "3": 0.5000000614993717, "4": 0.5000000560100781, "5": 0.5000000631237331, "6": 0.5000000608227052, "7": 0.5000000736463213, "8": 0.5000000592263987, "9": 0.5000000633560824, "10": 0.5000000707168364, "11": 0.5000000707460552, "12": 0.5000000698851972, "13": 0.5000000285813333, "14": 0.5000000626011298, "15": 0.5000000618817256, "16": 0.5000000736183876, "17": 0.5000000661667228, "18": 0.5000000723967438, "19": 0.5000000518463548, "20": 0.5000000326793825, "21": 0.5000000367687396, "22": 0.5000000547539127, "23": 0.5000000791093944, "24": 0.5000000505801113, "25": 0.5000000528641019, "26": 0.500000052709049, "27": 0.5000000547116914, "28": 0.5000000273558457, "29": 0.5000000593313441, "30": 0.5000000674809072, "31": 0.500000058013336, "32": 0.5000000551236554, "33": 0.5000000515425749, "34": 0.5000000539934142, "35": 0.5000000361983719, "36": 0.5000000543267678, "37": 0.500000067084897, "38": 0.5000000733126638, "39": 0.5000000688706305, "40": 0.5000000684873089, "41": 0.5000000647820672, "42": 0.5000000617406951, "43": 0.500000030713958, "44": 0.5000000663270142, "45": 0.5000000567004839, "46": 0.5000000515425749, "47": 0.5000000516835978, "48": 0.5000000673862904, "49": 0.5000000385503354, "50": 0.5000000526029715, "51": 0.5000000573712913, "52": 0.500000063188005, "53": 0.500000065953639, "54": 0.5000000573712913, "55": 0.500000036656332, "56": 0.50000004522046, "57": 0.5000000679371652, "58": 0.5000000513202647, "59": 0.5000000634889719, "60": 0.5000000596483101, "61": 0.5000000514961698, "62": 0.50000004522046, "63": 0.5000000654767885, "64": 0.5000000526029715, "65": 0.5000000381407113, "66": 0.500000058013336, "67": 0.5000000674809072, "68": 0.5000000533476121, "69": 0.5000000716851922, "70": 0.5000000698851972, "71": 0.5000000695883273, "72": 0.5000000596483101, "73": 0.5000000446750492, "74": 0.5000000603002219, "75": 0.5000000514961698, "76": 0.5000000703279797, "77": 0.05169862595077679, "78": 0.5000000614818559, "79": 0.5000000654533654, "80": 0.5000000631237331, "81": 0.5000000547539127, "82": 0.5000000684873089, "83": 0.5000000679371652, "84": 0.5000000614993717, "85": 0.5000000315940025, "86": 0.5000000476639063, "87": 0.5000000505801113, "88": 0.5000000259231774, "89": 0.5000000635082994, "90": 0.5000000618817256, "91": 0.5000000283502419, "92": 0.5000000540805274, "93": 0.5000000476639063, "94": 0.5000000617406951, "95": 0.500000067084897, "96": 0.5000000692085091, "97": 0.5000000269967071, "98": 0.5000000446750492, "99": 0.5000000603002219}, "2": {"0": 0.49999974077515114, "1": 0.4999996691531613, "2": 0.49999974937540204, "3": 0.49999973014654486, "4": 0.4999997227551916, "5": 0.499999631761841, "6": 0.4999996792879197, "7": 0.4999996598354866, "8": 0.49999969297124625, "9": 0.4999997451416228, "10": 0.499999646154095, "11": 0.49999987850003513, "12": 0.4999996892747242, "13": 0.49999966866026185, "14": 0.49999982138278565, "15": 0.49999970357756096, "16": 0.4999996243910424, "17": 0.49999976830226256, "18": 0.49999972011176436, "19": 0.4999997672827964, "20": 0.49999977126338113, "21": 0.499999704572505, "22": 0.4999996800744422, "23": 0.4999996995313568, "24": 0.4999998517887805, "25": 0.49999975048605805, "26": 0.49999966540011587, "27": 0.4999996858324073, "28": 0.49999983554867944, "29": 0.4999996569266583, "30": 0.4999996779729047, "31": 0.4999997149491369, "32": 0.4999997018042813, "33": 0.49999968816543444, "34": 0.499999798266279, "35": 0.499999646154095, "36": 0.4999997192596516, "37": 0.4999997581664459, "38": 0.4999997283520703, "39": 0.4999996800744422, "40": 0.49999981722911707, "41": 0.4999997702310686, "42": 0.49999968307519466, "43": 0.4999998413426099, "44": 0.49999975444574474, "45": 0.4999997118245535, "46": 0.49999975476726477, "47": 0.4999998141072869, "48": 0.49999968307519466, "49": 0.499999708039918, "50": 0.4999996779729047, "51": 0.49999971119151265, "52": 0.4999996858324073, "53": 0.4999996598354866, "54": 0.4999997062075936, "55": 0.4999997227917148, "56": 0.49999968816543444, "57": 0.4999997581664459, "58": 0.4999996399009049, "59": 0.4999996947560964, "60": 0.4999997466964658, "61": 0.4999997451416228, "62": 0.499999875243029, "63": 0.4999996399009049, "64": 0.49999975427579035, "65": 0.49999965682929315, "66": 0.49999970139849204, "67": 0.49999971119151265, "68": 0.49999974814785264, "69": 0.4999997227551916, "70": 0.49999973673231196, "71": 0.49999974814785264, "72": 0.49999967285986774, "73": 0.0733886084868732, "74": 0.4999997149491369, "75": 0.4999997034674898, "76": 0.49999965183948103, "77": 0.4999996569266583, "78": 0.4999996995313568, "79": 0.4999997393758359, "80": 0.49999967285986774, "81": 0.49999969057639904, "82": 0.4999997227917148, "83": 0.49999975476726477, "84": 0.4999997035950383, "85": 0.4999997034674898, "86": 0.49999990705364344, "87": 0.499999708039918, "88": 0.49999972552962535, "89": 0.49999969297124625, "90": 0.49999966866026185, "91": 0.4999998627648127, "92": 0.4999996836513638, "93": 0.4999997118245535, "94": 0.4999997192596516, "95": 0.4999997466964658, "96": 0.49999970139849204, "97": 0.4999998418256819, "98": 0.4999996947560964, "99": 0.49999965183948103}, "3": {"0": 0.5000031233834779, "1": 0.5000036601808842, "2": 0.5000027224675496, "3": 0.500003419940469, "4": 0.5000034658331045, "5": 0.500003325182556, "6": 0.5000024537585667, "7": 0.5000025056155505,