{"0": {"0": 0.7081605015407302, "1": 0.3803670923532412, "2": 0.167795503246591, "3": 0.21722495130706349, "4": 0.3803670923532412, "5": 0.43364255351605474, "6": 0.6548319720732391, "7": 0.24007367028332616, "8": 0.06364717390100995, "9": 0.34980440059597845, "10": 0.4780525251770107, "11": 0.19524399222036726, "12": 0.27944174624629703, "13": 0.09493586605088913, "14": 0.9215869404147644, "15": 0.3001504224319291, "16": 0.3001504224319291, "17": 0.5747197937242403, "18": 0.6548319720732391, "19": 0.6745925619821367, "20": 0.790515764753156, "21": 0.4780525251770107, "22": 0.21722495130706349, "23": 0.790515764753156, "24": 0.736003260151237, "25": 0.705782318966227, "26": 0.052188041263883864, "27": 0.9174570174977283, "28": 0.5058710759377444, "29": 0.9073304411863655, "30": 0.5058710759377444, "31": 0.9757458981083795, "32": 0.43935492650949404, "33": 0.24007367028332616, "34": 0.9174570174977283, "35": 0.7952951579117411, "36": 0.15817307085133292, "37": 0.04204944583583631, "38": 0.8975005267831926, "39": 0.8761261250044573, "40": 0.15024859529894258, "41": 0.43935492650949404, "42": 0.43364255351605474, "43": 0.7952951579117411, "44": 0.8922381524233974, "45": 0.4268516333766279, "46": 0.6472343899759275, "47": 0.790515764753156, "48": 0.9215869404147644, "49": 0.613946188707426, "50": 0.8330797576703663, "51": 0.9073304411863655, "52": 0.09493586605088913, "53": 0.5747197937242403, "54": 0.15024859529894258, "55": 0.613946188707426, "56": 0.15024859529894258, "57": 0.014583961403332402, "58": 0.736003260151237, "59": 0.9393111540348907, "60": 0.705782318966227, "61": 0.014583961403332402, "62": 0.9757458981083795, "63": 0.6745925619821367, "64": 0.3745433276206999, "65": 0.43935492650949404, "66": 0.8330797576703663, "67": 0.6472343899759275, "68": 0.8268140906996138, "69": 0.04204944583583631, "70": 0.15024859529894258, "71": 0.5320389946645434, "72": 0.7081605015407302, "73": 0.19524399222036726, "74": 0.4293110441680073, "75": 0.014583961403332402, "76": 0.4293110441680073, "77": 0.4268516333766279, "78": 0.27944174624629703, "79": 0.8268140906996138, "80": 0.613946188707426, "81": 0.9393111540348907, "82": 0.34980440059597845, "83": 0.06364717390100995, "84": 0.09493586605088913, "85": 0.052188041263883864, "86": 0.24007367028332616, "87": 0.8975005267831926, "88": 0.15024859529894258, "89": 0.15817307085133292, "90": 0.15817307085133292, "91": 0.8268140906996138, "92": 0.19524399222036726, "93": 0.4268516333766279, "94": 0.3745433276206999, "95": 0.167795503246591, "96": 0.7081605015407302, "97": 0.8922381524233974, "98": 0.5320389946645434, "99": 0.8761261250044573}, "1": {"0": 0.6380624353844371, "1": 0.9818411598062935, "2": 0.29838507264793124, "3": 0.08878176350415806, "4": 0.05779879302823576, "5": 0.8221081788881732, "6": 0.9899068440771859, "7": 0.5818704950985092, "8": 0.7869941692569078, "9": 0.5818704950985092, "10": 0.9899068440771859, "11": 0.3750871978235558, "12": 0.6651596783747729, "13": 0.034807612820749484, "14": 0.6784949015755072, "15": 0.27638347222041115, "16": 0.30974787376318547, "17": 0.9818411598062935, "18": 0.6027004864318986, "19": 0.3750871978235558, "20": 0.4359186688009402, "21": 0.6046465607377423, "22": 0.4273892637984798, "23": 0.17140935590068906, "24": 0.7988105892714205, "25": 0.5818704950985092, "26": 0.8221081788881732, "27": 0.7706447780551631, "28": 0.89328137280091, "29": 0.6707040228219643, "30": 0.19175765636580688, "31": 0.4438207857051636, "32": 0.6027004864318986, "33": 0.29838507264793124, "34": 0.08878176350415806, "35": 0.034807612820749484, "36": 0.6046465607377423, "37": 0.25089301282600857, "38": 0.05779879302823576, "39": 0.9254615020584487, "40": 0.3416800465856391, "41": 0.7706447780551631, "42": 0.4598885489216388, "43": 0.6354151373734883, "44": 0.43650573809511095, "45": 0.30974787376318547, "46": 0.7706447780551631, "47": 0.16755295582000101, "48": 0.9254615020584487, "49": 0.6027004864318986, "50": 0.27638347222041115, "51": 0.9254615020584487, "52": 0.4273892637984798, "53": 0.6380624353844371, "54": 0.22332683143020965, "55": 0.4438207857051636, "56": 0.9899068440771859, "57": 0.3416800465856391, "58": 0.4438207857051636, "59": 0.4092755514580257, "60": 0.6707040228219643, "61": 0.4092755514580257, "62": 0.3144886035785237, "63": 0.6784949015755072, "64": 0.17140935590068906, "65": 0.4598885489216388, "66": 0.6829532628833141, "67": 0.8221081788881732, "68": 0.19175765636580688, "69": 0.6829532628833141, "70": 0.3144886035785237, "71": 0.034807612820749484, "72": 0.013715842385780108, "73": 0.7988105892714205, "74": 0.08878176350415806, "75": 0.5645400591784758, "76": 0.89328137280091, "77": 0.6354151373734883, "78": 0.6651596783747729, "79": 0.6651596783747729, "80": 0.16755295582000101, "81": 0.3416800465856391, "82": 0.30974787376318547, "83": 0.4202638534788192, "84": 0.4438207857051636, "85": 0.3750871978235558, "86": 0.23699711435705134, "87": 0.23699711435705134, "88": 0.22332683143020965, "89": 0.013715842385780108, "90": 0.43650573809511095, "91": 0.9665975663505542, "92": 0.5645400591784758, "93": 0.7869941692569078, "94": 0.4359186688009402, "95": 0.25089301282600857, "96": 0.694622923042964, "97": 0.4202638534788192, "98": 0.694622923042964, "99": 0.9665975663505542}, "2": {"0": 0.6997597015088748, "1": 0.6826025732020209, "2": 0.23839040523523836, "3": 0.8733837866157381, "4": 0.8292956569321441, "5": 0.30270561961456766, "6": 0.1783739123216193, "7": 0.1025136444244493, "8": 0.06335557415049448, "9": 0.1836022838549468, "10": 0.0962653573839389, "11": 0.3517547761014683, "12": 0.33965612047427435, "13": 0.8274775019229866, "14": 0.6043859284986567, "15": 0.41524723379828965, "16": 0.656511185330157, "17": 0.4433169163699898, "18": 0.3796348944539914, "19": 0.9707204687131139, "20": 0.5506791470740466, "21": 0.21060562047531983, "22": 0.0962653573839389, "23": 0.45254068231216005, "24": 0.8274775019229866, "25": 0.6826025732020209, "26": 0.1836022838549468, "27": 0.3541851118077851, "28": 0.3541851118077851, "29": 0.23839040523523836, "30": 0.30270561961456766, "31": 0.05095081582526367, "32": 0.6149651792002736, "33": 0.4433169163699898, "34": 0.35082474640998834, "35": 0.4433169163699898, "36": 0.05095081582526367, "37": 0.950662447067024, "38": 0.8733837866157381, "39": 0.5506791470740466, "40": 0.3976154431464293, "41": 0.6043859284986567, "42": 0.8218777815117437, "43": 0.767436184491195, "44": 0.9746505664328735, "45": 0.3976154431464293, "46": 0.15885397166432846, "47": 0.5085788422800956, "48": 0.15209278293090522, "49": 0.767436184491195, "50": 0.31470450946844075, "51": 0.8218777815117437, "52": 0.06335557415049448, "53": 0.5596919579662791, "54": 0.1117138447543373, "55": 0.5295682720738497, "56": 0.21060562047531983, "57": 0.36092389837366146, "58": 0.9707204687131139, "59": 0.3517547761014683, "60": 0.33965612047427435, "61": 0.15885397166432846, "62": 0.5295682720738497, "63": 0.9746505664328735, "64": 0.36092389837366146, "65": 0.5506791470740466, "66": 0.656511185330157, "67": 0.8218777815117437, "68": 0.06335557415049448, "69": 0.45254068231216005, "70": 0.5085788422800956, "71": 0.36092389837366146, "72": 0.6149651792002736, "73": 0.950662447067024, "74": 0.5596919579662791, "75": 0.5819086571856509, "76": 0.8292956569321441, "77": 0.1117138447543373, "78": 0.1117138447543373, "79": 0.41524723379828965, "80": 0.6997597015088748, "81": 0.1783739123216193, "82": 0.9197394924654823, "83": 0.767436184491195, "84": 0.31470450946844075, "85": 0.6997597015088748, "86": 0.5326009927480195, "87": 0.35082474640998834, "88": 0.5819086571856509, "89": 0.5596919579662791, "90": 0.5917125110801241, "91": 0.15209278293090522, "92": 0.5326009927480195, "93": 0.31470450946844075, "94": 0.1025136444244493, "95": 0.5917125110801241, "96": 0.35082474640998834, "97": 0.9197394924654823, "98": 0.3796348944539914, "99": 0.45254068231216005}, "3": {"0": 0.12637986787387878, "1": 0.1389557114747061, "2": 0.5313696353772841, "3": 0.32952203000658054,