{"0": {"0": 0.8912290841409534, "1": 0.8082027334252573, "2": 0.5545967933293703, "3": 0.3419496930450897, "4": 0.7775184626657341, "5": 0.4462605423544729, "6": 0.5205072888388863, "7": 0.3331857601164791, "8": 0.911146855874865, "9": 0.378121648314397, "10": 0.4269538408945427, "11": 0.3419496930450897, "12": 0.2775753546187233, "13": 0.8082027334252573, "14": 0.9880717052497896, "15": 0.498209212070885, "16": 7.368792736275621e-13, "17": 2.0604205259539178e-13, "18": 0.9667284766378872, "19": 0.378121648314397, "20": 3.971374862560216e-13, "21": 0.46952436742996057, "22": 0.7635473959758606, "23": 4.2421968523567027e-13, "24": 0.5545967933293703, "25": 0.5515942737414901, "26": 5.089662327435421e-13, "27": 0.7305322711176331, "28": 0.839883686353563, "29": 3.2138878557007556e-13, "30": 0.9828900977072368, "31": 0.5205072888388863, "32": 0.716110650110172, "33": 3.5951460896913415e-13, "34": 0.9667284766378872, "35": 0.770480032168035, "36": 5.020980162859737e-13, "37": 0.498209212070885, "38": 0.8506113095996624, "39": 0.716110650110172, "40": 0.3419496930450897, "41": 0.6452334224289444, "42": 0.8700771481534944, "43": 0.6106161308810472, "44": 0.4462605423544729, "45": 5.075425908144251e-13, "46": 0.9772340088285012, "47": 4.905203851237904e-13, "48": 0.911146855874865, "49": 0.9772340088285012, "50": 0.5515942737414901, "51": 0.5301483050665761, "52": 0.2515752099531105, "53": 0.7726002840669128, "54": 0.770480032168035, "55": 0.5250932967102575, "56": 0.46952436742996057, "57": 2.5448311637177105e-13, "58": 0.6452334224289444, "59": 0.5832125750931856, "60": 0.5515942737414901, "61": 0.7726002840669128, "62": 0.3331857601164791, "63": 0.9828900977072368, "64": 0.9828900977072368, "65": 3.513151138708128e-13, "66": 0.9880717052497896, "67": 0.2515752099531105, "68": 0.6106161308810472, "69": 0.4269538408945427, "70": 5.020980162859737e-13, "71": 0.2775753546187233, "72": 0.8082027334252573, "73": 0.96868009429126, "74": 0.2775753546187233, "75": 0.4462605423544729, "76": 0.7635473959758606, "77": 0.7775184626657341, "78": 0.7305322711176331, "79": 0.8506113095996624, "80": 3.971374862560216e-13, "81": 0.839883686353563, "82": 0.96868009429126, "83": 0.6032655921646302, "84": 0.2707099457533087, "85": 0.6106161308810472, "86": 0.8912290841409534, "87": 0.6032655921646302, "88": 0.911146855874865, "89": 0.8700771481534944, "90": 0.4462605423544729, "91": 0.2707099457533087, "92": 0.4269538408945427, "93": 0.5301483050665761, "94": 1.756575569354064e-13, "95": 0.6452334224289444, "96": 0.5250932967102575, "97": 3.5951460896913415e-13, "98": 0.5832125750931856, "99": 0.378121648314397}, "1": {"0": 0.36754421225174094, "1": 0.5809199244323959, "2": 0.4119988668098562, "3": 0.8407155966212669, "4": 2.0995223762310815e-13, "5": 0.5996268132894121, "6": 2.5993003185304097e-13, "7": 0.5398685875189979, "8": 2.2656935600782023e-13, "9": 0.8917757680852763, "10": 0.8009281229246588, "11": 0.7331603349274052, "12": 0.6319459840206894, "13": 1.6181802805800093e-13, "14": 2.170364066318214e-13, "15": 0.4090440787656888, "16": 0.7716414016735563, "17": 0.36754421225174094, "18": 0.9122390052937219, "19": 0.5239350529368043, "20": 0.4119988668098562, "21": 1.9254970926288576e-13, "22": 0.6881832282756877, "23": 2.4359486463392474e-13, "24": 0.4119988668098562, "25": 2.1809283469263395e-13, "26": 2.277259566441274e-13, "27": 0.8917757680852763, "28": 0.5747613830744305, "29": 0.6145347626727309, "30": 0.5809199244323959, "31": 0.2551450035572543, "32": 0.9343043150567273, "33": 0.7548531845670443, "34": 2.9944162883639544e-13, "35": 0.4090440787656888, "36": 0.7548531845670443, "37": 1.085182033159107e-13, "38": 1.440949219772064e-13, "39": 0.9112625708879996, "40": 0.8169282496195165, "41": 0.6319459840206894, "42": 0.7716414016735563, "43": 0.7372546180391305, "44": 0.3902263786219999, "45": 0.8407155966212669, "46": 0.36754421225174094, "47": 0.3902263786219999, "48": 0.6881832282756877, "49": 0.3608499242986556, "50": 0.41917633680247407, "51": 0.6145347626727309, "52": 2.9944162883639544e-13, "53": 2.0272881579871288e-13, "54": 0.9343043150567273, "55": 0.4090440787656888, "56": 0.6006373761500766, "57": 0.8169282496195165, "58": 2.0884378099354458e-13, "59": 0.41917633680247407, "60": 0.2551450035572543, "61": 0.3345119069338893, "62": 2.2577255949482958e-13, "63": 0.4603844340663711, "64": 0.8497016993120969, "65": 2.277259566441274e-13, "66": 0.4490856629679812, "67": 1.1328467800391011e-13, "68": 0.6006373761500766, "69": 0.5985451564755809, "70": 0.9773018404491522, "71": 0.7331603349274052, "72": 1.1288627974741479e-13, "73": 0.5985451564755809, "74": 0.5747613830744305, "75": 0.4090440787656888, "76": 0.5996268132894121, "77": 0.8169282496195165, "78": 0.9112625708879996, "79": 2.1809283469263395e-13, "80": 0.9122390052937219, "81": 0.4603844340663711, "82": 0.7331603349274052, "83": 9.627485463144288e-14, "84": 0.7372546180391305, "85": 0.9773018404491522, "86": 0.3345119069338893, "87": 0.20009116103326707, "88": 2.4359486463392474e-13, "89": 0.20009116103326707, "90": 0.3608499242986556, "91": 0.3345119069338893, "92": 0.4090440787656888, "93": 0.8917757680852763, "94": 0.5239350529368043, "95": 0.4490856629679812, "96": 0.8497016993120969, "97": 0.5747613830744305, "98": 0.5398685875189979, "99": 0.8009281229246588}, "2": {"0": 0.21853994881868852, "1": 9.333460942180086e-14, "2": 0.6925721610252966, "3": 0.4774745003809192, "4": 0.45853558798399024, "5": 0.21853994881868852, "6": 0.6204544842129429, "7": 0.8877391053159909, "8": 0.2957538813185814, "9": 3.6277677679594134e-14, "10": 9.460113530764542e-14, "11": 4.6915101254614875e-14, "12": 0.9070516401993252, "13": 5.971540348617016e-14, "14": 0.8507290489001087, "15": 0.3953183585855038, "16": 0.5554146263991994, "17": 1.1999263674787538e-13, "18": 0.865875425155204, "19": 0.7046909234808005, "20": 0.3953183585855038, "21": 0.22632677426485293, "22": 0.8045228392067916, "23": 0.9488454196339666, "24": 0.9158416730003263, "25": 0.6382403949596325, "26": 0.21853994881868852, "27": 0.5476719363024447, "28": 0.8392306077797702, "29": 0.8045228392067916, "30": 1.0177793131482315e-13, "31": 0.3672239195522461, "32": 5.999631837393769e-14, "33": 0.31165495982640234, "34": 0.602430494327361, "35": 0.7046909234808005, "36": 0.42401789450850624, "37": 9.704633628445062e-14, "38": 0.25104036912339367, "39": 0.3369334762841203, "40": 4.6915101254614875e-14, "41": 0.4826583213326315, "42": 5.971540348617016e-14, "43": 0.9488454196339666, "44": 0.25340148799104045, "45": 0.3369334762841203, "46": 0.6204544842129429, "47": 0.9158416730003263, "48": 0.5554146263991994, "49": 0.25340148799104045, "50": 0.5476719363024447, "51": 0.3369334762841203, "52": 0.25854386440027266, "53": 0.6373896357726951, "54": 0.6427341590053419, "55": 0.6925721610252966, "56": 0.22632677426485293, "57": 0.745614212365608, "58": 0.3935534862107367, "59": 0.9070516401993252, "60": 0.7278993724865528, "61": 0.6373896357726951, "62": 0.3935534862107367, "63": 0.8877391053159909, "64": 0.6925721610252966, "65": 0.8877391053159909, "66": 0.6373896357726951, "67": 4.666730471090043e-14, "68": 0.602430494327361, "69": 0.2957538813185814, "70": 7.348202315459961e-14, "71": 0.42401789450850624, "72": 0.31165495982640234, "73": 0.8392306077797702, "74": 0.25854386440027266, "75": 0.5476719363024447, "76": 0.22632677426485293, "77": 0.2665810575565436, "78": 0.25104036912339367, "79": 0.4774745003809192, "80": 0.4826583213326315, "81": 0.45853558798399024, "82": 5.0888965657411575e-14, "83": 0.7278993724865528, "84": 0.865875425155204, "85": 0.21853994881868852, "86": 5.914673221708758e-14, "87": 0.3672239195522461, "88": 0.6382403949596325, "89": 0.6427341590053419, "90": 0.9488454196339666, "91": 0.9158416730003263, "92": 0.8507290489001087, "93": 0.745614212365608, "94": 5.914673221708758e-14, "95": 0.31165495982640234, "96": 0.2665810575565436, "97": 3.6741011577299806e-14, "98": 0.25854386440027266, "99": 0.2957538813185814},