{"0": {"0": 0.945898909581134, "1": 0.9455036453168035, "2": 0.9459599121557424, "3": 0.9466060337609754, "4": 0.9458807103503423, "5": 0.9460016965748217, "6": 0.9457499284820725, "7": 0.946185737401866, "8": 0.9460645526870114, "9": 0.9455672390265527, "10": 0.9454308620009325, "11": 0.9480954284388958, "12": 0.050046224989500815, "13": 0.9459864500074149, "14": 0.9463325078075802, "15": 0.9454118242568035, "16": 0.9456514791593665, "17": 0.9462353708509186, "18": 0.9467240229515101, "19": 0.9463671674544802, "20": 0.9467409984502633, "21": 0.945697695238507, "22": 0.9463061751820809, "23": 0.9481375002369741, "24": 0.9462661004515606, "25": 0.9458639802881718, "26": 0.9456052630802261, "27": 0.9457494269357276, "28": 0.945992165530354, "29": 0.9457380876066105, "30": 0.94789666322838, "31": 0.9468429854201426, "32": 0.9461772700509574, "33": 0.9461647104337513, "34": 0.9461768719613812, "35": 0.9466622806264516, "36": 0.9458479615254528, "37": 0.9458682023205163, "38": 0.9459522334126416, "39": 0.9459622538612739, "40": 0.9462559952024416, "41": 0.9463056415493643, "42": 0.9458688125145771, "43": 0.9458604934368446, "44": 0.9460012300557095, "45": 0.9458812129906407, "46": 0.9462749853297372, "47": 0.945860685497067, "48": 0.9461837041144323, "49": 0.9453820664280664, "50": 0.9457930245660316, "51": 0.9458408026646893, "52": 0.946185737401866, "53": 0.9468429854201426, "54": 0.9457423572678672, "55": 0.9458604934368446, "56": 0.9458731548957591, "57": 0.9453643226785674, "58": 0.9467240229515101, "59": 0.9460226806207043, "60": 0.9463061751820809, "61": 0.9479840471219623, "62": 0.9462182459765505, "63": 0.9460785244558414, "64": 0.9463751425148288, "65": 0.9460645526870114, "66": 0.9458332353763679, "67": 0.9459460009538547, "68": 0.945963652489456, "69": 0.9459651461128671, "70": 0.9472293755136887, "71": 0.945943330454438, "72": 0.9479546604282079, "73": 0.9459811262125015, "74": 0.9458564120385136, "75": 0.9466622806264516, "76": 0.9458688125145771, "77": 0.9459246642665089, "78": 0.945627208154828, "79": 0.9460500888671037, "80": 0.9479932250037074, "81": 0.9456483349414175, "82": 0.9461837041144323, "83": 0.9461620384032708, "84": 0.9459599121557424, "85": 0.9458807103503423, "86": 0.9462749853297372, "87": 0.9461914782051508, "88": 0.945898909581134, "89": 0.9457423572678672, "90": 0.9472293755136887, "91": 0.9478030406841192, "92": 0.945943330454438, "93": 0.9482012881072271, "94": 0.9462661004515606, "95": 0.9460785244558414, "96": 0.9462353708509186, "97": 0.9463751425148288, "98": 0.945627208154828, "99": 0.945963652489456}, "1": {"0": 0.05454735618673043, "1": 0.052535533062317105, "2": 0.05414993945635302, "3": 0.05410518185209201, "4": 0.05436201166816842, "5": 0.05451813443082487, "6": 0.05426114754577087, "7": 0.054364620154263285, "8": 0.054182296200261076, "9": 0.052046334151194314, "10": 0.05443515066794794, "11": 0.05414698873374123, "12": 0.054447668220834994, "13": 0.05472185252869415, "14": 0.05414993945635302, "15": 0.05406596191493861, "16": 0.054165119866275466, "17": 0.05422071248999361, "18": 0.0546382975645953, "19": 0.054220503440036816, "20": 0.05458683924762103, "21": 0.05461741174514555, "22": 0.054475366073937825, "23": 0.054363634224524844, "24": 0.054374547842374686, "25": 0.054632790144113846, "26": 0.05381600085335375, "27": 0.05422635853513354, "28": 0.054212758003528205, "29": 0.054391219742714846, "30": 0.05444744532252844, "31": 0.05435544889847583, "32": 0.05426114754577087, "33": 0.05338058398981463, "34": 0.054214867451575985, "35": 0.05389946641931412, "36": 0.054405800347681714, "37": 0.05431813055020792, "38": 0.05325668241892758, "39": 0.053418525938562375, "40": 0.05404406757023891, "41": 0.05442317152669163, "42": 0.05438372921106514, "43": 0.05420142005048739, "44": 0.05431479442987784, "45": 0.05332380952659058, "46": 0.054363634224524844, "47": 0.05444744532252844, "48": 0.053927960474902024, "49": 0.053700525757355545, "50": 0.05332380952659058, "51": 0.05425373079782462, "52": 0.054364620154263285, "53": 0.0544829220556015, "54": 0.05415278985285377, "55": 0.05448901610964332, "56": 0.05389051957987651, "57": 0.05299446979998401, "58": 0.05225906721541244, "59": 0.054303351075235054, "60": 0.05402792492172381, "61": 0.054056228618466776, "62": 0.0546382975645953, "63": 0.054182296200261076, "64": 0.05420459600938944, "65": 0.05380594077256478, "66": 0.05421759036073209, "67": 0.05390841325875172, "68": 0.05435126632428595, "69": 0.053418525938562375, "70": 0.054405800347681714, "71": 0.051585786280452385, "72": 0.05380594077256478, "73": 0.054551501932645734, "74": 0.05448286557548529, "75": 0.054215163199197815, "76": 0.054215163199197815, "77": 0.053700525757355545, "78": 0.05415278985285377, "79": 0.05435126632428595, "80": 0.05402792492172381, "81": 0.053631719614631465, "82": 0.9499986399902101, "83": 0.05431813055020792, "84": 0.05210229800469472, "85": 0.054208820934626624, "86": 0.05421759036073209, "87": 0.05443515066794794, "88": 0.054165119866275466, "89": 0.05338058398981463, "90": 0.053141163638160155, "91": 0.053292018930939836, "92": 0.05381348256472837, "93": 0.053292018930939836, "94": 0.05406596191493861, "95": 0.05202203378511946, "96": 0.054220503440036816, "97": 0.05389946641931412, "98": 0.053141163638160155, "99": 0.05410518185209201}, "2": {"0": 0.5005275587684701, "1": 0.5005275587684701, "2": 0.5005275587684701, "3": 0.5005275587684701, "4": 0.5005275587684701, "5": 0.5005275587684701, "6": 0.5005275587684701, "7": 0.5005275587684701, "8": 0.5005275587684701, "9": 0.5005275587684701, "10": 0.5005275587684701, "11": 0.5005275587684701, "12": 0.5005275587684701, "13": 0.5005275587684701, "14": 0.5005275587684701, "15": 0.5005275587684701, "16": 0.5005275587684701, "17": 0.5005275587684701, "18": 0.5005275587684701, "19": 0.5005275587684701, "20": 0.5005275587684701, "21": 0.5005275587684701, "22": 0.5005275587684701, "23": 0.5005275587684701, "24": 0.5005275587684701, "25": 0.5005275587684701, "26": 0.5005275587684701, "27": 0.5005275587684701, "28": 0.5005275587684701, "29": 0.5005275587684701, "30": 0.5005275587684701, "31": 0.5005275587684701, "32": 0.5005275587684701, "33": 0.5005275587684701, "34": 0.5005275587684701, "35": 0.5005275587684701, "36": 0.5005275587684701, "37": 0.5005275587684701, "38": 0.5005275587684701, "39": 0.5005275587684701, "40": 0.5005275587684701, "41": 0.5005275587684701, "42": 0.5005275587684701, "43": 0.5005275587684701, "44": 0.5005275587684701, "45": 0.5005275587684701, "46": 0.5005275587684701, "47": 0.5005275587684701, "48": 0.5005275587684701, "49": 0.5005275587684701, "50": 0.5005275587684701, "51": 0.5005275587684701, "52": 0.5005275587684701, "53": 0.5005275587684701, "54": 0.5005275587684701, "55": 0.5005275587684701, "56": 0.5005275587684701, "57": 0.5005275587684701, "58": 0.5005275587684701, "59": 0.5005275587684701, "60": 0.5005275587684701, "61": 0.5005275587684701, "62": 0.5005275587684701, "63": 0.5005275587684701, "64": 0.5005275587684701, "65": 0.5005275587684701, "66": 0.5005275587684701, "67": 0.5005275587684701, "68": 0.5005275587684701, "69": 0.5005275587684701, "70": 0.5005275587684701, "71": 0.5005275587684701, "72": 0.5005275587684701, "73": 0.5005275587684701, "74": 0.5005275587684701, "75": 0.5005275587684701, "76": 0.5005275587684701, "77": 0.5005275587684701, "78": 0.5005275587684701, "79": 0.5005275587684701, "80": 0.5005275587684701, "81": 0.5005275587684701, "82": 0.5005275587684701, "83": 0.5005275587684701, "84": 0.5005275587684701, "85": 0.5005275587684701, "86": 0.5005275587684701, "87": 0.5005275587684701, "88": 0.5005275587684701, "89": 0.5005275587684701, "90": 0.5005275587684701, "91": 0.5005275587684701, "92": 0.5005275587684701, "93": 0.5005275587684701, "94": 0.5005275587684701, "95": 0.5005275587684701, "96": 0.5005275587684701, "97": 0.5005275587684701, "98": 0.5005275587684701, "99": 0.5005275587684701}, "3": {"0": 0.5269405386061496, "1": 0.5269405386061496, "2": 0.5269405386061496,