{"0": {"0": 0.9437743126222247, "1": 0.6191100874949422, "2": 0.35374409602181467, "3": 0.941652750536871, "4": 0.35374409597482925, "5": 0.3537440957943314, "6": 0.35374409597482925, "7": 0.9427387749780496, "8": 0.35374409582699173, "9": 0.051476022853196086, "10": 0.3537440957943314, "11": 0.942551152665644, "12": 0.3537440957502427, "13": 0.9422820755428871, "14": 0.35374409592891987, "15": 0.35374409596976175, "16": 0.9426289312915064, "17": 0.945886235872336, "18": 0.05406856077722242, "19": 0.942551152665644, "20": 0.3537440958955132, "21": 0.35374409588851097, "22": 0.3537440959279875, "23": 0.3537440959888365, "24": 0.3537440958477874, "25": 0.35374409596976175, "26": 0.3537440959252902, "27": 0.9468016684204392, "28": 0.35374409595224343, "29": 0.9417972451921285, "30": 0.353744095944715, "31": 0.3537440959581024, "32": 0.9461410377714435, "33": 0.941772471744672, "34": 0.942097696725023, "35": 0.35374409594576883, "36": 0.9424719323954109, "37": 0.9420863280077145, "38": 0.35374409593127804, "39": 0.35374409595663714, "40": 0.941778686746402, "41": 0.9419512020003806, "42": 0.3537440958465474, "43": 0.35374409598526424, "44": 0.9421624842885516, "45": 0.3537440959279875, "46": 0.941816506842825, "47": 0.35374409593265127, "48": 0.3537440957941135, "49": 0.9460812421442758, "50": 0.3537440959187578, "51": 0.35374409592891987, "52": 0.3537440959252902, "53": 0.9418551442967755, "54": 0.9418144144849473, "55": 0.35374409579225724, "56": 0.35374409602385615, "57": 0.9427387749780496, "58": 0.05136164011909332, "59": 0.35374409595224343, "60": 0.3537440958948379, "61": 0.35374409595214706, "62": 0.05484600915983838, "63": 0.35374409583628463, "64": 0.9414384928024522, "65": 0.3537440958955132, "66": 0.9417934431148096, "67": 0.35374409594509093, "68": 0.35374409589445244, "69": 0.3537440957502427, "70": 0.35374409588851097, "71": 0.05272328023818664, "72": 0.3537440959581024, "73": 0.9422496534638903, "74": 0.9412343621715862, "75": 0.35374409582699173, "76": 0.35374409593265127, "77": 0.35374409591394856, "78": 0.9417934431148096, "79": 0.9425493659540306, "80": 0.6191100874949422, "81": 0.945648980381006, "82": 0.35374409593127804, "83": 0.35374409587088973, "84": 0.9417490824466046, "85": 0.9417972451921285, "86": 0.942756829354853, "87": 0.6170231727019253, "88": 0.942889993442652, "89": 0.9420863280077145, "90": 0.942756829354853, "91": 0.3537440959187578, "92": 0.05484600915983838, "93": 0.35374409595939593, "94": 0.9412979607620119, "95": 0.35374409587088973, "96": 0.35374409594576883, "97": 0.9413969660419135, "98": 0.9421830700858885, "99": 0.9424719323954109}, "1": {"0": 0.5608649271383741, "1": 0.06707284665975266, "2": 0.06332206915883466, "3": 0.947175826336093, "4": 0.9487025259441586, "5": 0.5608649273553648, "6": 0.9446720280772336, "7": 0.06486301930276843, "8": 0.06628958188270323, "9": 0.06435007541011661, "10": 0.0631860101601505, "11": 0.5608649272188606, "12": 0.9465916923311625, "13": 0.9483177308365329, "14": 0.5608649271959047, "15": 0.066939338999239, "16": 0.0631860101601505, "17": 0.06669686549529918, "18": 0.5608649271460262, "19": 0.5608649273553648, "20": 0.5608649270024991, "21": 0.5608649271480456, "22": 0.06508836856408495, "23": 0.06637566717619572, "24": 0.062335110964202606, "25": 0.5608649271427738, "26": 0.9478739080562307, "27": 0.5608649271460262, "28": 0.5608649271962824, "29": 0.5608649271054449, "30": 0.9478739080562307, "31": 0.9471089941406339, "32": 0.5608649271892848, "33": 0.06121799994864687, "34": 0.9466265410158543, "35": 0.06672713410503914, "36": 0.5608649271480456, "37": 0.06751413206269657, "38": 0.5608649272845829, "39": 0.9466354616730658, "40": 0.946069405928311, "41": 0.05643797957377296, "42": 0.05818783358809786, "43": 0.06271914708116388, "44": 0.5608649272071894, "45": 0.06731621496524216, "46": 0.06544552791637803, "47": 0.946069405928311, "48": 0.5608649271931854, "49": 0.06616855140994911, "50": 0.06354320837822844, "51": 0.5608649270024991, "52": 0.5608649271959047, "53": 0.06525814290518997, "54": 0.066939338999239, "55": 0.5608649272120458, "56": 0.06751413206269657, "57": 0.5608649272185167, "58": 0.05754418428204248, "59": 0.9459890336786783, "60": 0.06503532829336389, "61": 0.5608649271054449, "62": 0.5608649271415467, "63": 0.06539922280477248, "64": 0.06219158136459203, "65": 0.06324839096832274, "66": 0.06700689152437297, "67": 0.5608649271909623, "68": 0.9459890336786783, "69": 0.5608649272294874, "70": 0.5608649271986241, "71": 0.5608649272168023, "72": 0.5608649271415467, "73": 0.06731621496524216, "74": 0.560864927147942, "75": 0.5608649272185167, "76": 0.06515402037165414, "77": 0.0645159882297509, "78": 0.0645159882297509, "79": 0.9457376537291469, "80": 0.06628958188270323, "81": 0.5608649272157049, "82": 0.5608649271909623, "83": 0.06219158136459203, "84": 0.5608649270803187, "85": 0.06554352192513552, "86": 0.06531371782540149, "87": 0.5608649272908934, "88": 0.05649890496348757, "89": 0.9486626649162841, "90": 0.06539922280477248, "91": 0.5608649271793599, "92": 0.5608649272845829, "93": 0.9457376537291469, "94": 0.06442091530299923, "95": 0.5608649272157049, "96": 0.5608649272294874, "97": 0.06525814290518997, "98": 0.06554352192513552, "99": 0.5608649271833986}, "2": {"0": 0.9314910355586771, "1": 0.9261670300872762, "2": 0.9274677246944014, "3": 0.933250990571515, "4": 0.9266622661384892, "5": 0.43107077721970266, "6": 0.43107077721981535, "7": 0.4310707772197593, "8": 0.05492738293946653, "9": 0.4310707772197969, "10": 0.43107077721977416, "11": 0.9275644190181099, "12": 0.9284621659971175, "13": 0.9334649133083563, "14": 0.9399060156733966, "15": 0.4310707772198009, "16": 0.43107077721977344, "17": 0.938798086053669, "18": 0.43107077721980586, "19": 0.4310707772197195, "20": 0.05224304584101737, "21": 0.9334649133083563, "22": 0.4310707772198394, "23": 0.4310707772197944, "24": 0.43107077721974685, "25": 0.05312206662688898, "26": 0.43107077721978615, "27": 0.4310707772197867, "28": 0.431070777219802, "29": 0.4310707772196766, "30": 0.925573149335962, "31": 0.43107077721978154, "32": 0.43107077721980813, "33": 0.4310707772197674, "34": 0.0554125929469496, "35": 0.053970945291387865, "36": 0.4310707772197694, "37": 0.431070777219765, "38": 0.9343412980233756, "39": 0.05492738293946653, "40": 0.43107077721986753, "41": 0.05679745223039349, "42": 0.9356768009380865, "43": 0.05709122680156953, "44": 0.9284621659971175, "45": 0.43107077721980813, "46": 0.930044833899738, "47": 0.4310707772197593, "48": 0.055558184636653477, "49": 0.43107077721978615, "50": 0.9339007721921684, "51": 0.05709122680156953, "52": 0.4310707772197823, "53": 0.052877521503371994, "54": 0.9303581004897845, "55": 0.43107077721980586, "56": 0.43107077721981535, "57": 0.43107077721977344, "58": 0.9321115323369384, "59": 0.9294414592790955, "60": 0.43107077721979825, "61": 0.4310707772198775, "62": 0.4310707772198084, "63": 0.4310707772198382, "64": 0.4310707772197938, "65": 0.9410557661684692, "66": 0.920583218306513, "67": 0.4310707772198009, "68": 0.9331590865219664, "69": 0.057057529127874804, "70": 0.4310707772197969, "71": 0.9339007721921684, "72": 0.9267647514111688, "73": 0.9303581004897845, "74": 0.4310707772197694, "75": 0.4310707772197674, "76": 0.43107077721976295, "77": 0.4310707772198347, "78": 0.4310707772198896, "79": 0.9314910355586771, "80": 0.43107077721974685, "81": 0.43107077721968345, "82": 0.929359912976125, "83": 0.9260263910394333, "84": 0.43107077721968345, "85": 0.4310707772197425, "86": 0.9343412980233756, "87": 0.4310707772197704, "88": 0.0554125929469496, "89": 0.9392411367676559, "90": 0.4310707772198604, "91": 0.9316816642557253, "92": 0.4310707772197704, "93": 0.933250990571515, "94": 0.4310707772197823, "95": 0.4310707772197216, "96": 0.05660221569590515, "97": 0.431070777219765, "98": 0.4310707772197867, "99": 0.4310707772198347}, "3": {"0": 0.484482256615258, "1": 0.05809562508682951, "2": 0.05895266772241866, "3": 0.9415829870160063,