{"0": {"0": 0.001164558683664484, "1": 0.0024935079136302963, "2": 0.7917454797351642, "3": 0.0027528730337088294, "4": 0.0025200330728237007, "5": 0.7917454773429699, "6": 0.0027716073561450507, "7": 0.002615209955717077, "8": 0.002334857504289578, "9": 0.7917454783338076, "10": 0.7917454777889732, "11": 0.0023686500334587765, "12": 0.002625444771253128, "13": 0.7917454773668945, "14": 0.0027452017537449745, "15": 0.002656859055417785, "16": 0.002182003246926313, "17": 0.7917454773429699, "18": 0.002703829644477689, "19": 0.79174547872841, "20": 0.7917454772030836, "21": 0.002578290432008605, "22": 0.0025109733090493665, "23": 0.002625444771253128, "24": 0.7917454779548159, "25": 0.7917454765345965, "26": 0.7917454775203623, "27": 0.7917454779214198, "28": 0.0019671067138017106, "29": 0.0025660628044395996, "30": 0.0032981369491399577, "31": 0.002910535480159341, "32": 0.7917454774881014, "33": 0.002342781847361158, "34": 0.0024139173790463193, "35": 0.0013486421491431216, "36": 0.0025833952063775744, "37": 0.002416818579739412, "38": 0.001513278431999281, "39": 0.0026170697081276083, "40": 0.0026616671686636594, "41": 0.0021370184081807193, "42": 0.7917454775142512, "43": 0.002663072950386914, "44": 0.7917454778292188, "45": 0.7917454779610672, "46": 0.7917454781830618, "47": 0.7917454790344859, "48": 0.7917454779930687, "49": 0.7917454776696518, "50": 0.0024542178494598266, "51": 0.79174547780354, "52": 0.7917454778292188, "53": 0.0026220857128407254, "54": 0.0019786691306003324, "55": 0.7917454769846093, "56": 0.0017130875705500342, "57": 0.0025832517794816563, "58": 0.002087566783575427, "59": 0.002742407447471648, "60": 0.0027122857095034864, "61": 0.0025310406399959447, "62": 0.0023376801762343027, "63": 0.7917454773668945, "64": 0.7917454790344859, "65": 0.002481400642606828, "66": 0.7917454769846093, "67": 0.0017837644022822494, "68": 0.0012916258897408281, "69": 0.0024425007646024545, "70": 0.0013567515996932072, "71": 0.7917454779374281, "72": 0.002521602892861178, "73": 0.0012212503823012272, "74": 0.0025200330728237007, "75": 0.002908397409759848, "76": 0.0024468420712090155, "77": 0.002989766284182343, "78": 0.002334857504289578, "79": 0.002521602892861178, "80": 0.7917454775203623, "81": 0.0013308335843318297, "82": 0.002420526995885326, "83": 0.0023376801762343027, "84": 0.002703829644477689, "85": 0.7917454779930687, "86": 0.0019671067138017106, "87": 0.79174547780354, "88": 0.0021370184081807193, "89": 0.002420526995885326, "90": 0.7917454772984039, "91": 0.0008918822011411247, "92": 0.7917454781830618, "93": 0.002578290432008605, "94": 0.7917454777889732, "95": 0.0027981048437859236, "96": 0.0017130875705500342, "97": 0.002742407447471648, "98": 0.0024468420712090155, "99": 0.0025660628044395996}, "1": {"0": 0.6298046115601148, "1": 0.6298046115601148, "2": 0.6298046115601148, "3": 0.6298046115601148, "4": 0.6298046115601148, "5": 0.6298046115601148, "6": 0.6298046115601148, "7": 0.6298046115601148, "8": 0.6298046115601148, "9": 0.6298046115601148, "10": 0.0019627796032916384, "11": 0.6298046115601148, "12": 0.6298046115601148, "13": 0.6298046115601148, "14": 0.6298046115601148, "15": 0.6298046115601148, "16": 0.0013023920426997863, "17": 0.6298046115601148, "18": 0.6298046115601148, "19": 0.6298046115601148, "20": 0.0026063386502403756, "21": 0.001548074644579337, "22": 0.6298046115601148, "23": 0.6298046115601148, "24": 0.6298046115601148, "25": 0.6298046115601148, "26": 0.0019627796032916384, "27": 0.0006511960213498931, "28": 0.0015024784004121954, "29": 0.6298046115601148, "30": 0.6298046115601148, "31": 0.0013631415248803605, "32": 0.0022260105239134405, "33": 0.6298046115601148, "34": 0.6298046115601148, "35": 0.6298046115601148, "36": 0.6298046115601148, "37": 0.6298046115601148, "38": 0.0022260105239134405, "39": 0.6298046115601148, "40": 0.6298046115601148, "41": 0.6298046115601148, "42": 0.0012192992151384158, "43": 0.0026063386502403756, "44": 0.0016338505903426368, "45": 0.6298046115601148, "46": 0.6298046115601148, "47": 0.6298046115601148, "48": 0.6298046115601148, "49": 0.0012192992151384158, "50": 0.6298046115601148, "51": 0.0013631415248803605, "52": 0.6298046115601148, "53": 0.6298046115601148, "54": 0.6298046115601148, "55": 0.6298046115601148, "56": 0.6298046115601148, "57": 0.6298046115601148, "58": 0.6298046115601148, "59": 0.6298046115601148, "60": 0.6298046115601148, "61": 0.6298046115601148, "62": 0.6298046115601148, "63": 0.6298046115601148, "64": 0.6298046115601148, "65": 0.6298046115601148, "66": 0.0015024784004121954, "67": 0.6298046115601148, "68": 0.001847896621540187, "69": 0.6298046115601148, "70": 0.6298046115601148, "71": 0.6298046115601148, "72": 0.0023349145556200612, "73": 0.6298046115601148, "74": 0.6298046115601148, "75": 0.0014232470263059122, "76": 0.0013343637552545523, "77": 0.0009239483107700935, "78": 0.6298046115601148, "79": 0.6298046115601148, "80": 0.0009266854010776228, "81": 0.0016600768376854856, "82": 0.001262910302103167, "83": 0.6298046115601148, "84": 0.6298046115601148, "85": 0.6298046115601148, "86": 0.6298046115601148, "87": 0.6298046115601148, "88": 0.6298046115601148, "89": 0.6298046115601148, "90": 0.6298046115601148, "91": 0.6298046115601148, "92": 0.0010428885680799607, "93": 0.6298046115601148, "94": 0.6298046115601148, "95": 0.6298046115601148, "96": 0.6298046115601148, "97": 0.0014232470263059122, "98": 0.6298046115601148, "99": 0.6298046115601148}, "2": {"0": 0.4910929128058519, "1": 0.4910929128058519, "2": 0.4910929128058519, "3": 0.4910929128058519, "4": 0.4910929128058519, "5": 0.4910929128058519, "6": 0.4910929128058519, "7": 0.4910929128058519, "8": 0.4910929128058519, "9": 0.4910929128058519, "10": 0.4910929128058519, "11": 0.4910929128058519, "12": 0.4910929128058519, "13": 0.4910929128058519, "14": 0.4910929128058519, "15": 0.4910929128058519, "16": 0.4910929128058519, "17": 0.4910929128058519, "18": 0.4910929128058519, "19": 0.4910929128058519, "20": 0.4910929128058519, "21": 0.4910929128058519, "22": 0.4910929128058519, "23": 0.4910929128058519, "24": 0.4910929128058519, "25": 0.4910929128058519, "26": 0.4910929128058519, "27": 0.4910929128058519, "28": 0.4910929128058519, "29": 0.4910929128058519, "30": 0.4910929128058519, "31": 0.4910929128058519, "32": 0.4910929128058519, "33": 0.4910929128058519, "34": 0.4910929128058519, "35": 0.4910929128058519, "36": 0.4910929128058519, "37": 0.4910929128058519, "38": 0.4910929128058519, "39": 0.4910929128058519, "40": 0.4910929128058519, "41": 0.4910929128058519, "42": 0.4910929128058519, "43": 0.4910929128058519, "44": 0.4910929128058519, "45": 0.4910929128058519, "46": 6.772497011483347e-05, "47": 0.4910929128058519, "48": 0.4910929128058519, "49": 0.4910929128058519, "50": 0.4910929128058519, "51": 0.4910929128058519, "52": 0.4910929128058519, "53": 0.4910929128058519, "54": 0.4910929128058519, "55": 0.4910929128058519, "56": 0.4910929128058519, "57": 0.4910929128058519, "58": 0.4910929128058519, "59": 0.4910929128058519, "60": 0.4910929128058519, "61": 0.4910929128058519, "62": 0.4910929128058519, "63": 0.4910929128058519, "64": 0.4910929128058519, "65": 0.4910929128058519, "66": 0.4910929128058519, "67": 0.4910929128058519, "68": 0.4910929128058519, "69": 0.4910929128058519, "70": 0.4910929128058519, "71": 0.4910929128058519, "72": 0.4910929128058519, "73": 0.4910929128058519, "74": 0.4910929128058519, "75": 0.4910929128058519, "76": 0.4910929128058519, "77": 0.4910929128058519, "78": 0.4910929128058519, "79": 0.4910929128058519, "80": 0.4910929128058519, "81": 0.4910929128058519, "82": 0.4910929128058519, "83": 0.4910929128058519, "84": 0.4910929128058519, "85": 0.4910929128058519, "86": 0.4910929128058519, "87": 0.4910929128058519, "88": 0.4910929128058519, "89": 0.4910929128058519, "90": 0.4910929128058519, "91": 0.4910929128058519, "92": 0.4910929128058519, "93": 0.4910929128058519, "94": 0.4910929128058519, "95": 0.4910929128058519, "96": 0.4910929128058519, "97": 0.4910929128058519,