{"0": {"0": 0.49206154078636244, "1": 0.49206154078636244, "2": 0.49206154078636244, "3": 0.49206154078636244, "4": 0.49206154078636244, "5": 0.49206154078636244, "6": 0.49206154078636244, "7": 0.49206154078636244, "8": 0.49206154078636244, "9": 0.49206154078636244, "10": 0.49206154078636244, "11": 0.49206154078636244, "12": 0.49206154078636244, "13": 0.49206154078636244, "14": 0.49206154078636244, "15": 0.49206154078636244, "16": 0.49206154078636244, "17": 0.49206154078636244, "18": 0.49206154078636244, "19": 0.49206154078636244, "20": 0.49206154078636244, "21": 0.49206154078636244, "22": 0.49206154078636244, "23": 0.49206154078636244, "24": 0.49206154078636244, "25": 0.49206154078636244, "26": 0.49206154078636244, "27": 0.49206154078636244, "28": 0.49206154078636244, "29": 0.49206154078636244, "30": 0.49206154078636244, "31": 0.49206154078636244, "32": 0.49206154078636244, "33": 0.49206154078636244, "34": 0.49206154078636244, "35": 0.49206154078636244, "36": 0.49206154078636244, "37": 0.49206154078636244, "38": 0.49206154078636244, "39": 0.49206154078636244, "40": 0.49206154078636244, "41": 0.49206154078636244, "42": 0.49206154078636244, "43": 0.49206154078636244, "44": 0.49206154078636244, "45": 0.49206154078636244, "46": 0.49206154078636244, "47": 0.49206154078636244, "48": 0.49206154078636244, "49": 0.49206154078636244, "50": 0.49206154078636244, "51": 0.49206154078636244, "52": 0.49206154078636244, "53": 0.49206154078636244, "54": 0.49206154078636244, "55": 0.49206154078636244, "56": 0.49206154078636244, "57": 0.49206154078636244, "58": 0.49206154078636244, "59": 0.49206154078636244, "60": 0.49206154078636244, "61": 0.49206154078636244, "62": 0.49206154078636244, "63": 0.49206154078636244, "64": 0.49206154078636244, "65": 0.49206154078636244, "66": 0.49206154078636244, "67": 0.49206154078636244, "68": 0.49206154078636244, "69": 0.49206154078636244, "70": 0.49206154078636244, "71": 0.49206154078636244, "72": 0.49206154078636244, "73": 0.49206154078636244, "74": 0.49206154078636244, "75": 0.49206154078636244, "76": 0.49206154078636244, "77": 0.49206154078636244, "78": 0.49206154078636244, "79": 0.49206154078636244, "80": 0.49206154078636244, "81": 0.49206154078636244, "82": 0.49206154078636244, "83": 0.49206154078636244, "84": 0.49206154078636244, "85": 0.49206154078636244, "86": 0.49206154078636244, "87": 0.49206154078636244, "88": 0.49206154078636244, "89": 0.49206154078636244, "90": 0.49206154078636244, "91": 0.49206154078636244, "92": 0.49206154078636244, "93": 0.49206154078636244, "94": 0.49206154078636244, "95": 0.49206154078636244, "96": 0.49206154078636244, "97": 0.49206154078636244, "98": 0.49206154078636244, "99": 0.49206154078636244}, "1": {"0": 0.49188382856986534, "1": 0.49188382856986534, "2": 0.49188382856986534, "3": 0.49188382856986534, "4": 0.49188382856986534, "5": 0.49188382856986534, "6": 0.49188382856986534, "7": 0.49188382856986534, "8": 0.49188382856986534, "9": 0.49188382856986534, "10": 0.49188382856986534, "11": 0.49188382856986534, "12": 0.49188382856986534, "13": 0.49188382856986534, "14": 0.49188382856986534, "15": 0.49188382856986534, "16": 0.49188382856986534, "17": 0.49188382856986534, "18": 0.49188382856986534, "19": 0.49188382856986534, "20": 0.49188382856986534, "21": 0.49188382856986534, "22": 0.49188382856986534, "23": 0.49188382856986534, "24": 0.49188382856986534, "25": 0.49188382856986534, "26": 0.49188382856986534, "27": 0.49188382856986534, "28": 0.49188382856986534, "29": 0.49188382856986534, "30": 0.49188382856986534, "31": 0.49188382856986534, "32": 0.49188382856986534, "33": 0.49188382856986534, "34": 0.49188382856986534, "35": 0.49188382856986534, "36": 0.49188382856986534, "37": 0.49188382856986534, "38": 0.49188382856986534, "39": 0.49188382856986534, "40": 0.49188382856986534, "41": 0.49188382856986534, "42": 0.49188382856986534, "43": 0.49188382856986534, "44": 0.49188382856986534, "45": 0.49188382856986534, "46": 0.49188382856986534, "47": 0.49188382856986534, "48": 0.49188382856986534, "49": 0.49188382856986534, "50": 0.49188382856986534, "51": 0.49188382856986534, "52": 0.49188382856986534, "53": 0.49188382856986534, "54": 0.49188382856986534, "55": 0.49188382856986534, "56": 0.49188382856986534, "57": 0.49188382856986534, "58": 0.49188382856986534, "59": 0.49188382856986534, "60": 0.49188382856986534, "61": 0.49188382856986534, "62": 0.49188382856986534, "63": 0.49188382856986534, "64": 0.49188382856986534, "65": 0.49188382856986534, "66": 0.49188382856986534, "67": 0.49188382856986534, "68": 0.49188382856986534, "69": 0.49188382856986534, "70": 0.49188382856986534, "71": 0.49188382856986534, "72": 0.49188382856986534, "73": 0.49188382856986534, "74": 0.49188382856986534, "75": 0.49188382856986534, "76": 0.49188382856986534, "77": 0.49188382856986534, "78": 0.49188382856986534, "79": 0.49188382856986534, "80": 0.49188382856986534, "81": 0.49188382856986534, "82": 0.49188382856986534, "83": 0.49188382856986534, "84": 0.49188382856986534, "85": 0.49188382856986534, "86": 0.49188382856986534, "87": 0.49188382856986534, "88": 0.49188382856986534, "89": 0.49188382856986534, "90": 0.49188382856986534, "91": 0.49188382856986534, "92": 0.49188382856986534, "93": 0.49188382856986534, "94": 0.49188382856986534, "95": 0.49188382856986534, "96": 0.49188382856986534, "97": 0.49188382856986534, "98": 0.49188382856986534, "99": 0.49188382856986534}, "2": {"0": 0.4994205555703689, "1": 0.4994205555703689, "2": 0.4994205555703689, "3": 0.4994205555703689, "4": 0.4994205555703689, "5": 0.4994205555703689, "6": 0.4994205555703689, "7": 0.4994205555703689, "8": 0.4994205555703689, "9": 0.4994205555703689, "10": 0.4994205555703689, "11": 0.4994205555703689, "12": 0.4994205555703689, "13": 0.4994205555703689, "14": 0.4994205555703689, "15": 0.4994205555703689, "16": 0.4994205555703689, "17": 0.4994205555703689, "18": 0.4994205555703689, "19": 0.4994205555703689, "20": 0.4994205555703689, "21": 0.4994205555703689, "22": 0.4994205555703689, "23": 0.4994205555703689, "24": 0.4994205555703689, "25": 0.4994205555703689, "26": 0.4994205555703689, "27": 0.4994205555703689, "28": 0.4994205555703689, "29": 0.4994205555703689, "30": 0.4994205555703689, "31": 0.4994205555703689, "32": 0.4994205555703689, "33": 0.4994205555703689, "34": 0.4994205555703689, "35": 0.4994205555703689, "36": 0.4994205555703689, "37": 0.4994205555703689, "38": 0.4994205555703689, "39": 0.4994205555703689, "40": 0.4994205555703689, "41": 0.4994205555703689, "42": 0.4994205555703689, "43": 0.4994205555703689, "44": 0.4994205555703689, "45": 0.4994205555703689, "46": 0.4994205555703689, "47": 0.4994205555703689, "48": 0.4994205555703689, "49": 0.4994205555703689, "50": 0.4994205555703689, "51": 0.4994205555703689, "52": 0.4994205555703689, "53": 0.4994205555703689, "54": 0.4994205555703689, "55": 0.4994205555703689, "56": 0.4994205555703689, "57": 0.4994205555703689, "58": 0.4994205555703689, "59": 0.4994205555703689, "60": 0.4994205555703689, "61": 0.4994205555703689, "62": 0.4994205555703689, "63": 0.4994205555703689, "64": 0.4994205555703689, "65": 0.4994205555703689, "66": 0.4994205555703689, "67": 0.4994205555703689, "68": 0.4994205555703689, "69": 0.4994205555703689, "70": 0.4994205555703689, "71": 0.4994205555703689, "72": 0.4994205555703689, "73": 0.4994205555703689, "74": 0.4994205555703689, "75": 0.4994205555703689, "76": 0.4994205555703689, "77": 0.4994205555703689, "78": 0.4994205555703689, "79": 0.4994205555703689, "80": 0.4994205555703689, "81": 0.4994205555703689, "82": 0.4994205555703689, "83": 0.4994205555703689, "84": 0.4994205555703689, "85": 0.4994205555703689, "86": 0.4994205555703689, "87": 0.4994205555703689, "88": 0.4994205555703689, "89": 0.4994205555703689, "90": 0.4994205555703689, "91": 0.4994205555703689, "92": 0.4994205555703689, "93": 0.4994205555703689, "94": 0.4994205555703689, "95": 0.4994205555703689, "96": 0.4994205555703689, "97": 0.4994205555703689, "98": 0.4994205555703689, "99": 0.4994205555703689},