{"0": {"0": 0.49999999673847056, "1": 0.4999999958291537, "2": 0.4999999973580495, "3": 0.9388979330543799, "4": 0.4999999961935579, "5": 0.09632558490702997, "6": 0.49999999636724496, "7": 0.4999999961935579, "8": 0.4999999959276081, "9": 0.4999999967874183, "10": 0.4999999949965995, "11": 0.4999999969632122, "12": 0.4999999965564596, "13": 0.4999999967874183, "14": 0.4999999965312977, "15": 0.4999999961777334, "16": 0.4999999968861756, "17": 0.49999999830775993, "18": 0.916471357583039, "19": 0.4999999967636394, "20": 0.4999999965972375, "21": 0.06625440498489264, "22": 0.49999999592427186, "23": 0.49999999723267774, "24": 0.9623712280418878, "25": 0.4999999973521304, "26": 0.4999999986665572, "27": 0.4999999954775489, "28": 0.9388979330543799, "29": 0.4999999969790565, "30": 0.4999999965878108, "31": 0.9604232219867779, "32": 0.49999999622594105, "33": 0.49999999681089213, "34": 0.4999999964376397, "35": 0.49999999708517423, "36": 0.49999999582699656, "37": 0.49999999613812973, "38": 0.4999999969326385, "39": 0.4999999971656476, "40": 0.916471357583039, "41": 0.4999999965550837, "42": 0.4999999966442891, "43": 0.4999999959715683, "44": 0.4999999986790248, "45": 0.4999999957901052, "46": 0.04905127115743782, "47": 0.4999999949265449, "48": 0.49999999854743626, "49": 0.4999999961722891, "50": 0.49999999621519237, "51": 0.49999999587530103, "52": 0.4999999966442891, "53": 0.4999999976997534, "54": 0.04905127115743782, "55": 0.4999999986162621, "56": 0.4999999964507127, "57": 0.4999999984816061, "58": 0.09632558490702997, "59": 0.9604232219867779, "60": 0.4999999971735656, "61": 0.916471357583039, "62": 0.4999999963312066, "63": 0.4999999981496363, "64": 0.49999999608595813, "65": 0.4999999973985588, "66": 0.49999999661607575, "67": 0.49999999642963555, "68": 0.49999999782667565, "69": 0.4999999966894645, "70": 0.49999999690545516, "71": 0.49999999590965827, "72": 0.49999999592712807, "73": 0.4999999966995059, "74": 0.49999999639314624, "75": 0.4999999962846631, "76": 0.4999999984993129, "77": 0.49999999655955424, "78": 0.4999999960002619, "79": 0.4999999966995059, "80": 0.49999999621519237, "81": 0.9388979330543799, "82": 0.9623712280418878, "83": 0.49999999582699656, "84": 0.4999999964507127, "85": 0.4999999986760652, "86": 0.4999999953615159, "87": 0.49999999673847056, "88": 0.49999999795482913, "89": 0.4999999969326385, "90": 0.4999999972159418, "91": 0.4999999969790565, "92": 0.4999999985867828, "93": 0.49999999608595813, "94": 0.4999999964376397, "95": 0.4999999971656476, "96": 0.499999997963804, "97": 0.4999999972159418, "98": 0.06625440498489264, "99": 0.49999999642963555}, "1": {"0": 0.49999999663556083, "1": 0.49999999317359145, "2": 0.07115190600336055, "3": 0.4999999906327075, "4": 0.49999999098953624, "5": 0.49999999399488015, "6": 0.499999991754679, "7": 0.4999999950949493, "8": 0.49999999433121456, "9": 0.49999999371417203, "10": 0.49999999114643934, "11": 0.4999999932460991, "12": 0.4999999969974401, "13": 0.49999999396623995, "14": 0.49999999215202895, "15": 0.49999999404088313, "16": 0.49999999663556083, "17": 0.9329133519180584, "18": 0.4999999961563321, "19": 0.49999999223964375, "20": 0.9329133519180584, "21": 0.499999993147278, "22": 0.49999999384737637, "23": 0.4999999957685761, "24": 0.49999999221813385, "25": 0.4999999971418535, "26": 0.4999999939739488, "27": 0.4999999936283363, "28": 0.49999999593734856, "29": 0.4999999942089932, "30": 0.49999999505856496, "31": 0.49999999516563076, "32": 0.9047001510139223, "33": 0.49999999451803157, "34": 0.49999999189136834, "35": 0.07530495417279467, "36": 0.49999999229405245, "37": 0.49999999472402273, "38": 0.4999999906327075, "39": 0.49999999655505245, "40": 0.4999999937440488, "41": 0.4999999936685591, "42": 0.4999999936993385, "43": 0.49999999361403497, "44": 0.4999999913402494, "45": 0.018046081559524613, "46": 0.4999999937015257, "47": 0.4999999931274919, "48": 0.9047001510139223, "49": 0.49999999472402273, "50": 0.9345004239507824, "51": 0.4999999932389023, "52": 0.49999999308898746, "53": 0.4999999942525545, "54": 0.018046081559524613, "55": 0.49999999371417203, "56": 0.4999999933801435, "57": 0.4999999950949493, "58": 0.9047001510139223, "59": 0.4999999965624338, "60": 0.4999999938048052, "61": 0.4999999936283363, "62": 0.49999999389148764, "63": 0.49999999284726326, "64": 0.4999999943295192, "65": 0.4999999922404922, "66": 0.018046081559524613, "67": 0.9388445689414846, "68": 0.983705391231059, "69": 0.49999999229405245, "70": 0.9740764170272693, "71": 0.49999999557321967, "72": 0.4999999975292825, "73": 0.4999999936685591, "74": 0.49999999574756326, "75": 0.49999999286419683, "76": 0.4999999942089932, "77": 0.4999999976134381, "78": 0.07115190600336055, "79": 0.4999999922404922, "80": 0.4999999939739488, "81": 0.4999999946862671, "82": 0.07530495417279467, "83": 0.4999999937015257, "84": 0.4999999932460991, "85": 0.49999999255609906, "86": 0.4999999968496692, "87": 0.49999999788428806, "88": 0.49999999284726326, "89": 0.9388445689414846, "90": 0.4999999951798607, "91": 0.983705391231059, "92": 0.4999999968720244, "93": 0.4999999933801435, "94": 0.49999999574756326, "95": 0.49999999389148764, "96": 0.9740764170272693, "97": 0.9345004239507824, "98": 0.4999999975828154, "99": 0.4999999931274919}, "2": {"0": 0.5000000133266472, "1": 0.500000006396928, "2": 0.5000000174304585, "3": 0.5000000158140789, "4": 0.5000000108607319, "5": 0.500000017781723, "6": 0.5000000044335021, "7": 0.5000000113861105, "8": 0.5000000077827946, "9": 0.5000000056530822, "10": 0.5000000163789942, "11": 0.5000000145283741, "12": 0.5000000077600965, "13": 0.5000000132992853, "14": 0.5000000141766472, "15": 0.5000000147878207, "16": 0.5000000131934348, "17": 0.5000000212711819, "18": 0.5000000081693026, "19": 0.5000000123302852, "20": 0.959231176867053, "21": 0.5000000174825523, "22": 0.5000000073453152, "23": 0.5000000111339808, "24": 0.5000000137955032, "25": 0.50000001795247, "26": 0.5000000197546545, "27": 0.5000000158140789, "28": 0.5000000081923062, "29": 0.5000000076972166, "30": 0.5000000119015364, "31": 0.5000000152043974, "32": 0.5000000145283741, "33": 0.5000000200024941, "34": 0.5000000148649508, "35": 0.5000000166597875, "36": 0.0770354503859236, "37": 0.50000001624987, "38": 0.5000000161238213, "39": 0.5000000163789942, "40": 0.04056035075962612, "41": 0.5000000200191851, "42": 0.5000000177081464, "43": 0.5000000127596979, "44": 0.5000000112289279, "45": 0.5000000139015751, "46": 0.5000000077600965, "47": 0.5000000154812444, "48": 0.5000000147040156, "49": 0.5000000145904094, "50": 0.500000012575285, "51": 0.500000012593794, "52": 0.5000000154812444, "53": 0.5000000137818277, "54": 0.04056035075962612, "55": 0.5000000042316228, "56": 0.5000000181903168, "57": 0.5000000059507682, "58": 0.5000000119480218, "59": 0.5000000147040156, "60": 0.500000008305794, "61": 0.500000015931894, "62": 0.5000000157870423, "63": 0.5000000176675808, "64": 0.5000000142900776, "65": 0.5000000143082666, "66": 0.5000000116270931, "67": 0.5000000181903168, "68": 0.5000000058135465, "69": 0.5000000083952548, "70": 0.500000008305794, "71": 0.959231176867053, "72": 0.5000000114705878, "73": 0.5000000137304605, "74": 0.04056035075962612, "75": 0.5000000147878207, "76": 0.5000000168778296, "77": 0.5000000136620804, "78": 0.5000000127596979, "79": 0.5000000133266472, "80": 0.500000017781723, "81": 0.5000000168778296, "82": 0.5000000115434935, "83": 0.5000000108607319, "84": 0.0770354503859236, "85": 0.5000000068909138, "86": 0.5000000114705878, "87": 0.5000000059368903, "88": 0.06281195298715112, "89": 0.500000012575285, "90": 0.5000000137955032, "91": 0.5000000166597875, "92": 0.06281195298715112, "93": 0.5000000145904094, "94": 0.5000000144299239, "95": 0.500000007214962, "96": 0.500000009304347, "97": 0.5000000076972166, "98": 0.500000006296897, "99": 0.5000000113861105}, "3": {"0": 0.49999986507505056, "1": 0.49999986375111427, "2": 0.07245204298585828, "3": 0.49999989341267276, "4": 0.49999991374723224,