{"0": {"0": 0.5026580546407857, "1": 0.5026580546407857, "2": 0.5026580546407857, "3": 0.5026580546407857, "4": 0.5026580546407857, "5": 0.5026580546407857, "6": 0.5026580546407857, "7": 0.5026580546407857, "8": 0.5026580546407857, "9": 0.5026580546407857, "10": 0.5026580546407857, "11": 0.5026580546407857, "12": 0.5026580546407857, "13": 0.5026580546407857, "14": 0.5026580546407857, "15": 0.5026580546407857, "16": 0.5026580546407857, "17": 0.5026580546407857, "18": 0.5026580546407857, "19": 0.5026580546407857, "20": 0.5026580546407857, "21": 0.5026580546407857, "22": 0.5026580546407857, "23": 0.5026580546407857, "24": 0.5026580546407857, "25": 0.5026580546407857, "26": 0.5026580546407857, "27": 0.5026580546407857, "28": 0.5026580546407857, "29": 0.5026580546407857, "30": 0.5026580546407857, "31": 0.5026580546407857, "32": 0.5026580546407857, "33": 0.5026580546407857, "34": 0.5026580546407857, "35": 0.5026580546407857, "36": 0.5026580546407857, "37": 0.5026580546407857, "38": 0.5026580546407857, "39": 0.5026580546407857, "40": 0.5026580546407857, "41": 0.5026580546407857, "42": 0.5026580546407857, "43": 0.5026580546407857, "44": 0.5026580546407857, "45": 0.5026580546407857, "46": 0.5026580546407857, "47": 0.5026580546407857, "48": 0.5026580546407857, "49": 0.5026580546407857, "50": 0.5026580546407857, "51": 0.5026580546407857, "52": 0.5026580546407857, "53": 0.5026580546407857, "54": 0.5026580546407857, "55": 0.5026580546407857, "56": 0.5026580546407857, "57": 0.5026580546407857, "58": 0.5026580546407857, "59": 0.5026580546407857, "60": 0.5026580546407857, "61": 0.5026580546407857, "62": 0.5026580546407857, "63": 0.5026580546407857, "64": 0.5026580546407857, "65": 0.5026580546407857, "66": 0.5026580546407857, "67": 0.5026580546407857, "68": 0.5026580546407857, "69": 0.5026580546407857, "70": 0.5026580546407857, "71": 0.5026580546407857, "72": 0.5026580546407857, "73": 0.5026580546407857, "74": 0.5026580546407857, "75": 0.5026580546407857, "76": 0.5026580546407857, "77": 0.5026580546407857, "78": 0.5026580546407857, "79": 0.5026580546407857, "80": 0.5026580546407857, "81": 0.5026580546407857, "82": 0.5026580546407857, "83": 0.5026580546407857, "84": 0.5026580546407857, "85": 0.5026580546407857, "86": 0.5026580546407857, "87": 0.5026580546407857, "88": 0.5026580546407857, "89": 0.5026580546407857, "90": 0.5026580546407857, "91": 0.5026580546407857, "92": 0.5026580546407857, "93": 0.5026580546407857, "94": 0.5026580546407857, "95": 0.5026580546407857, "96": 0.5026580546407857, "97": 0.5026580546407857, "98": 0.5026580546407857, "99": 0.5026580546407857}, "1": {"0": 0.256236841473138, "1": 0.2562368414731372, "2": 0.2562368414731416, "3": 0.256236841473162, "4": 0.7593920014895996, "5": 0.7593920014900364, "6": 0.7593920014843658, "7": 0.25623684147315207, "8": 0.25623684147315157, "9": 0.7593920014841936, "10": 0.25623684147314013, "11": 0.7593920014880509, "12": 0.2562368414731359, "13": 0.2562368414731506, "14": 0.759392001480951, "15": 0.7593920014929039, "16": 0.7593920014878666, "17": 0.2562368414731506, "18": 0.25623684147314213, "19": 0.7593920014917048, "20": 0.759392001514351, "21": 0.256236841473138, "22": 0.759392001485572, "23": 0.759392001494809, "24": 0.25623684147315917, "25": 0.759392001488711, "26": 0.7593920014896622, "27": 0.7593920014935915, "28": 0.25623684147312986, "29": 0.2562368414731351, "30": 0.2562368414731525, "31": 0.25623684147313897, "32": 0.25623684147314324, "33": 0.25623684147314585, "34": 0.2562368414731437, "35": 0.25623684147312964, "36": 0.759392001480951, "37": 0.7593920014841936, "38": 0.759392001494809, "39": 0.25623684147312986, "40": 0.25623684147312964, "41": 0.7593920015045119, "42": 0.25623684147313924, "43": 0.7593920014900364, "44": 0.25623684147313863, "45": 0.7593920014917048, "46": 0.25623684147315184, "47": 0.2562368414731319, "48": 0.7593920014876283, "49": 0.7593920014878666, "50": 0.759392001488711, "51": 0.7593920014845927, "52": 0.2562368414731462, "53": 0.2562368414731424, "54": 0.7593920014935915, "55": 0.25623684147315184, "56": 0.25623684147315046, "57": 0.7593920014859598, "58": 0.7593920014845927, "59": 0.25623684147313924, "60": 0.7593920014938141, "61": 0.759392001486326, "62": 0.7593920014843658, "63": 0.25623684147314274, "64": 0.25623684147314013, "65": 0.25623684147313464, "66": 0.7593920014825544, "67": 0.256236841473146, "68": 0.759392001485572, "69": 0.7593920014800376, "70": 0.25623684147313863, "71": 0.7593920014817419, "72": 0.7593920014814869, "73": 0.2562368414731493, "74": 0.25623684147315806, "75": 0.2562368414731446, "76": 0.7593920015045119, "77": 0.25623684147315284, "78": 0.7593920014901124, "79": 0.25623684147313674, "80": 0.7593920014975158, "81": 0.25623684147315284, "82": 0.2562368414731309, "83": 0.7593920014876283, "84": 0.2562368414731462, "85": 0.2562368414731525, "86": 0.25623684147314596, "87": 0.25623684147313697, "88": 0.25623684147313897, "89": 0.25623684147313464, "90": 0.7593920014817419, "91": 0.25623684147314596, "92": 0.2562368414731493, "93": 0.25623684147315157, "94": 0.7593920014929039, "95": 0.2562368414731424, "96": 0.256236841473144, "97": 0.2562368414731446, "98": 0.7593920014938141, "99": 0.25623684147314346}, "2": {"0": 0.34491006195042573, "1": 0.34491006195042573, "2": 0.8108411455014128, "3": 0.34491006195042573, "4": 0.34491006195042573, "5": 0.8108411455014128, "6": 0.34491006195042573, "7": 0.34491006195042573, "8": 0.8108411305381849, "9": 0.34491006195042573, "10": 0.34491006195042573, "11": 0.8108447776859649, "12": 0.34491006195042573, "13": 0.34491006195042573, "14": 0.34491006195042573, "15": 0.34491006195042573, "16": 0.34491006195042573, "17": 0.8108410021835728, "18": 0.34491006195042573, "19": 0.34491006195042573, "20": 0.34491006195042573, "21": 0.34491006195042573, "22": 0.810841507278006, "23": 0.34491006195042573, "24": 0.810841211235228, "25": 0.34491006195042573, "26": 0.34491006195042573, "27": 0.34491006195042573, "28": 0.34491006195042573, "29": 0.34491006195042573, "30": 0.34491006195042573, "31": 0.8108419548511262, "32": 0.8108403189542746, "33": 0.34491006195042573, "34": 0.34491006195042573, "35": 0.34491006195042573, "36": 0.34491006195042573, "37": 0.34491006195042573, "38": 0.34491006195042573, "39": 0.34491006195042573, "40": 0.8108405851346743, "41": 0.34491006195042573, "42": 0.34491006195042573, "43": 0.34491006195042573, "44": 0.8108399630817679, "45": 0.34491006195042573, "46": 0.34491006195042573, "47": 0.810840851315074, "48": 0.34491006195042573, "49": 0.34491006195042573, "50": 0.34491006195042573, "51": 0.34491006195042573, "52": 0.34491006195042573, "53": 0.34491006195042573, "54": 0.34491006195042573, "55": 0.34491006195042573, "56": 0.34491006195042573, "57": 0.34491006195042573, "58": 0.34491006195042573, "59": 0.34491006195042573, "60": 0.34491006195042573, "61": 0.34491006195042573, "62": 0.8108420061457069, "63": 0.34491006195042573, "64": 0.34491006195042573, "65": 0.34491006195042573, "66": 0.34491006195042573, "67": 0.8108405851346743, "68": 0.34491006195042573, "69": 0.810841211235228, "70": 0.8108411305381849, "71": 0.34491006195042573, "72": 0.34491006195042573, "73": 0.34491006195042573, "74": 0.8108422001630704, "75": 0.34491006195042573, "76": 0.34491006195042573, "77": 0.34491006195042573, "78": 0.34491006195042573, "79": 0.8108419548511262, "80": 0.34491006195042573, "81": 0.34491006195042573, "82": 0.810841211235228, "83": 0.810841211235228, "84": 0.34491006195042573, "85": 0.34491006195042573, "86": 0.34491006195042573, "87": 0.34491006195042573, "88": 0.8108413206048464, "89": 0.34491006195042573, "90": 0.34491006195042573, "91": 0.34491006195042573, "92": 0.34491006195042573, "93": 0.34491006195042573, "94": 0.34491006195042573, "95": 0.34491006195042573, "96": 0.34491006195042573, "97": 0.34491006195042573, "98": 0.34491006195042573, "99": 0.8108419086665397}, "3": {"0": 0.5232479520768527, "1": 0.5232479520768527, "2": 0.5232479520768527, "3": 0.5232479520768527,