{"0": {"0": 0.0730873021106773, "1": 0.9311220217099323, "2": 0.9361376707663873, "3": 0.9304807330203386, "4": 0.9308926132934605, "5": 0.0716959179577003, "6": 0.07233349556556984, "7": 0.9315939756941649, "8": 0.9330018652196095, "9": 0.07135239394233066, "10": 0.070551155325121, "11": 0.9344043377774645, "12": 0.9366232414713913, "13": 0.9306579834834081, "14": 0.06662075311671262, "15": 0.9298902522723527, "16": 0.07075075107498918, "17": 0.9316065431354762, "18": 0.9338134755272087, "19": 0.9351695356680052, "20": 0.07181668280388412, "21": 0.9316464897920357, "22": 0.0702784811374986, "23": 0.9355422369712139, "24": 0.9339675774891054, "25": 0.07170235731674895, "26": 0.07178276079951126, "27": 0.9360816017552696, "28": 0.07191002196788684, "29": 0.06662075311671262, "30": 0.07193547102491904, "31": 0.9331414795992725, "32": 0.06918332329130236, "33": 0.932372173501694, "34": 0.9335780581452253, "35": 0.9329362524950424, "36": 0.9421775432063406, "37": 0.07191002196788684, "38": 0.9351872066435106, "39": 0.9344043377774645, "40": 0.071587121435891, "41": 0.9308926132934605, "42": 0.07137042291543644, "43": 0.9337407284597075, "44": 0.07103536520025108, "45": 0.9351872066435106, "46": 0.07127498804265722, "47": 0.07205425924595397, "48": 0.07167007169676287, "49": 0.9329317237192333, "50": 0.070551155325121, "51": 0.9360816017552696, "52": 0.07194502586229419, "53": 0.9358512125909395, "54": 0.071849436263306, "55": 0.933551987245865, "56": 0.06556322005817437, "57": 0.932372173501694, "58": 0.9344397825746578, "59": 0.07132235822942057, "60": 0.07194502586229419, "61": 0.0708393259767354, "62": 0.07112811798728386, "63": 0.07176516963528065, "64": 0.07048018017658501, "65": 0.933551987245865, "66": 0.07193547102491904, "67": 0.07249300460460209, "68": 0.07066982419642046, "69": 0.9329317237192333, "70": 0.9355422369712139, "71": 0.06158090935661714, "72": 0.07170235731674895, "73": 0.07209901100170121, "74": 0.9338134755272087, "75": 0.9329570828545737, "76": 0.071587121435891, "77": 0.07156342087253942, "78": 0.07137042291543644, "79": 0.9336223252934557, "80": 0.07249300460460209, "81": 0.06869556765527654, "82": 0.06556322005817437, "83": 0.07037337208192089, "84": 0.07200774639978151, "85": 0.9306579834834081, "86": 0.07209901100170121, "87": 0.071849436263306, "88": 0.9301045348977262, "89": 0.07079688300708367, "90": 0.07175234762529552, "91": 0.9316065431354762, "92": 0.9335780581452253, "93": 0.060186686040960446, "94": 0.9331414795992725, "95": 0.07206515535086852, "96": 0.07175234762529552, "97": 0.9339675774891054, "98": 0.9324702503382793, "99": 0.07075444003743193}, "1": {"0": 0.06141772027881943, "1": 0.923828078845025, "2": 0.058963641282608364, "3": 0.927393225993876, "4": 0.06047928045350233, "5": 0.05950496667583501, "6": 0.0601586748239179, "7": 0.9244104470513341, "8": 0.05817227986599853, "9": 0.05717146839042343, "10": 0.9193137673720518, "11": 0.9220325862248824, "12": 0.917570757228322, "13": 0.06198616497390963, "14": 0.9182814319703043, "15": 0.9168667275389384, "16": 0.9212681826847638, "17": 0.9194458062902358, "18": 0.059213204920763665, "19": 0.924231596049621, "20": 0.9199498074958243, "21": 0.9188212492313466, "22": 0.9179215572647108, "23": 0.9262737213820778, "24": 0.059478758386984534, "25": 0.9273999673676203, "26": 0.061426059362727846, "27": 0.9187489274083043, "28": 0.9256345674585436, "29": 0.06030674606547326, "30": 0.9316608362356733, "31": 0.06220872277655287, "32": 0.9208588184472746, "33": 0.923067472287292, "34": 0.059038854974583235, "35": 0.05917636915939184, "36": 0.059038854974583235, "37": 0.05491013138722778, "38": 0.9207685395925986, "39": 0.9225771198188023, "40": 0.9184284975029462, "41": 0.9174131062658729, "42": 0.9184276341100288, "43": 0.9266860912634607, "44": 0.06238148597196945, "45": 0.9179518421117964, "46": 0.05866974527231583, "47": 0.0601586748239179, "48": 0.06109292367728645, "49": 0.922613203744302, "50": 0.060120083243431856, "51": 0.058459629985167, "52": 0.061641214924681775, "53": 0.9189137223375582, "54": 0.9185938946089316, "55": 0.917570757228322, "56": 0.9220516489671924, "57": 0.922613203744302, "58": 0.060987475602797006, "59": 0.9199498074958243, "60": 0.058963641282608364, "61": 0.9208588184472746, "62": 0.9273999673676203, "63": 0.9193462223558266, "64": 0.9181014998201594, "65": 0.06030674606547326, "66": 0.919064722058124, "67": 0.05788541858408436, "68": 0.0599681502883125, "69": 0.9246874376342342, "70": 0.059156365310856905, "71": 0.060120083243431856, "72": 0.923036863756364, "73": 0.9246743589531801, "74": 0.9202123367704198, "75": 0.9316608362356733, "76": 0.9185938946089316, "77": 0.9388803038616794, "78": 0.9179215572647108, "79": 0.05917636915939184, "80": 0.06047928045350233, "81": 0.05842231588938172, "82": 0.9187489274083043, "83": 0.9217427758464491, "84": 0.9217427758464491, "85": 0.9338762301955289, "86": 0.923828078845025, "87": 0.9220516489671924, "88": 0.9266860912634607, "89": 0.9193462223558266, "90": 0.0599681502883125, "91": 0.06031546259979155, "92": 0.05788541858408436, "93": 0.9220325862248824, "94": 0.061240111031360844, "95": 0.924231596049621, "96": 0.923036863756364, "97": 0.9202123367704198, "98": 0.06118126992836024, "99": 0.9244104470513341}, "2": {"0": 0.07578695381873216, "1": 0.07732842739479692, "2": 0.9345084639318925, "3": 0.9372577047755832, "4": 0.9346644399476286, "5": 0.07801149317810677, "6": 0.0820127118236674, "7": 0.9370531551727727, "8": 0.933423093164571, "9": 0.08031198222984196, "10": 0.9392125347195139, "11": 0.9334828311084689, "12": 0.08189880852717706, "13": 0.9339712716951586, "14": 0.0808325041332715, "15": 0.08331174932297047, "16": 0.07990524567958106, "17": 0.9322646608805196, "18": 0.07247569730877333, "19": 0.9336784566728844, "20": 0.07831866551263844, "21": 0.07732842739479692, "22": 0.93333434429334, "23": 0.9338478881900932, "24": 0.9347802275005852, "25": 0.07994278614612417, "26": 0.9344727407477278, "27": 0.9361721754045781, "28": 0.9370095458096332, "29": 0.08361843144086908, "30": 0.07260925729499862, "31": 0.9349409459352503, "32": 0.07785796099123382, "33": 0.08055443362223245, "34": 0.9356347776887572, "35": 0.07836226449811848, "36": 0.9348784136036132, "37": 0.9361774926836313, "38": 0.07990524567958106, "39": 0.08055443362223245, "40": 0.08361843144086908, "41": 0.9384574610950386, "42": 0.9339936289784618, "43": 0.08338938795017423, "44": 0.08024271818003115, "45": 0.9339936289784618, "46": 0.08135463115324798, "47": 0.07994278614612417, "48": 0.07952626029277535, "49": 0.07952626029277535, "50": 0.08133074755455652, "51": 0.9370531551727727, "52": 0.9417237974323014, "53": 0.08161541362901956, "54": 0.08289409240707815, "55": 0.9326317776426829, "56": 0.9378187501211909, "57": 0.9342367003631997, "58": 0.07831866551263844, "59": 0.07794734740263713, "60": 0.08360593527754204, "61": 0.93801005574192, "62": 0.07836226449811848, "63": 0.08360593527754204, "64": 0.93801005574192, "65": 0.9392125347195139, "66": 0.07059672231723238, "67": 0.07946398330388778, "68": 0.08338938795017423, "69": 0.9348784136036132, "70": 0.9315898709764298, "71": 0.07646061976242029, "72": 0.9337440763021704, "73": 0.06346511409466589, "74": 0.06400574658905339, "75": 0.9395010844201714, "76": 0.07059672231723238, "77": 0.08161541362901956, "78": 0.9339835372046765, "79": 0.9339835372046765, "80": 0.9380039431877497, "81": 0.07216037283806404, "82": 0.9370919504503845, "83": 0.9430860877022891, "84": 0.08024271818003115, "85": 0.9326317776426829, "86": 0.07074929104843034, "87": 0.08289409240707815, "88": 0.07646061976242029, "89": 0.9337440763021704, "90": 0.08265199571412313, "91": 0.9335510754103182, "92": 0.07946398330388778, "93": 0.9378187501211909, "94": 0.06566537377727827, "95": 0.9335510754103182, "96": 0.934959558007148, "97": 0.07216037283806404, "98": 0.0819525303679283, "99": 0.9339712716951586}, "3": {"0": 0.921360103625401, "1": 0.06497471423689832, "2": 0.0651336620527248,