{"0": {"0": 0.05001622131938252, "1": 0.5004447243348719, "2": 0.5001919580301097, "3": 0.5003006423104132, "4": 0.9499797413355879, "5": 0.5002721973255086, "6": 0.5005152520819159, "7": 0.5004405535165949, "8": 0.05004084041754857, "9": 0.5004573831778663, "10": 0.5003390658536312, "11": 0.5003193741259775, "12": 0.050035929482989024, "13": 0.5002721973255086, "14": 0.05003148156313863, "15": 0.50023032086311, "16": 0.5003026572178799, "17": 0.500277723252195, "18": 0.5005152520819159, "19": 0.5003021419615598, "20": 0.5003649325208579, "21": 0.5004262389665157, "22": 0.5002495857882145, "23": 0.05002994671635359, "24": 0.050045836709770766, "25": 0.5003792928857412, "26": 0.5001590595541281, "27": 0.5003775776969881, "28": 0.500396198292099, "29": 0.050039757718417906, "30": 0.5005481175289306, "31": 0.5004400322485879, "32": 0.500199071733653, "33": 0.05005157786975451, "34": 0.5003395983148514, "35": 0.5003586983126803, "36": 0.5002192716171829, "37": 0.9499797413355879, "38": 0.5001503211552065, "39": 0.05004608775557404, "40": 0.0500294725791509, "41": 0.5002342993394531, "42": 0.500316372736282, "43": 0.5003276197968676, "44": 0.5001171496697265, "45": 0.5001189511917472, "46": 0.5002969446837461, "47": 0.5004810261137981, "48": 0.5003815658900082, "49": 0.5003613512296954, "50": 0.9499603891904851, "51": 0.050035929482989024, "52": 0.05002994671635359, "53": 0.5002775447510357, "54": 0.5000885299695456, "55": 0.5002025634334606, "56": 0.5001887866642316, "57": 0.5001539110727278, "58": 0.5001887866642316, "59": 0.5001478184921566, "60": 0.5002131101735444, "61": 0.500316372736282, "62": 0.5002025634334606, "63": 0.0500503725030603, "64": 0.5003129916398235, "65": 0.5002286915889331, "66": 0.949962869203557, "67": 0.5003395983148514, "68": 0.5003649325208579, "69": 0.500248735027781, "70": 0.5004405535165949, "71": 0.5002491604079977, "72": 0.9499588244291428, "73": 0.5001638098984338, "74": 0.5004716422989923, "75": 0.9499815809461968, "76": 0.500352912458353, "77": 0.5003269627954592, "78": 0.5001643192153171, "79": 0.5001953497735412, "80": 0.500240513056899, "81": 0.05005157786975451, "82": 0.5001571504826442, "83": 0.5002011914435429, "84": 0.5003269627954592, "85": 0.5002131101735444, "86": 0.9499715430022899, "87": 0.9499603891904851, "88": 0.5003613512296954, "89": 0.5003021419615598, "90": 0.5004716422989923, "91": 0.9499715430022899, "92": 0.5001539110727278, "93": 0.5002011914435429, "94": 0.500352912458353, "95": 0.5001643192153171, "96": 0.5003792928857412, "97": 0.050052516456937916, "98": 0.05002518625153015, "99": 0.5004262389665157}, "1": {"0": 0.9467722554633851, "1": 0.5068219702731829, "2": 0.9482051532105981, "3": 0.5041404138359777, "4": 0.521634527880749, "5": 0.9496969965178912, "6": 0.5077895617046082, "7": 0.5064251853779571, "8": 0.525489885088095, "9": 0.9496969965178912, "10": 0.5029919545582453, "11": 0.5184557131303364, "12": 0.5749390915643688, "13": 0.8693616582248648, "14": 0.05048639659806661, "15": 0.5196824532223351, "16": 0.05076514003038611, "17": 0.9403252352701086, "18": 0.5201614675712349, "19": 0.8530134173187668, "20": 0.5028748980881957, "21": 0.5007692079147588, "22": 0.8530134173187668, "23": 0.5119638940979017, "24": 0.9469372724388212, "25": 0.501928422682289, "26": 0.575175905567743, "27": 0.5110381593832625, "28": 0.5044721670560668, "29": 0.5156299421609892, "30": 0.5080527960284196, "31": 0.5136268534387273, "32": 0.9403128382528475, "33": 0.05084134794704983, "34": 0.575175905567743, "35": 0.9474290365910101, "36": 0.9451564191264237, "37": 0.5226454292392709, "38": 0.5125687795064646, "39": 0.502946525400788, "40": 0.5051765437979495, "41": 0.5446559774724046, "42": 0.5094138605439353, "43": 0.5062843897532323, "44": 0.05094518903267161, "45": 0.5064710903429763, "46": 0.5007644950504783, "47": 0.5047069302719677, "48": 0.5123653359512546, "49": 0.501928422682289, "50": 0.9470799114137749, "51": 0.5136268534387273, "52": 0.9482051532105981, "53": 0.9096808291124323, "54": 0.5036782142939793, "55": 0.5032382172638779, "56": 0.9470970292064425, "57": 0.5085532327905721, "58": 0.5064251853779571, "59": 0.5069998980017117, "60": 0.5074675054478799, "61": 0.5085532327905721, "62": 0.5342680067058589, "63": 0.05038257001519306, "64": 0.05122788712333459, "65": 0.5223279887362022, "66": 0.521634527880749, "67": 0.5017129203793255, "68": 0.5123653359512546, "69": 0.5226454292392709, "70": 0.5042497592204334, "71": 0.5015078373800674, "72": 0.5235064746249533, "73": 0.5078149710804947, "74": 0.5037337527239399, "75": 0.5032355451714882, "76": 0.5066009997601354, "77": 0.5197892295765533, "78": 0.5042497592204334, "79": 0.5015078373800674, "80": 0.5018391071469896, "81": 0.5028748980881957, "82": 0.9470881604346431, "83": 0.5068219702731829, "84": 0.05048639659806661, "85": 0.5066009997601354, "86": 0.5091036560364294, "87": 0.5100807337856175, "88": 0.5235064746249533, "89": 0.5154101279373795, "90": 0.9474290365910101, "91": 0.5003822475252391, "92": 0.5196824532223351, "93": 0.5041404138359777, "94": 0.5154101279373795, "95": 0.9469372724388212, "96": 0.5184557131303364, "97": 0.5045518280182146, "98": 0.5044721670560668, "99": 0.05122788712333459}, "2": {"0": 0.49859910290909093, "1": 0.4915438650478936, "2": 0.49952588832827255, "3": 0.5007536683911323, "4": 0.5001374996917463, "5": 0.4928846702074505, "6": 0.4937107497025417, "7": 0.9499260177185398, "8": 0.4784415643561812, "9": 0.48026616989639026, "10": 0.500076573315982, "11": 0.3620131019557439, "12": 0.48577470270201356, "13": 0.4997066671553259, "14": 0.4487690600287011, "15": 0.49323577194107004, "16": 0.5000913258464466, "17": 0.5002414300171573, "18": 0.051833574164089104, "19": 0.4967293134403804, "20": 0.5001423275001281, "21": 0.05082689107977853, "22": 0.050594976440727454, "23": 0.49555247346303083, "24": 0.4977672454801515, "25": 0.49084468004979, "26": 0.056592677534424714, "27": 0.4487690600287011, "28": 0.4846707099688162, "29": 0.4926485455090351, "30": 0.9499260177185398, "31": 0.49927372387487323, "32": 0.4955614647143948, "33": 0.5013213839215354, "34": 0.49671593685888993, "35": 0.5002657728465418, "36": 0.47818633866096083, "37": 0.49084468004979, "38": 0.4967296319475074, "39": 0.4904919151372684, "40": 0.49935763487123175, "41": 0.4955614647143948, "42": 0.4941201988851638, "43": 0.06252834142536479, "44": 0.050901967336967446, "45": 0.5012623919043815, "46": 0.48577470270201356, "47": 0.48911133918983707, "48": 0.5008895410385572, "49": 0.056592677534424714, "50": 0.49502809585560553, "51": 0.49002779688515286, "52": 0.49043083251453373, "53": 0.4874325108701632, "54": 0.4989658587250197, "55": 0.49928712570941225, "56": 0.4983649752273172, "57": 0.4880513425808518, "58": 0.05079913032917817, "59": 0.50023862386621, "60": 0.4941201988851638, "61": 0.5004253714984829, "62": 0.49942153635519626, "63": 0.4846707099688162, "64": 0.4967367979989431, "65": 0.5008895410385572, "66": 0.49276079417959834, "67": 0.4784415643561812, "68": 0.4904919151372684, "69": 0.49644039721084376, "70": 0.42361626588335305, "71": 0.4919870514756789, "72": 0.5002414300171573, "73": 0.36940338705026277, "74": 0.47998468063019994, "75": 0.05088479146901561, "76": 0.4919870514756789, "77": 0.051337730613098154, "78": 0.051337730613098154, "79": 0.49916174679812575, "80": 0.49916174679812575, "81": 0.050901967336967446, "82": 0.49644233510372526, "83": 0.5004759845375673, "84": 0.36940338705026277, "85": 0.4957719325239468, "86": 0.4840623454782371, "87": 0.49323577194107004, "88": 0.4840623454782371, "89": 0.49836839899947155, "90": 0.49929955145454546, "91": 0.49927372387487323, "92": 0.47998468063019994, "93": 0.5002126857492415, "94": 0.06252834142536479, "95": 0.49043083251453373, "96": 0.500038286657991, "97": 0.05079913032917817, "98": 0.5002657728465418, "99": 0.4874325108701632}, "3": {"0": 0.4986944608880778, "1": 0.4995632016810085, "2": 0.49541819693831035, "3": 0.49797619262822757, "4": 0.4971306973622803,