{"0": {"0": 0.8639491241989552, "1": 0.3408693471875019, "2": 0.8761549116224432, "3": 0.49394951029555156, "4": 0.5071253071369928, "5": 0.7524002182364286, "6": 4.759214514402788e-11, "7": 0.8535919088066609, "8": 0.6441053291701826, "9": 5.542798890936783e-11, "10": 0.37294815302045636, "11": 0.7524002182364286, "12": 0.4805323838324487, "13": 0.5669486151414227, "14": 0.7830216915044538, "15": 3.6543317816927715e-11, "16": 0.22969967715077197, "17": 0.4026434561743676, "18": 0.6455575841953605, "19": 0.8639491241989552, "20": 0.6441053291701826, "21": 7.113868695379131e-11, "22": 0.988883384159636, "23": 6.592070956486743e-11, "24": 0.8346574279889215, "25": 0.35766079630030917, "26": 5.4896636143832306e-11, "27": 6.531414055923349e-11, "28": 1.6301366883989617e-11, "29": 0.5071253071369928, "30": 0.779805853084492, "31": 0.6961646087067239, "32": 3.0332237626106925e-11, "33": 0.721285437671235, "34": 5.4896636143832306e-11, "35": 2.649609438402709e-11, "36": 6.450720138882925e-11, "37": 0.3408693471875019, "38": 4.208459403107711e-11, "39": 6.627041049198387e-11, "40": 0.5071253071369928, "41": 0.5782843096200656, "42": 2.8623318675168917e-11, "43": 0.26056104318270334, "44": 0.6441053291701826, "45": 0.4026434561743676, "46": 0.20494587612789794, "47": 0.22969967715077197, "48": 0.988883384159636, "49": 0.9192566421301882, "50": 0.9812970043702282, "51": 0.721285437671235, "52": 0.8130053110986067, "53": 0.7975194390261087, "54": 6.627041049198387e-11, "55": 0.20494587612789794, "56": 0.5782843096200656, "57": 7.113868695379131e-11, "58": 2.7713994454683914e-11, "59": 3.2960354782433714e-11, "60": 4.4723164221709813e-11, "61": 5.046112606634595e-11, "62": 0.6961646087067239, "63": 0.37294815302045636, "64": 0.45424164586710547, "65": 0.6808107487092916, "66": 0.8639491241989552, "67": 0.5584197115653857, "68": 0.49394951029555156, "69": 0.45424164586710547, "70": 0.26056104318270334, "71": 0.6808107487092916, "72": 0.8346574279889215, "73": 0.7327203428100721, "74": 0.8130053110986067, "75": 0.5584197115653857, "76": 0.4805323838324487, "77": 0.6455575841953605, "78": 0.7830216915044538, "79": 3.2657070279616743e-11, "80": 0.5669486151414227, "81": 0.7254248164133524, "82": 0.8535919088066609, "83": 0.9305493698327048, "84": 2.379607257201394e-11, "85": 0.7254248164133524, "86": 0.9812970043702282, "87": 0.37294815302045636, "88": 0.9192566421301882, "89": 0.8761549116224432, "90": 0.2841220954054675, "91": 0.779805853084492, "92": 0.20494587612789794, "93": 0.7975194390261087, "94": 0.779805853084492, "95": 0.2841220954054675, "96": 0.7327203428100721, "97": 0.9192566421301882, "98": 0.9305493698327048, "99": 0.35766079630030917}, "1": {"0": 0.5467073594837629, "1": 0.7806466085322271, "2": 0.21017724922353867, "3": 7.373038219822785e-11, "4": 0.22147103978419408, "5": 0.8428593302665915, "6": 0.5817516197644633, "7": 0.21017724922353867, "8": 0.6037413798183695, "9": 0.2648483652544649, "10": 0.3564381094818012, "11": 0.3479414425548062, "12": 0.4830797150155076, "13": 0.6961047512683504, "14": 0.7307960984301928, "15": 0.34184964097118525, "16": 0.9062937463971896, "17": 0.7749672224529554, "18": 0.41757034921202496, "19": 4.554360801545931e-11, "20": 0.6293828502461968, "21": 6.580400420299638e-11, "22": 0.5152495767218401, "23": 0.31700956469435626, "24": 0.3479414425548062, "25": 0.5152495767218401, "26": 0.5995893079333751, "27": 0.9564117709137442, "28": 0.4830797150155076, "29": 0.8978880496709417, "30": 0.7722872415237303, "31": 0.6037413798183695, "32": 0.7806466085322271, "33": 5.735259056750398e-11, "34": 0.22147103978419408, "35": 0.4830797150155076, "36": 0.9005149460579644, "37": 0.8180467522349655, "38": 0.9564117709137442, "39": 0.6255040849515452, "40": 0.6293828502461968, "41": 6.016276210320622e-11, "42": 0.6255040849515452, "43": 0.22147103978419408, "44": 0.8416527857848781, "45": 4.8404814216852696e-11, "46": 0.8428593302665915, "47": 0.3564381094818012, "48": 4.563983522297945e-11, "49": 0.7005560381867355, "50": 0.9005149460579644, "51": 6.580400420299638e-11, "52": 0.9005149460579644, "53": 5.1094778457862764e-11, "54": 2.8882429129777046e-11, "55": 0.7147952726742048, "56": 0.9062937463971896, "57": 0.6961047512683504, "58": 6.409781297467455e-11, "59": 0.7391574057753653, "60": 0.7749672224529554, "61": 0.7307960984301928, "62": 3.027702035113903e-11, "63": 0.6961047512683504, "64": 0.34184964097118525, "65": 1.171541692628378e-11, "66": 0.8416527857848781, "67": 6.293600330308714e-11, "68": 0.7005560381867355, "69": 0.9062937463971896, "70": 0.3564381094818012, "71": 0.7391574057753653, "72": 3.027702035113903e-11, "73": 2.9094946120166943e-11, "74": 2.756087047135575e-11, "75": 0.5152495767218401, "76": 0.7147952726742048, "77": 0.7400384732320734, "78": 0.5817516197644633, "79": 0.41757034921202496, "80": 0.8416527857848781, "81": 0.49782063722319964, "82": 0.8978880496709417, "83": 0.9725671772570726, "84": 0.9725671772570726, "85": 0.3564381094818012, "86": 0.7400384732320734, "87": 6.409781297467455e-11, "88": 2.2771804007729654e-11, "89": 6.016276210320622e-11, "90": 0.31700956469435626, "91": 0.31700956469435626, "92": 0.49782063722319964, "93": 0.7722872415237303, "94": 0.5995893079333751, "95": 0.5467073594837629, "96": 0.8416527857848781, "97": 0.2648483652544649, "98": 0.8180467522349655, "99": 2.2819917611489726e-11}, "2": {"0": 0.4786712750312725, "1": 0.3474187094446516, "2": 4.0813179259119405e-11, "3": 0.4847752357065571, "4": 0.7066466788260124, "5": 0.9610758323871982, "6": 0.8509089094197669, "7": 4.035123918058824e-11, "8": 0.6342019594581312, "9": 0.6427101705744573, "10": 3.0237977622884197e-11, "11": 0.32565546724716277, "12": 0.4847752357065571, "13": 0.7269256363440944, "14": 0.6467529121421861, "15": 0.5082514269811694, "16": 0.4684206939940321, "17": 4.312138947018821e-11, "18": 0.9567347853352672, "19": 0.5902055824627233, "20": 4.2218783628498575e-11, "21": 0.7066466788260124, "22": 0.5965011727992957, "23": 2.1560694735094105e-11, "24": 0.32565546724716277, "25": 2.8116128138693244e-11, "26": 0.7201486745429453, "27": 1.8916306112407998e-11, "28": 0.8468756843469964, "29": 0.7930156740038703, "30": 0.656238153030996, "31": 0.4095676378815131, "32": 0.7201486745429453, "33": 0.656238153030996, "34": 3.2053999473835806e-11, "35": 0.20246722999295075, "36": 0.24445789225376735, "37": 0.32565546724716277, "38": 0.8509089094197669, "39": 0.5919156613024945, "40": 0.7871292713417186, "41": 0.5902055824627233, "42": 0.5282218465792599, "43": 0.43107643366756115, "44": 0.9326932907966317, "45": 0.975058073712111, "46": 3.44767998296749e-11, "47": 0.7871292713417186, "48": 2.1160162288586208e-11, "49": 3.30076545309014e-11, "50": 0.37240780522769446, "51": 0.43107643366756115, "52": 0.9567347853352672, "53": 0.5965011727992957, "54": 0.7930156740038703, "55": 2.6732392051960383e-11, "56": 0.4786712750312725, "57": 0.7930156740038703, "58": 2.8668298006343034e-11, "59": 0.4095676378815131, "60": 0.6890055022596775, "61": 1.9191076892002038e-11, "62": 0.6467529121421861, "63": 0.3698389242244914, "64": 0.3474187094446516, "65": 0.6342019594581312, "66": 0.656238153030996, "67": 0.8468756843469964, "68": 0.7269256363440944, "69": 0.4684206939940321, "70": 0.6890055022596775, "71": 0.5352982190817132, "72": 0.5288783816955165, "73": 0.975058073712111, "74": 0.9567347853352672, "75": 3.30076545309014e-11, "76": 0.6427101705744573, "77": 3.420622707058401e-11, "78": 1.723839991483745e-11, "79": 0.4847752357065571, "80": 0.37240780522769446, "81": 0.24445789225376735, "82": 2.798892630042687e-11, "83": 0.9654647459104742, "84": 0.9610758323871982, "85": 0.5919156613024945, "86": 1.6495031128654537e-11, "87": 0.9326932907966317, "88": 4.035123918058824e-11, "89": 0.20246722999295075, "90": 3.252203086557244e-11, "91": 0.9654647459104742, "92": 0.5082514269811694, "93": 0.5288783816955165, "94": 0.5282218465792599, "95": 1.3994463150213435e-11, "96": 1.626101543278622e-11, "97": 0.24445789225376735,