{"0": {"0": 0.05000000009553119, "1": 0.9499999997912261, "2": 0.050000000175259705, "3": 0.48786213743702656, "4": 0.0500000000910957, "5": 0.9499999998127564, "6": 0.9499999997642836, "7": 0.05000000020767643, "8": 0.9499999998892992, "9": 0.05000000018764669, "10": 0.9499999997771962, "11": 0.05000000013169371, "12": 0.5118785227581519, "13": 0.9499999998555593, "14": 0.5835139562191507, "15": 0.46512562614588004, "16": 0.05000000014238339, "17": 0.05000000016485834, "18": 0.05000000015905822, "19": 0.9499999998206791, "20": 0.05000000009631758, "21": 0.9499999998342633, "22": 0.05000000008399118, "23": 0.9499999999139521, "24": 0.9499999998521655, "25": 0.05000000010539551, "26": 0.05000000015905822, "27": 0.46512562614588004, "28": 0.05000000010383822, "29": 0.37444077631224426, "30": 0.9499999998425053, "31": 0.05000000014238339, "32": 0.5860125018495281, "33": 0.05000000011325066, "34": 0.9499999998341344, "35": 0.05000000010494208, "36": 0.9499999998878979, "37": 0.050000000186592355, "38": 0.05000000019471036, "39": 0.9499999998848989, "40": 0.9499999999103395, "41": 0.050000000168084924, "42": 0.050000000174092916, "43": 0.5495212767790738, "44": 0.9499999997845947, "45": 0.5118865120117475, "46": 0.05000000012405978, "47": 0.9499999998660486, "48": 0.9499999998521655, "49": 0.050000000161835215, "50": 0.05000000017710264, "51": 0.05000000019773445, "52": 0.9499999998025502, "53": 0.05000000015102467, "54": 0.5860125018495281, "55": 0.9499999999148809, "56": 0.05000000014195736, "57": 0.549521264261163, "58": 0.9499999998937332, "59": 0.9499999998108004, "60": 0.9499999998175855, "61": 0.050000000164084284, "62": 0.9499999998809439, "63": 0.05000000016275025, "64": 0.9499999997926514, "65": 0.5495212392253412, "66": 0.05000000004548396, "67": 0.9499999998570158, "68": 0.522345409655653, "69": 0.050000000157531796, "70": 0.48786213743702656, "71": 0.5835139562191507, "72": 0.9499999999208478, "73": 0.5495212767790738, "74": 0.5223420215062136, "75": 0.5118865120117475, "76": 0.5860125018495281, "77": 0.05000000013171402, "78": 0.05000000008855132, "79": 0.9499999999404719, "80": 0.9499999997912261, "81": 0.05000000008404246, "82": 0.9499999998963257, "83": 0.9499999998555593, "84": 0.05000000014195736, "85": 0.5223352452073348, "86": 0.522345409655653, "87": 0.37444077631224426, "88": 0.9499999998570158, "89": 0.9499999998175855, "90": 0.05000000013169371, "91": 0.050000000184401636, "92": 0.9499999998892992, "93": 0.5543919709136322, "94": 0.5543919709136322, "95": 0.05000000009382335, "96": 0.05000000011325066, "97": 0.05000000012405978, "98": 0.050000000184401636, "99": 0.05000000013171402}, "1": {"0": 0.9499999944837368, "1": 0.050000000209210804, "2": 0.9499999966598103, "3": 0.05000000019831992, "4": 0.9499999952164062, "5": 0.05000000022865233, "6": 0.482797383411695, "7": 0.050000000180582885, "8": 0.9499999948546265, "9": 0.050000000188350005, "10": 0.9499999936960561, "11": 0.9499999950479947, "12": 0.5004968137922629, "13": 0.45424053868630665, "14": 0.05000000015635617, "15": 0.9499999944077828, "16": 0.949999998026603, "17": 0.9499999955414468, "18": 0.4883580752673374, "19": 0.5645117744051945, "20": 0.4932931785565922, "21": 0.9499999947141045, "22": 0.3778889684509915, "23": 0.0500000002668328, "24": 0.44400840383987167, "25": 0.05000000019014808, "26": 0.9499999976967266, "27": 0.05000000030443427, "28": 0.949999993146639, "29": 0.05000000021485061, "30": 0.9499999960975671, "31": 0.9499999967119084, "32": 0.949999995713637, "33": 0.0500000002074163, "34": 0.9499999945003748, "35": 0.05000000014980134, "36": 0.482797383411695, "37": 0.05000000022831119, "38": 0.949999994866346, "39": 0.05000000029965006, "40": 0.5006386994222982, "41": 0.39399418943618514, "42": 0.5005677566072806, "43": 0.9499999983559542, "44": 0.44400840383987167, "45": 0.05000000010742531, "46": 0.4932931785565922, "47": 0.5006386994222982, "48": 0.949999995713637, "49": 0.45424053868630665, "50": 0.05000000011432616, "51": 0.9499999952210871, "52": 0.39399418943618514, "53": 0.43242142228881153, "54": 0.9499999965515427, "55": 0.9499999938952954, "56": 0.9499999960169372, "57": 0.5005677566072806, "58": 0.9499999980084686, "59": 0.05000000017264676, "60": 0.9499999947141045, "61": 0.0500000002668328, "62": 0.5126105480234826, "63": 0.05000000019014808, "64": 0.0500000002023578, "65": 0.050000000092186386, "66": 0.9499999960135537, "67": 0.050000000091842106, "68": 0.9499999936960561, "69": 0.9499999938952954, "70": 0.45135410651632457, "71": 0.050000000090291444, "72": 0.9499999952210871, "73": 0.0500000002940261, "74": 0.9499999946464822, "75": 0.3778889684509915, "76": 0.9499999971398709, "77": 0.05000000020004253, "78": 0.9499999950199678, "79": 0.43242142228881153, "80": 0.9499999965515427, "81": 0.9499999974229185, "82": 0.45135410651632457, "83": 0.9499999976885878, "84": 0.5006386994222982, "85": 0.9499999960135537, "86": 0.05000000008632338, "87": 0.9499999945003748, "88": 0.4883580752673374, "89": 0.5645117744051945, "90": 0.5778830770540693, "91": 0.0500000001011789, "92": 0.9499999988442939, "93": 0.9499999944077828, "94": 0.05000000030443427, "95": 0.5926569832522783, "96": 0.05000000014980134, "97": 0.5126105480234826, "98": 0.9499999952164062, "99": 0.5778830770540693}, "2": {"0": 0.9499999991459052, "1": 0.05000000016884991, "2": 0.05000000010478971, "3": 0.050000000132248604, "4": 0.9499999992613426, "5": 0.9499999991451156, "6": 0.9499999994113685, "7": 0.05000000019480023, "8": 0.949999999195575, "9": 0.05000000018600925, "10": 0.4711785590745979, "11": 0.9499999991338625, "12": 0.05000000011507471, "13": 0.9499999992485796, "14": 0.05000000016344919, "15": 0.050000000096129385, "16": 0.9499999992138137, "17": 0.9499999995432351, "18": 0.05000000020050488, "19": 0.9499999990136156, "20": 0.9499999992932742, "21": 0.05000000016959238, "22": 0.42930818212580135, "23": 0.9499999990789357, "24": 0.9499999995455697, "25": 0.43139236213360777, "26": 0.9499999994257, "27": 0.05000000014987503, "28": 0.050000000176303426, "29": 0.05000000012351283, "30": 0.05000000018541652, "31": 0.949999999656133, "32": 0.5341983602922855, "33": 0.050000000162441084, "34": 0.9499999994245526, "35": 0.9499999995870247, "36": 0.9499999993775635, "37": 0.9499999994406638, "38": 0.05000000012952918, "39": 0.05000000007218153, "40": 0.4313923621336184, "41": 0.050000000179151474, "42": 0.5341983602922855, "43": 0.949999999237036, "44": 0.4711785590745979, "45": 0.05000000015580585, "46": 0.05000000007801613, "47": 0.39414365838479537, "48": 0.9499999991181951, "49": 0.9499999990326695, "50": 0.6251241719428834, "51": 0.05000000013149427, "52": 0.9499999995725578, "53": 0.050000000048064694, "54": 0.05000000009467418, "55": 0.9499999991571197, "56": 0.9499999993334434, "57": 0.43139236213360677, "58": 0.949999999075219, "59": 0.9499999992517576, "60": 0.9499999995729526, "61": 0.949999999195575, "62": 0.05000000016344919, "63": 0.39414365838479537, "64": 0.39414365838479537, "65": 0.6251241719428834, "66": 0.05000000006649863, "67": 0.9499999992755535, "68": 0.9499999998172087, "69": 0.9499999994113685, "70": 0.949999999075219, "71": 0.050000000119537744, "72": 0.9499999991571197, "73": 0.050000000103702945, "74": 0.9499999997578636, "75": 0.05000000015822639, "76": 0.4491972726121041, "77": 0.4313923621336087, "78": 0.05000000011507471, "79": 0.05000000015822639, "80": 0.4711785590745979, "81": 0.43139236213360777, "82": 0.050000000162441084, "83": 0.05000000015580585, "84": 0.05000000008957574, "85": 0.05000000012908845, "86": 0.050000000103702945, "87": 0.9499999992932742, "88": 0.949999999237036, "89": 0.4491972726121041, "90": 0.050000000061756415, "91": 0.42930818212580135, "92": 0.05000000005976887, "93": 0.9499999996887818, "94": 0.9499999996377767, "95": 0.9499999996069068, "96": 0.9499999996667217, "97": 0.05000000013149427, "98": 0.9499999993606438, "99": 0.9499999996803219}, "3": {"0": 0.050000000194958726, "1": 0.94999999976741,