{"0": {"0": 0.4591880934128654, "1": 0.4591880934128654, "2": 0.4591880934128654, "3": 0.4591880934128654, "4": 0.4591880934128654, "5": 0.4591880934128654, "6": 0.4591880934128654, "7": 0.4591880934128654, "8": 0.4591880934128654, "9": 0.4591880934128654, "10": 0.4591880934128654, "11": 0.4591880934128654, "12": 0.4591880934128654, "13": 0.4591880934128654, "14": 0.4591880934128654, "15": 0.4591880934128654, "16": 0.4591880934128654, "17": 0.4591880934128654, "18": 0.4591880934128654, "19": 0.4591880934128654, "20": 0.4591880934128654, "21": 0.4591880934128654, "22": 0.4591880934128654, "23": 0.4591880934128654, "24": 0.4591880934128654, "25": 0.4591880934128654, "26": 0.4591880934128654, "27": 0.4591880934128654, "28": 0.4591880934128654, "29": 0.4591880934128654, "30": 0.4591880934128654, "31": 0.4591880934128654, "32": 0.4591880934128654, "33": 0.4591880934128654, "34": 0.4591880934128654, "35": 0.4591880934128654, "36": 0.4591880934128654, "37": 0.4591880934128654, "38": 0.4591880934128654, "39": 0.4591880934128654, "40": 0.4591880934128654, "41": 0.4591880934128654, "42": 0.4591880934128654, "43": 0.4591880934128654, "44": 0.4591880934128654, "45": 0.4591880934128654, "46": 0.4591880934128654, "47": 0.4591880934128654, "48": 0.4591880934128654, "49": 0.4591880934128654, "50": 0.4591880934128654, "51": 0.4591880934128654, "52": 0.4591880934128654, "53": 0.4591880934128654, "54": 0.4591880934128654, "55": 0.4591880934128654, "56": 0.4591880934128654, "57": 0.4591880934128654, "58": 0.4591880934128654, "59": 0.4591880934128654, "60": 0.4591880934128654, "61": 0.4591880934128654, "62": 0.4591880934128654, "63": 0.4591880934128654, "64": 0.4591880934128654, "65": 0.4591880934128654, "66": 0.4591880934128654, "67": 0.4591880934128654, "68": 0.4591880934128654, "69": 0.4591880934128654, "70": 0.4591880934128654, "71": 0.4591880934128654, "72": 0.4591880934128654, "73": 0.4591880934128654, "74": 0.4591880934128654, "75": 0.4591880934128654, "76": 0.4591880934128654, "77": 0.4591880934128654, "78": 0.4591880934128654, "79": 0.4591880934128654, "80": 0.4591880934128654, "81": 0.4591880934128654, "82": 0.4591880934128654, "83": 0.4591880934128654, "84": 0.4591880934128654, "85": 0.4591880934128654, "86": 0.4591880934128654, "87": 0.4591880934128654, "88": 0.4591880934128654, "89": 0.4591880934128654, "90": 0.4591880934128654, "91": 0.4591880934128654, "92": 0.4591880934128654, "93": 0.4591880934128654, "94": 0.4591880934128654, "95": 0.4591880934128654, "96": 0.4591880934128654, "97": 0.4591880934128654, "98": 0.4591880934128654, "99": 0.4591880934128654}, "1": {"0": 0.46912263901845397, "1": 0.46912263901845397, "2": 0.46912263901845397, "3": 0.46912263901845397, "4": 0.46912263901845397, "5": 0.46912263901845397, "6": 0.46912263901845397, "7": 0.46912263901845397, "8": 0.46912263901845397, "9": 0.46912263901845397, "10": 0.46912263901845397, "11": 0.46912263901845397, "12": 0.46912263901845397, "13": 0.46912263901845397, "14": 0.46912263901845397, "15": 0.46912263901845397, "16": 0.46912263901845397, "17": 0.46912263901845397, "18": 0.46912263901845397, "19": 0.46912263901845397, "20": 0.46912263901845397, "21": 0.46912263901845397, "22": 0.46912263901845397, "23": 0.46912263901845397, "24": 0.46912263901845397, "25": 0.46912263901845397, "26": 0.46912263901845397, "27": 0.46912263901845397, "28": 0.46912263901845397, "29": 0.46912263901845397, "30": 0.46912263901845397, "31": 0.46912263901845397, "32": 0.46912263901845397, "33": 0.46912263901845397, "34": 0.46912263901845397, "35": 0.46912263901845397, "36": 0.46912263901845397, "37": 0.46912263901845397, "38": 0.46912263901845397, "39": 0.46912263901845397, "40": 0.46912263901845397, "41": 0.46912263901845397, "42": 0.46912263901845397, "43": 0.46912263901845397, "44": 0.46912263901845397, "45": 0.46912263901845397, "46": 0.46912263901845397, "47": 0.46912263901845397, "48": 0.46912263901845397, "49": 0.46912263901845397, "50": 0.46912263901845397, "51": 0.46912263901845397, "52": 0.46912263901845397, "53": 0.46912263901845397, "54": 0.46912263901845397, "55": 0.46912263901845397, "56": 0.46912263901845397, "57": 0.46912263901845397, "58": 0.46912263901845397, "59": 0.46912263901845397, "60": 0.46912263901845397, "61": 0.46912263901845397, "62": 0.46912263901845397, "63": 0.46912263901845397, "64": 0.46912263901845397, "65": 0.46912263901845397, "66": 0.46912263901845397, "67": 0.46912263901845397, "68": 0.46912263901845397, "69": 0.46912263901845397, "70": 0.46912263901845397, "71": 0.46912263901845397, "72": 0.46912263901845397, "73": 0.46912263901845397, "74": 0.46912263901845397, "75": 0.46912263901845397, "76": 0.46912263901845397, "77": 0.46912263901845397, "78": 0.46912263901845397, "79": 0.46912263901845397, "80": 0.46912263901845397, "81": 0.46912263901845397, "82": 0.46912263901845397, "83": 0.46912263901845397, "84": 0.46912263901845397, "85": 0.46912263901845397, "86": 0.46912263901845397, "87": 0.46912263901845397, "88": 0.46912263901845397, "89": 0.46912263901845397, "90": 0.46912263901845397, "91": 0.46912263901845397, "92": 0.46912263901845397, "93": 0.46912263901845397, "94": 0.46912263901845397, "95": 0.46912263901845397, "96": 0.46912263901845397, "97": 0.46912263901845397, "98": 0.46912263901845397, "99": 0.46912263901845397}, "2": {"0": 0.4884815035407871, "1": 0.4884815035407871, "2": 0.4884815035407871, "3": 0.4884815035407871, "4": 0.4884815035407871, "5": 0.4884815035407871, "6": 0.4884815035407871, "7": 0.4884815035407871, "8": 0.4884815035407871, "9": 0.4884815035407871, "10": 0.4884815035407871, "11": 0.4884815035407871, "12": 0.4884815035407871, "13": 0.4884815035407871, "14": 0.4884815035407871, "15": 0.4884815035407871, "16": 0.4884815035407871, "17": 0.4884815035407871, "18": 0.4884815035407871, "19": 0.4884815035407871, "20": 0.4884815035407871, "21": 0.4884815035407871, "22": 0.4884815035407871, "23": 0.4884815035407871, "24": 0.4884815035407871, "25": 0.4884815035407871, "26": 0.4884815035407871, "27": 0.4884815035407871, "28": 0.4884815035407871, "29": 0.4884815035407871, "30": 0.4884815035407871, "31": 0.4884815035407871, "32": 0.4884815035407871, "33": 0.4884815035407871, "34": 0.4884815035407871, "35": 0.4884815035407871, "36": 0.4884815035407871, "37": 0.4884815035407871, "38": 0.4884815035407871, "39": 0.4884815035407871, "40": 0.4884815035407871, "41": 0.4884815035407871, "42": 0.4884815035407871, "43": 0.4884815035407871, "44": 0.4884815035407871, "45": 0.4884815035407871, "46": 0.4884815035407871, "47": 0.4884815035407871, "48": 0.4884815035407871, "49": 0.4884815035407871, "50": 0.4884815035407871, "51": 0.4884815035407871, "52": 0.4884815035407871, "53": 0.4884815035407871, "54": 0.4884815035407871, "55": 0.4884815035407871, "56": 0.4884815035407871, "57": 0.4884815035407871, "58": 0.4884815035407871, "59": 0.4884815035407871, "60": 0.4884815035407871, "61": 0.4884815035407871, "62": 0.4884815035407871, "63": 0.4884815035407871, "64": 0.4884815035407871, "65": 0.4884815035407871, "66": 0.4884815035407871, "67": 0.4884815035407871, "68": 0.4884815035407871, "69": 0.4884815035407871, "70": 0.4884815035407871, "71": 0.4884815035407871, "72": 0.4884815035407871, "73": 0.4884815035407871, "74": 0.4884815035407871, "75": 0.4884815035407871, "76": 0.4884815035407871, "77": 0.4884815035407871, "78": 0.4884815035407871, "79": 0.4884815035407871, "80": 0.4884815035407871, "81": 0.4884815035407871, "82": 0.4884815035407871, "83": 0.4884815035407871, "84": 0.4884815035407871, "85": 0.4884815035407871, "86": 0.4884815035407871, "87": 0.4884815035407871, "88": 0.4884815035407871, "89": 0.4884815035407871, "90": 0.4884815035407871, "91": 0.4884815035407871, "92": 0.4884815035407871, "93": 0.4884815035407871, "94": 0.4884815035407871, "95": 0.4884815035407871, "96": 0.4884815035407871, "97": 0.4884815035407871, "98": 0.4884815035407871, "99": 0.4884815035407871}, "3": {"0": 0.5098521468269932, "1": 0.5098521468269932, "2": 0.5098521468269932, "3": 0.5098521468269932,