{"0": {"0": 2.2569534278208178e-07, "1": 2.1380992815129314e-07, "2": 1.77310035167116e-07, "3": 2.2117890430689088e-07, "4": 1.6341453777628158e-07, "5": 2.5599791509043365e-07, "6": 2.4975542864913293e-07, "7": 2.2239299883165003e-07, "8": 2.0776778730797205e-07, "9": 1.0863165127163447e-07, "10": 2.1077400587570578e-07, "11": 1.7310747724615301e-07, "12": 2.2496497865478355e-07, "13": 0.9441635754944944, "14": 2.3340563365670317e-07, "15": 2.0205270689778982e-07, "16": 2.4843354312865557e-07, "17": 8.273992907088966e-08, "18": 1.9093655296783178e-07, "19": 2.9457441173121653e-07, "20": 1.4200666487165525e-07, "21": 2.179850519074604e-07, "22": 1.1527358100991417e-07, "23": 2.4047215445849995e-07, "24": 2.0721133297789967e-07, "25": 1.650514058547779e-07, "26": 2.3415643182627132e-07, "27": 2.2496497865478355e-07, "28": 1.8453969095081338e-07, "29": 1.5680631349091934e-07, "30": 2.50656637608285e-07, "31": 1.7310747724615301e-07, "32": 1.592171495079378e-07, "33": 1.25868277763591e-07, "34": 1.4200666487165525e-07, "35": 1.4468239235336893e-07, "36": 2.6233658793866885e-07, "37": 1.4832632375016886e-07, "38": 1.4431578658775963e-07, "39": 2.2877894210876085e-07, "40": 2.2496497865478355e-07, "41": 1.463314590156517e-07, "42": 1.9450113639883475e-07, "43": 1.1707821591313566e-07, "44": 1.0690387271875951e-07, "45": 1.1284767139104089e-07, "46": 1.8346830768267853e-07, "47": 1.632981463992457e-07, "48": 1.4615342618968414e-07, "49": 2.1380992815129314e-07, "50": 8.252570292738895e-08, "51": 2.50656637608285e-07, "52": 1.2421677156432778e-07, "53": 2.0610718640620928e-07, "54": 9.836512370384443e-08, "55": 1.3353924182915263e-07, "56": 2.623831487317021e-07, "57": 1.6097027756973108e-07, "58": 2.093620586479827e-07, "59": 1.7028691891503573e-07, "60": 2.466281525823727e-07, "61": 1.782033796443621e-07, "62": 2.2650647130156045e-07, "63": 1.1482769088457608e-07, "64": 8.306624717058384e-08, "65": 1.1438947105438042e-07, "66": 1.2755947973022253e-07, "67": 1.41109455547053e-07, "68": 1.0677944038667145e-07, "69": 2.0761611098502213e-07, "70": 1.8611984037368847e-07, "71": 2.134876334877511e-07, "72": 6.29341388817955e-08, "73": 1.1534797628119404e-07, "74": 0.9441635754944944, "75": 1.7356723733173542e-07, "76": 2.0235492547296126e-07, "77": 1.77310035167116e-07, "78": 1.6063236852087644e-07, "79": 1.9862671457169013e-07, "80": 1.2755947973022253e-07, "81": 2.3584404458180518e-07, "82": 1.9450113639883475e-07, "83": 9.546827648391589e-08, "84": 2.0794500855747955e-07, "85": 1.3984633400941839e-07, "86": 1.4468239235336893e-07, "87": 2.2239299883165003e-07, "88": 2.5599791509043365e-07, "89": 1.6341453777628158e-07, "90": 1.632981463992457e-07, "91": 1.4832632375016886e-07, "92": 2.2117890430689088e-07, "93": 2.0761611098502213e-07, "94": 1.6063236852087644e-07, "95": 1.592171495079378e-07, "96": 9.173415384133926e-08, "97": 1.1792202229090259e-07, "98": 2.0721133297789967e-07, "99": 1.0677944038667145e-07}, "1": {"0": 3.0222690665897996e-07, "1": 3.332726918748836e-07, "2": 1.92315978897194e-07, "3": 3.41642111184659e-07, "4": 2.046507493726164e-07, "5": 2.5457852874420797e-07, "6": 1.4200378356056433e-07, "7": 2.675615493183251e-07, "8": 2.1440124286377336e-07, "9": 3.108628124659152e-07, "10": 2.594607370242261e-07, "11": 2.7152152918556636e-07, "12": 2.493570326118424e-07, "13": 2.329486262445332e-07, "14": 2.2940512058399943e-07, "15": 2.701995577267157e-07, "16": 2.5008398343719814e-07, "17": 1.54834040523537e-07, "18": 2.483994739183688e-07, "19": 2.92712526385717e-07, "20": 2.249459417923466e-07, "21": 1.5906684804105432e-07, "22": 1.2504199171859907e-07, "23": 1.5062471305516512e-07, "24": 2.9095433345468484e-07, "25": 2.3409034136792178e-07, "26": 3.078397293628381e-07, "27": 2.577633257598173e-07, "28": 2.91109597804555e-07, "29": 2.437482300206799e-07, "30": 2.2200730044887954e-07, "31": 1.9591703269515518e-07, "32": 1.2822349362000314e-07, "33": 2.78856412757791e-07, "34": 3.101101014125917e-07, "35": 3.077874661561119e-07, "36": 2.93380744269599e-07, "37": 2.485819816333116e-07, "38": 1.3576076459278318e-07, "39": 1.1296749721357722e-07, "40": 1.8503406414006882e-07, "41": 2.1759936128098621e-07, "42": 2.6615595975776446e-07, "43": 3.176196560438517e-07, "44": 1.9160504018791745e-07, "45": 3.003112072508794e-07, "46": 2.187471702062716e-07, "47": 3.1007585255814264e-07, "48": 1.5391986468141905e-07, "49": 2.463553178542039e-07, "50": 2.457576259266441e-07, "51": 2.78856412757791e-07, "52": 2.93380744269599e-07, "53": 1.2888166287990865e-07, "54": 1.2728926437210398e-07, "55": 1.7533594411448588e-07, "56": 1.92315978897194e-07, "57": 2.5827225707758814e-07, "58": 1.4471409713011216e-07, "59": 3.165200169632309e-07, "60": 3.297053863082958e-07, "61": 2.3263789989897618e-07, "62": 2.2644152261769888e-07, "63": 2.841097852113283e-07, "64": 2.2686516080757883e-07, "65": 1.8444609145590754e-07, "66": 2.2686516080757883e-07, "67": 2.7838810912887507e-07, "68": 1.935707801656774e-07, "69": 2.500353728599836e-07, "70": 2.3244603280299147e-07, "71": 2.485819816333116e-07, "72": 2.493570326118424e-07, "73": 1.6843513331836055e-07, "74": 2.9301520984268343e-07, "75": 1.1322076130884944e-07, "76": 2.841097852113283e-07, "77": 2.9170168994713476e-07, "78": 1.7705181331694575e-07, "79": 1.2980658592135495e-07, "80": 2.9301520984268343e-07, "81": 1.1515298825635043e-07, "82": 2.2096169445488263e-07, "83": 3.257722083691038e-07, "84": 1.1622301640149573e-07, "85": 1.023253746863082e-07, "86": 2.187471702062716e-07, "87": 2.594607370242261e-07, "88": 1.8245108967611539e-07, "89": 1.3307797987888223e-07, "90": 1.1704517068396089e-07, "91": 1.8104293872850728e-07, "92": 2.483994739183688e-07, "93": 2.2096169445488263e-07, "94": 2.500353728599836e-07, "95": 3.108628124659152e-07, "96": 2.675615493183251e-07, "97": 1.8104293872850728e-07, "98": 1.2913612853879407e-07, "99": 2.91109597804555e-07}, "2": {"0": 0.49238957064915, "1": 0.49238957064915, "2": 0.49238957064915, "3": 0.49238957064915, "4": 0.49238957064915, "5": 0.49238957064915, "6": 0.49238957064915, "7": 0.49238957064915, "8": 0.49238957064915, "9": 0.49238957064915, "10": 0.49238957064915, "11": 0.49238957064915, "12": 0.49238957064915, "13": 0.49238957064915, "14": 0.49238957064915, "15": 0.49238957064915, "16": 0.49238957064915, "17": 0.49238957064915, "18": 0.49238957064915, "19": 0.49238957064915, "20": 0.49238957064915, "21": 0.49238957064915, "22": 0.49238957064915, "23": 0.49238957064915, "24": 0.49238957064915, "25": 0.49238957064915, "26": 0.49238957064915, "27": 0.49238957064915, "28": 0.49238957064915, "29": 0.49238957064915, "30": 0.49238957064915, "31": 0.49238957064915, "32": 0.49238957064915, "33": 0.49238957064915, "34": 2.5674644527206038e-11, "35": 0.49238957064915, "36": 0.49238957064915, "37": 0.49238957064915, "38": 0.49238957064915, "39": 0.49238957064915, "40": 0.49238957064915, "41": 0.49238957064915, "42": 0.49238957064915, "43": 0.49238957064915, "44": 0.49238957064915, "45": 0.49238957064915, "46": 0.49238957064915, "47": 0.49238957064915, "48": 0.49238957064915, "49": 0.49238957064915, "50": 0.49238957064915, "51": 0.49238957064915, "52": 0.49238957064915, "53": 0.49238957064915, "54": 0.49238957064915, "55": 0.49238957064915, "56": 0.49238957064915, "57": 0.49238957064915, "58": 0.49238957064915, "59": 0.49238957064915, "60": 0.49238957064915, "61": 0.49238957064915, "62": 0.49238957064915, "63": 0.49238957064915, "64": 0.49238957064915, "65": 0.49238957064915, "66": 0.49238957064915, "67": 0.49238957064915, "68": 0.49238957064915, "69": 0.49238957064915, "70": 0.49238957064915, "71": 0.49238957064915, "72": 0.49238957064915, "73": 0.49238957064915, "74": 0.49238957064915, "75": 0.49238957064915, "76": 0.49238957064915, "77": 0.49238957064915, "78": 0.49238957064915, "79": 0.49238957064915, "80": 0.49238957064915, "81": 0.49238957064915, "82": 0.49238957064915, "83": 0.49238957064915, "84": 0.49238957064915, "85": 0.49238957064915, "86": 0.49238957064915,